yield_year,county_name,crop,average_yield_t_ha,recent_yield_mean_t_ha,period,method,prediction
2015,Bács-Kiskun,barley,4.79,3.956,2015-2016,baseline,3.956
2015,Bács-Kiskun,maize,5.6,5.64,2015-2016,baseline,5.64
2015,Bács-Kiskun,wheat,5.03,4.246,2015-2016,baseline,4.246
2015,Baranya,barley,5.06,4.7,2015-2016,baseline,4.7
2015,Baranya,maize,6.57,6.46,2015-2016,baseline,6.46
2015,Baranya,wheat,5.78,5.184,2015-2016,baseline,5.184
2015,Békés,barley,4.99,3.552,2015-2016,baseline,3.552
2015,Békés,maize,6.25,5.976,2015-2016,baseline,5.976
2015,Békés,wheat,5.42,3.976,2015-2016,baseline,3.976
2015,Borsod-Abaúj-Zemplén,barley,4.58,3.628,2015-2016,baseline,3.628
2015,Borsod-Abaúj-Zemplén,maize,4.93,6.37,2015-2016,baseline,6.37
2015,Borsod-Abaúj-Zemplén,wheat,4.98,4.16,2015-2016,baseline,4.16
2015,Csongrád-Csanád,barley,4.37,3.566,2015-2016,baseline,3.566
2015,Csongrád-Csanád,maize,5.22,5.25,2015-2016,baseline,5.25
2015,Csongrád-Csanád,wheat,4.91,4.062,2015-2016,baseline,4.062
2015,Fejér,barley,5.79,4.256,2015-2016,baseline,4.256
2015,Fejér,maize,6.21,6.674,2015-2016,baseline,6.674
2015,Fejér,wheat,5.87,4.696,2015-2016,baseline,4.696
2015,Győr-Moson-Sopron,barley,4.89,3.852,2015-2016,baseline,3.852
2015,Győr-Moson-Sopron,maize,5.51,6.822,2015-2016,baseline,6.822
2015,Győr-Moson-Sopron,wheat,5.17,4.452,2015-2016,baseline,4.452
2015,Hajdú-Bihar,barley,5.03,3.816,2015-2016,baseline,3.816
2015,Hajdú-Bihar,maize,6.07,6.292,2015-2016,baseline,6.292
2015,Hajdú-Bihar,wheat,5.15,4.328,2015-2016,baseline,4.328
2015,Heves,barley,4.54,3.33,2015-2016,baseline,3.33
2015,Heves,maize,3.88,4.654,2015-2016,baseline,4.654
2015,Heves,wheat,4.88,3.622,2015-2016,baseline,3.622
2015,Jász-Nagykun-Szolnok,barley,4.64,3.436,2015-2016,baseline,3.436
2015,Jász-Nagykun-Szolnok,maize,4.53,4.168,2015-2016,baseline,4.168
2015,Jász-Nagykun-Szolnok,wheat,4.73,3.498,2015-2016,baseline,3.498
2015,Komárom-Esztergom,barley,4.98,3.724,2015-2016,baseline,3.724
2015,Komárom-Esztergom,maize,6.13,6.25,2015-2016,baseline,6.25
2015,Komárom-Esztergom,wheat,5.5,4.14,2015-2016,baseline,4.14
2015,Nógrád,barley,3.21,2.59,2015-2016,baseline,2.59
2015,Nógrád,maize,3.54,4.436,2015-2016,baseline,4.436
2015,Nógrád,wheat,4.06,3.346,2015-2016,baseline,3.346
2015,Pest,barley,4.55,3.688,2015-2016,baseline,3.688
2015,Pest,maize,5.5,5.528,2015-2016,baseline,5.528
2015,Pest,wheat,4.91,3.854,2015-2016,baseline,3.854
2015,Somogy,barley,4.37,4.12,2015-2016,baseline,4.12
2015,Somogy,maize,6.9,5.96,2015-2016,baseline,5.96
2015,Somogy,wheat,5.53,4.69,2015-2016,baseline,4.69
2015,Szabolcs-Szatmár-Bereg,barley,4.03,3.282,2015-2016,baseline,3.282
2015,Szabolcs-Szatmár-Bereg,maize,3.62,5.78,2015-2016,baseline,5.78
2015,Szabolcs-Szatmár-Bereg,wheat,4.88,3.964,2015-2016,baseline,3.964
2015,Tolna,barley,5.69,4.66,2015-2016,baseline,4.66
2015,Tolna,maize,7.34,6.69,2015-2016,baseline,6.69
2015,Tolna,wheat,6.08,5.018,2015-2016,baseline,5.018
2015,Vas,barley,4.69,4.168,2015-2016,baseline,4.168
2015,Vas,maize,6.11,6.624,2015-2016,baseline,6.624
2015,Vas,wheat,5.24,4.558,2015-2016,baseline,4.558
2015,Veszprém,barley,3.91,3.402,2015-2016,baseline,3.402
2015,Veszprém,maize,5.22,5.352,2015-2016,baseline,5.352
2015,Veszprém,wheat,4.48,3.754,2015-2016,baseline,3.754
2015,Zala,barley,4.6,4.348,2015-2016,baseline,4.348
2015,Zala,maize,6.3,6.074,2015-2016,baseline,6.074
2015,Zala,wheat,5.26,4.722,2015-2016,baseline,4.722
2016,Bács-Kiskun,barley,4.7,4.21,2015-2016,baseline,4.21
2016,Bács-Kiskun,maize,8.1,5.534,2015-2016,baseline,5.534
2016,Bács-Kiskun,wheat,5.42,4.484,2015-2016,baseline,4.484
2016,Baranya,barley,6.06,4.936,2015-2016,baseline,4.936
2016,Baranya,maize,9.02,6.394,2015-2016,baseline,6.394
2016,Baranya,wheat,6.42,5.5,2015-2016,baseline,5.5
2016,Békés,barley,5.13,3.958,2015-2016,baseline,3.958
2016,Békés,maize,8.73,5.902,2015-2016,baseline,5.902
2016,Békés,wheat,5.01,4.364,2015-2016,baseline,4.364
2016,Borsod-Abaúj-Zemplén,barley,4.94,3.916,2015-2016,baseline,3.916
2016,Borsod-Abaúj-Zemplén,maize,8.54,6.344,2015-2016,baseline,6.344
2016,Borsod-Abaúj-Zemplén,wheat,5.48,4.396,2015-2016,baseline,4.396
2016,Csongrád-Csanád,barley,4.28,3.806,2015-2016,baseline,3.806
2016,Csongrád-Csanád,maize,7.44,5.07,2015-2016,baseline,5.07
2016,Csongrád-Csanád,wheat,4.8,4.29,2015-2016,baseline,4.29
2016,Fejér,barley,5.85,4.65,2015-2016,baseline,4.65
2016,Fejér,maize,9.37,6.432,2015-2016,baseline,6.432
2016,Fejér,wheat,6.3,5.01,2015-2016,baseline,5.01
2016,Győr-Moson-Sopron,barley,5.09,4.182,2015-2016,baseline,4.182
2016,Győr-Moson-Sopron,maize,8.73,6.58,2015-2016,baseline,6.58
2016,Győr-Moson-Sopron,wheat,5.1,4.698,2015-2016,baseline,4.698
2016,Hajdú-Bihar,barley,5.31,4.226,2015-2016,baseline,4.226
2016,Hajdú-Bihar,maize,9.57,6.234,2015-2016,baseline,6.234
2016,Hajdú-Bihar,wheat,5.47,4.674,2015-2016,baseline,4.674
2016,Heves,barley,4.86,3.622,2015-2016,baseline,3.622
2016,Heves,maize,7.11,4.46,2015-2016,baseline,4.46
2016,Heves,wheat,4.71,3.958,2015-2016,baseline,3.958
2016,Jász-Nagykun-Szolnok,barley,4.88,3.824,2015-2016,baseline,3.824
2016,Jász-Nagykun-Szolnok,maize,6.79,4.238,2015-2016,baseline,4.238
2016,Jász-Nagykun-Szolnok,wheat,4.52,3.86,2015-2016,baseline,3.86
2016,Komárom-Esztergom,barley,5.08,4.07,2015-2016,baseline,4.07
2016,Komárom-Esztergom,maize,8.34,6.16,2015-2016,baseline,6.16
2016,Komárom-Esztergom,wheat,5.42,4.464,2015-2016,baseline,4.464
2016,Nógrád,barley,4.0,2.734,2015-2016,baseline,2.734
2016,Nógrád,maize,6.29,4.226,2015-2016,baseline,4.226
2016,Nógrád,wheat,4.6,3.488,2015-2016,baseline,3.488
2016,Pest,barley,4.64,3.992,2015-2016,baseline,3.992
2016,Pest,maize,7.41,5.4,2015-2016,baseline,5.4
2016,Pest,wheat,4.75,4.182,2015-2016,baseline,4.182
2016,Somogy,barley,5.93,4.256,2015-2016,baseline,4.256
2016,Somogy,maize,9.62,5.924,2015-2016,baseline,5.924
2016,Somogy,wheat,6.18,4.974,2015-2016,baseline,4.974
2016,Szabolcs-Szatmár-Bereg,barley,4.49,3.518,2015-2016,baseline,3.518
2016,Szabolcs-Szatmár-Bereg,maize,8.47,5.514,2015-2016,baseline,5.514
2016,Szabolcs-Szatmár-Bereg,wheat,4.85,4.24,2015-2016,baseline,4.24
2016,Tolna,barley,6.3,5.028,2015-2016,baseline,5.028
2016,Tolna,maize,9.45,6.608,2015-2016,baseline,6.608
2016,Tolna,wheat,6.39,5.386,2015-2016,baseline,5.386
2016,Vas,barley,4.75,4.236,2015-2016,baseline,4.236
2016,Vas,maize,8.8,6.434,2015-2016,baseline,6.434
2016,Vas,wheat,6.06,4.686,2015-2016,baseline,4.686
2016,Veszprém,barley,4.4,3.542,2015-2016,baseline,3.542
2016,Veszprém,maize,6.89,5.37,2015-2016,baseline,5.37
2016,Veszprém,wheat,5.07,3.966,2015-2016,baseline,3.966
2016,Zala,barley,5.48,4.438,2015-2016,baseline,4.438
2016,Zala,maize,8.37,5.99,2015-2016,baseline,5.99
2016,Zala,wheat,5.94,4.888,2015-2016,baseline,4.888
2015,Bács-Kiskun,barley,4.79,3.956,2015-2016,current_actual_weather,4.638648986816406
2015,Bács-Kiskun,maize,5.6,5.64,2015-2016,current_actual_weather,5.3382954597473145
2015,Bács-Kiskun,wheat,5.03,4.246,2015-2016,current_actual_weather,4.958303451538086
2015,Baranya,barley,5.06,4.7,2015-2016,current_actual_weather,5.173941135406494
2015,Baranya,maize,6.57,6.46,2015-2016,current_actual_weather,6.891251087188721
2015,Baranya,wheat,5.78,5.184,2015-2016,current_actual_weather,5.467315673828125
2015,Békés,barley,4.99,3.552,2015-2016,current_actual_weather,4.056870460510254
2015,Békés,maize,6.25,5.976,2015-2016,current_actual_weather,4.39391565322876
2015,Békés,wheat,5.42,3.976,2015-2016,current_actual_weather,4.368951797485352
2015,Borsod-Abaúj-Zemplén,barley,4.58,3.628,2015-2016,current_actual_weather,3.2492620944976807
2015,Borsod-Abaúj-Zemplén,maize,4.93,6.37,2015-2016,current_actual_weather,5.49241304397583
2015,Borsod-Abaúj-Zemplén,wheat,4.98,4.16,2015-2016,current_actual_weather,3.5292599201202393
2015,Csongrád-Csanád,barley,4.37,3.566,2015-2016,current_actual_weather,4.201228141784668
2015,Csongrád-Csanád,maize,5.22,5.25,2015-2016,current_actual_weather,3.800509452819824
2015,Csongrád-Csanád,wheat,4.91,4.062,2015-2016,current_actual_weather,4.721127033233643
2015,Fejér,barley,5.79,4.256,2015-2016,current_actual_weather,5.219801902770996
2015,Fejér,maize,6.21,6.674,2015-2016,current_actual_weather,6.256646156311035
2015,Fejér,wheat,5.87,4.696,2015-2016,current_actual_weather,5.70707368850708
2015,Győr-Moson-Sopron,barley,4.89,3.852,2015-2016,current_actual_weather,4.263026237487793
2015,Győr-Moson-Sopron,maize,5.51,6.822,2015-2016,current_actual_weather,6.331380844116211
2015,Győr-Moson-Sopron,wheat,5.17,4.452,2015-2016,current_actual_weather,4.89936637878418
2015,Hajdú-Bihar,barley,5.03,3.816,2015-2016,current_actual_weather,3.421353816986084
2015,Hajdú-Bihar,maize,6.07,6.292,2015-2016,current_actual_weather,6.355711936950684
2015,Hajdú-Bihar,wheat,5.15,4.328,2015-2016,current_actual_weather,3.7974531650543213
2015,Heves,barley,4.54,3.33,2015-2016,current_actual_weather,3.4906506538391113
2015,Heves,maize,3.88,4.654,2015-2016,current_actual_weather,4.32242488861084
2015,Heves,wheat,4.88,3.622,2015-2016,current_actual_weather,3.5390098094940186
2015,Jász-Nagykun-Szolnok,barley,4.64,3.436,2015-2016,current_actual_weather,3.9636871814727783
2015,Jász-Nagykun-Szolnok,maize,4.53,4.168,2015-2016,current_actual_weather,3.5294010639190674
2015,Jász-Nagykun-Szolnok,wheat,4.73,3.498,2015-2016,current_actual_weather,4.191215991973877
2015,Komárom-Esztergom,barley,4.98,3.724,2015-2016,current_actual_weather,4.054921627044678
2015,Komárom-Esztergom,maize,6.13,6.25,2015-2016,current_actual_weather,6.758971691131592
2015,Komárom-Esztergom,wheat,5.5,4.14,2015-2016,current_actual_weather,4.564979553222656
2015,Nógrád,barley,3.21,2.59,2015-2016,current_actual_weather,2.9184460639953613
2015,Nógrád,maize,3.54,4.436,2015-2016,current_actual_weather,4.4658684730529785
2015,Nógrád,wheat,4.06,3.346,2015-2016,current_actual_weather,3.5105409622192383
2015,Pest,barley,4.55,3.688,2015-2016,current_actual_weather,4.170017242431641
2015,Pest,maize,5.5,5.528,2015-2016,current_actual_weather,5.025212287902832
2015,Pest,wheat,4.91,3.854,2015-2016,current_actual_weather,4.328482151031494
2015,Somogy,barley,4.37,4.12,2015-2016,current_actual_weather,4.963161468505859
2015,Somogy,maize,6.9,5.96,2015-2016,current_actual_weather,6.388754367828369
2015,Somogy,wheat,5.53,4.69,2015-2016,current_actual_weather,5.460930824279785
2015,Szabolcs-Szatmár-Bereg,barley,4.03,3.282,2015-2016,current_actual_weather,2.9786882400512695
2015,Szabolcs-Szatmár-Bereg,maize,3.62,5.78,2015-2016,current_actual_weather,5.185699462890625
2015,Szabolcs-Szatmár-Bereg,wheat,4.88,3.964,2015-2016,current_actual_weather,3.3650333881378174
2015,Tolna,barley,5.69,4.66,2015-2016,current_actual_weather,5.405389785766602
2015,Tolna,maize,7.34,6.69,2015-2016,current_actual_weather,6.849414825439453
2015,Tolna,wheat,6.08,5.018,2015-2016,current_actual_weather,5.659872055053711
2015,Vas,barley,4.69,4.168,2015-2016,current_actual_weather,4.6023383140563965
2015,Vas,maize,6.11,6.624,2015-2016,current_actual_weather,7.1305832862854
2015,Vas,wheat,5.24,4.558,2015-2016,current_actual_weather,4.800942897796631
2015,Veszprém,barley,3.91,3.402,2015-2016,current_actual_weather,4.041931629180908
2015,Veszprém,maize,5.22,5.352,2015-2016,current_actual_weather,5.90697717666626
2015,Veszprém,wheat,4.48,3.754,2015-2016,current_actual_weather,4.2030744552612305
2015,Zala,barley,4.6,4.348,2015-2016,current_actual_weather,4.807859420776367
2015,Zala,maize,6.3,6.074,2015-2016,current_actual_weather,6.2585601806640625
2015,Zala,wheat,5.26,4.722,2015-2016,current_actual_weather,5.102845191955566
2016,Bács-Kiskun,barley,4.7,4.21,2015-2016,current_actual_weather,5.045652389526367
2016,Bács-Kiskun,maize,8.1,5.534,2015-2016,current_actual_weather,6.467177867889404
2016,Bács-Kiskun,wheat,5.42,4.484,2015-2016,current_actual_weather,5.22255802154541
2016,Baranya,barley,6.06,4.936,2015-2016,current_actual_weather,5.077658653259277
2016,Baranya,maize,9.02,6.394,2015-2016,current_actual_weather,6.697676181793213
2016,Baranya,wheat,6.42,5.5,2015-2016,current_actual_weather,5.22717809677124
2016,Békés,barley,5.13,3.958,2015-2016,current_actual_weather,4.321438789367676
2016,Békés,maize,8.73,5.902,2015-2016,current_actual_weather,6.973324775695801
2016,Békés,wheat,5.01,4.364,2015-2016,current_actual_weather,4.536777019500732
2016,Borsod-Abaúj-Zemplén,barley,4.94,3.916,2015-2016,current_actual_weather,4.255869388580322
2016,Borsod-Abaúj-Zemplén,maize,8.54,6.344,2015-2016,current_actual_weather,7.005433559417725
2016,Borsod-Abaúj-Zemplén,wheat,5.48,4.396,2015-2016,current_actual_weather,4.5545654296875
2016,Csongrád-Csanád,barley,4.28,3.806,2015-2016,current_actual_weather,4.07582426071167
2016,Csongrád-Csanád,maize,7.44,5.07,2015-2016,current_actual_weather,5.7893967628479
2016,Csongrád-Csanád,wheat,4.8,4.29,2015-2016,current_actual_weather,4.715451240539551
2016,Fejér,barley,5.85,4.65,2015-2016,current_actual_weather,5.005318641662598
2016,Fejér,maize,9.37,6.432,2015-2016,current_actual_weather,6.455811500549316
2016,Fejér,wheat,6.3,5.01,2015-2016,current_actual_weather,5.455171585083008
2016,Győr-Moson-Sopron,barley,5.09,4.182,2015-2016,current_actual_weather,4.583244323730469
2016,Győr-Moson-Sopron,maize,8.73,6.58,2015-2016,current_actual_weather,7.687454700469971
2016,Győr-Moson-Sopron,wheat,5.1,4.698,2015-2016,current_actual_weather,4.977598667144775
2016,Hajdú-Bihar,barley,5.31,4.226,2015-2016,current_actual_weather,4.710059642791748
2016,Hajdú-Bihar,maize,9.57,6.234,2015-2016,current_actual_weather,7.941206455230713
2016,Hajdú-Bihar,wheat,5.47,4.674,2015-2016,current_actual_weather,5.192594051361084
2016,Heves,barley,4.86,3.622,2015-2016,current_actual_weather,3.6987767219543457
2016,Heves,maize,7.11,4.46,2015-2016,current_actual_weather,4.2122802734375
2016,Heves,wheat,4.71,3.958,2015-2016,current_actual_weather,4.0979533195495605
2016,Jász-Nagykun-Szolnok,barley,4.88,3.824,2015-2016,current_actual_weather,3.8390796184539795
2016,Jász-Nagykun-Szolnok,maize,6.79,4.238,2015-2016,current_actual_weather,4.526513576507568
2016,Jász-Nagykun-Szolnok,wheat,4.52,3.86,2015-2016,current_actual_weather,3.977006435394287
2016,Komárom-Esztergom,barley,5.08,4.07,2015-2016,current_actual_weather,4.358638286590576
2016,Komárom-Esztergom,maize,8.34,6.16,2015-2016,current_actual_weather,7.473227024078369
2016,Komárom-Esztergom,wheat,5.42,4.464,2015-2016,current_actual_weather,4.637038707733154
2016,Nógrád,barley,4.0,2.734,2015-2016,current_actual_weather,3.2166764736175537
2016,Nógrád,maize,6.29,4.226,2015-2016,current_actual_weather,5.513714790344238
2016,Nógrád,wheat,4.6,3.488,2015-2016,current_actual_weather,3.9933629035949707
2016,Pest,barley,4.64,3.992,2015-2016,current_actual_weather,4.458358287811279
2016,Pest,maize,7.41,5.4,2015-2016,current_actual_weather,6.8032050132751465
2016,Pest,wheat,4.75,4.182,2015-2016,current_actual_weather,4.74303674697876
2016,Somogy,barley,5.93,4.256,2015-2016,current_actual_weather,4.474252223968506
2016,Somogy,maize,9.62,5.924,2015-2016,current_actual_weather,7.062191963195801
2016,Somogy,wheat,6.18,4.974,2015-2016,current_actual_weather,5.233158111572266
2016,Szabolcs-Szatmár-Bereg,barley,4.49,3.518,2015-2016,current_actual_weather,4.195250511169434
2016,Szabolcs-Szatmár-Bereg,maize,8.47,5.514,2015-2016,current_actual_weather,6.601881504058838
2016,Szabolcs-Szatmár-Bereg,wheat,4.85,4.24,2015-2016,current_actual_weather,4.839892387390137
2016,Tolna,barley,6.3,5.028,2015-2016,current_actual_weather,5.349278450012207
2016,Tolna,maize,9.45,6.608,2015-2016,current_actual_weather,8.234437942504883
2016,Tolna,wheat,6.39,5.386,2015-2016,current_actual_weather,5.570120811462402
2016,Vas,barley,4.75,4.236,2015-2016,current_actual_weather,4.4426798820495605
2016,Vas,maize,8.8,6.434,2015-2016,current_actual_weather,6.737422943115234
2016,Vas,wheat,6.06,4.686,2015-2016,current_actual_weather,4.891798496246338
2016,Veszprém,barley,4.4,3.542,2015-2016,current_actual_weather,3.4750969409942627
2016,Veszprém,maize,6.89,5.37,2015-2016,current_actual_weather,7.042690753936768
2016,Veszprém,wheat,5.07,3.966,2015-2016,current_actual_weather,3.949446201324463
2016,Zala,barley,5.48,4.438,2015-2016,current_actual_weather,4.519323348999023
2016,Zala,maize,8.37,5.99,2015-2016,current_actual_weather,6.994933128356934
2016,Zala,wheat,5.94,4.888,2015-2016,current_actual_weather,4.985945701599121
2015,Bács-Kiskun,barley,4.79,3.956,2015-2016,current_expected_weather,4.598455429077148
2015,Bács-Kiskun,maize,5.6,5.64,2015-2016,current_expected_weather,5.998676300048828
2015,Bács-Kiskun,wheat,5.03,4.246,2015-2016,current_expected_weather,4.9091105461120605
2015,Baranya,barley,5.06,4.7,2015-2016,current_expected_weather,5.170647621154785
2015,Baranya,maize,6.57,6.46,2015-2016,current_expected_weather,7.5632147789001465
2015,Baranya,wheat,5.78,5.184,2015-2016,current_expected_weather,5.550124168395996
2015,Békés,barley,4.99,3.552,2015-2016,current_expected_weather,3.996814489364624
2015,Békés,maize,6.25,5.976,2015-2016,current_expected_weather,6.042003631591797
2015,Békés,wheat,5.42,3.976,2015-2016,current_expected_weather,4.373095989227295
2015,Borsod-Abaúj-Zemplén,barley,4.58,3.628,2015-2016,current_expected_weather,3.8881309032440186
2015,Borsod-Abaúj-Zemplén,maize,4.93,6.37,2015-2016,current_expected_weather,6.379576683044434
2015,Borsod-Abaúj-Zemplén,wheat,4.98,4.16,2015-2016,current_expected_weather,4.4057722091674805
2015,Csongrád-Csanád,barley,4.37,3.566,2015-2016,current_expected_weather,4.312157154083252
2015,Csongrád-Csanád,maize,5.22,5.25,2015-2016,current_expected_weather,5.928621292114258
2015,Csongrád-Csanád,wheat,4.91,4.062,2015-2016,current_expected_weather,4.811727523803711
2015,Fejér,barley,5.79,4.256,2015-2016,current_expected_weather,4.825671672821045
2015,Fejér,maize,6.21,6.674,2015-2016,current_expected_weather,5.888931751251221
2015,Fejér,wheat,5.87,4.696,2015-2016,current_expected_weather,5.322474956512451
2015,Győr-Moson-Sopron,barley,4.89,3.852,2015-2016,current_expected_weather,4.0805511474609375
2015,Győr-Moson-Sopron,maize,5.51,6.822,2015-2016,current_expected_weather,7.214878082275391
2015,Győr-Moson-Sopron,wheat,5.17,4.452,2015-2016,current_expected_weather,4.690179347991943
2015,Hajdú-Bihar,barley,5.03,3.816,2015-2016,current_expected_weather,4.175580978393555
2015,Hajdú-Bihar,maize,6.07,6.292,2015-2016,current_expected_weather,7.5839524269104
2015,Hajdú-Bihar,wheat,5.15,4.328,2015-2016,current_expected_weather,4.731828689575195
2015,Heves,barley,4.54,3.33,2015-2016,current_expected_weather,3.568610191345215
2015,Heves,maize,3.88,4.654,2015-2016,current_expected_weather,4.669504165649414
2015,Heves,wheat,4.88,3.622,2015-2016,current_expected_weather,3.779078960418701
2015,Jász-Nagykun-Szolnok,barley,4.64,3.436,2015-2016,current_expected_weather,3.8059792518615723
2015,Jász-Nagykun-Szolnok,maize,4.53,4.168,2015-2016,current_expected_weather,4.424860000610352
2015,Jász-Nagykun-Szolnok,wheat,4.73,3.498,2015-2016,current_expected_weather,4.033505916595459
2015,Komárom-Esztergom,barley,4.98,3.724,2015-2016,current_expected_weather,3.8576955795288086
2015,Komárom-Esztergom,maize,6.13,6.25,2015-2016,current_expected_weather,7.636112689971924
2015,Komárom-Esztergom,wheat,5.5,4.14,2015-2016,current_expected_weather,4.400592803955078
2015,Nógrád,barley,3.21,2.59,2015-2016,current_expected_weather,3.014503002166748
2015,Nógrád,maize,3.54,4.436,2015-2016,current_expected_weather,5.696292400360107
2015,Nógrád,wheat,4.06,3.346,2015-2016,current_expected_weather,3.761199712753296
2015,Pest,barley,4.55,3.688,2015-2016,current_expected_weather,4.261692047119141
2015,Pest,maize,5.5,5.528,2015-2016,current_expected_weather,5.706025123596191
2015,Pest,wheat,4.91,3.854,2015-2016,current_expected_weather,4.461908340454102
2015,Somogy,barley,4.37,4.12,2015-2016,current_expected_weather,4.715057849884033
2015,Somogy,maize,6.9,5.96,2015-2016,current_expected_weather,6.257444381713867
2015,Somogy,wheat,5.53,4.69,2015-2016,current_expected_weather,5.22227668762207
2015,Szabolcs-Szatmár-Bereg,barley,4.03,3.282,2015-2016,current_expected_weather,3.7520158290863037
2015,Szabolcs-Szatmár-Bereg,maize,3.62,5.78,2015-2016,current_expected_weather,5.861371040344238
2015,Szabolcs-Szatmár-Bereg,wheat,4.88,3.964,2015-2016,current_expected_weather,4.467044353485107
2015,Tolna,barley,5.69,4.66,2015-2016,current_expected_weather,5.133578300476074
2015,Tolna,maize,7.34,6.69,2015-2016,current_expected_weather,6.90389347076416
2015,Tolna,wheat,6.08,5.018,2015-2016,current_expected_weather,5.460731506347656
2015,Vas,barley,4.69,4.168,2015-2016,current_expected_weather,4.359314441680908
2015,Vas,maize,6.11,6.624,2015-2016,current_expected_weather,7.503077983856201
2015,Vas,wheat,5.24,4.558,2015-2016,current_expected_weather,4.570781230926514
2015,Veszprém,barley,3.91,3.402,2015-2016,current_expected_weather,3.7485849857330322
2015,Veszprém,maize,5.22,5.352,2015-2016,current_expected_weather,6.011224269866943
2015,Veszprém,wheat,4.48,3.754,2015-2016,current_expected_weather,3.9209365844726562
2015,Zala,barley,4.6,4.348,2015-2016,current_expected_weather,4.757209777832031
2015,Zala,maize,6.3,6.074,2015-2016,current_expected_weather,6.875260829925537
2015,Zala,wheat,5.26,4.722,2015-2016,current_expected_weather,5.015910625457764
2016,Bács-Kiskun,barley,4.7,4.21,2015-2016,current_expected_weather,4.988246917724609
2016,Bács-Kiskun,maize,8.1,5.534,2015-2016,current_expected_weather,5.6492228507995605
2016,Bács-Kiskun,wheat,5.42,4.484,2015-2016,current_expected_weather,5.197780132293701
2016,Baranya,barley,6.06,4.936,2015-2016,current_expected_weather,5.40459680557251
2016,Baranya,maize,9.02,6.394,2015-2016,current_expected_weather,6.978853702545166
2016,Baranya,wheat,6.42,5.5,2015-2016,current_expected_weather,5.5764055252075195
2016,Békés,barley,5.13,3.958,2015-2016,current_expected_weather,4.368129253387451
2016,Békés,maize,8.73,5.902,2015-2016,current_expected_weather,4.552343845367432
2016,Békés,wheat,5.01,4.364,2015-2016,current_expected_weather,4.625225067138672
2016,Borsod-Abaúj-Zemplén,barley,4.94,3.916,2015-2016,current_expected_weather,4.115339756011963
2016,Borsod-Abaúj-Zemplén,maize,8.54,6.344,2015-2016,current_expected_weather,7.2405805587768555
2016,Borsod-Abaúj-Zemplén,wheat,5.48,4.396,2015-2016,current_expected_weather,4.490029335021973
2016,Csongrád-Csanád,barley,4.28,3.806,2015-2016,current_expected_weather,4.316816329956055
2016,Csongrád-Csanád,maize,7.44,5.07,2015-2016,current_expected_weather,4.09542989730835
2016,Csongrád-Csanád,wheat,4.8,4.29,2015-2016,current_expected_weather,4.9018049240112305
2016,Fejér,barley,5.85,4.65,2015-2016,current_expected_weather,5.115377426147461
2016,Fejér,maize,9.37,6.432,2015-2016,current_expected_weather,7.044374942779541
2016,Fejér,wheat,6.3,5.01,2015-2016,current_expected_weather,5.539509296417236
2016,Győr-Moson-Sopron,barley,5.09,4.182,2015-2016,current_expected_weather,4.3073649406433105
2016,Győr-Moson-Sopron,maize,8.73,6.58,2015-2016,current_expected_weather,7.596735954284668
2016,Győr-Moson-Sopron,wheat,5.1,4.698,2015-2016,current_expected_weather,4.659034729003906
2016,Hajdú-Bihar,barley,5.31,4.226,2015-2016,current_expected_weather,4.487010955810547
2016,Hajdú-Bihar,maize,9.57,6.234,2015-2016,current_expected_weather,6.450376510620117
2016,Hajdú-Bihar,wheat,5.47,4.674,2015-2016,current_expected_weather,4.9308671951293945
2016,Heves,barley,4.86,3.622,2015-2016,current_expected_weather,3.829864978790283
2016,Heves,maize,7.11,4.46,2015-2016,current_expected_weather,4.586122989654541
2016,Heves,wheat,4.71,3.958,2015-2016,current_expected_weather,4.195259094238281
2016,Jász-Nagykun-Szolnok,barley,4.88,3.824,2015-2016,current_expected_weather,3.8752996921539307
2016,Jász-Nagykun-Szolnok,maize,6.79,4.238,2015-2016,current_expected_weather,3.545380115509033
2016,Jász-Nagykun-Szolnok,wheat,4.52,3.86,2015-2016,current_expected_weather,4.034371376037598
2016,Komárom-Esztergom,barley,5.08,4.07,2015-2016,current_expected_weather,4.418481826782227
2016,Komárom-Esztergom,maize,8.34,6.16,2015-2016,current_expected_weather,6.808200359344482
2016,Komárom-Esztergom,wheat,5.42,4.464,2015-2016,current_expected_weather,4.70056676864624
2016,Nógrád,barley,4.0,2.734,2015-2016,current_expected_weather,3.0922443866729736
2016,Nógrád,maize,6.29,4.226,2015-2016,current_expected_weather,5.347157001495361
2016,Nógrád,wheat,4.6,3.488,2015-2016,current_expected_weather,3.8733036518096924
2016,Pest,barley,4.64,3.992,2015-2016,current_expected_weather,4.578446865081787
2016,Pest,maize,7.41,5.4,2015-2016,current_expected_weather,6.1214728355407715
2016,Pest,wheat,4.75,4.182,2015-2016,current_expected_weather,4.861553192138672
2016,Somogy,barley,5.93,4.256,2015-2016,current_expected_weather,4.915257930755615
2016,Somogy,maize,9.62,5.924,2015-2016,current_expected_weather,5.490571975708008
2016,Somogy,wheat,6.18,4.974,2015-2016,current_expected_weather,5.477624416351318
2016,Szabolcs-Szatmár-Bereg,barley,4.49,3.518,2015-2016,current_expected_weather,4.15928316116333
2016,Szabolcs-Szatmár-Bereg,maize,8.47,5.514,2015-2016,current_expected_weather,5.648597240447998
2016,Szabolcs-Szatmár-Bereg,wheat,4.85,4.24,2015-2016,current_expected_weather,4.7821431159973145
2016,Tolna,barley,6.3,5.028,2015-2016,current_expected_weather,5.481192588806152
2016,Tolna,maize,9.45,6.608,2015-2016,current_expected_weather,6.44019889831543
2016,Tolna,wheat,6.39,5.386,2015-2016,current_expected_weather,5.742183685302734
2016,Vas,barley,4.75,4.236,2015-2016,current_expected_weather,4.584471225738525
2016,Vas,maize,8.8,6.434,2015-2016,current_expected_weather,7.3051042556762695
2016,Vas,wheat,6.06,4.686,2015-2016,current_expected_weather,4.9556121826171875
2016,Veszprém,barley,4.4,3.542,2015-2016,current_expected_weather,3.7992804050445557
2016,Veszprém,maize,6.89,5.37,2015-2016,current_expected_weather,6.461859226226807
2016,Veszprém,wheat,5.07,3.966,2015-2016,current_expected_weather,4.275945663452148
2016,Zala,barley,5.48,4.438,2015-2016,current_expected_weather,4.765254020690918
2016,Zala,maize,8.37,5.99,2015-2016,current_expected_weather,6.913167953491211
2016,Zala,wheat,5.94,4.888,2015-2016,current_expected_weather,5.150979042053223
2015,Bács-Kiskun,barley,4.79,3.956,2015-2016,current_historical_median,4.308633804321289
2015,Bács-Kiskun,maize,5.6,5.64,2015-2016,current_historical_median,6.260356903076172
2015,Bács-Kiskun,wheat,5.03,4.246,2015-2016,current_historical_median,4.624226093292236
2015,Baranya,barley,5.06,4.7,2015-2016,current_historical_median,4.798027038574219
2015,Baranya,maize,6.57,6.46,2015-2016,current_historical_median,6.969550132751465
2015,Baranya,wheat,5.78,5.184,2015-2016,current_historical_median,5.234236240386963
2015,Békés,barley,4.99,3.552,2015-2016,current_historical_median,3.799790859222412
2015,Békés,maize,6.25,5.976,2015-2016,current_historical_median,6.053262710571289
2015,Békés,wheat,5.42,3.976,2015-2016,current_historical_median,4.177234649658203
2015,Borsod-Abaúj-Zemplén,barley,4.58,3.628,2015-2016,current_historical_median,3.755000591278076
2015,Borsod-Abaúj-Zemplén,maize,4.93,6.37,2015-2016,current_historical_median,6.0740251541137695
2015,Borsod-Abaúj-Zemplén,wheat,4.98,4.16,2015-2016,current_historical_median,4.202617168426514
2015,Csongrád-Csanád,barley,4.37,3.566,2015-2016,current_historical_median,3.846518039703369
2015,Csongrád-Csanád,maize,5.22,5.25,2015-2016,current_historical_median,5.353079795837402
2015,Csongrád-Csanád,wheat,4.91,4.062,2015-2016,current_historical_median,4.206975936889648
2015,Fejér,barley,5.79,4.256,2015-2016,current_historical_median,4.341629505157471
2015,Fejér,maize,6.21,6.674,2015-2016,current_historical_median,6.884722709655762
2015,Fejér,wheat,5.87,4.696,2015-2016,current_historical_median,4.799810409545898
2015,Győr-Moson-Sopron,barley,4.89,3.852,2015-2016,current_historical_median,3.8087894916534424
2015,Győr-Moson-Sopron,maize,5.51,6.822,2015-2016,current_historical_median,6.640804290771484
2015,Győr-Moson-Sopron,wheat,5.17,4.452,2015-2016,current_historical_median,4.414834022521973
2015,Hajdú-Bihar,barley,5.03,3.816,2015-2016,current_historical_median,3.766920328140259
2015,Hajdú-Bihar,maize,6.07,6.292,2015-2016,current_historical_median,7.328118324279785
2015,Hajdú-Bihar,wheat,5.15,4.328,2015-2016,current_historical_median,4.2233147621154785
2015,Heves,barley,4.54,3.33,2015-2016,current_historical_median,3.554504156112671
2015,Heves,maize,3.88,4.654,2015-2016,current_historical_median,4.888113498687744
2015,Heves,wheat,4.88,3.622,2015-2016,current_historical_median,3.7531416416168213
2015,Jász-Nagykun-Szolnok,barley,4.64,3.436,2015-2016,current_historical_median,3.6466166973114014
2015,Jász-Nagykun-Szolnok,maize,4.53,4.168,2015-2016,current_historical_median,4.502706527709961
2015,Jász-Nagykun-Szolnok,wheat,4.73,3.498,2015-2016,current_historical_median,3.9014785289764404
2015,Komárom-Esztergom,barley,4.98,3.724,2015-2016,current_historical_median,3.8987677097320557
2015,Komárom-Esztergom,maize,6.13,6.25,2015-2016,current_historical_median,6.80328893661499
2015,Komárom-Esztergom,wheat,5.5,4.14,2015-2016,current_historical_median,4.216729640960693
2015,Nógrád,barley,3.21,2.59,2015-2016,current_historical_median,3.059239625930786
2015,Nógrád,maize,3.54,4.436,2015-2016,current_historical_median,4.580254554748535
2015,Nógrád,wheat,4.06,3.346,2015-2016,current_historical_median,3.7993056774139404
2015,Pest,barley,4.55,3.688,2015-2016,current_historical_median,3.980905055999756
2015,Pest,maize,5.5,5.528,2015-2016,current_historical_median,5.577651023864746
2015,Pest,wheat,4.91,3.854,2015-2016,current_historical_median,4.205291748046875
2015,Somogy,barley,4.37,4.12,2015-2016,current_historical_median,4.416893482208252
2015,Somogy,maize,6.9,5.96,2015-2016,current_historical_median,6.09588098526001
2015,Somogy,wheat,5.53,4.69,2015-2016,current_historical_median,4.9988250732421875
2015,Szabolcs-Szatmár-Bereg,barley,4.03,3.282,2015-2016,current_historical_median,3.53415846824646
2015,Szabolcs-Szatmár-Bereg,maize,3.62,5.78,2015-2016,current_historical_median,5.819640159606934
2015,Szabolcs-Szatmár-Bereg,wheat,4.88,3.964,2015-2016,current_historical_median,4.14778995513916
2015,Tolna,barley,5.69,4.66,2015-2016,current_historical_median,4.878451347351074
2015,Tolna,maize,7.34,6.69,2015-2016,current_historical_median,6.4802446365356445
2015,Tolna,wheat,6.08,5.018,2015-2016,current_historical_median,5.245356559753418
2015,Vas,barley,4.69,4.168,2015-2016,current_historical_median,4.2894158363342285
2015,Vas,maize,6.11,6.624,2015-2016,current_historical_median,6.786957740783691
2015,Vas,wheat,5.24,4.558,2015-2016,current_historical_median,4.503697395324707
2015,Veszprém,barley,3.91,3.402,2015-2016,current_historical_median,3.6384479999542236
2015,Veszprém,maize,5.22,5.352,2015-2016,current_historical_median,5.707965850830078
2015,Veszprém,wheat,4.48,3.754,2015-2016,current_historical_median,3.831631898880005
2015,Zala,barley,4.6,4.348,2015-2016,current_historical_median,4.400334358215332
2015,Zala,maize,6.3,6.074,2015-2016,current_historical_median,6.4330525398254395
2015,Zala,wheat,5.26,4.722,2015-2016,current_historical_median,4.7218427658081055
2016,Bács-Kiskun,barley,4.7,4.21,2015-2016,current_historical_median,4.530893802642822
2016,Bács-Kiskun,maize,8.1,5.534,2015-2016,current_historical_median,5.7522430419921875
2016,Bács-Kiskun,wheat,5.42,4.484,2015-2016,current_historical_median,4.722878456115723
2016,Baranya,barley,6.06,4.936,2015-2016,current_historical_median,4.934558868408203
2016,Baranya,maize,9.02,6.394,2015-2016,current_historical_median,6.978853702545166
2016,Baranya,wheat,6.42,5.5,2015-2016,current_historical_median,5.166942119598389
2016,Békés,barley,5.13,3.958,2015-2016,current_historical_median,4.045724868774414
2016,Békés,maize,8.73,5.902,2015-2016,current_historical_median,6.070316791534424
2016,Békés,wheat,5.01,4.364,2015-2016,current_historical_median,4.331624507904053
2016,Borsod-Abaúj-Zemplén,barley,4.94,3.916,2015-2016,current_historical_median,3.953155517578125
2016,Borsod-Abaúj-Zemplén,maize,8.54,6.344,2015-2016,current_historical_median,6.579348087310791
2016,Borsod-Abaúj-Zemplén,wheat,5.48,4.396,2015-2016,current_historical_median,4.299601078033447
2016,Csongrád-Csanád,barley,4.28,3.806,2015-2016,current_historical_median,3.863593578338623
2016,Csongrád-Csanád,maize,7.44,5.07,2015-2016,current_historical_median,5.222166061401367
2016,Csongrád-Csanád,wheat,4.8,4.29,2015-2016,current_historical_median,4.476546764373779
2016,Fejér,barley,5.85,4.65,2015-2016,current_historical_median,4.668822765350342
2016,Fejér,maize,9.37,6.432,2015-2016,current_historical_median,6.759855270385742
2016,Fejér,wheat,6.3,5.01,2015-2016,current_historical_median,5.087231159210205
2016,Győr-Moson-Sopron,barley,5.09,4.182,2015-2016,current_historical_median,4.221670150756836
2016,Győr-Moson-Sopron,maize,8.73,6.58,2015-2016,current_historical_median,7.399393081665039
2016,Győr-Moson-Sopron,wheat,5.1,4.698,2015-2016,current_historical_median,4.5866241455078125
2016,Hajdú-Bihar,barley,5.31,4.226,2015-2016,current_historical_median,4.156809329986572
2016,Hajdú-Bihar,maize,9.57,6.234,2015-2016,current_historical_median,7.342881202697754
2016,Hajdú-Bihar,wheat,5.47,4.674,2015-2016,current_historical_median,4.697171211242676
2016,Heves,barley,4.86,3.622,2015-2016,current_historical_median,3.5364694595336914
2016,Heves,maize,7.11,4.46,2015-2016,current_historical_median,4.711252212524414
2016,Heves,wheat,4.71,3.958,2015-2016,current_historical_median,3.9386072158813477
2016,Jász-Nagykun-Szolnok,barley,4.88,3.824,2015-2016,current_historical_median,3.519129514694214
2016,Jász-Nagykun-Szolnok,maize,6.79,4.238,2015-2016,current_historical_median,4.50166130065918
2016,Jász-Nagykun-Szolnok,wheat,4.52,3.86,2015-2016,current_historical_median,3.6858415603637695
2016,Komárom-Esztergom,barley,5.08,4.07,2015-2016,current_historical_median,4.246815204620361
2016,Komárom-Esztergom,maize,8.34,6.16,2015-2016,current_historical_median,6.5139079093933105
2016,Komárom-Esztergom,wheat,5.42,4.464,2015-2016,current_historical_median,4.561962604522705
2016,Nógrád,barley,4.0,2.734,2015-2016,current_historical_median,3.041663408279419
2016,Nógrád,maize,6.29,4.226,2015-2016,current_historical_median,4.425127029418945
2016,Nógrád,wheat,4.6,3.488,2015-2016,current_historical_median,3.876862049102783
2016,Pest,barley,4.64,3.992,2015-2016,current_historical_median,4.301026344299316
2016,Pest,maize,7.41,5.4,2015-2016,current_historical_median,5.717421054840088
2016,Pest,wheat,4.75,4.182,2015-2016,current_historical_median,4.576042175292969
2016,Somogy,barley,5.93,4.256,2015-2016,current_historical_median,4.549483299255371
2016,Somogy,maize,9.62,5.924,2015-2016,current_historical_median,6.467459678649902
2016,Somogy,wheat,6.18,4.974,2015-2016,current_historical_median,5.164182186126709
2016,Szabolcs-Szatmár-Bereg,barley,4.49,3.518,2015-2016,current_historical_median,3.6750776767730713
2016,Szabolcs-Szatmár-Bereg,maize,8.47,5.514,2015-2016,current_historical_median,5.708756923675537
2016,Szabolcs-Szatmár-Bereg,wheat,4.85,4.24,2015-2016,current_historical_median,4.098276615142822
2016,Tolna,barley,6.3,5.028,2015-2016,current_historical_median,5.087703704833984
2016,Tolna,maize,9.45,6.608,2015-2016,current_historical_median,7.417272567749023
2016,Tolna,wheat,6.39,5.386,2015-2016,current_historical_median,5.384407997131348
2016,Vas,barley,4.75,4.236,2015-2016,current_historical_median,4.333504676818848
2016,Vas,maize,8.8,6.434,2015-2016,current_historical_median,6.4893927574157715
2016,Vas,wheat,6.06,4.686,2015-2016,current_historical_median,4.7161688804626465
2016,Veszprém,barley,4.4,3.542,2015-2016,current_historical_median,3.6499593257904053
2016,Veszprém,maize,6.89,5.37,2015-2016,current_historical_median,5.745701789855957
2016,Veszprém,wheat,5.07,3.966,2015-2016,current_historical_median,4.1556172370910645
2016,Zala,barley,5.48,4.438,2015-2016,current_historical_median,4.407247066497803
2016,Zala,maize,8.37,5.99,2015-2016,current_historical_median,6.3417229652404785
2016,Zala,wheat,5.94,4.888,2015-2016,current_historical_median,4.861900329589844
2015,Bács-Kiskun,barley,4.79,3.956,2015-2016,v2_actual_weather,4.615954399108887
2015,Bács-Kiskun,maize,5.6,5.64,2015-2016,v2_actual_weather,5.322423458099365
2015,Bács-Kiskun,wheat,5.03,4.246,2015-2016,v2_actual_weather,4.813930034637451
2015,Baranya,barley,5.06,4.7,2015-2016,v2_actual_weather,5.007099628448486
2015,Baranya,maize,6.57,6.46,2015-2016,v2_actual_weather,6.778308868408203
2015,Baranya,wheat,5.78,5.184,2015-2016,v2_actual_weather,5.631916046142578
2015,Békés,barley,4.99,3.552,2015-2016,v2_actual_weather,3.9935641288757324
2015,Békés,maize,6.25,5.976,2015-2016,v2_actual_weather,4.23142671585083
2015,Békés,wheat,5.42,3.976,2015-2016,v2_actual_weather,4.415004253387451
2015,Borsod-Abaúj-Zemplén,barley,4.58,3.628,2015-2016,v2_actual_weather,3.184267520904541
2015,Borsod-Abaúj-Zemplén,maize,4.93,6.37,2015-2016,v2_actual_weather,5.9874043464660645
2015,Borsod-Abaúj-Zemplén,wheat,4.98,4.16,2015-2016,v2_actual_weather,3.5528852939605713
2015,Csongrád-Csanád,barley,4.37,3.566,2015-2016,v2_actual_weather,4.28106164932251
2015,Csongrád-Csanád,maize,5.22,5.25,2015-2016,v2_actual_weather,4.067562103271484
2015,Csongrád-Csanád,wheat,4.91,4.062,2015-2016,v2_actual_weather,4.710253715515137
2015,Fejér,barley,5.79,4.256,2015-2016,v2_actual_weather,4.750801086425781
2015,Fejér,maize,6.21,6.674,2015-2016,v2_actual_weather,6.332070350646973
2015,Fejér,wheat,5.87,4.696,2015-2016,v2_actual_weather,5.215342998504639
2015,Győr-Moson-Sopron,barley,4.89,3.852,2015-2016,v2_actual_weather,4.199357032775879
2015,Győr-Moson-Sopron,maize,5.51,6.822,2015-2016,v2_actual_weather,6.294674873352051
2015,Győr-Moson-Sopron,wheat,5.17,4.452,2015-2016,v2_actual_weather,4.777204990386963
2015,Hajdú-Bihar,barley,5.03,3.816,2015-2016,v2_actual_weather,3.392786741256714
2015,Hajdú-Bihar,maize,6.07,6.292,2015-2016,v2_actual_weather,6.078665733337402
2015,Hajdú-Bihar,wheat,5.15,4.328,2015-2016,v2_actual_weather,3.8249707221984863
2015,Heves,barley,4.54,3.33,2015-2016,v2_actual_weather,3.316990375518799
2015,Heves,maize,3.88,4.654,2015-2016,v2_actual_weather,4.8306965827941895
2015,Heves,wheat,4.88,3.622,2015-2016,v2_actual_weather,3.525320053100586
2015,Jász-Nagykun-Szolnok,barley,4.64,3.436,2015-2016,v2_actual_weather,3.878760814666748
2015,Jász-Nagykun-Szolnok,maize,4.53,4.168,2015-2016,v2_actual_weather,4.269493103027344
2015,Jász-Nagykun-Szolnok,wheat,4.73,3.498,2015-2016,v2_actual_weather,3.998795509338379
2015,Komárom-Esztergom,barley,4.98,3.724,2015-2016,v2_actual_weather,4.045675754547119
2015,Komárom-Esztergom,maize,6.13,6.25,2015-2016,v2_actual_weather,6.4905314445495605
2015,Komárom-Esztergom,wheat,5.5,4.14,2015-2016,v2_actual_weather,4.457340717315674
2015,Nógrád,barley,3.21,2.59,2015-2016,v2_actual_weather,3.1197926998138428
2015,Nógrád,maize,3.54,4.436,2015-2016,v2_actual_weather,4.82223653793335
2015,Nógrád,wheat,4.06,3.346,2015-2016,v2_actual_weather,3.5283732414245605
2015,Pest,barley,4.55,3.688,2015-2016,v2_actual_weather,4.144063949584961
2015,Pest,maize,5.5,5.528,2015-2016,v2_actual_weather,5.527810096740723
2015,Pest,wheat,4.91,3.854,2015-2016,v2_actual_weather,4.2562255859375
2015,Somogy,barley,4.37,4.12,2015-2016,v2_actual_weather,4.545044422149658
2015,Somogy,maize,6.9,5.96,2015-2016,v2_actual_weather,6.403154373168945
2015,Somogy,wheat,5.53,4.69,2015-2016,v2_actual_weather,5.077130317687988
2015,Szabolcs-Szatmár-Bereg,barley,4.03,3.282,2015-2016,v2_actual_weather,3.0129051208496094
2015,Szabolcs-Szatmár-Bereg,maize,3.62,5.78,2015-2016,v2_actual_weather,5.438711166381836
2015,Szabolcs-Szatmár-Bereg,wheat,4.88,3.964,2015-2016,v2_actual_weather,3.5363988876342773
2015,Tolna,barley,5.69,4.66,2015-2016,v2_actual_weather,5.037538051605225
2015,Tolna,maize,7.34,6.69,2015-2016,v2_actual_weather,6.794552803039551
2015,Tolna,wheat,6.08,5.018,2015-2016,v2_actual_weather,5.743540287017822
2015,Vas,barley,4.69,4.168,2015-2016,v2_actual_weather,4.435006141662598
2015,Vas,maize,6.11,6.624,2015-2016,v2_actual_weather,6.946369647979736
2015,Vas,wheat,5.24,4.558,2015-2016,v2_actual_weather,4.697941303253174
2015,Veszprém,barley,3.91,3.402,2015-2016,v2_actual_weather,3.8670477867126465
2015,Veszprém,maize,5.22,5.352,2015-2016,v2_actual_weather,6.189483642578125
2015,Veszprém,wheat,4.48,3.754,2015-2016,v2_actual_weather,4.062431335449219
2015,Zala,barley,4.6,4.348,2015-2016,v2_actual_weather,4.4914469718933105
2015,Zala,maize,6.3,6.074,2015-2016,v2_actual_weather,6.5334062576293945
2015,Zala,wheat,5.26,4.722,2015-2016,v2_actual_weather,4.881653785705566
2016,Bács-Kiskun,barley,4.7,4.21,2015-2016,v2_actual_weather,4.7535247802734375
2016,Bács-Kiskun,maize,8.1,5.534,2015-2016,v2_actual_weather,6.202028274536133
2016,Bács-Kiskun,wheat,5.42,4.484,2015-2016,v2_actual_weather,5.007222652435303
2016,Baranya,barley,6.06,4.936,2015-2016,v2_actual_weather,5.3052287101745605
2016,Baranya,maize,9.02,6.394,2015-2016,v2_actual_weather,7.4636125564575195
2016,Baranya,wheat,6.42,5.5,2015-2016,v2_actual_weather,5.524939060211182
2016,Békés,barley,5.13,3.958,2015-2016,v2_actual_weather,4.388963222503662
2016,Békés,maize,8.73,5.902,2015-2016,v2_actual_weather,6.525872707366943
2016,Békés,wheat,5.01,4.364,2015-2016,v2_actual_weather,4.658504486083984
2016,Borsod-Abaúj-Zemplén,barley,4.94,3.916,2015-2016,v2_actual_weather,4.141388893127441
2016,Borsod-Abaúj-Zemplén,maize,8.54,6.344,2015-2016,v2_actual_weather,7.0053582191467285
2016,Borsod-Abaúj-Zemplén,wheat,5.48,4.396,2015-2016,v2_actual_weather,4.494842529296875
2016,Csongrád-Csanád,barley,4.28,3.806,2015-2016,v2_actual_weather,4.257453918457031
2016,Csongrád-Csanád,maize,7.44,5.07,2015-2016,v2_actual_weather,5.620325565338135
2016,Csongrád-Csanád,wheat,4.8,4.29,2015-2016,v2_actual_weather,4.755988597869873
2016,Fejér,barley,5.85,4.65,2015-2016,v2_actual_weather,4.889700889587402
2016,Fejér,maize,9.37,6.432,2015-2016,v2_actual_weather,6.838755130767822
2016,Fejér,wheat,6.3,5.01,2015-2016,v2_actual_weather,5.567615509033203
2016,Győr-Moson-Sopron,barley,5.09,4.182,2015-2016,v2_actual_weather,4.4597063064575195
2016,Győr-Moson-Sopron,maize,8.73,6.58,2015-2016,v2_actual_weather,6.691282272338867
2016,Győr-Moson-Sopron,wheat,5.1,4.698,2015-2016,v2_actual_weather,4.932121753692627
2016,Hajdú-Bihar,barley,5.31,4.226,2015-2016,v2_actual_weather,4.565054893493652
2016,Hajdú-Bihar,maize,9.57,6.234,2015-2016,v2_actual_weather,7.526705265045166
2016,Hajdú-Bihar,wheat,5.47,4.674,2015-2016,v2_actual_weather,5.03747034072876
2016,Heves,barley,4.86,3.622,2015-2016,v2_actual_weather,3.812718629837036
2016,Heves,maize,7.11,4.46,2015-2016,v2_actual_weather,4.8461408615112305
2016,Heves,wheat,4.71,3.958,2015-2016,v2_actual_weather,4.2239532470703125
2016,Jász-Nagykun-Szolnok,barley,4.88,3.824,2015-2016,v2_actual_weather,4.032040596008301
2016,Jász-Nagykun-Szolnok,maize,6.79,4.238,2015-2016,v2_actual_weather,4.771894931793213
2016,Jász-Nagykun-Szolnok,wheat,4.52,3.86,2015-2016,v2_actual_weather,4.159827709197998
2016,Komárom-Esztergom,barley,5.08,4.07,2015-2016,v2_actual_weather,4.2722859382629395
2016,Komárom-Esztergom,maize,8.34,6.16,2015-2016,v2_actual_weather,7.155301570892334
2016,Komárom-Esztergom,wheat,5.42,4.464,2015-2016,v2_actual_weather,4.552827835083008
2016,Nógrád,barley,4.0,2.734,2015-2016,v2_actual_weather,3.3374929428100586
2016,Nógrád,maize,6.29,4.226,2015-2016,v2_actual_weather,5.37346887588501
2016,Nógrád,wheat,4.6,3.488,2015-2016,v2_actual_weather,3.840890884399414
2016,Pest,barley,4.64,3.992,2015-2016,v2_actual_weather,4.443915843963623
2016,Pest,maize,7.41,5.4,2015-2016,v2_actual_weather,6.692901134490967
2016,Pest,wheat,4.75,4.182,2015-2016,v2_actual_weather,4.651128768920898
2016,Somogy,barley,5.93,4.256,2015-2016,v2_actual_weather,4.406470775604248
2016,Somogy,maize,9.62,5.924,2015-2016,v2_actual_weather,6.824350833892822
2016,Somogy,wheat,6.18,4.974,2015-2016,v2_actual_weather,5.333541393280029
2016,Szabolcs-Szatmár-Bereg,barley,4.49,3.518,2015-2016,v2_actual_weather,4.0074782371521
2016,Szabolcs-Szatmár-Bereg,maize,8.47,5.514,2015-2016,v2_actual_weather,6.408712387084961
2016,Szabolcs-Szatmár-Bereg,wheat,4.85,4.24,2015-2016,v2_actual_weather,4.557303428649902
2016,Tolna,barley,6.3,5.028,2015-2016,v2_actual_weather,5.587575435638428
2016,Tolna,maize,9.45,6.608,2015-2016,v2_actual_weather,7.550984859466553
2016,Tolna,wheat,6.39,5.386,2015-2016,v2_actual_weather,5.751158714294434
2016,Vas,barley,4.75,4.236,2015-2016,v2_actual_weather,4.317965507507324
2016,Vas,maize,8.8,6.434,2015-2016,v2_actual_weather,7.086727619171143
2016,Vas,wheat,6.06,4.686,2015-2016,v2_actual_weather,4.7464752197265625
2016,Veszprém,barley,4.4,3.542,2015-2016,v2_actual_weather,3.64273738861084
2016,Veszprém,maize,6.89,5.37,2015-2016,v2_actual_weather,6.533541202545166
2016,Veszprém,wheat,5.07,3.966,2015-2016,v2_actual_weather,4.071539402008057
2016,Zala,barley,5.48,4.438,2015-2016,v2_actual_weather,4.344191551208496
2016,Zala,maize,8.37,5.99,2015-2016,v2_actual_weather,6.777133464813232
2016,Zala,wheat,5.94,4.888,2015-2016,v2_actual_weather,5.048625469207764
2015,Bács-Kiskun,barley,4.79,3.956,2015-2016,v2_expected_weather,4.546186923980713
2015,Bács-Kiskun,maize,5.6,5.64,2015-2016,v2_expected_weather,5.684818267822266
2015,Bács-Kiskun,wheat,5.03,4.246,2015-2016,v2_expected_weather,4.744162559509277
2015,Baranya,barley,5.06,4.7,2015-2016,v2_expected_weather,4.947825908660889
2015,Baranya,maize,6.57,6.46,2015-2016,v2_expected_weather,7.56854772567749
2015,Baranya,wheat,5.78,5.184,2015-2016,v2_expected_weather,5.5726423263549805
2015,Békés,barley,4.99,3.552,2015-2016,v2_expected_weather,4.015212535858154
2015,Békés,maize,6.25,5.976,2015-2016,v2_expected_weather,5.8239593505859375
2015,Békés,wheat,5.42,3.976,2015-2016,v2_expected_weather,4.444406032562256
2015,Borsod-Abaúj-Zemplén,barley,4.58,3.628,2015-2016,v2_expected_weather,3.8316268920898438
2015,Borsod-Abaúj-Zemplén,maize,4.93,6.37,2015-2016,v2_expected_weather,6.894218444824219
2015,Borsod-Abaúj-Zemplén,wheat,4.98,4.16,2015-2016,v2_expected_weather,4.270205497741699
2015,Csongrád-Csanád,barley,4.37,3.566,2015-2016,v2_expected_weather,4.25736141204834
2015,Csongrád-Csanád,maize,5.22,5.25,2015-2016,v2_expected_weather,5.7150983810424805
2015,Csongrád-Csanád,wheat,4.91,4.062,2015-2016,v2_expected_weather,4.686553478240967
2015,Fejér,barley,5.79,4.256,2015-2016,v2_expected_weather,4.582948207855225
2015,Fejér,maize,6.21,6.674,2015-2016,v2_expected_weather,6.481039524078369
2015,Fejér,wheat,5.87,4.696,2015-2016,v2_expected_weather,5.047490119934082
2015,Győr-Moson-Sopron,barley,4.89,3.852,2015-2016,v2_expected_weather,4.043428897857666
2015,Győr-Moson-Sopron,maize,5.51,6.822,2015-2016,v2_expected_weather,7.091991424560547
2015,Győr-Moson-Sopron,wheat,5.17,4.452,2015-2016,v2_expected_weather,4.621274948120117
2015,Hajdú-Bihar,barley,5.03,3.816,2015-2016,v2_expected_weather,4.12111759185791
2015,Hajdú-Bihar,maize,6.07,6.292,2015-2016,v2_expected_weather,6.903135299682617
2015,Hajdú-Bihar,wheat,5.15,4.328,2015-2016,v2_expected_weather,4.619652271270752
2015,Heves,barley,4.54,3.33,2015-2016,v2_expected_weather,3.665057897567749
2015,Heves,maize,3.88,4.654,2015-2016,v2_expected_weather,5.256161689758301
2015,Heves,wheat,4.88,3.622,2015-2016,v2_expected_weather,3.912684679031372
2015,Jász-Nagykun-Szolnok,barley,4.64,3.436,2015-2016,v2_expected_weather,3.786909818649292
2015,Jász-Nagykun-Szolnok,maize,4.53,4.168,2015-2016,v2_expected_weather,4.5964202880859375
2015,Jász-Nagykun-Szolnok,wheat,4.73,3.498,2015-2016,v2_expected_weather,3.906944990158081
2015,Komárom-Esztergom,barley,4.98,3.724,2015-2016,v2_expected_weather,3.9863762855529785
2015,Komárom-Esztergom,maize,6.13,6.25,2015-2016,v2_expected_weather,7.245756149291992
2015,Komárom-Esztergom,wheat,5.5,4.14,2015-2016,v2_expected_weather,4.405825138092041
2015,Nógrád,barley,3.21,2.59,2015-2016,v2_expected_weather,3.2870750427246094
2015,Nógrád,maize,3.54,4.436,2015-2016,v2_expected_weather,5.48491907119751
2015,Nógrád,wheat,4.06,3.346,2015-2016,v2_expected_weather,3.7384228706359863
2015,Pest,barley,4.55,3.688,2015-2016,v2_expected_weather,4.172462463378906
2015,Pest,maize,5.5,5.528,2015-2016,v2_expected_weather,5.9812421798706055
2015,Pest,wheat,4.91,3.854,2015-2016,v2_expected_weather,4.2923760414123535
2015,Somogy,barley,4.37,4.12,2015-2016,v2_expected_weather,4.409353256225586
2015,Somogy,maize,6.9,5.96,2015-2016,v2_expected_weather,6.6572346687316895
2015,Somogy,wheat,5.53,4.69,2015-2016,v2_expected_weather,4.941439151763916
2015,Szabolcs-Szatmár-Bereg,barley,4.03,3.282,2015-2016,v2_expected_weather,3.7893106937408447
2015,Szabolcs-Szatmár-Bereg,maize,3.62,5.78,2015-2016,v2_expected_weather,5.900803565979004
2015,Szabolcs-Szatmár-Bereg,wheat,4.88,3.964,2015-2016,v2_expected_weather,4.371508598327637
2015,Tolna,barley,5.69,4.66,2015-2016,v2_expected_weather,4.882784843444824
2015,Tolna,maize,7.34,6.69,2015-2016,v2_expected_weather,6.936960697174072
2015,Tolna,wheat,6.08,5.018,2015-2016,v2_expected_weather,5.588787078857422
2015,Vas,barley,4.69,4.168,2015-2016,v2_expected_weather,4.328079700469971
2015,Vas,maize,6.11,6.624,2015-2016,v2_expected_weather,7.207205295562744
2015,Vas,wheat,5.24,4.558,2015-2016,v2_expected_weather,4.598800182342529
2015,Veszprém,barley,3.91,3.402,2015-2016,v2_expected_weather,3.7799785137176514
2015,Veszprém,maize,5.22,5.352,2015-2016,v2_expected_weather,6.2672905921936035
2015,Veszprém,wheat,4.48,3.754,2015-2016,v2_expected_weather,3.975360631942749
2015,Zala,barley,4.6,4.348,2015-2016,v2_expected_weather,4.432680130004883
2015,Zala,maize,6.3,6.074,2015-2016,v2_expected_weather,6.835899353027344
2015,Zala,wheat,5.26,4.722,2015-2016,v2_expected_weather,4.822886943817139
2016,Bács-Kiskun,barley,4.7,4.21,2015-2016,v2_expected_weather,4.760825157165527
2016,Bács-Kiskun,maize,8.1,5.534,2015-2016,v2_expected_weather,5.572741508483887
2016,Bács-Kiskun,wheat,5.42,4.484,2015-2016,v2_expected_weather,5.014523029327393
2016,Baranya,barley,6.06,4.936,2015-2016,v2_expected_weather,5.397082805633545
2016,Baranya,maize,9.02,6.394,2015-2016,v2_expected_weather,6.803650379180908
2016,Baranya,wheat,6.42,5.5,2015-2016,v2_expected_weather,5.6329450607299805
2016,Békés,barley,5.13,3.958,2015-2016,v2_expected_weather,4.318631172180176
2016,Békés,maize,8.73,5.902,2015-2016,v2_expected_weather,4.2176947593688965
2016,Békés,wheat,5.01,4.364,2015-2016,v2_expected_weather,4.58042049407959
2016,Borsod-Abaúj-Zemplén,barley,4.94,3.916,2015-2016,v2_expected_weather,4.0672760009765625
2016,Borsod-Abaúj-Zemplén,maize,8.54,6.344,2015-2016,v2_expected_weather,7.044727802276611
2016,Borsod-Abaúj-Zemplén,wheat,5.48,4.396,2015-2016,v2_expected_weather,4.4285149574279785
2016,Csongrád-Csanád,barley,4.28,3.806,2015-2016,v2_expected_weather,4.299018383026123
2016,Csongrád-Csanád,maize,7.44,5.07,2015-2016,v2_expected_weather,4.195235729217529
2016,Csongrád-Csanád,wheat,4.8,4.29,2015-2016,v2_expected_weather,4.797553062438965
2016,Fejér,barley,5.85,4.65,2015-2016,v2_expected_weather,4.914651870727539
2016,Fejér,maize,9.37,6.432,2015-2016,v2_expected_weather,6.63983678817749
2016,Fejér,wheat,6.3,5.01,2015-2016,v2_expected_weather,5.59256649017334
2016,Győr-Moson-Sopron,barley,5.09,4.182,2015-2016,v2_expected_weather,4.397120475769043
2016,Győr-Moson-Sopron,maize,8.73,6.58,2015-2016,v2_expected_weather,7.295745849609375
2016,Győr-Moson-Sopron,wheat,5.1,4.698,2015-2016,v2_expected_weather,4.86953592300415
2016,Hajdú-Bihar,barley,5.31,4.226,2015-2016,v2_expected_weather,4.418593406677246
2016,Hajdú-Bihar,maize,9.57,6.234,2015-2016,v2_expected_weather,6.072086334228516
2016,Hajdú-Bihar,wheat,5.47,4.674,2015-2016,v2_expected_weather,4.883256912231445
2016,Heves,barley,4.86,3.622,2015-2016,v2_expected_weather,3.8362245559692383
2016,Heves,maize,7.11,4.46,2015-2016,v2_expected_weather,4.827635765075684
2016,Heves,wheat,4.71,3.958,2015-2016,v2_expected_weather,4.247459411621094
2016,Jász-Nagykun-Szolnok,barley,4.88,3.824,2015-2016,v2_expected_weather,3.90380859375
2016,Jász-Nagykun-Szolnok,maize,6.79,4.238,2015-2016,v2_expected_weather,4.259364604949951
2016,Jász-Nagykun-Szolnok,wheat,4.52,3.86,2015-2016,v2_expected_weather,4.023842811584473
2016,Komárom-Esztergom,barley,5.08,4.07,2015-2016,v2_expected_weather,4.32892370223999
2016,Komárom-Esztergom,maize,8.34,6.16,2015-2016,v2_expected_weather,6.909333229064941
2016,Komárom-Esztergom,wheat,5.42,4.464,2015-2016,v2_expected_weather,4.607146739959717
2016,Nógrád,barley,4.0,2.734,2015-2016,v2_expected_weather,3.296544313430786
2016,Nógrád,maize,6.29,4.226,2015-2016,v2_expected_weather,5.324356555938721
2016,Nógrád,wheat,4.6,3.488,2015-2016,v2_expected_weather,3.8111984729766846
2016,Pest,barley,4.64,3.992,2015-2016,v2_expected_weather,4.464414119720459
2016,Pest,maize,7.41,5.4,2015-2016,v2_expected_weather,5.941305160522461
2016,Pest,wheat,4.75,4.182,2015-2016,v2_expected_weather,4.671627044677734
2016,Somogy,barley,5.93,4.256,2015-2016,v2_expected_weather,4.535713195800781
2016,Somogy,maize,9.62,5.924,2015-2016,v2_expected_weather,6.266135215759277
2016,Somogy,wheat,6.18,4.974,2015-2016,v2_expected_weather,5.4559221267700195
2016,Szabolcs-Szatmár-Bereg,barley,4.49,3.518,2015-2016,v2_expected_weather,3.9935595989227295
2016,Szabolcs-Szatmár-Bereg,maize,8.47,5.514,2015-2016,v2_expected_weather,5.628360748291016
2016,Szabolcs-Szatmár-Bereg,wheat,4.85,4.24,2015-2016,v2_expected_weather,4.543384552001953
2016,Tolna,barley,6.3,5.028,2015-2016,v2_expected_weather,5.605369567871094
2016,Tolna,maize,9.45,6.608,2015-2016,v2_expected_weather,6.4807939529418945
2016,Tolna,wheat,6.39,5.386,2015-2016,v2_expected_weather,5.7689528465271
2016,Vas,barley,4.75,4.236,2015-2016,v2_expected_weather,4.3876423835754395
2016,Vas,maize,8.8,6.434,2015-2016,v2_expected_weather,7.180516719818115
2016,Vas,wheat,6.06,4.686,2015-2016,v2_expected_weather,4.832304000854492
2016,Veszprém,barley,4.4,3.542,2015-2016,v2_expected_weather,3.8192970752716064
2016,Veszprém,maize,6.89,5.37,2015-2016,v2_expected_weather,6.2603440284729
2016,Veszprém,wheat,5.07,3.966,2015-2016,v2_expected_weather,4.2642502784729
2016,Zala,barley,5.48,4.438,2015-2016,v2_expected_weather,4.457538604736328
2016,Zala,maize,8.37,5.99,2015-2016,v2_expected_weather,6.720933437347412
2016,Zala,wheat,5.94,4.888,2015-2016,v2_expected_weather,5.155110836029053
2015,Bács-Kiskun,barley,4.79,3.956,2015-2016,v2_historical_median,4.411654472351074
2015,Bács-Kiskun,maize,5.6,5.64,2015-2016,v2_historical_median,5.932671070098877
2015,Bács-Kiskun,wheat,5.03,4.246,2015-2016,v2_historical_median,4.62078332901001
2015,Baranya,barley,5.06,4.7,2015-2016,v2_historical_median,4.8113226890563965
2015,Baranya,maize,6.57,6.46,2015-2016,v2_historical_median,7.401989936828613
2015,Baranya,wheat,5.78,5.184,2015-2016,v2_historical_median,5.455180644989014
2015,Békés,barley,4.99,3.552,2015-2016,v2_historical_median,3.8612165451049805
2015,Békés,maize,6.25,5.976,2015-2016,v2_historical_median,5.892999172210693
2015,Békés,wheat,5.42,3.976,2015-2016,v2_historical_median,4.282655239105225
2015,Borsod-Abaúj-Zemplén,barley,4.58,3.628,2015-2016,v2_historical_median,3.8036863803863525
2015,Borsod-Abaúj-Zemplén,maize,4.93,6.37,2015-2016,v2_historical_median,6.373687267303467
2015,Borsod-Abaúj-Zemplén,wheat,4.98,4.16,2015-2016,v2_historical_median,4.252625942230225
2015,Csongrád-Csanád,barley,4.37,3.566,2015-2016,v2_historical_median,3.941591501235962
2015,Csongrád-Csanád,maize,5.22,5.25,2015-2016,v2_historical_median,5.394363880157471
2015,Csongrád-Csanád,wheat,4.91,4.062,2015-2016,v2_historical_median,4.339269161224365
2015,Fejér,barley,5.79,4.256,2015-2016,v2_historical_median,4.457760810852051
2015,Fejér,maize,6.21,6.674,2015-2016,v2_historical_median,6.524545669555664
2015,Fejér,wheat,5.87,4.696,2015-2016,v2_historical_median,4.91455078125
2015,Győr-Moson-Sopron,barley,4.89,3.852,2015-2016,v2_historical_median,3.908294677734375
2015,Győr-Moson-Sopron,maize,5.51,6.822,2015-2016,v2_historical_median,6.442310810089111
2015,Győr-Moson-Sopron,wheat,5.17,4.452,2015-2016,v2_historical_median,4.47838830947876
2015,Hajdú-Bihar,barley,5.03,3.816,2015-2016,v2_historical_median,3.9082202911376953
2015,Hajdú-Bihar,maize,6.07,6.292,2015-2016,v2_historical_median,6.690717697143555
2015,Hajdú-Bihar,wheat,5.15,4.328,2015-2016,v2_historical_median,4.406785488128662
2015,Heves,barley,4.54,3.33,2015-2016,v2_historical_median,3.617535352706909
2015,Heves,maize,3.88,4.654,2015-2016,v2_historical_median,4.9936065673828125
2015,Heves,wheat,4.88,3.622,2015-2016,v2_historical_median,3.8496241569519043
2015,Jász-Nagykun-Szolnok,barley,4.64,3.436,2015-2016,v2_historical_median,3.7519192695617676
2015,Jász-Nagykun-Szolnok,maize,4.53,4.168,2015-2016,v2_historical_median,4.678030490875244
2015,Jász-Nagykun-Szolnok,wheat,4.73,3.498,2015-2016,v2_historical_median,3.8874919414520264
2015,Komárom-Esztergom,barley,4.98,3.724,2015-2016,v2_historical_median,3.97174072265625
2015,Komárom-Esztergom,maize,6.13,6.25,2015-2016,v2_historical_median,6.457127571105957
2015,Komárom-Esztergom,wheat,5.5,4.14,2015-2016,v2_historical_median,4.397714614868164
2015,Nógrád,barley,3.21,2.59,2015-2016,v2_historical_median,3.276714563369751
2015,Nógrád,maize,3.54,4.436,2015-2016,v2_historical_median,4.483465194702148
2015,Nógrád,wheat,4.06,3.346,2015-2016,v2_historical_median,3.7384228706359863
2015,Pest,barley,4.55,3.688,2015-2016,v2_historical_median,4.077183246612549
2015,Pest,maize,5.5,5.528,2015-2016,v2_historical_median,5.60033655166626
2015,Pest,wheat,4.91,3.854,2015-2016,v2_historical_median,4.2161383628845215
2015,Somogy,barley,4.37,4.12,2015-2016,v2_historical_median,4.3280253410339355
2015,Somogy,maize,6.9,5.96,2015-2016,v2_historical_median,6.2421464920043945
2015,Somogy,wheat,5.53,4.69,2015-2016,v2_historical_median,4.867896556854248
2015,Szabolcs-Szatmár-Bereg,barley,4.03,3.282,2015-2016,v2_historical_median,3.6941468715667725
2015,Szabolcs-Szatmár-Bereg,maize,3.62,5.78,2015-2016,v2_historical_median,5.714120864868164
2015,Szabolcs-Szatmár-Bereg,wheat,4.88,3.964,2015-2016,v2_historical_median,4.279848575592041
2015,Tolna,barley,5.69,4.66,2015-2016,v2_historical_median,4.784419536590576
2015,Tolna,maize,7.34,6.69,2015-2016,v2_historical_median,6.496320724487305
2015,Tolna,wheat,6.08,5.018,2015-2016,v2_historical_median,5.505589485168457
2015,Vas,barley,4.69,4.168,2015-2016,v2_historical_median,4.328079700469971
2015,Vas,maize,6.11,6.624,2015-2016,v2_historical_median,6.970836162567139
2015,Vas,wheat,5.24,4.558,2015-2016,v2_historical_median,4.605780601501465
2015,Veszprém,barley,3.91,3.402,2015-2016,v2_historical_median,3.72158145904541
2015,Veszprém,maize,5.22,5.352,2015-2016,v2_historical_median,5.645259380340576
2015,Veszprém,wheat,4.48,3.754,2015-2016,v2_historical_median,3.9360053539276123
2015,Zala,barley,4.6,4.348,2015-2016,v2_historical_median,4.358480930328369
2015,Zala,maize,6.3,6.074,2015-2016,v2_historical_median,6.645792007446289
2015,Zala,wheat,5.26,4.722,2015-2016,v2_historical_median,4.7575836181640625
2016,Bács-Kiskun,barley,4.7,4.21,2015-2016,v2_historical_median,4.518328666687012
2016,Bács-Kiskun,maize,8.1,5.534,2015-2016,v2_historical_median,5.768511772155762
2016,Bács-Kiskun,wheat,5.42,4.484,2015-2016,v2_historical_median,4.779811859130859
2016,Baranya,barley,6.06,4.936,2015-2016,v2_historical_median,5.243460178375244
2016,Baranya,maize,9.02,6.394,2015-2016,v2_historical_median,7.427331447601318
2016,Baranya,wheat,6.42,5.5,2015-2016,v2_historical_median,5.498363971710205
2016,Békés,barley,5.13,3.958,2015-2016,v2_historical_median,4.16812801361084
2016,Békés,maize,8.73,5.902,2015-2016,v2_historical_median,5.892999172210693
2016,Békés,wheat,5.01,4.364,2015-2016,v2_historical_median,4.4454545974731445
2016,Borsod-Abaúj-Zemplén,barley,4.94,3.916,2015-2016,v2_historical_median,4.028079509735107
2016,Borsod-Abaúj-Zemplén,maize,8.54,6.344,2015-2016,v2_historical_median,6.484827041625977
2016,Borsod-Abaúj-Zemplén,wheat,5.48,4.396,2015-2016,v2_historical_median,4.410935401916504
2016,Csongrád-Csanád,barley,4.28,3.806,2015-2016,v2_historical_median,4.030038356781006
2016,Csongrád-Csanád,maize,7.44,5.07,2015-2016,v2_historical_median,5.279939651489258
2016,Csongrád-Csanád,wheat,4.8,4.29,2015-2016,v2_historical_median,4.53635835647583
2016,Fejér,barley,5.85,4.65,2015-2016,v2_historical_median,4.762033939361572
2016,Fejér,maize,9.37,6.432,2015-2016,v2_historical_median,6.617138862609863
2016,Fejér,wheat,6.3,5.01,2015-2016,v2_historical_median,5.42155647277832
2016,Győr-Moson-Sopron,barley,5.09,4.182,2015-2016,v2_historical_median,4.318009853363037
2016,Győr-Moson-Sopron,maize,8.73,6.58,2015-2016,v2_historical_median,6.553321361541748
2016,Győr-Moson-Sopron,wheat,5.1,4.698,2015-2016,v2_historical_median,4.798210620880127
2016,Hajdú-Bihar,barley,5.31,4.226,2015-2016,v2_historical_median,4.234412670135498
2016,Hajdú-Bihar,maize,9.57,6.234,2015-2016,v2_historical_median,6.690717697143555
2016,Hajdú-Bihar,wheat,5.47,4.674,2015-2016,v2_historical_median,4.572869300842285
2016,Heves,barley,4.86,3.622,2015-2016,v2_historical_median,3.7295894622802734
2016,Heves,maize,7.11,4.46,2015-2016,v2_historical_median,4.871303558349609
2016,Heves,wheat,4.71,3.958,2015-2016,v2_historical_median,4.133072376251221
2016,Jász-Nagykun-Szolnok,barley,4.88,3.824,2015-2016,v2_historical_median,3.805860996246338
2016,Jász-Nagykun-Szolnok,maize,6.79,4.238,2015-2016,v2_historical_median,4.678030490875244
2016,Jász-Nagykun-Szolnok,wheat,4.52,3.86,2015-2016,v2_historical_median,3.9389777183532715
2016,Komárom-Esztergom,barley,5.08,4.07,2015-2016,v2_historical_median,4.270015716552734
2016,Komárom-Esztergom,maize,8.34,6.16,2015-2016,v2_historical_median,6.206604480743408
2016,Komárom-Esztergom,wheat,5.42,4.464,2015-2016,v2_historical_median,4.571115016937256
2016,Nógrád,barley,4.0,2.734,2015-2016,v2_historical_median,3.276714563369751
2016,Nógrád,maize,6.29,4.226,2015-2016,v2_historical_median,4.45274543762207
2016,Nógrád,wheat,4.6,3.488,2015-2016,v2_historical_median,3.801729202270508
2016,Pest,barley,4.64,3.992,2015-2016,v2_historical_median,4.368741989135742
2016,Pest,maize,7.41,5.4,2015-2016,v2_historical_median,5.550177097320557
2016,Pest,wheat,4.75,4.182,2015-2016,v2_historical_median,4.594996452331543
2016,Somogy,barley,5.93,4.256,2015-2016,v2_historical_median,4.437551975250244
2016,Somogy,maize,9.62,5.924,2015-2016,v2_historical_median,6.4192023277282715
2016,Somogy,wheat,6.18,4.974,2015-2016,v2_historical_median,5.361578464508057
2016,Szabolcs-Szatmár-Bereg,barley,4.49,3.518,2015-2016,v2_historical_median,3.7771782875061035
2016,Szabolcs-Szatmár-Bereg,maize,8.47,5.514,2015-2016,v2_historical_median,5.575740814208984
2016,Szabolcs-Szatmár-Bereg,wheat,4.85,4.24,2015-2016,v2_historical_median,4.334016799926758
2016,Tolna,barley,6.3,5.028,2015-2016,v2_historical_median,5.386515140533447
2016,Tolna,maize,9.45,6.608,2015-2016,v2_historical_median,6.722655773162842
2016,Tolna,wheat,6.39,5.386,2015-2016,v2_historical_median,5.565266132354736
2016,Vas,barley,4.75,4.236,2015-2016,v2_historical_median,4.333272933959961
2016,Vas,maize,8.8,6.434,2015-2016,v2_historical_median,6.891922950744629
2016,Vas,wheat,6.06,4.686,2015-2016,v2_historical_median,4.796976089477539
2016,Veszprém,barley,4.4,3.542,2015-2016,v2_historical_median,3.755458354949951
2016,Veszprém,maize,6.89,5.37,2015-2016,v2_historical_median,5.9900712966918945
2016,Veszprém,wheat,5.07,3.966,2015-2016,v2_historical_median,4.21945333480835
2016,Zala,barley,5.48,4.438,2015-2016,v2_historical_median,4.3844499588012695
2016,Zala,maize,8.37,5.99,2015-2016,v2_historical_median,6.583011627197266
2016,Zala,wheat,5.94,4.888,2015-2016,v2_historical_median,5.092077732086182
2017,Bács-Kiskun,barley,5.02,4.346,2017-2018,baseline,4.346
2017,Bács-Kiskun,maize,6.19,5.86,2017-2018,baseline,5.86
2017,Bács-Kiskun,wheat,5.65,4.668,2017-2018,baseline,4.668
2017,Baranya,barley,6.4,5.192,2017-2018,baseline,5.192
2017,Baranya,maize,7.26,6.82,2017-2018,baseline,6.82
2017,Baranya,wheat,6.45,5.792,2017-2018,baseline,5.792
2017,Békés,barley,5.02,4.256,2017-2018,baseline,4.256
2017,Békés,maize,5.68,6.386,2017-2018,baseline,6.386
2017,Békés,wheat,5.35,4.546,2017-2018,baseline,4.546
2017,Borsod-Abaúj-Zemplén,barley,5.53,4.228,2017-2018,baseline,4.228
2017,Borsod-Abaúj-Zemplén,maize,7.52,6.708,2017-2018,baseline,6.708
2017,Borsod-Abaúj-Zemplén,wheat,5.66,4.668,2017-2018,baseline,4.668
2017,Csongrád-Csanád,barley,4.94,4.02,2017-2018,baseline,4.02
2017,Csongrád-Csanád,maize,5.52,5.384,2017-2018,baseline,5.384
2017,Csongrád-Csanád,wheat,5.41,4.47,2017-2018,baseline,4.47
2017,Fejér,barley,5.89,5.012,2017-2018,baseline,5.012
2017,Fejér,maize,6.7,6.79,2017-2018,baseline,6.79
2017,Fejér,wheat,5.45,5.334,2017-2018,baseline,5.334
2017,Győr-Moson-Sopron,barley,4.93,4.384,2017-2018,baseline,4.384
2017,Győr-Moson-Sopron,maize,5.68,6.834,2017-2018,baseline,6.834
2017,Győr-Moson-Sopron,wheat,4.77,4.78,2017-2018,baseline,4.78
2017,Hajdú-Bihar,barley,5.6,4.536,2017-2018,baseline,4.536
2017,Hajdú-Bihar,maize,7.93,6.766,2017-2018,baseline,6.766
2017,Hajdú-Bihar,wheat,6.06,4.888,2017-2018,baseline,4.888
2017,Heves,barley,5.34,3.932,2017-2018,baseline,3.932
2017,Heves,maize,5.69,4.866,2017-2018,baseline,4.866
2017,Heves,wheat,5.14,4.156,2017-2018,baseline,4.156
2017,Jász-Nagykun-Szolnok,barley,5.46,4.154,2017-2018,baseline,4.154
2017,Jász-Nagykun-Szolnok,maize,5.47,4.688,2017-2018,baseline,4.688
2017,Jász-Nagykun-Szolnok,wheat,5.19,4.102,2017-2018,baseline,4.102
2017,Komárom-Esztergom,barley,4.91,4.318,2017-2018,baseline,4.318
2017,Komárom-Esztergom,maize,6.04,6.284,2017-2018,baseline,6.284
2017,Komárom-Esztergom,wheat,4.78,4.628,2017-2018,baseline,4.628
2017,Nógrád,barley,3.87,2.936,2017-2018,baseline,2.936
2017,Nógrád,maize,4.88,4.356,2017-2018,baseline,4.356
2017,Nógrád,wheat,4.54,3.698,2017-2018,baseline,3.698
2017,Pest,barley,4.9,4.084,2017-2018,baseline,4.084
2017,Pest,maize,6.16,5.708,2017-2018,baseline,5.708
2017,Pest,wheat,4.96,4.28,2017-2018,baseline,4.28
2017,Somogy,barley,5.78,4.75,2017-2018,baseline,4.75
2017,Somogy,maize,7.93,6.8,2017-2018,baseline,6.8
2017,Somogy,wheat,5.54,5.376,2017-2018,baseline,5.376
2017,Szabolcs-Szatmár-Bereg,barley,4.5,3.798,2017-2018,baseline,3.798
2017,Szabolcs-Szatmár-Bereg,maize,7.95,5.912,2017-2018,baseline,5.912
2017,Szabolcs-Szatmár-Bereg,wheat,5.48,4.406,2017-2018,baseline,4.406
2017,Tolna,barley,6.43,5.38,2017-2018,baseline,5.38
2017,Tolna,maize,8.06,7.03,2017-2018,baseline,7.03
2017,Tolna,wheat,6.51,5.7,2017-2018,baseline,5.7
2017,Vas,barley,5.04,4.358,2017-2018,baseline,4.358
2017,Vas,maize,7.0,6.764,2017-2018,baseline,6.764
2017,Vas,wheat,5.22,5.0,2017-2018,baseline,5.0
2017,Veszprém,barley,4.56,3.736,2017-2018,baseline,3.736
2017,Veszprém,maize,5.46,5.544,2017-2018,baseline,5.544
2017,Veszprém,wheat,4.55,4.26,2017-2018,baseline,4.26
2017,Zala,barley,5.39,4.826,2017-2018,baseline,4.826
2017,Zala,maize,6.67,6.512,2017-2018,baseline,6.512
2017,Zala,wheat,5.5,5.214,2017-2018,baseline,5.214
2018,Bács-Kiskun,barley,4.75,4.588,2017-2018,baseline,4.588
2018,Bács-Kiskun,maize,7.99,6.492,2017-2018,baseline,6.492
2018,Bács-Kiskun,wheat,5.05,5.032,2017-2018,baseline,5.032
2018,Baranya,barley,5.89,5.438,2017-2018,baseline,5.438
2018,Baranya,maize,9.6,7.482,2017-2018,baseline,7.482
2018,Baranya,wheat,6.09,5.994,2017-2018,baseline,5.994
2018,Békés,barley,4.46,4.538,2017-2018,baseline,4.538
2018,Békés,maize,8.36,6.838,2017-2018,baseline,6.838
2018,Békés,wheat,5.1,4.85,2017-2018,baseline,4.85
2018,Borsod-Abaúj-Zemplén,barley,4.74,4.604,2017-2018,baseline,4.604
2018,Borsod-Abaúj-Zemplén,maize,7.11,6.946,2017-2018,baseline,6.946
2018,Borsod-Abaúj-Zemplén,wheat,5.01,5.062,2017-2018,baseline,5.062
2018,Csongrád-Csanád,barley,4.66,4.298,2017-2018,baseline,4.298
2018,Csongrád-Csanád,maize,7.11,5.988,2017-2018,baseline,5.988
2018,Csongrád-Csanád,wheat,4.94,4.772,2017-2018,baseline,4.772
2018,Fejér,barley,5.48,5.438,2017-2018,baseline,5.438
2018,Fejér,maize,10.06,7.314,2017-2018,baseline,7.314
2018,Fejér,wheat,5.82,5.674,2017-2018,baseline,5.674
2018,Győr-Moson-Sopron,barley,4.53,4.674,2017-2018,baseline,4.674
2018,Győr-Moson-Sopron,maize,8.36,6.728,2017-2018,baseline,6.728
2018,Győr-Moson-Sopron,wheat,4.95,4.974,2017-2018,baseline,4.974
2018,Hajdú-Bihar,barley,4.69,4.924,2017-2018,baseline,4.924
2018,Hajdú-Bihar,maize,9.05,7.314,2017-2018,baseline,7.314
2018,Hajdú-Bihar,wheat,5.32,5.284,2017-2018,baseline,5.284
2018,Heves,barley,4.65,4.498,2017-2018,baseline,4.498
2018,Heves,maize,7.53,5.374,2017-2018,baseline,5.374
2018,Heves,wheat,4.76,4.632,2017-2018,baseline,4.632
2018,Jász-Nagykun-Szolnok,barley,4.49,4.6,2017-2018,baseline,4.6
2018,Jász-Nagykun-Szolnok,maize,5.39,5.322,2017-2018,baseline,5.322
2018,Jász-Nagykun-Szolnok,wheat,4.51,4.49,2017-2018,baseline,4.49
2018,Komárom-Esztergom,barley,4.98,4.634,2017-2018,baseline,4.634
2018,Komárom-Esztergom,maize,9.18,6.614,2017-2018,baseline,6.614
2018,Komárom-Esztergom,wheat,5.32,4.888,2017-2018,baseline,4.888
2018,Nógrád,barley,4.09,3.382,2017-2018,baseline,3.382
2018,Nógrád,maize,6.09,4.338,2017-2018,baseline,4.338
2018,Nógrád,wheat,4.86,4.204,2017-2018,baseline,4.204
2018,Pest,barley,4.38,4.502,2017-2018,baseline,4.502
2018,Pest,maize,8.39,6.218,2017-2018,baseline,6.218
2018,Pest,wheat,4.77,4.706,2017-2018,baseline,4.706
2018,Somogy,barley,4.89,5.064,2017-2018,baseline,5.064
2018,Somogy,maize,10.13,7.748,2017-2018,baseline,7.748
2018,Somogy,wheat,5.39,5.602,2017-2018,baseline,5.602
2018,Szabolcs-Szatmár-Bereg,barley,4.36,4.142,2017-2018,baseline,4.142
2018,Szabolcs-Szatmár-Bereg,maize,6.93,6.658,2017-2018,baseline,6.658
2018,Szabolcs-Szatmár-Bereg,wheat,4.85,4.818,2017-2018,baseline,4.818
2018,Tolna,barley,5.5,5.794,2017-2018,baseline,5.794
2018,Tolna,maize,9.78,7.986,2017-2018,baseline,7.986
2018,Tolna,wheat,5.88,6.108,2017-2018,baseline,6.108
2018,Vas,barley,4.2,4.626,2017-2018,baseline,4.626
2018,Vas,maize,7.91,7.102,2017-2018,baseline,7.102
2018,Vas,wheat,5.11,5.246,2017-2018,baseline,5.246
2018,Veszprém,barley,3.63,4.038,2017-2018,baseline,4.038
2018,Veszprém,maize,7.75,5.822,2017-2018,baseline,5.822
2018,Veszprém,wheat,4.58,4.53,2017-2018,baseline,4.53
2018,Zala,barley,4.76,5.03,2017-2018,baseline,5.03
2018,Zala,maize,9.59,6.938,2017-2018,baseline,6.938
2018,Zala,wheat,5.13,5.408,2017-2018,baseline,5.408
2017,Bács-Kiskun,barley,5.02,4.346,2017-2018,current_actual_weather,4.268505573272705
2017,Bács-Kiskun,maize,6.19,5.86,2017-2018,current_actual_weather,4.3184051513671875
2017,Bács-Kiskun,wheat,5.65,4.668,2017-2018,current_actual_weather,4.701333045959473
2017,Baranya,barley,6.4,5.192,2017-2018,current_actual_weather,5.2357587814331055
2017,Baranya,maize,7.26,6.82,2017-2018,current_actual_weather,5.089608669281006
2017,Baranya,wheat,6.45,5.792,2017-2018,current_actual_weather,5.081474781036377
2017,Békés,barley,5.02,4.256,2017-2018,current_actual_weather,3.887606620788574
2017,Békés,maize,5.68,6.386,2017-2018,current_actual_weather,5.594958782196045
2017,Békés,wheat,5.35,4.546,2017-2018,current_actual_weather,4.261824131011963
2017,Borsod-Abaúj-Zemplén,barley,5.53,4.228,2017-2018,current_actual_weather,4.366331100463867
2017,Borsod-Abaúj-Zemplén,maize,7.52,6.708,2017-2018,current_actual_weather,6.107787609100342
2017,Borsod-Abaúj-Zemplén,wheat,5.66,4.668,2017-2018,current_actual_weather,4.848996639251709
2017,Csongrád-Csanád,barley,4.94,4.02,2017-2018,current_actual_weather,3.6030685901641846
2017,Csongrád-Csanád,maize,5.52,5.384,2017-2018,current_actual_weather,3.6221799850463867
2017,Csongrád-Csanád,wheat,5.41,4.47,2017-2018,current_actual_weather,3.8949737548828125
2017,Fejér,barley,5.89,5.012,2017-2018,current_actual_weather,4.9442901611328125
2017,Fejér,maize,6.7,6.79,2017-2018,current_actual_weather,5.800748348236084
2017,Fejér,wheat,5.45,5.334,2017-2018,current_actual_weather,5.259699821472168
2017,Győr-Moson-Sopron,barley,4.93,4.384,2017-2018,current_actual_weather,4.008411884307861
2017,Győr-Moson-Sopron,maize,5.68,6.834,2017-2018,current_actual_weather,4.712581634521484
2017,Győr-Moson-Sopron,wheat,4.77,4.78,2017-2018,current_actual_weather,4.5152106285095215
2017,Hajdú-Bihar,barley,5.6,4.536,2017-2018,current_actual_weather,4.163697719573975
2017,Hajdú-Bihar,maize,7.93,6.766,2017-2018,current_actual_weather,5.147197246551514
2017,Hajdú-Bihar,wheat,6.06,4.888,2017-2018,current_actual_weather,4.687695503234863
2017,Heves,barley,5.34,3.932,2017-2018,current_actual_weather,3.7027153968811035
2017,Heves,maize,5.69,4.866,2017-2018,current_actual_weather,5.79226016998291
2017,Heves,wheat,5.14,4.156,2017-2018,current_actual_weather,3.940568685531616
2017,Jász-Nagykun-Szolnok,barley,5.46,4.154,2017-2018,current_actual_weather,3.2619504928588867
2017,Jász-Nagykun-Szolnok,maize,5.47,4.688,2017-2018,current_actual_weather,4.344074726104736
2017,Jász-Nagykun-Szolnok,wheat,5.19,4.102,2017-2018,current_actual_weather,3.3286378383636475
2017,Komárom-Esztergom,barley,4.91,4.318,2017-2018,current_actual_weather,3.9051337242126465
2017,Komárom-Esztergom,maize,6.04,6.284,2017-2018,current_actual_weather,6.866191387176514
2017,Komárom-Esztergom,wheat,4.78,4.628,2017-2018,current_actual_weather,4.210511684417725
2017,Nógrád,barley,3.87,2.936,2017-2018,current_actual_weather,2.933603286743164
2017,Nógrád,maize,4.88,4.356,2017-2018,current_actual_weather,5.259256362915039
2017,Nógrád,wheat,4.54,3.698,2017-2018,current_actual_weather,3.5156352519989014
2017,Pest,barley,4.9,4.084,2017-2018,current_actual_weather,3.614485263824463
2017,Pest,maize,6.16,5.708,2017-2018,current_actual_weather,6.764479160308838
2017,Pest,wheat,4.96,4.28,2017-2018,current_actual_weather,3.8422722816467285
2017,Somogy,barley,5.78,4.75,2017-2018,current_actual_weather,4.715461730957031
2017,Somogy,maize,7.93,6.8,2017-2018,current_actual_weather,5.159135818481445
2017,Somogy,wheat,5.54,5.376,2017-2018,current_actual_weather,5.271335601806641
2017,Szabolcs-Szatmár-Bereg,barley,4.5,3.798,2017-2018,current_actual_weather,4.049357891082764
2017,Szabolcs-Szatmár-Bereg,maize,7.95,5.912,2017-2018,current_actual_weather,6.699967384338379
2017,Szabolcs-Szatmár-Bereg,wheat,5.48,4.406,2017-2018,current_actual_weather,4.7338385581970215
2017,Tolna,barley,6.43,5.38,2017-2018,current_actual_weather,5.534017086029053
2017,Tolna,maize,8.06,7.03,2017-2018,current_actual_weather,5.725922107696533
2017,Tolna,wheat,6.51,5.7,2017-2018,current_actual_weather,5.798643589019775
2017,Vas,barley,5.04,4.358,2017-2018,current_actual_weather,3.924441337585449
2017,Vas,maize,7.0,6.764,2017-2018,current_actual_weather,5.492776870727539
2017,Vas,wheat,5.22,5.0,2017-2018,current_actual_weather,4.556273460388184
2017,Veszprém,barley,4.56,3.736,2017-2018,current_actual_weather,3.331589937210083
2017,Veszprém,maize,5.46,5.544,2017-2018,current_actual_weather,6.378945827484131
2017,Veszprém,wheat,4.55,4.26,2017-2018,current_actual_weather,3.7851600646972656
2017,Zala,barley,5.39,4.826,2017-2018,current_actual_weather,4.210424900054932
2017,Zala,maize,6.67,6.512,2017-2018,current_actual_weather,6.732991695404053
2017,Zala,wheat,5.5,5.214,2017-2018,current_actual_weather,4.501242637634277
2018,Bács-Kiskun,barley,4.75,4.588,2017-2018,current_actual_weather,5.104959011077881
2018,Bács-Kiskun,maize,7.99,6.492,2017-2018,current_actual_weather,4.643001556396484
2018,Bács-Kiskun,wheat,5.05,5.032,2017-2018,current_actual_weather,5.7435102462768555
2018,Baranya,barley,5.89,5.438,2017-2018,current_actual_weather,5.961883544921875
2018,Baranya,maize,9.6,7.482,2017-2018,current_actual_weather,4.81960916519165
2018,Baranya,wheat,6.09,5.994,2017-2018,current_actual_weather,6.1889262199401855
2018,Békés,barley,4.46,4.538,2017-2018,current_actual_weather,4.843493461608887
2018,Békés,maize,8.36,6.838,2017-2018,current_actual_weather,3.9893951416015625
2018,Békés,wheat,5.1,4.85,2017-2018,current_actual_weather,5.02599573135376
2018,Borsod-Abaúj-Zemplén,barley,4.74,4.604,2017-2018,current_actual_weather,4.574570178985596
2018,Borsod-Abaúj-Zemplén,maize,7.11,6.946,2017-2018,current_actual_weather,4.836604118347168
2018,Borsod-Abaúj-Zemplén,wheat,5.01,5.062,2017-2018,current_actual_weather,4.928376197814941
2018,Csongrád-Csanád,barley,4.66,4.298,2017-2018,current_actual_weather,4.854822158813477
2018,Csongrád-Csanád,maize,7.11,5.988,2017-2018,current_actual_weather,3.6607930660247803
2018,Csongrád-Csanád,wheat,4.94,4.772,2017-2018,current_actual_weather,5.2456560134887695
2018,Fejér,barley,5.48,5.438,2017-2018,current_actual_weather,6.178219318389893
2018,Fejér,maize,10.06,7.314,2017-2018,current_actual_weather,4.7806620597839355
2018,Fejér,wheat,5.82,5.674,2017-2018,current_actual_weather,6.306079387664795
2018,Győr-Moson-Sopron,barley,4.53,4.674,2017-2018,current_actual_weather,5.2017974853515625
2018,Győr-Moson-Sopron,maize,8.36,6.728,2017-2018,current_actual_weather,5.309667110443115
2018,Győr-Moson-Sopron,wheat,4.95,4.974,2017-2018,current_actual_weather,5.47534704208374
2018,Hajdú-Bihar,barley,4.69,4.924,2017-2018,current_actual_weather,5.59188985824585
2018,Hajdú-Bihar,maize,9.05,7.314,2017-2018,current_actual_weather,4.065756320953369
2018,Hajdú-Bihar,wheat,5.32,5.284,2017-2018,current_actual_weather,6.042367935180664
2018,Heves,barley,4.65,4.498,2017-2018,current_actual_weather,4.649215221405029
2018,Heves,maize,7.53,5.374,2017-2018,current_actual_weather,4.28548526763916
2018,Heves,wheat,4.76,4.632,2017-2018,current_actual_weather,4.829799175262451
2018,Jász-Nagykun-Szolnok,barley,4.49,4.6,2017-2018,current_actual_weather,4.732789039611816
2018,Jász-Nagykun-Szolnok,maize,5.39,5.322,2017-2018,current_actual_weather,3.1460657119750977
2018,Jász-Nagykun-Szolnok,wheat,4.51,4.49,2017-2018,current_actual_weather,4.728352069854736
2018,Komárom-Esztergom,barley,4.98,4.634,2017-2018,current_actual_weather,5.102067947387695
2018,Komárom-Esztergom,maize,9.18,6.614,2017-2018,current_actual_weather,6.402105331420898
2018,Komárom-Esztergom,wheat,5.32,4.888,2017-2018,current_actual_weather,5.272093772888184
2018,Nógrád,barley,4.09,3.382,2017-2018,current_actual_weather,3.661803722381592
2018,Nógrád,maize,6.09,4.338,2017-2018,current_actual_weather,4.166236400604248
2018,Nógrád,wheat,4.86,4.204,2017-2018,current_actual_weather,4.382838726043701
2018,Pest,barley,4.38,4.502,2017-2018,current_actual_weather,5.036225318908691
2018,Pest,maize,8.39,6.218,2017-2018,current_actual_weather,4.507574081420898
2018,Pest,wheat,4.77,4.706,2017-2018,current_actual_weather,5.3526411056518555
2018,Somogy,barley,4.89,5.064,2017-2018,current_actual_weather,5.244012832641602
2018,Somogy,maize,10.13,7.748,2017-2018,current_actual_weather,5.341598987579346
2018,Somogy,wheat,5.39,5.602,2017-2018,current_actual_weather,5.551066875457764
2018,Szabolcs-Szatmár-Bereg,barley,4.36,4.142,2017-2018,current_actual_weather,4.719894886016846
2018,Szabolcs-Szatmár-Bereg,maize,6.93,6.658,2017-2018,current_actual_weather,3.6890859603881836
2018,Szabolcs-Szatmár-Bereg,wheat,4.85,4.818,2017-2018,current_actual_weather,5.260239124298096
2018,Tolna,barley,5.5,5.794,2017-2018,current_actual_weather,5.597585201263428
2018,Tolna,maize,9.78,7.986,2017-2018,current_actual_weather,4.74254846572876
2018,Tolna,wheat,5.88,6.108,2017-2018,current_actual_weather,6.46344518661499
2018,Vas,barley,4.2,4.626,2017-2018,current_actual_weather,4.409809589385986
2018,Vas,maize,7.91,7.102,2017-2018,current_actual_weather,5.9893798828125
2018,Vas,wheat,5.11,5.246,2017-2018,current_actual_weather,5.076719284057617
2018,Veszprém,barley,3.63,4.038,2017-2018,current_actual_weather,3.710488796234131
2018,Veszprém,maize,7.75,5.822,2017-2018,current_actual_weather,5.615161895751953
2018,Veszprém,wheat,4.58,4.53,2017-2018,current_actual_weather,4.005829811096191
2018,Zala,barley,4.76,5.03,2017-2018,current_actual_weather,4.828393459320068
2018,Zala,maize,9.59,6.938,2017-2018,current_actual_weather,5.520256996154785
2018,Zala,wheat,5.13,5.408,2017-2018,current_actual_weather,5.0444488525390625
2017,Bács-Kiskun,barley,5.02,4.346,2017-2018,current_expected_weather,5.225831508636475
2017,Bács-Kiskun,maize,6.19,5.86,2017-2018,current_expected_weather,6.2304158210754395
2017,Bács-Kiskun,wheat,5.65,4.668,2017-2018,current_expected_weather,5.62007474899292
2017,Baranya,barley,6.4,5.192,2017-2018,current_expected_weather,5.836075305938721
2017,Baranya,maize,7.26,6.82,2017-2018,current_expected_weather,6.097442626953125
2017,Baranya,wheat,6.45,5.792,2017-2018,current_expected_weather,5.546272277832031
2017,Békés,barley,5.02,4.256,2017-2018,current_expected_weather,4.8414082527160645
2017,Békés,maize,5.68,6.386,2017-2018,current_expected_weather,5.561811447143555
2017,Békés,wheat,5.35,4.546,2017-2018,current_expected_weather,4.98847770690918
2017,Borsod-Abaúj-Zemplén,barley,5.53,4.228,2017-2018,current_expected_weather,4.839901924133301
2017,Borsod-Abaúj-Zemplén,maize,7.52,6.708,2017-2018,current_expected_weather,6.567161560058594
2017,Borsod-Abaúj-Zemplén,wheat,5.66,4.668,2017-2018,current_expected_weather,5.164714336395264
2017,Csongrád-Csanád,barley,4.94,4.02,2017-2018,current_expected_weather,4.717099189758301
2017,Csongrád-Csanád,maize,5.52,5.384,2017-2018,current_expected_weather,4.772632122039795
2017,Csongrád-Csanád,wheat,5.41,4.47,2017-2018,current_expected_weather,5.121157646179199
2017,Fejér,barley,5.89,5.012,2017-2018,current_expected_weather,6.152531623840332
2017,Fejér,maize,6.7,6.79,2017-2018,current_expected_weather,6.912888050079346
2017,Fejér,wheat,5.45,5.334,2017-2018,current_expected_weather,6.426336288452148
2017,Győr-Moson-Sopron,barley,4.93,4.384,2017-2018,current_expected_weather,4.8250322341918945
2017,Győr-Moson-Sopron,maize,5.68,6.834,2017-2018,current_expected_weather,6.959273338317871
2017,Győr-Moson-Sopron,wheat,4.77,4.78,2017-2018,current_expected_weather,5.129692077636719
2017,Hajdú-Bihar,barley,5.6,4.536,2017-2018,current_expected_weather,5.414470672607422
2017,Hajdú-Bihar,maize,7.93,6.766,2017-2018,current_expected_weather,5.186945915222168
2017,Hajdú-Bihar,wheat,6.06,4.888,2017-2018,current_expected_weather,5.890378952026367
2017,Heves,barley,5.34,3.932,2017-2018,current_expected_weather,4.322107791900635
2017,Heves,maize,5.69,4.866,2017-2018,current_expected_weather,5.36814022064209
2017,Heves,wheat,5.14,4.156,2017-2018,current_expected_weather,4.584076404571533
2017,Jász-Nagykun-Szolnok,barley,5.46,4.154,2017-2018,current_expected_weather,4.613996505737305
2017,Jász-Nagykun-Szolnok,maize,5.47,4.688,2017-2018,current_expected_weather,4.610171318054199
2017,Jász-Nagykun-Szolnok,wheat,5.19,4.102,2017-2018,current_expected_weather,4.665708065032959
2017,Komárom-Esztergom,barley,4.91,4.318,2017-2018,current_expected_weather,4.847100257873535
2017,Komárom-Esztergom,maize,6.04,6.284,2017-2018,current_expected_weather,7.151455402374268
2017,Komárom-Esztergom,wheat,4.78,4.628,2017-2018,current_expected_weather,5.142501354217529
2017,Nógrád,barley,3.87,2.936,2017-2018,current_expected_weather,3.2724711894989014
2017,Nógrád,maize,4.88,4.356,2017-2018,current_expected_weather,4.906418323516846
2017,Nógrád,wheat,4.54,3.698,2017-2018,current_expected_weather,3.8247194290161133
2017,Pest,barley,4.9,4.084,2017-2018,current_expected_weather,4.842965602874756
2017,Pest,maize,6.16,5.708,2017-2018,current_expected_weather,6.178159713745117
2017,Pest,wheat,4.96,4.28,2017-2018,current_expected_weather,5.1603193283081055
2017,Somogy,barley,5.78,4.75,2017-2018,current_expected_weather,5.6764817237854
2017,Somogy,maize,7.93,6.8,2017-2018,current_expected_weather,5.918903827667236
2017,Somogy,wheat,5.54,5.376,2017-2018,current_expected_weather,6.114797592163086
2017,Szabolcs-Szatmár-Bereg,barley,4.5,3.798,2017-2018,current_expected_weather,4.635472297668457
2017,Szabolcs-Szatmár-Bereg,maize,7.95,5.912,2017-2018,current_expected_weather,5.105587005615234
2017,Szabolcs-Szatmár-Bereg,wheat,5.48,4.406,2017-2018,current_expected_weather,5.337387561798096
2017,Tolna,barley,6.43,5.38,2017-2018,current_expected_weather,6.058326244354248
2017,Tolna,maize,8.06,7.03,2017-2018,current_expected_weather,6.550908088684082
2017,Tolna,wheat,6.51,5.7,2017-2018,current_expected_weather,6.235171318054199
2017,Vas,barley,5.04,4.358,2017-2018,current_expected_weather,5.009698390960693
2017,Vas,maize,7.0,6.764,2017-2018,current_expected_weather,7.015949726104736
2017,Vas,wheat,5.22,5.0,2017-2018,current_expected_weather,5.505774974822998
2017,Veszprém,barley,4.56,3.736,2017-2018,current_expected_weather,4.232997417449951
2017,Veszprém,maize,5.46,5.544,2017-2018,current_expected_weather,6.495471954345703
2017,Veszprém,wheat,4.55,4.26,2017-2018,current_expected_weather,4.815568923950195
2017,Zala,barley,5.39,4.826,2017-2018,current_expected_weather,5.202822208404541
2017,Zala,maize,6.67,6.512,2017-2018,current_expected_weather,7.6345648765563965
2017,Zala,wheat,5.5,5.214,2017-2018,current_expected_weather,5.365955829620361
2018,Bács-Kiskun,barley,4.75,4.588,2017-2018,current_expected_weather,5.245701313018799
2018,Bács-Kiskun,maize,7.99,6.492,2017-2018,current_expected_weather,6.1031270027160645
2018,Bács-Kiskun,wheat,5.05,5.032,2017-2018,current_expected_weather,5.862357139587402
2018,Baranya,barley,5.89,5.438,2017-2018,current_expected_weather,5.995992660522461
2018,Baranya,maize,9.6,7.482,2017-2018,current_expected_weather,6.398687362670898
2018,Baranya,wheat,6.09,5.994,2017-2018,current_expected_weather,6.252530097961426
2018,Békés,barley,4.46,4.538,2017-2018,current_expected_weather,4.904824733734131
2018,Békés,maize,8.36,6.838,2017-2018,current_expected_weather,4.364198684692383
2018,Békés,wheat,5.1,4.85,2017-2018,current_expected_weather,5.145880699157715
2018,Borsod-Abaúj-Zemplén,barley,4.74,4.604,2017-2018,current_expected_weather,4.627434253692627
2018,Borsod-Abaúj-Zemplén,maize,7.11,6.946,2017-2018,current_expected_weather,5.843259334564209
2018,Borsod-Abaúj-Zemplén,wheat,5.01,5.062,2017-2018,current_expected_weather,4.981240272521973
2018,Csongrád-Csanád,barley,4.66,4.298,2017-2018,current_expected_weather,5.002852916717529
2018,Csongrád-Csanád,maize,7.11,5.988,2017-2018,current_expected_weather,5.014620304107666
2018,Csongrád-Csanád,wheat,4.94,4.772,2017-2018,current_expected_weather,5.459016799926758
2018,Fejér,barley,5.48,5.438,2017-2018,current_expected_weather,6.282250881195068
2018,Fejér,maize,10.06,7.314,2017-2018,current_expected_weather,5.688688278198242
2018,Fejér,wheat,5.82,5.674,2017-2018,current_expected_weather,6.498195171356201
2018,Győr-Moson-Sopron,barley,4.53,4.674,2017-2018,current_expected_weather,5.088776111602783
2018,Győr-Moson-Sopron,maize,8.36,6.728,2017-2018,current_expected_weather,7.009986400604248
2018,Győr-Moson-Sopron,wheat,4.95,4.974,2017-2018,current_expected_weather,5.388988971710205
2018,Hajdú-Bihar,barley,4.69,4.924,2017-2018,current_expected_weather,5.616311073303223
2018,Hajdú-Bihar,maize,9.05,7.314,2017-2018,current_expected_weather,4.9219584465026855
2018,Hajdú-Bihar,wheat,5.32,5.284,2017-2018,current_expected_weather,6.103241920471191
2018,Heves,barley,4.65,4.498,2017-2018,current_expected_weather,4.625571250915527
2018,Heves,maize,7.53,5.374,2017-2018,current_expected_weather,5.642865180969238
2018,Heves,wheat,4.76,4.632,2017-2018,current_expected_weather,4.806155681610107
2018,Jász-Nagykun-Szolnok,barley,4.49,4.6,2017-2018,current_expected_weather,4.957171440124512
2018,Jász-Nagykun-Szolnok,maize,5.39,5.322,2017-2018,current_expected_weather,4.428149223327637
2018,Jász-Nagykun-Szolnok,wheat,4.51,4.49,2017-2018,current_expected_weather,4.983941078186035
2018,Komárom-Esztergom,barley,4.98,4.634,2017-2018,current_expected_weather,5.004333019256592
2018,Komárom-Esztergom,maize,9.18,6.614,2017-2018,current_expected_weather,7.567709445953369
2018,Komárom-Esztergom,wheat,5.32,4.888,2017-2018,current_expected_weather,5.219471454620361
2018,Nógrád,barley,4.09,3.382,2017-2018,current_expected_weather,3.6013448238372803
2018,Nógrád,maize,6.09,4.338,2017-2018,current_expected_weather,5.096371173858643
2018,Nógrád,wheat,4.86,4.204,2017-2018,current_expected_weather,4.29531717300415
2018,Pest,barley,4.38,4.502,2017-2018,current_expected_weather,5.232948303222656
2018,Pest,maize,8.39,6.218,2017-2018,current_expected_weather,6.670954704284668
2018,Pest,wheat,4.77,4.706,2017-2018,current_expected_weather,5.584206581115723
2018,Somogy,barley,4.89,5.064,2017-2018,current_expected_weather,5.860279560089111
2018,Somogy,maize,10.13,7.748,2017-2018,current_expected_weather,5.377045631408691
2018,Somogy,wheat,5.39,5.602,2017-2018,current_expected_weather,6.148820400238037
2018,Szabolcs-Szatmár-Bereg,barley,4.36,4.142,2017-2018,current_expected_weather,4.60422420501709
2018,Szabolcs-Szatmár-Bereg,maize,6.93,6.658,2017-2018,current_expected_weather,5.675810813903809
2018,Szabolcs-Szatmár-Bereg,wheat,4.85,4.818,2017-2018,current_expected_weather,5.163017749786377
2018,Tolna,barley,5.5,5.794,2017-2018,current_expected_weather,5.595698356628418
2018,Tolna,maize,9.78,7.986,2017-2018,current_expected_weather,6.5970869064331055
2018,Tolna,wheat,5.88,6.108,2017-2018,current_expected_weather,6.500779151916504
2018,Vas,barley,4.2,4.626,2017-2018,current_expected_weather,5.277724742889404
2018,Vas,maize,7.91,7.102,2017-2018,current_expected_weather,6.915467262268066
2018,Vas,wheat,5.11,5.246,2017-2018,current_expected_weather,5.692502021789551
2018,Veszprém,barley,3.63,4.038,2017-2018,current_expected_weather,4.594474792480469
2018,Veszprém,maize,7.75,5.822,2017-2018,current_expected_weather,5.05436372756958
2018,Veszprém,wheat,4.58,4.53,2017-2018,current_expected_weather,4.874186992645264
2018,Zala,barley,4.76,5.03,2017-2018,current_expected_weather,5.390802383422852
2018,Zala,maize,9.59,6.938,2017-2018,current_expected_weather,5.703550815582275
2018,Zala,wheat,5.13,5.408,2017-2018,current_expected_weather,5.545180320739746
2017,Bács-Kiskun,barley,5.02,4.346,2017-2018,current_historical_median,4.5662970542907715
2017,Bács-Kiskun,maize,6.19,5.86,2017-2018,current_historical_median,5.460175037384033
2017,Bács-Kiskun,wheat,5.65,4.668,2017-2018,current_historical_median,4.986698627471924
2017,Baranya,barley,6.4,5.192,2017-2018,current_historical_median,5.301832675933838
2017,Baranya,maize,7.26,6.82,2017-2018,current_historical_median,7.038448810577393
2017,Baranya,wheat,6.45,5.792,2017-2018,current_historical_median,5.1186676025390625
2017,Békés,barley,5.02,4.256,2017-2018,current_historical_median,4.166377067565918
2017,Békés,maize,5.68,6.386,2017-2018,current_historical_median,6.708892822265625
2017,Békés,wheat,5.35,4.546,2017-2018,current_historical_median,4.350630283355713
2017,Borsod-Abaúj-Zemplén,barley,5.53,4.228,2017-2018,current_historical_median,4.235828876495361
2017,Borsod-Abaúj-Zemplén,maize,7.52,6.708,2017-2018,current_historical_median,5.861101150512695
2017,Borsod-Abaúj-Zemplén,wheat,5.66,4.668,2017-2018,current_historical_median,4.732231616973877
2017,Csongrád-Csanád,barley,4.94,4.02,2017-2018,current_historical_median,4.125757694244385
2017,Csongrád-Csanád,maize,5.52,5.384,2017-2018,current_historical_median,5.6464667320251465
2017,Csongrád-Csanád,wheat,5.41,4.47,2017-2018,current_historical_median,4.509007930755615
2017,Fejér,barley,5.89,5.012,2017-2018,current_historical_median,5.430489540100098
2017,Fejér,maize,6.7,6.79,2017-2018,current_historical_median,6.611431121826172
2017,Fejér,wheat,5.45,5.334,2017-2018,current_historical_median,5.764246463775635
2017,Győr-Moson-Sopron,barley,4.93,4.384,2017-2018,current_historical_median,4.4098005294799805
2017,Győr-Moson-Sopron,maize,5.68,6.834,2017-2018,current_historical_median,6.423189163208008
2017,Győr-Moson-Sopron,wheat,4.77,4.78,2017-2018,current_historical_median,4.741768836975098
2017,Hajdú-Bihar,barley,5.6,4.536,2017-2018,current_historical_median,4.405826091766357
2017,Hajdú-Bihar,maize,7.93,6.766,2017-2018,current_historical_median,6.828299522399902
2017,Hajdú-Bihar,wheat,6.06,4.888,2017-2018,current_historical_median,4.928501605987549
2017,Heves,barley,5.34,3.932,2017-2018,current_historical_median,3.8664326667785645
2017,Heves,maize,5.69,4.866,2017-2018,current_historical_median,5.589972019195557
2017,Heves,wheat,5.14,4.156,2017-2018,current_historical_median,4.19379186630249
2017,Jász-Nagykun-Szolnok,barley,5.46,4.154,2017-2018,current_historical_median,3.9817192554473877
2017,Jász-Nagykun-Szolnok,maize,5.47,4.688,2017-2018,current_historical_median,5.02664852142334
2017,Jász-Nagykun-Szolnok,wheat,5.19,4.102,2017-2018,current_historical_median,4.057893753051758
2017,Komárom-Esztergom,barley,4.91,4.318,2017-2018,current_historical_median,4.448800563812256
2017,Komárom-Esztergom,maize,6.04,6.284,2017-2018,current_historical_median,6.7435302734375
2017,Komárom-Esztergom,wheat,4.78,4.628,2017-2018,current_historical_median,4.758679389953613
2017,Nógrád,barley,3.87,2.936,2017-2018,current_historical_median,3.1387035846710205
2017,Nógrád,maize,4.88,4.356,2017-2018,current_historical_median,4.4341535568237305
2017,Nógrád,wheat,4.54,3.698,2017-2018,current_historical_median,3.7842936515808105
2017,Pest,barley,4.9,4.084,2017-2018,current_historical_median,4.313138484954834
2017,Pest,maize,6.16,5.708,2017-2018,current_historical_median,6.181267261505127
2017,Pest,wheat,4.96,4.28,2017-2018,current_historical_median,4.63883638381958
2017,Somogy,barley,5.78,4.75,2017-2018,current_historical_median,5.018167495727539
2017,Somogy,maize,7.93,6.8,2017-2018,current_historical_median,6.161491394042969
2017,Somogy,wheat,5.54,5.376,2017-2018,current_historical_median,5.606751918792725
2017,Szabolcs-Szatmár-Bereg,barley,4.5,3.798,2017-2018,current_historical_median,3.7948520183563232
2017,Szabolcs-Szatmár-Bereg,maize,7.95,5.912,2017-2018,current_historical_median,6.034618854522705
2017,Szabolcs-Szatmár-Bereg,wheat,5.48,4.406,2017-2018,current_historical_median,4.403436183929443
2017,Tolna,barley,6.43,5.38,2017-2018,current_historical_median,5.663919925689697
2017,Tolna,maize,8.06,7.03,2017-2018,current_historical_median,6.767856121063232
2017,Tolna,wheat,6.51,5.7,2017-2018,current_historical_median,5.85977840423584
2017,Vas,barley,5.04,4.358,2017-2018,current_historical_median,4.481489658355713
2017,Vas,maize,7.0,6.764,2017-2018,current_historical_median,6.35800313949585
2017,Vas,wheat,5.22,5.0,2017-2018,current_historical_median,5.065976142883301
2017,Veszprém,barley,4.56,3.736,2017-2018,current_historical_median,3.6919524669647217
2017,Veszprém,maize,5.46,5.544,2017-2018,current_historical_median,6.054262638092041
2017,Veszprém,wheat,4.55,4.26,2017-2018,current_historical_median,4.368035316467285
2017,Zala,barley,5.39,4.826,2017-2018,current_historical_median,4.6957011222839355
2017,Zala,maize,6.67,6.512,2017-2018,current_historical_median,7.101369857788086
2017,Zala,wheat,5.5,5.214,2017-2018,current_historical_median,4.950435161590576
2018,Bács-Kiskun,barley,4.75,4.588,2017-2018,current_historical_median,4.78701639175415
2018,Bács-Kiskun,maize,7.99,6.492,2017-2018,current_historical_median,6.674034595489502
2018,Bács-Kiskun,wheat,5.05,5.032,2017-2018,current_historical_median,5.386030673980713
2018,Baranya,barley,5.89,5.438,2017-2018,current_historical_median,5.513781547546387
2018,Baranya,maize,9.6,7.482,2017-2018,current_historical_median,7.117354393005371
2018,Baranya,wheat,6.09,5.994,2017-2018,current_historical_median,5.843964576721191
2018,Békés,barley,4.46,4.538,2017-2018,current_historical_median,4.267488956451416
2018,Békés,maize,8.36,6.838,2017-2018,current_historical_median,5.965818405151367
2018,Békés,wheat,5.1,4.85,2017-2018,current_historical_median,4.523006916046143
2018,Borsod-Abaúj-Zemplén,barley,4.74,4.604,2017-2018,current_historical_median,4.519537448883057
2018,Borsod-Abaúj-Zemplén,maize,7.11,6.946,2017-2018,current_historical_median,5.69596004486084
2018,Borsod-Abaúj-Zemplén,wheat,5.01,5.062,2017-2018,current_historical_median,4.940973281860352
2018,Csongrád-Csanád,barley,4.66,4.298,2017-2018,current_historical_median,4.370909214019775
2018,Csongrád-Csanád,maize,7.11,5.988,2017-2018,current_historical_median,6.325822830200195
2018,Csongrád-Csanád,wheat,4.94,4.772,2017-2018,current_historical_median,4.810136318206787
2018,Fejér,barley,5.48,5.438,2017-2018,current_historical_median,5.678873062133789
2018,Fejér,maize,10.06,7.314,2017-2018,current_historical_median,6.727388381958008
2018,Fejér,wheat,5.82,5.674,2017-2018,current_historical_median,5.920783042907715
2018,Győr-Moson-Sopron,barley,4.53,4.674,2017-2018,current_historical_median,4.691366672515869
2018,Győr-Moson-Sopron,maize,8.36,6.728,2017-2018,current_historical_median,6.601306915283203
2018,Győr-Moson-Sopron,wheat,4.95,4.974,2017-2018,current_historical_median,5.013003349304199
2018,Hajdú-Bihar,barley,4.69,4.924,2017-2018,current_historical_median,4.838404178619385
2018,Hajdú-Bihar,maize,9.05,7.314,2017-2018,current_historical_median,6.757747650146484
2018,Hajdú-Bihar,wheat,5.32,5.284,2017-2018,current_historical_median,5.397514820098877
2018,Heves,barley,4.65,4.498,2017-2018,current_historical_median,4.234481334686279
2018,Heves,maize,7.53,5.374,2017-2018,current_historical_median,6.055408954620361
2018,Heves,wheat,4.76,4.632,2017-2018,current_historical_median,4.454433917999268
2018,Jász-Nagykun-Szolnok,barley,4.49,4.6,2017-2018,current_historical_median,4.256420135498047
2018,Jász-Nagykun-Szolnok,maize,5.39,5.322,2017-2018,current_historical_median,5.748549938201904
2018,Jász-Nagykun-Szolnok,wheat,4.51,4.49,2017-2018,current_historical_median,4.192540645599365
2018,Komárom-Esztergom,barley,4.98,4.634,2017-2018,current_historical_median,4.675992965698242
2018,Komárom-Esztergom,maize,9.18,6.614,2017-2018,current_historical_median,7.291032791137695
2018,Komárom-Esztergom,wheat,5.32,4.888,2017-2018,current_historical_median,4.929385662078857
2018,Nógrád,barley,4.09,3.382,2017-2018,current_historical_median,3.4220058917999268
2018,Nógrád,maize,6.09,4.338,2017-2018,current_historical_median,4.431571960449219
2018,Nógrád,wheat,4.86,4.204,2017-2018,current_historical_median,4.230858325958252
2018,Pest,barley,4.38,4.502,2017-2018,current_historical_median,4.59909725189209
2018,Pest,maize,8.39,6.218,2017-2018,current_historical_median,6.82171630859375
2018,Pest,wheat,4.77,4.706,2017-2018,current_historical_median,5.010663032531738
2018,Somogy,barley,4.89,5.064,2017-2018,current_historical_median,5.256830215454102
2018,Somogy,maize,10.13,7.748,2017-2018,current_historical_median,6.184996604919434
2018,Somogy,wheat,5.39,5.602,2017-2018,current_historical_median,5.659799098968506
2018,Szabolcs-Szatmár-Bereg,barley,4.36,4.142,2017-2018,current_historical_median,4.144784927368164
2018,Szabolcs-Szatmár-Bereg,maize,6.93,6.658,2017-2018,current_historical_median,5.832526683807373
2018,Szabolcs-Szatmár-Bereg,wheat,4.85,4.818,2017-2018,current_historical_median,4.852678298950195
2018,Tolna,barley,5.5,5.794,2017-2018,current_historical_median,5.178380966186523
2018,Tolna,maize,9.78,7.986,2017-2018,current_historical_median,6.883297920227051
2018,Tolna,wheat,5.88,6.108,2017-2018,current_historical_median,6.067300319671631
2018,Vas,barley,4.2,4.626,2017-2018,current_historical_median,4.65036678314209
2018,Vas,maize,7.91,7.102,2017-2018,current_historical_median,6.18471097946167
2018,Vas,wheat,5.11,5.246,2017-2018,current_historical_median,5.211148262023926
2018,Veszprém,barley,3.63,4.038,2017-2018,current_historical_median,4.0309929847717285
2018,Veszprém,maize,7.75,5.822,2017-2018,current_historical_median,5.686097145080566
2018,Veszprém,wheat,4.58,4.53,2017-2018,current_historical_median,4.4358320236206055
2018,Zala,barley,4.76,5.03,2017-2018,current_historical_median,4.899666786193848
2018,Zala,maize,9.59,6.938,2017-2018,current_historical_median,5.935641765594482
2018,Zala,wheat,5.13,5.408,2017-2018,current_historical_median,5.135228157043457
2017,Bács-Kiskun,barley,5.02,4.346,2017-2018,v2_actual_weather,4.620416164398193
2017,Bács-Kiskun,maize,6.19,5.86,2017-2018,v2_actual_weather,4.813966751098633
2017,Bács-Kiskun,wheat,5.65,4.668,2017-2018,v2_actual_weather,5.077247619628906
2017,Baranya,barley,6.4,5.192,2017-2018,v2_actual_weather,5.653606414794922
2017,Baranya,maize,7.26,6.82,2017-2018,v2_actual_weather,5.665677070617676
2017,Baranya,wheat,6.45,5.792,2017-2018,v2_actual_weather,5.8746514320373535
2017,Békés,barley,5.02,4.256,2017-2018,v2_actual_weather,4.007580757141113
2017,Békés,maize,5.68,6.386,2017-2018,v2_actual_weather,5.064373970031738
2017,Békés,wheat,5.35,4.546,2017-2018,v2_actual_weather,4.060322284698486
2017,Borsod-Abaúj-Zemplén,barley,5.53,4.228,2017-2018,v2_actual_weather,4.352370262145996
2017,Borsod-Abaúj-Zemplén,maize,7.52,6.708,2017-2018,v2_actual_weather,6.409618854522705
2017,Borsod-Abaúj-Zemplén,wheat,5.66,4.668,2017-2018,v2_actual_weather,4.890059471130371
2017,Csongrád-Csanád,barley,4.94,4.02,2017-2018,v2_actual_weather,3.8865482807159424
2017,Csongrád-Csanád,maize,5.52,5.384,2017-2018,v2_actual_weather,3.6810226440429688
2017,Csongrád-Csanád,wheat,5.41,4.47,2017-2018,v2_actual_weather,4.047292232513428
2017,Fejér,barley,5.89,5.012,2017-2018,v2_actual_weather,5.138030052185059
2017,Fejér,maize,6.7,6.79,2017-2018,v2_actual_weather,6.553172588348389
2017,Fejér,wheat,5.45,5.334,2017-2018,v2_actual_weather,5.303380489349365
2017,Győr-Moson-Sopron,barley,4.93,4.384,2017-2018,v2_actual_weather,4.161812782287598
2017,Győr-Moson-Sopron,maize,5.68,6.834,2017-2018,v2_actual_weather,5.580933094024658
2017,Győr-Moson-Sopron,wheat,4.77,4.78,2017-2018,v2_actual_weather,4.610942363739014
2017,Hajdú-Bihar,barley,5.6,4.536,2017-2018,v2_actual_weather,4.329992771148682
2017,Hajdú-Bihar,maize,7.93,6.766,2017-2018,v2_actual_weather,5.723097801208496
2017,Hajdú-Bihar,wheat,6.06,4.888,2017-2018,v2_actual_weather,5.020895957946777
2017,Heves,barley,5.34,3.932,2017-2018,v2_actual_weather,4.032732009887695
2017,Heves,maize,5.69,4.866,2017-2018,v2_actual_weather,6.016046524047852
2017,Heves,wheat,5.14,4.156,2017-2018,v2_actual_weather,4.176007270812988
2017,Jász-Nagykun-Szolnok,barley,5.46,4.154,2017-2018,v2_actual_weather,3.630587100982666
2017,Jász-Nagykun-Szolnok,maize,5.47,4.688,2017-2018,v2_actual_weather,4.4747467041015625
2017,Jász-Nagykun-Szolnok,wheat,5.19,4.102,2017-2018,v2_actual_weather,3.6849400997161865
2017,Komárom-Esztergom,barley,4.91,4.318,2017-2018,v2_actual_weather,4.24157190322876
2017,Komárom-Esztergom,maize,6.04,6.284,2017-2018,v2_actual_weather,7.4007368087768555
2017,Komárom-Esztergom,wheat,4.78,4.628,2017-2018,v2_actual_weather,4.504394054412842
2017,Nógrád,barley,3.87,2.936,2017-2018,v2_actual_weather,3.1266074180603027
2017,Nógrád,maize,4.88,4.356,2017-2018,v2_actual_weather,5.505187034606934
2017,Nógrád,wheat,4.54,3.698,2017-2018,v2_actual_weather,3.708252429962158
2017,Pest,barley,4.9,4.084,2017-2018,v2_actual_weather,4.107227802276611
2017,Pest,maize,6.16,5.708,2017-2018,v2_actual_weather,6.558188438415527
2017,Pest,wheat,4.96,4.28,2017-2018,v2_actual_weather,4.276111602783203
2017,Somogy,barley,5.78,4.75,2017-2018,v2_actual_weather,5.11112642288208
2017,Somogy,maize,7.93,6.8,2017-2018,v2_actual_weather,6.297097206115723
2017,Somogy,wheat,5.54,5.376,2017-2018,v2_actual_weather,5.677120685577393
2017,Szabolcs-Szatmár-Bereg,barley,4.5,3.798,2017-2018,v2_actual_weather,4.071570873260498
2017,Szabolcs-Szatmár-Bereg,maize,7.95,5.912,2017-2018,v2_actual_weather,6.519197463989258
2017,Szabolcs-Szatmár-Bereg,wheat,5.48,4.406,2017-2018,v2_actual_weather,4.608693599700928
2017,Tolna,barley,6.43,5.38,2017-2018,v2_actual_weather,5.8441009521484375
2017,Tolna,maize,8.06,7.03,2017-2018,v2_actual_weather,6.253480434417725
2017,Tolna,wheat,6.51,5.7,2017-2018,v2_actual_weather,6.002162933349609
2017,Vas,barley,5.04,4.358,2017-2018,v2_actual_weather,4.361917018890381
2017,Vas,maize,7.0,6.764,2017-2018,v2_actual_weather,6.792752265930176
2017,Vas,wheat,5.22,5.0,2017-2018,v2_actual_weather,5.339261531829834
2017,Veszprém,barley,4.56,3.736,2017-2018,v2_actual_weather,3.7946155071258545
2017,Veszprém,maize,5.46,5.544,2017-2018,v2_actual_weather,6.72786283493042
2017,Veszprém,wheat,4.55,4.26,2017-2018,v2_actual_weather,4.307403087615967
2017,Zala,barley,5.39,4.826,2017-2018,v2_actual_weather,4.831284046173096
2017,Zala,maize,6.67,6.512,2017-2018,v2_actual_weather,7.098799705505371
2017,Zala,wheat,5.5,5.214,2017-2018,v2_actual_weather,5.296119213104248
2018,Bács-Kiskun,barley,4.75,4.588,2017-2018,v2_actual_weather,5.275739669799805
2018,Bács-Kiskun,maize,7.99,6.492,2017-2018,v2_actual_weather,5.1998395919799805
2018,Bács-Kiskun,wheat,5.05,5.032,2017-2018,v2_actual_weather,6.087838649749756
2018,Baranya,barley,5.89,5.438,2017-2018,v2_actual_weather,6.055801868438721
2018,Baranya,maize,9.6,7.482,2017-2018,v2_actual_weather,5.782157897949219
2018,Baranya,wheat,6.09,5.994,2017-2018,v2_actual_weather,6.468014240264893
2018,Békés,barley,4.46,4.538,2017-2018,v2_actual_weather,4.956602096557617
2018,Békés,maize,8.36,6.838,2017-2018,v2_actual_weather,4.399847030639648
2018,Békés,wheat,5.1,4.85,2017-2018,v2_actual_weather,5.429259777069092
2018,Borsod-Abaúj-Zemplén,barley,4.74,4.604,2017-2018,v2_actual_weather,4.6129045486450195
2018,Borsod-Abaúj-Zemplén,maize,7.11,6.946,2017-2018,v2_actual_weather,5.26466178894043
2018,Borsod-Abaúj-Zemplén,wheat,5.01,5.062,2017-2018,v2_actual_weather,5.368585109710693
2018,Csongrád-Csanád,barley,4.66,4.298,2017-2018,v2_actual_weather,4.9941840171813965
2018,Csongrád-Csanád,maize,7.11,5.988,2017-2018,v2_actual_weather,4.234816074371338
2018,Csongrád-Csanád,wheat,4.94,4.772,2017-2018,v2_actual_weather,5.535950660705566
2018,Fejér,barley,5.48,5.438,2017-2018,v2_actual_weather,6.1920857429504395
2018,Fejér,maize,10.06,7.314,2017-2018,v2_actual_weather,5.867403984069824
2018,Fejér,wheat,5.82,5.674,2017-2018,v2_actual_weather,6.358081340789795
2018,Győr-Moson-Sopron,barley,4.53,4.674,2017-2018,v2_actual_weather,5.186014652252197
2018,Győr-Moson-Sopron,maize,8.36,6.728,2017-2018,v2_actual_weather,5.7275919914245605
2018,Győr-Moson-Sopron,wheat,4.95,4.974,2017-2018,v2_actual_weather,5.711390972137451
2018,Hajdú-Bihar,barley,4.69,4.924,2017-2018,v2_actual_weather,5.912502765655518
2018,Hajdú-Bihar,maize,9.05,7.314,2017-2018,v2_actual_weather,4.465729236602783
2018,Hajdú-Bihar,wheat,5.32,5.284,2017-2018,v2_actual_weather,6.118579387664795
2018,Heves,barley,4.65,4.498,2017-2018,v2_actual_weather,4.560553073883057
2018,Heves,maize,7.53,5.374,2017-2018,v2_actual_weather,4.362958908081055
2018,Heves,wheat,4.76,4.632,2017-2018,v2_actual_weather,4.736422538757324
2018,Jász-Nagykun-Szolnok,barley,4.49,4.6,2017-2018,v2_actual_weather,5.074793338775635
2018,Jász-Nagykun-Szolnok,maize,5.39,5.322,2017-2018,v2_actual_weather,3.599475860595703
2018,Jász-Nagykun-Szolnok,wheat,4.51,4.49,2017-2018,v2_actual_weather,4.917652130126953
2018,Komárom-Esztergom,barley,4.98,4.634,2017-2018,v2_actual_weather,4.954885482788086
2018,Komárom-Esztergom,maize,9.18,6.614,2017-2018,v2_actual_weather,6.697673320770264
2018,Komárom-Esztergom,wheat,5.32,4.888,2017-2018,v2_actual_weather,5.562966823577881
2018,Nógrád,barley,4.09,3.382,2017-2018,v2_actual_weather,3.767106771469116
2018,Nógrád,maize,6.09,4.338,2017-2018,v2_actual_weather,4.37990140914917
2018,Nógrád,wheat,4.86,4.204,2017-2018,v2_actual_weather,4.415897369384766
2018,Pest,barley,4.38,4.502,2017-2018,v2_actual_weather,4.897267818450928
2018,Pest,maize,8.39,6.218,2017-2018,v2_actual_weather,4.982717037200928
2018,Pest,wheat,4.77,4.706,2017-2018,v2_actual_weather,5.289920806884766
2018,Somogy,barley,4.89,5.064,2017-2018,v2_actual_weather,5.438060760498047
2018,Somogy,maize,10.13,7.748,2017-2018,v2_actual_weather,5.816950798034668
2018,Somogy,wheat,5.39,5.602,2017-2018,v2_actual_weather,5.54887056350708
2018,Szabolcs-Szatmár-Bereg,barley,4.36,4.142,2017-2018,v2_actual_weather,4.579990863800049
2018,Szabolcs-Szatmár-Bereg,maize,6.93,6.658,2017-2018,v2_actual_weather,4.154767990112305
2018,Szabolcs-Szatmár-Bereg,wheat,4.85,4.818,2017-2018,v2_actual_weather,5.255796909332275
2018,Tolna,barley,5.5,5.794,2017-2018,v2_actual_weather,6.28305721282959
2018,Tolna,maize,9.78,7.986,2017-2018,v2_actual_weather,5.7621541023254395
2018,Tolna,wheat,5.88,6.108,2017-2018,v2_actual_weather,6.596545219421387
2018,Vas,barley,4.2,4.626,2017-2018,v2_actual_weather,4.3396830558776855
2018,Vas,maize,7.91,7.102,2017-2018,v2_actual_weather,6.771227836608887
2018,Vas,wheat,5.11,5.246,2017-2018,v2_actual_weather,5.1658034324646
2018,Veszprém,barley,3.63,4.038,2017-2018,v2_actual_weather,3.8064608573913574
2018,Veszprém,maize,7.75,5.822,2017-2018,v2_actual_weather,6.4923577308654785
2018,Veszprém,wheat,4.58,4.53,2017-2018,v2_actual_weather,4.03285026550293
2018,Zala,barley,4.76,5.03,2017-2018,v2_actual_weather,5.045283794403076
2018,Zala,maize,9.59,6.938,2017-2018,v2_actual_weather,6.670250415802002
2018,Zala,wheat,5.13,5.408,2017-2018,v2_actual_weather,5.178008556365967
2017,Bács-Kiskun,barley,5.02,4.346,2017-2018,v2_expected_weather,5.0408148765563965
2017,Bács-Kiskun,maize,6.19,5.86,2017-2018,v2_expected_weather,6.318206310272217
2017,Bács-Kiskun,wheat,5.65,4.668,2017-2018,v2_expected_weather,5.505579948425293
2017,Baranya,barley,6.4,5.192,2017-2018,v2_expected_weather,5.960387706756592
2017,Baranya,maize,7.26,6.82,2017-2018,v2_expected_weather,6.967650413513184
2017,Baranya,wheat,6.45,5.792,2017-2018,v2_expected_weather,6.16745138168335
2017,Békés,barley,5.02,4.256,2017-2018,v2_expected_weather,4.904242515563965
2017,Békés,maize,5.68,6.386,2017-2018,v2_expected_weather,5.389780521392822
2017,Békés,wheat,5.35,4.546,2017-2018,v2_expected_weather,4.982715606689453
2017,Borsod-Abaúj-Zemplén,barley,5.53,4.228,2017-2018,v2_expected_weather,4.6112871170043945
2017,Borsod-Abaúj-Zemplén,maize,7.52,6.708,2017-2018,v2_expected_weather,6.771393775939941
2017,Borsod-Abaúj-Zemplén,wheat,5.66,4.668,2017-2018,v2_expected_weather,5.08206844329834
2017,Csongrád-Csanád,barley,4.94,4.02,2017-2018,v2_expected_weather,4.842573642730713
2017,Csongrád-Csanád,maize,5.52,5.384,2017-2018,v2_expected_weather,4.753268241882324
2017,Csongrád-Csanád,wheat,5.41,4.47,2017-2018,v2_expected_weather,5.052293300628662
2017,Fejér,barley,5.89,5.012,2017-2018,v2_expected_weather,6.092962265014648
2017,Fejér,maize,6.7,6.79,2017-2018,v2_expected_weather,6.9833879470825195
2017,Fejér,wheat,5.45,5.334,2017-2018,v2_expected_weather,6.203772068023682
2017,Győr-Moson-Sopron,barley,4.93,4.384,2017-2018,v2_expected_weather,4.757968425750732
2017,Győr-Moson-Sopron,maize,5.68,6.834,2017-2018,v2_expected_weather,7.385711669921875
2017,Győr-Moson-Sopron,wheat,4.77,4.78,2017-2018,v2_expected_weather,5.253312110900879
2017,Hajdú-Bihar,barley,5.6,4.536,2017-2018,v2_expected_weather,5.074859619140625
2017,Hajdú-Bihar,maize,7.93,6.766,2017-2018,v2_expected_weather,5.878196716308594
2017,Hajdú-Bihar,wheat,6.06,4.888,2017-2018,v2_expected_weather,5.8494462966918945
2017,Heves,barley,5.34,3.932,2017-2018,v2_expected_weather,4.336379051208496
2017,Heves,maize,5.69,4.866,2017-2018,v2_expected_weather,5.664373397827148
2017,Heves,wheat,5.14,4.156,2017-2018,v2_expected_weather,4.434667110443115
2017,Jász-Nagykun-Szolnok,barley,5.46,4.154,2017-2018,v2_expected_weather,4.676762104034424
2017,Jász-Nagykun-Szolnok,maize,5.47,4.688,2017-2018,v2_expected_weather,4.825706481933594
2017,Jász-Nagykun-Szolnok,wheat,5.19,4.102,2017-2018,v2_expected_weather,4.678192615509033
2017,Komárom-Esztergom,barley,4.91,4.318,2017-2018,v2_expected_weather,4.725287437438965
2017,Komárom-Esztergom,maize,6.04,6.284,2017-2018,v2_expected_weather,7.5108747482299805
2017,Komárom-Esztergom,wheat,4.78,4.628,2017-2018,v2_expected_weather,4.964249610900879
2017,Nógrád,barley,3.87,2.936,2017-2018,v2_expected_weather,3.3976187705993652
2017,Nógrád,maize,4.88,4.356,2017-2018,v2_expected_weather,5.282860279083252
2017,Nógrád,wheat,4.54,3.698,2017-2018,v2_expected_weather,3.973210334777832
2017,Pest,barley,4.9,4.084,2017-2018,v2_expected_weather,4.674915790557861
2017,Pest,maize,6.16,5.708,2017-2018,v2_expected_weather,6.093821048736572
2017,Pest,wheat,4.96,4.28,2017-2018,v2_expected_weather,4.838212490081787
2017,Somogy,barley,5.78,4.75,2017-2018,v2_expected_weather,5.458968639373779
2017,Somogy,maize,7.93,6.8,2017-2018,v2_expected_weather,6.88314962387085
2017,Somogy,wheat,5.54,5.376,2017-2018,v2_expected_weather,6.010981559753418
2017,Szabolcs-Szatmár-Bereg,barley,4.5,3.798,2017-2018,v2_expected_weather,4.314866542816162
2017,Szabolcs-Szatmár-Bereg,maize,7.95,5.912,2017-2018,v2_expected_weather,5.697538375854492
2017,Szabolcs-Szatmár-Bereg,wheat,5.48,4.406,2017-2018,v2_expected_weather,4.799068450927734
2017,Tolna,barley,6.43,5.38,2017-2018,v2_expected_weather,6.166102409362793
2017,Tolna,maize,8.06,7.03,2017-2018,v2_expected_weather,6.939948081970215
2017,Tolna,wheat,6.51,5.7,2017-2018,v2_expected_weather,6.332098007202148
2017,Vas,barley,5.04,4.358,2017-2018,v2_expected_weather,4.719632148742676
2017,Vas,maize,7.0,6.764,2017-2018,v2_expected_weather,6.967690944671631
2017,Vas,wheat,5.22,5.0,2017-2018,v2_expected_weather,5.651989936828613
2017,Veszprém,barley,4.56,3.736,2017-2018,v2_expected_weather,4.223460674285889
2017,Veszprém,maize,5.46,5.544,2017-2018,v2_expected_weather,6.648257255554199
2017,Veszprém,wheat,4.55,4.26,2017-2018,v2_expected_weather,4.691262245178223
2017,Zala,barley,5.39,4.826,2017-2018,v2_expected_weather,5.23866605758667
2017,Zala,maize,6.67,6.512,2017-2018,v2_expected_weather,7.327889919281006
2017,Zala,wheat,5.5,5.214,2017-2018,v2_expected_weather,5.658514499664307
2018,Bács-Kiskun,barley,4.75,4.588,2017-2018,v2_expected_weather,5.255038738250732
2018,Bács-Kiskun,maize,7.99,6.492,2017-2018,v2_expected_weather,6.155611991882324
2018,Bács-Kiskun,wheat,5.05,5.032,2017-2018,v2_expected_weather,6.067137718200684
2018,Baranya,barley,5.89,5.438,2017-2018,v2_expected_weather,6.061833381652832
2018,Baranya,maize,9.6,7.482,2017-2018,v2_expected_weather,7.282924652099609
2018,Baranya,wheat,6.09,5.994,2017-2018,v2_expected_weather,6.474045753479004
2018,Békés,barley,4.46,4.538,2017-2018,v2_expected_weather,4.958924293518066
2018,Békés,maize,8.36,6.838,2017-2018,v2_expected_weather,4.744335174560547
2018,Békés,wheat,5.1,4.85,2017-2018,v2_expected_weather,5.431581974029541
2018,Borsod-Abaúj-Zemplén,barley,4.74,4.604,2017-2018,v2_expected_weather,4.6129045486450195
2018,Borsod-Abaúj-Zemplén,maize,7.11,6.946,2017-2018,v2_expected_weather,6.754389762878418
2018,Borsod-Abaúj-Zemplén,wheat,5.01,5.062,2017-2018,v2_expected_weather,5.368585109710693
2018,Csongrád-Csanád,barley,4.66,4.298,2017-2018,v2_expected_weather,4.996506214141846
2018,Csongrád-Csanád,maize,7.11,5.988,2017-2018,v2_expected_weather,4.889167785644531
2018,Csongrád-Csanád,wheat,4.94,4.772,2017-2018,v2_expected_weather,5.538272857666016
2018,Fejér,barley,5.48,5.438,2017-2018,v2_expected_weather,5.994103908538818
2018,Fejér,maize,10.06,7.314,2017-2018,v2_expected_weather,6.674625873565674
2018,Fejér,wheat,5.82,5.674,2017-2018,v2_expected_weather,6.160099506378174
2018,Győr-Moson-Sopron,barley,4.53,4.674,2017-2018,v2_expected_weather,5.172962665557861
2018,Győr-Moson-Sopron,maize,8.36,6.728,2017-2018,v2_expected_weather,7.3343658447265625
2018,Győr-Moson-Sopron,wheat,4.95,4.974,2017-2018,v2_expected_weather,5.698338985443115
2018,Hajdú-Bihar,barley,4.69,4.924,2017-2018,v2_expected_weather,5.716121673583984
2018,Hajdú-Bihar,maize,9.05,7.314,2017-2018,v2_expected_weather,5.963505744934082
2018,Hajdú-Bihar,wheat,5.32,5.284,2017-2018,v2_expected_weather,5.922198295593262
2018,Heves,barley,4.65,4.498,2017-2018,v2_expected_weather,4.560553073883057
2018,Heves,maize,7.53,5.374,2017-2018,v2_expected_weather,6.045308589935303
2018,Heves,wheat,4.76,4.632,2017-2018,v2_expected_weather,4.736422538757324
2018,Jász-Nagykun-Szolnok,barley,4.49,4.6,2017-2018,v2_expected_weather,5.09016752243042
2018,Jász-Nagykun-Szolnok,maize,5.39,5.322,2017-2018,v2_expected_weather,4.424808502197266
2018,Jász-Nagykun-Szolnok,wheat,4.51,4.49,2017-2018,v2_expected_weather,4.933026313781738
2018,Komárom-Esztergom,barley,4.98,4.634,2017-2018,v2_expected_weather,4.93649435043335
2018,Komárom-Esztergom,maize,9.18,6.614,2017-2018,v2_expected_weather,7.633865833282471
2018,Komárom-Esztergom,wheat,5.32,4.888,2017-2018,v2_expected_weather,5.5445756912231445
2018,Nógrád,barley,4.09,3.382,2017-2018,v2_expected_weather,3.745112180709839
2018,Nógrád,maize,6.09,4.338,2017-2018,v2_expected_weather,5.402677536010742
2018,Nógrád,wheat,4.86,4.204,2017-2018,v2_expected_weather,4.393902778625488
2018,Pest,barley,4.38,4.502,2017-2018,v2_expected_weather,4.891941070556641
2018,Pest,maize,8.39,6.218,2017-2018,v2_expected_weather,6.969455242156982
2018,Pest,wheat,4.77,4.706,2017-2018,v2_expected_weather,5.2845940589904785
2018,Somogy,barley,4.89,5.064,2017-2018,v2_expected_weather,5.900171756744385
2018,Somogy,maize,10.13,7.748,2017-2018,v2_expected_weather,6.958689212799072
2018,Somogy,wheat,5.39,5.602,2017-2018,v2_expected_weather,6.010981559753418
2018,Szabolcs-Szatmár-Bereg,barley,4.36,4.142,2017-2018,v2_expected_weather,4.535006046295166
2018,Szabolcs-Szatmár-Bereg,maize,6.93,6.658,2017-2018,v2_expected_weather,6.295469284057617
2018,Szabolcs-Szatmár-Bereg,wheat,4.85,4.818,2017-2018,v2_expected_weather,5.210812091827393
2018,Tolna,barley,5.5,5.794,2017-2018,v2_expected_weather,6.262356281280518
2018,Tolna,maize,9.78,7.986,2017-2018,v2_expected_weather,7.215910911560059
2018,Tolna,wheat,5.88,6.108,2017-2018,v2_expected_weather,6.5758442878723145
2018,Vas,barley,4.2,4.626,2017-2018,v2_expected_weather,4.949230194091797
2018,Vas,maize,7.91,7.102,2017-2018,v2_expected_weather,6.9460930824279785
2018,Vas,wheat,5.11,5.246,2017-2018,v2_expected_weather,5.775350570678711
2018,Veszprém,barley,3.63,4.038,2017-2018,v2_expected_weather,4.527965545654297
2018,Veszprém,maize,7.75,5.822,2017-2018,v2_expected_weather,6.651724815368652
2018,Veszprém,wheat,4.58,4.53,2017-2018,v2_expected_weather,4.754354953765869
2018,Zala,barley,4.76,5.03,2017-2018,v2_expected_weather,5.649150371551514
2018,Zala,maize,9.59,6.938,2017-2018,v2_expected_weather,6.874673843383789
2018,Zala,wheat,5.13,5.408,2017-2018,v2_expected_weather,5.759960174560547
2017,Bács-Kiskun,barley,5.02,4.346,2017-2018,v2_historical_median,4.551493167877197
2017,Bács-Kiskun,maize,6.19,5.86,2017-2018,v2_historical_median,5.963049411773682
2017,Bács-Kiskun,wheat,5.65,4.668,2017-2018,v2_historical_median,5.069178581237793
2017,Baranya,barley,6.4,5.192,2017-2018,v2_historical_median,5.512847900390625
2017,Baranya,maize,7.26,6.82,2017-2018,v2_historical_median,7.31689977645874
2017,Baranya,wheat,6.45,5.792,2017-2018,v2_historical_median,5.794747352600098
2017,Békés,barley,5.02,4.256,2017-2018,v2_historical_median,4.382002830505371
2017,Békés,maize,5.68,6.386,2017-2018,v2_historical_median,6.531854152679443
2017,Békés,wheat,5.35,4.546,2017-2018,v2_historical_median,4.513396739959717
2017,Borsod-Abaúj-Zemplén,barley,5.53,4.228,2017-2018,v2_historical_median,4.348761558532715
2017,Borsod-Abaúj-Zemplén,maize,7.52,6.708,2017-2018,v2_historical_median,6.247058868408203
2017,Borsod-Abaúj-Zemplén,wheat,5.66,4.668,2017-2018,v2_historical_median,4.88645076751709
2017,Csongrád-Csanád,barley,4.94,4.02,2017-2018,v2_historical_median,4.341800689697266
2017,Csongrád-Csanád,maize,5.52,5.384,2017-2018,v2_historical_median,5.243264675140381
2017,Csongrád-Csanád,wheat,5.41,4.47,2017-2018,v2_historical_median,4.604441165924072
2017,Fejér,barley,5.89,5.012,2017-2018,v2_historical_median,5.603640079498291
2017,Fejér,maize,6.7,6.79,2017-2018,v2_historical_median,6.439070701599121
2017,Fejér,wheat,5.45,5.334,2017-2018,v2_historical_median,5.785085201263428
2017,Győr-Moson-Sopron,barley,4.93,4.384,2017-2018,v2_historical_median,4.473687648773193
2017,Győr-Moson-Sopron,maize,5.68,6.834,2017-2018,v2_historical_median,6.590693950653076
2017,Győr-Moson-Sopron,wheat,4.77,4.78,2017-2018,v2_historical_median,5.021952152252197
2017,Hajdú-Bihar,barley,5.6,4.536,2017-2018,v2_historical_median,4.532168865203857
2017,Hajdú-Bihar,maize,7.93,6.766,2017-2018,v2_historical_median,6.28550386428833
2017,Hajdú-Bihar,wheat,6.06,4.888,2017-2018,v2_historical_median,5.120768070220947
2017,Heves,barley,5.34,3.932,2017-2018,v2_historical_median,4.0734639167785645
2017,Heves,maize,5.69,4.866,2017-2018,v2_historical_median,5.683055400848389
2017,Heves,wheat,5.14,4.156,2017-2018,v2_historical_median,4.238659858703613
2017,Jász-Nagykun-Szolnok,barley,5.46,4.154,2017-2018,v2_historical_median,4.224706172943115
2017,Jász-Nagykun-Szolnok,maize,5.47,4.688,2017-2018,v2_historical_median,4.9530229568481445
2017,Jász-Nagykun-Szolnok,wheat,5.19,4.102,2017-2018,v2_historical_median,4.286991119384766
2017,Komárom-Esztergom,barley,4.91,4.318,2017-2018,v2_historical_median,4.473471164703369
2017,Komárom-Esztergom,maize,6.04,6.284,2017-2018,v2_historical_median,6.397811412811279
2017,Komárom-Esztergom,wheat,4.78,4.628,2017-2018,v2_historical_median,4.773130416870117
2017,Nógrád,barley,3.87,2.936,2017-2018,v2_historical_median,3.3667540550231934
2017,Nógrád,maize,4.88,4.356,2017-2018,v2_historical_median,4.7417216300964355
2017,Nógrád,wheat,4.54,3.698,2017-2018,v2_historical_median,3.9563329219818115
2017,Pest,barley,4.9,4.084,2017-2018,v2_historical_median,4.392541408538818
2017,Pest,maize,6.16,5.708,2017-2018,v2_historical_median,5.724462509155273
2017,Pest,wheat,4.96,4.28,2017-2018,v2_historical_median,4.61085319519043
2017,Somogy,barley,5.78,4.75,2017-2018,v2_historical_median,5.034765243530273
2017,Somogy,maize,7.93,6.8,2017-2018,v2_historical_median,6.723172187805176
2017,Somogy,wheat,5.54,5.376,2017-2018,v2_historical_median,5.661613941192627
2017,Szabolcs-Szatmár-Bereg,barley,4.5,3.798,2017-2018,v2_historical_median,4.019756317138672
2017,Szabolcs-Szatmár-Bereg,maize,7.95,5.912,2017-2018,v2_historical_median,6.309179306030273
2017,Szabolcs-Szatmár-Bereg,wheat,5.48,4.406,2017-2018,v2_historical_median,4.475440979003906
2017,Tolna,barley,6.43,5.38,2017-2018,v2_historical_median,5.740715503692627
2017,Tolna,maize,8.06,7.03,2017-2018,v2_historical_median,7.0275959968566895
2017,Tolna,wheat,6.51,5.7,2017-2018,v2_historical_median,5.95963191986084
2017,Vas,barley,5.04,4.358,2017-2018,v2_historical_median,4.4743332862854
2017,Vas,maize,7.0,6.764,2017-2018,v2_historical_median,6.816831111907959
2017,Vas,wheat,5.22,5.0,2017-2018,v2_historical_median,5.457235336303711
2017,Veszprém,barley,4.56,3.736,2017-2018,v2_historical_median,3.9337685108184814
2017,Veszprém,maize,5.46,5.544,2017-2018,v2_historical_median,6.426939487457275
2017,Veszprém,wheat,4.55,4.26,2017-2018,v2_historical_median,4.454489707946777
2017,Zala,barley,5.39,4.826,2017-2018,v2_historical_median,4.965022087097168
2017,Zala,maize,6.67,6.512,2017-2018,v2_historical_median,7.2111077308654785
2017,Zala,wheat,5.5,5.214,2017-2018,v2_historical_median,5.430456638336182
2018,Bács-Kiskun,barley,4.75,4.588,2017-2018,v2_historical_median,4.794940948486328
2018,Bács-Kiskun,maize,7.99,6.492,2017-2018,v2_historical_median,6.5113444328308105
2018,Bács-Kiskun,wheat,5.05,5.032,2017-2018,v2_historical_median,5.654179573059082
2018,Baranya,barley,5.89,5.438,2017-2018,v2_historical_median,5.636208534240723
2018,Baranya,maize,9.6,7.482,2017-2018,v2_historical_median,7.164852619171143
2018,Baranya,wheat,6.09,5.994,2017-2018,v2_historical_median,6.101341724395752
2018,Békés,barley,4.46,4.538,2017-2018,v2_historical_median,4.451111793518066
2018,Békés,maize,8.36,6.838,2017-2018,v2_historical_median,6.289519309997559
2018,Békés,wheat,5.1,4.85,2017-2018,v2_historical_median,4.976690292358398
2018,Borsod-Abaúj-Zemplén,barley,4.74,4.604,2017-2018,v2_historical_median,4.587984561920166
2018,Borsod-Abaúj-Zemplén,maize,7.11,6.946,2017-2018,v2_historical_median,6.236577033996582
2018,Borsod-Abaúj-Zemplén,wheat,5.01,5.062,2017-2018,v2_historical_median,5.357652187347412
2018,Csongrád-Csanád,barley,4.66,4.298,2017-2018,v2_historical_median,4.495733261108398
2018,Csongrád-Csanád,maize,7.11,5.988,2017-2018,v2_historical_median,5.77893590927124
2018,Csongrád-Csanád,wheat,4.94,4.772,2017-2018,v2_historical_median,5.090420722961426
2018,Fejér,barley,5.48,5.438,2017-2018,v2_historical_median,5.722800254821777
2018,Fejér,maize,10.06,7.314,2017-2018,v2_historical_median,6.635891914367676
2018,Fejér,wheat,5.82,5.674,2017-2018,v2_historical_median,5.94171667098999
2018,Győr-Moson-Sopron,barley,4.53,4.674,2017-2018,v2_historical_median,4.888681888580322
2018,Győr-Moson-Sopron,maize,8.36,6.728,2017-2018,v2_historical_median,6.173084259033203
2018,Győr-Moson-Sopron,wheat,4.95,4.974,2017-2018,v2_historical_median,5.466979026794434
2018,Hajdú-Bihar,barley,4.69,4.924,2017-2018,v2_historical_median,5.207132339477539
2018,Hajdú-Bihar,maize,9.05,7.314,2017-2018,v2_historical_median,6.482325077056885
2018,Hajdú-Bihar,wheat,5.32,5.284,2017-2018,v2_historical_median,5.417435169219971
2018,Heves,barley,4.65,4.498,2017-2018,v2_historical_median,4.339605808258057
2018,Heves,maize,7.53,5.374,2017-2018,v2_historical_median,6.109193325042725
2018,Heves,wheat,4.76,4.632,2017-2018,v2_historical_median,4.582383155822754
2018,Jász-Nagykun-Szolnok,barley,4.49,4.6,2017-2018,v2_historical_median,4.591741561889648
2018,Jász-Nagykun-Szolnok,maize,5.39,5.322,2017-2018,v2_historical_median,5.515645503997803
2018,Jász-Nagykun-Szolnok,wheat,4.51,4.49,2017-2018,v2_historical_median,4.487521171569824
2018,Komárom-Esztergom,barley,4.98,4.634,2017-2018,v2_historical_median,4.703068733215332
2018,Komárom-Esztergom,maize,9.18,6.614,2017-2018,v2_historical_median,6.499983787536621
2018,Komárom-Esztergom,wheat,5.32,4.888,2017-2018,v2_historical_median,5.371847629547119
2018,Nógrád,barley,4.09,3.382,2017-2018,v2_historical_median,3.714247465133667
2018,Nógrád,maize,6.09,4.338,2017-2018,v2_historical_median,4.7417216300964355
2018,Nógrád,wheat,4.86,4.204,2017-2018,v2_historical_median,4.377025127410889
2018,Pest,barley,4.38,4.502,2017-2018,v2_historical_median,4.609566688537598
2018,Pest,maize,8.39,6.218,2017-2018,v2_historical_median,6.365397930145264
2018,Pest,wheat,4.77,4.706,2017-2018,v2_historical_median,5.057234764099121
2018,Somogy,barley,4.89,5.064,2017-2018,v2_historical_median,5.475968360900879
2018,Somogy,maize,10.13,7.748,2017-2018,v2_historical_median,6.886758804321289
2018,Somogy,wheat,5.39,5.602,2017-2018,v2_historical_median,5.661613941192627
2018,Szabolcs-Szatmár-Bereg,barley,4.36,4.142,2017-2018,v2_historical_median,4.3349480628967285
2018,Szabolcs-Szatmár-Bereg,maize,6.93,6.658,2017-2018,v2_historical_median,6.28741979598999
2018,Szabolcs-Szatmár-Bereg,wheat,4.85,4.818,2017-2018,v2_historical_median,5.077661991119385
2018,Tolna,barley,5.5,5.794,2017-2018,v2_historical_median,5.836969375610352
2018,Tolna,maize,9.78,7.986,2017-2018,v2_historical_median,6.9940505027771
2018,Tolna,wheat,5.88,6.108,2017-2018,v2_historical_median,6.203378200531006
2018,Vas,barley,4.2,4.626,2017-2018,v2_historical_median,4.7039313316345215
2018,Vas,maize,7.91,7.102,2017-2018,v2_historical_median,6.845308303833008
2018,Vas,wheat,5.11,5.246,2017-2018,v2_historical_median,5.580595970153809
2018,Veszprém,barley,3.63,4.038,2017-2018,v2_historical_median,4.238272190093994
2018,Veszprém,maize,7.75,5.822,2017-2018,v2_historical_median,6.611491680145264
2018,Veszprém,wheat,4.58,4.53,2017-2018,v2_historical_median,4.517582416534424
2018,Zala,barley,4.76,5.03,2017-2018,v2_historical_median,5.354184627532959
2018,Zala,maize,9.59,6.938,2017-2018,v2_historical_median,6.786093711853027
2018,Zala,wheat,5.13,5.408,2017-2018,v2_historical_median,5.553817272186279
2019,Bács-Kiskun,barley,5.61,4.692,2019-2020,baseline,4.692
2019,Bács-Kiskun,maize,7.27,7.126,2019-2020,baseline,7.126
2019,Bács-Kiskun,wheat,5.18,5.152,2019-2020,baseline,5.152
2019,Baranya,barley,6.52,5.67,2019-2020,baseline,5.67
2019,Baranya,maize,9.45,8.208,2019-2020,baseline,8.208
2019,Baranya,wheat,6.19,6.114,2019-2020,baseline,6.114
2019,Békés,barley,5.09,4.614,2019-2020,baseline,4.614
2019,Békés,maize,8.12,7.328,2019-2020,baseline,7.328
2019,Békés,wheat,4.59,4.938,2019-2020,baseline,4.938
2019,Borsod-Abaúj-Zemplén,barley,5.27,4.88,2019-2020,baseline,4.88
2019,Borsod-Abaúj-Zemplén,maize,8.67,7.172,2019-2020,baseline,7.172
2019,Borsod-Abaúj-Zemplén,wheat,5.35,5.186,2019-2020,baseline,5.186
2019,Csongrád-Csanád,barley,4.89,4.44,2019-2020,baseline,4.44
2019,Csongrád-Csanád,maize,6.85,6.438,2019-2020,baseline,6.438
2019,Csongrád-Csanád,wheat,4.45,4.81,2019-2020,baseline,4.81
2019,Fejér,barley,6.22,5.63,2019-2020,baseline,5.63
2019,Fejér,maize,8.08,8.144,2019-2020,baseline,8.144
2019,Fejér,wheat,5.59,5.816,2019-2020,baseline,5.816
2019,Győr-Moson-Sopron,barley,5.46,4.88,2019-2020,baseline,4.88
2019,Győr-Moson-Sopron,maize,6.32,7.294,2019-2020,baseline,7.294
2019,Győr-Moson-Sopron,wheat,5.42,5.046,2019-2020,baseline,5.046
2019,Hajdú-Bihar,barley,5.83,5.058,2019-2020,baseline,5.058
2019,Hajdú-Bihar,maize,8.76,7.908,2019-2020,baseline,7.908
2019,Hajdú-Bihar,wheat,5.44,5.408,2019-2020,baseline,5.408
2019,Heves,barley,6.04,4.692,2019-2020,baseline,4.692
2019,Heves,maize,8.71,6.006,2019-2020,baseline,6.006
2019,Heves,wheat,5.44,4.738,2019-2020,baseline,4.738
2019,Jász-Nagykun-Szolnok,barley,5.4,4.726,2019-2020,baseline,4.726
2019,Jász-Nagykun-Szolnok,maize,6.2,5.6,2019-2020,baseline,5.6
2019,Jász-Nagykun-Szolnok,wheat,4.98,4.564,2019-2020,baseline,4.564
2019,Komárom-Esztergom,barley,5.75,4.83,2019-2020,baseline,4.83
2019,Komárom-Esztergom,maize,7.5,7.304,2019-2020,baseline,7.304
2019,Komárom-Esztergom,wheat,5.6,5.108,2019-2020,baseline,5.108
2019,Nógrád,barley,4.38,3.642,2019-2020,baseline,3.642
2019,Nógrád,maize,6.74,4.96,2019-2020,baseline,4.96
2019,Nógrád,wheat,5.59,4.396,2019-2020,baseline,4.396
2019,Pest,barley,4.74,4.586,2019-2020,baseline,4.586
2019,Pest,maize,7.65,6.962,2019-2020,baseline,6.962
2019,Pest,wheat,4.74,4.806,2019-2020,baseline,4.806
2019,Somogy,barley,6.44,5.154,2019-2020,baseline,5.154
2019,Somogy,maize,9.72,8.718,2019-2020,baseline,8.718
2019,Somogy,wheat,5.97,5.628,2019-2020,baseline,5.628
2019,Szabolcs-Szatmár-Bereg,barley,4.92,4.21,2019-2020,baseline,4.21
2019,Szabolcs-Szatmár-Bereg,maize,7.35,6.98,2019-2020,baseline,6.98
2019,Szabolcs-Szatmár-Bereg,wheat,4.94,4.97,2019-2020,baseline,4.97
2019,Tolna,barley,6.32,5.908,2019-2020,baseline,5.908
2019,Tolna,maize,8.99,8.764,2019-2020,baseline,8.764
2019,Tolna,wheat,5.92,6.142,2019-2020,baseline,6.142
2019,Vas,barley,6.07,4.646,2019-2020,baseline,4.646
2019,Vas,maize,8.48,7.702,2019-2020,baseline,7.702
2019,Vas,wheat,5.96,5.35,2019-2020,baseline,5.35
2019,Veszprém,barley,4.99,4.094,2019-2020,baseline,4.094
2019,Veszprém,maize,6.94,6.458,2019-2020,baseline,6.458
2019,Veszprém,wheat,4.93,4.598,2019-2020,baseline,4.598
2019,Zala,barley,6.01,5.004,2019-2020,baseline,5.004
2019,Zala,maize,8.76,7.756,2019-2020,baseline,7.756
2019,Zala,wheat,5.79,5.408,2019-2020,baseline,5.408
2020,Bács-Kiskun,barley,6.14,4.974,2019-2020,baseline,4.974
2020,Bács-Kiskun,maize,7.3,7.03,2019-2020,baseline,7.03
2020,Bács-Kiskun,wheat,5.74,5.266,2019-2020,baseline,5.266
2020,Baranya,barley,6.6,5.986,2019-2020,baseline,5.986
2020,Baranya,maize,8.11,8.38,2019-2020,baseline,8.38
2020,Baranya,wheat,6.38,6.186,2019-2020,baseline,6.186
2020,Békés,barley,5.48,4.938,2019-2020,baseline,4.938
2020,Békés,maize,9.1,7.428,2019-2020,baseline,7.428
2020,Békés,wheat,5.36,5.094,2019-2020,baseline,5.094
2020,Borsod-Abaúj-Zemplén,barley,5.46,5.012,2019-2020,baseline,5.012
2020,Borsod-Abaúj-Zemplén,maize,9.17,7.354,2019-2020,baseline,7.354
2020,Borsod-Abaúj-Zemplén,wheat,5.34,5.296,2019-2020,baseline,5.296
2020,Csongrád-Csanád,barley,4.67,4.628,2019-2020,baseline,4.628
2020,Csongrád-Csanád,maize,7.61,6.428,2019-2020,baseline,6.428
2020,Csongrád-Csanád,wheat,4.62,4.902,2019-2020,baseline,4.902
2020,Fejér,barley,5.98,5.846,2019-2020,baseline,5.846
2020,Fejér,maize,7.74,8.084,2019-2020,baseline,8.084
2020,Fejér,wheat,5.59,5.806,2019-2020,baseline,5.806
2020,Győr-Moson-Sopron,barley,5.14,4.98,2019-2020,baseline,4.98
2020,Győr-Moson-Sopron,maize,7.21,6.92,2019-2020,baseline,6.92
2020,Győr-Moson-Sopron,wheat,5.24,5.082,2019-2020,baseline,5.082
2020,Hajdú-Bihar,barley,6.26,5.292,2019-2020,baseline,5.292
2020,Hajdú-Bihar,maize,10.08,8.276,2019-2020,baseline,8.276
2020,Hajdú-Bihar,wheat,5.54,5.488,2019-2020,baseline,5.488
2020,Heves,barley,5.64,5.086,2019-2020,baseline,5.086
2020,Heves,maize,6.61,6.584,2019-2020,baseline,6.584
2020,Heves,wheat,4.98,4.986,2019-2020,baseline,4.986
2020,Jász-Nagykun-Szolnok,barley,5.51,4.974,2019-2020,baseline,4.974
2020,Jász-Nagykun-Szolnok,maize,6.92,5.676,2019-2020,baseline,5.676
2020,Jász-Nagykun-Szolnok,wheat,5.13,4.786,2019-2020,baseline,4.786
2020,Komárom-Esztergom,barley,5.36,5.14,2019-2020,baseline,5.14
2020,Komárom-Esztergom,maize,7.83,7.438,2019-2020,baseline,7.438
2020,Komárom-Esztergom,wheat,5.19,5.324,2019-2020,baseline,5.324
2020,Nógrád,barley,3.94,3.91,2019-2020,baseline,3.91
2020,Nógrád,maize,6.39,5.508,2019-2020,baseline,5.508
2020,Nógrád,wheat,5.11,4.73,2019-2020,baseline,4.73
2020,Pest,barley,4.78,4.642,2019-2020,baseline,4.642
2020,Pest,maize,8.22,7.022,2019-2020,baseline,7.022
2020,Pest,wheat,4.58,4.826,2019-2020,baseline,4.826
2020,Somogy,barley,6.22,5.482,2019-2020,baseline,5.482
2020,Somogy,maize,10.3,8.86,2019-2020,baseline,8.86
2020,Somogy,wheat,6.32,5.722,2019-2020,baseline,5.722
2020,Szabolcs-Szatmár-Bereg,barley,4.91,4.46,2019-2020,baseline,4.46
2020,Szabolcs-Szatmár-Bereg,maize,8.47,6.864,2019-2020,baseline,6.864
2020,Szabolcs-Szatmár-Bereg,wheat,5.06,5.0,2019-2020,baseline,5.0
2020,Tolna,barley,6.86,6.048,2019-2020,baseline,6.048
2020,Tolna,maize,9.42,8.724,2019-2020,baseline,8.724
2020,Tolna,wheat,6.19,6.156,2019-2020,baseline,6.156
2020,Vas,barley,5.79,4.95,2019-2020,baseline,4.95
2020,Vas,maize,9.77,7.66,2019-2020,baseline,7.66
2020,Vas,wheat,6.23,5.518,2019-2020,baseline,5.518
2020,Veszprém,barley,5.22,4.298,2019-2020,baseline,4.298
2020,Veszprém,maize,7.84,6.452,2019-2020,baseline,6.452
2020,Veszprém,wheat,5.08,4.722,2019-2020,baseline,4.722
2020,Zala,barley,6.08,5.248,2019-2020,baseline,5.248
2020,Zala,maize,9.72,7.938,2019-2020,baseline,7.938
2020,Zala,wheat,6.41,5.524,2019-2020,baseline,5.524
2019,Bács-Kiskun,barley,5.61,4.692,2019-2020,current_actual_weather,5.089829921722412
2019,Bács-Kiskun,maize,7.27,7.126,2019-2020,current_actual_weather,7.30322265625
2019,Bács-Kiskun,wheat,5.18,5.152,2019-2020,current_actual_weather,5.399631500244141
2019,Baranya,barley,6.52,5.67,2019-2020,current_actual_weather,6.162363052368164
2019,Baranya,maize,9.45,8.208,2019-2020,current_actual_weather,9.201184272766113
2019,Baranya,wheat,6.19,6.114,2019-2020,current_actual_weather,6.2360029220581055
2019,Békés,barley,5.09,4.614,2019-2020,current_actual_weather,5.081639766693115
2019,Békés,maize,8.12,7.328,2019-2020,current_actual_weather,7.732852458953857
2019,Békés,wheat,4.59,4.938,2019-2020,current_actual_weather,5.593652725219727
2019,Borsod-Abaúj-Zemplén,barley,5.27,4.88,2019-2020,current_actual_weather,5.327319622039795
2019,Borsod-Abaúj-Zemplén,maize,8.67,7.172,2019-2020,current_actual_weather,6.996888637542725
2019,Borsod-Abaúj-Zemplén,wheat,5.35,5.186,2019-2020,current_actual_weather,5.545963287353516
2019,Csongrád-Csanád,barley,4.89,4.44,2019-2020,current_actual_weather,5.003116130828857
2019,Csongrád-Csanád,maize,6.85,6.438,2019-2020,current_actual_weather,8.202354431152344
2019,Csongrád-Csanád,wheat,4.45,4.81,2019-2020,current_actual_weather,5.367934226989746
2019,Fejér,barley,6.22,5.63,2019-2020,current_actual_weather,6.0734710693359375
2019,Fejér,maize,8.08,8.144,2019-2020,current_actual_weather,5.797645568847656
2019,Fejér,wheat,5.59,5.816,2019-2020,current_actual_weather,6.120367050170898
2019,Győr-Moson-Sopron,barley,5.46,4.88,2019-2020,current_actual_weather,5.465723991394043
2019,Győr-Moson-Sopron,maize,6.32,7.294,2019-2020,current_actual_weather,7.194984436035156
2019,Győr-Moson-Sopron,wheat,5.42,5.046,2019-2020,current_actual_weather,5.724148750305176
2019,Hajdú-Bihar,barley,5.83,5.058,2019-2020,current_actual_weather,5.7376580238342285
2019,Hajdú-Bihar,maize,8.76,7.908,2019-2020,current_actual_weather,7.427693843841553
2019,Hajdú-Bihar,wheat,5.44,5.408,2019-2020,current_actual_weather,5.8930535316467285
2019,Heves,barley,6.04,4.692,2019-2020,current_actual_weather,5.414299964904785
2019,Heves,maize,8.71,6.006,2019-2020,current_actual_weather,6.860229969024658
2019,Heves,wheat,5.44,4.738,2019-2020,current_actual_weather,5.383213520050049
2019,Jász-Nagykun-Szolnok,barley,5.4,4.726,2019-2020,current_actual_weather,5.190600395202637
2019,Jász-Nagykun-Szolnok,maize,6.2,5.6,2019-2020,current_actual_weather,5.338728904724121
2019,Jász-Nagykun-Szolnok,wheat,4.98,4.564,2019-2020,current_actual_weather,4.934378147125244
2019,Komárom-Esztergom,barley,5.75,4.83,2019-2020,current_actual_weather,5.235421180725098
2019,Komárom-Esztergom,maize,7.5,7.304,2019-2020,current_actual_weather,5.377991676330566
2019,Komárom-Esztergom,wheat,5.6,5.108,2019-2020,current_actual_weather,5.533956527709961
2019,Nógrád,barley,4.38,3.642,2019-2020,current_actual_weather,3.974888801574707
2019,Nógrád,maize,6.74,4.96,2019-2020,current_actual_weather,5.945797443389893
2019,Nógrád,wheat,5.59,4.396,2019-2020,current_actual_weather,4.809884548187256
2019,Pest,barley,4.74,4.586,2019-2020,current_actual_weather,5.156551837921143
2019,Pest,maize,7.65,6.962,2019-2020,current_actual_weather,5.247994899749756
2019,Pest,wheat,4.74,4.806,2019-2020,current_actual_weather,5.417189598083496
2019,Somogy,barley,6.44,5.154,2019-2020,current_actual_weather,6.066808700561523
2019,Somogy,maize,9.72,8.718,2019-2020,current_actual_weather,7.994049549102783
2019,Somogy,wheat,5.97,5.628,2019-2020,current_actual_weather,6.293483734130859
2019,Szabolcs-Szatmár-Bereg,barley,4.92,4.21,2019-2020,current_actual_weather,5.090754985809326
2019,Szabolcs-Szatmár-Bereg,maize,7.35,6.98,2019-2020,current_actual_weather,5.918981075286865
2019,Szabolcs-Szatmár-Bereg,wheat,4.94,4.97,2019-2020,current_actual_weather,5.930002689361572
2019,Tolna,barley,6.32,5.908,2019-2020,current_actual_weather,6.387117385864258
2019,Tolna,maize,8.99,8.764,2019-2020,current_actual_weather,7.799261093139648
2019,Tolna,wheat,5.92,6.142,2019-2020,current_actual_weather,6.137292861938477
2019,Vas,barley,6.07,4.646,2019-2020,current_actual_weather,5.111786365509033
2019,Vas,maize,8.48,7.702,2019-2020,current_actual_weather,7.015496253967285
2019,Vas,wheat,5.96,5.35,2019-2020,current_actual_weather,5.770755290985107
2019,Veszprém,barley,4.99,4.094,2019-2020,current_actual_weather,4.538859844207764
2019,Veszprém,maize,6.94,6.458,2019-2020,current_actual_weather,6.097925662994385
2019,Veszprém,wheat,4.93,4.598,2019-2020,current_actual_weather,4.747729301452637
2019,Zala,barley,6.01,5.004,2019-2020,current_actual_weather,5.538761138916016
2019,Zala,maize,8.76,7.756,2019-2020,current_actual_weather,7.755268096923828
2019,Zala,wheat,5.79,5.408,2019-2020,current_actual_weather,5.71010160446167
2020,Bács-Kiskun,barley,6.14,4.974,2019-2020,current_actual_weather,5.656318187713623
2020,Bács-Kiskun,maize,7.3,7.03,2019-2020,current_actual_weather,5.796947002410889
2020,Bács-Kiskun,wheat,5.74,5.266,2019-2020,current_actual_weather,5.775384902954102
2020,Baranya,barley,6.6,5.986,2019-2020,current_actual_weather,6.1762518882751465
2020,Baranya,maize,8.11,8.38,2019-2020,current_actual_weather,6.954500675201416
2020,Baranya,wheat,6.38,6.186,2019-2020,current_actual_weather,6.542848110198975
2020,Békés,barley,5.48,4.938,2019-2020,current_actual_weather,5.532755374908447
2020,Békés,maize,9.1,7.428,2019-2020,current_actual_weather,9.121248245239258
2020,Békés,wheat,5.36,5.094,2019-2020,current_actual_weather,5.643394470214844
2020,Borsod-Abaúj-Zemplén,barley,5.46,5.012,2019-2020,current_actual_weather,5.182636737823486
2020,Borsod-Abaúj-Zemplén,maize,9.17,7.354,2019-2020,current_actual_weather,6.9821624755859375
2020,Borsod-Abaúj-Zemplén,wheat,5.34,5.296,2019-2020,current_actual_weather,5.418523788452148
2020,Csongrád-Csanád,barley,4.67,4.628,2019-2020,current_actual_weather,4.9740142822265625
2020,Csongrád-Csanád,maize,7.61,6.428,2019-2020,current_actual_weather,8.763914108276367
2020,Csongrád-Csanád,wheat,4.62,4.902,2019-2020,current_actual_weather,5.493988037109375
2020,Fejér,barley,5.98,5.846,2019-2020,current_actual_weather,5.957418441772461
2020,Fejér,maize,7.74,8.084,2019-2020,current_actual_weather,6.206699848175049
2020,Fejér,wheat,5.59,5.806,2019-2020,current_actual_weather,5.9970383644104
2020,Győr-Moson-Sopron,barley,5.14,4.98,2019-2020,current_actual_weather,5.512669086456299
2020,Győr-Moson-Sopron,maize,7.21,6.92,2019-2020,current_actual_weather,7.455080509185791
2020,Győr-Moson-Sopron,wheat,5.24,5.082,2019-2020,current_actual_weather,5.569565773010254
2020,Hajdú-Bihar,barley,6.26,5.292,2019-2020,current_actual_weather,5.657718181610107
2020,Hajdú-Bihar,maize,10.08,8.276,2019-2020,current_actual_weather,8.126543045043945
2020,Hajdú-Bihar,wheat,5.54,5.488,2019-2020,current_actual_weather,5.695119380950928
2020,Heves,barley,5.64,5.086,2019-2020,current_actual_weather,5.663934707641602
2020,Heves,maize,6.61,6.584,2019-2020,current_actual_weather,8.043142318725586
2020,Heves,wheat,4.98,4.986,2019-2020,current_actual_weather,5.6614155769348145
2020,Jász-Nagykun-Szolnok,barley,5.51,4.974,2019-2020,current_actual_weather,5.538228988647461
2020,Jász-Nagykun-Szolnok,maize,6.92,5.676,2019-2020,current_actual_weather,7.049179553985596
2020,Jász-Nagykun-Szolnok,wheat,5.13,4.786,2019-2020,current_actual_weather,5.261742115020752
2020,Komárom-Esztergom,barley,5.36,5.14,2019-2020,current_actual_weather,5.464423656463623
2020,Komárom-Esztergom,maize,7.83,7.438,2019-2020,current_actual_weather,7.912194728851318
2020,Komárom-Esztergom,wheat,5.19,5.324,2019-2020,current_actual_weather,5.643607139587402
2020,Nógrád,barley,3.94,3.91,2019-2020,current_actual_weather,4.160299777984619
2020,Nógrád,maize,6.39,5.508,2019-2020,current_actual_weather,6.648507118225098
2020,Nógrád,wheat,5.11,4.73,2019-2020,current_actual_weather,5.058144569396973
2020,Pest,barley,4.78,4.642,2019-2020,current_actual_weather,5.062479019165039
2020,Pest,maize,8.22,7.022,2019-2020,current_actual_weather,6.815315246582031
2020,Pest,wheat,4.58,4.826,2019-2020,current_actual_weather,5.342748165130615
2020,Somogy,barley,6.22,5.482,2019-2020,current_actual_weather,5.709677696228027
2020,Somogy,maize,10.3,8.86,2019-2020,current_actual_weather,7.457863807678223
2020,Somogy,wheat,6.32,5.722,2019-2020,current_actual_weather,5.760216236114502
2020,Szabolcs-Szatmár-Bereg,barley,4.91,4.46,2019-2020,current_actual_weather,5.124338150024414
2020,Szabolcs-Szatmár-Bereg,maize,8.47,6.864,2019-2020,current_actual_weather,7.1817731857299805
2020,Szabolcs-Szatmár-Bereg,wheat,5.06,5.0,2019-2020,current_actual_weather,5.75471830368042
2020,Tolna,barley,6.86,6.048,2019-2020,current_actual_weather,6.398725986480713
2020,Tolna,maize,9.42,8.724,2019-2020,current_actual_weather,5.551416397094727
2020,Tolna,wheat,6.19,6.156,2019-2020,current_actual_weather,6.186930179595947
2020,Vas,barley,5.79,4.95,2019-2020,current_actual_weather,5.4537353515625
2020,Vas,maize,9.77,7.66,2019-2020,current_actual_weather,7.2271623611450195
2020,Vas,wheat,6.23,5.518,2019-2020,current_actual_weather,5.7446675300598145
2020,Veszprém,barley,5.22,4.298,2019-2020,current_actual_weather,4.9423980712890625
2020,Veszprém,maize,7.84,6.452,2019-2020,current_actual_weather,7.639019966125488
2020,Veszprém,wheat,5.08,4.722,2019-2020,current_actual_weather,5.223743915557861
2020,Zala,barley,6.08,5.248,2019-2020,current_actual_weather,5.635045528411865
2020,Zala,maize,9.72,7.938,2019-2020,current_actual_weather,7.235945224761963
2020,Zala,wheat,6.41,5.524,2019-2020,current_actual_weather,5.7392683029174805
2019,Bács-Kiskun,barley,5.61,4.692,2019-2020,current_expected_weather,5.3465895652771
2019,Bács-Kiskun,maize,7.27,7.126,2019-2020,current_expected_weather,7.3596086502075195
2019,Bács-Kiskun,wheat,5.18,5.152,2019-2020,current_expected_weather,5.681095123291016
2019,Baranya,barley,6.52,5.67,2019-2020,current_expected_weather,5.84617280960083
2019,Baranya,maize,9.45,8.208,2019-2020,current_expected_weather,9.226075172424316
2019,Baranya,wheat,6.19,6.114,2019-2020,current_expected_weather,5.976381301879883
2019,Békés,barley,5.09,4.614,2019-2020,current_expected_weather,5.018223285675049
2019,Békés,maize,8.12,7.328,2019-2020,current_expected_weather,7.718555927276611
2019,Békés,wheat,4.59,4.938,2019-2020,current_expected_weather,5.53023624420166
2019,Borsod-Abaúj-Zemplén,barley,5.27,4.88,2019-2020,current_expected_weather,4.845454692840576
2019,Borsod-Abaúj-Zemplén,maize,8.67,7.172,2019-2020,current_expected_weather,6.8171162605285645
2019,Borsod-Abaúj-Zemplén,wheat,5.35,5.186,2019-2020,current_expected_weather,5.128056526184082
2019,Csongrád-Csanád,barley,4.89,4.44,2019-2020,current_expected_weather,5.2567877769470215
2019,Csongrád-Csanád,maize,6.85,6.438,2019-2020,current_expected_weather,6.564229965209961
2019,Csongrád-Csanád,wheat,4.45,4.81,2019-2020,current_expected_weather,5.6267523765563965
2019,Fejér,barley,6.22,5.63,2019-2020,current_expected_weather,6.067056179046631
2019,Fejér,maize,8.08,8.144,2019-2020,current_expected_weather,7.478944301605225
2019,Fejér,wheat,5.59,5.816,2019-2020,current_expected_weather,6.092865943908691
2019,Győr-Moson-Sopron,barley,5.46,4.88,2019-2020,current_expected_weather,5.321576118469238
2019,Győr-Moson-Sopron,maize,6.32,7.294,2019-2020,current_expected_weather,8.327701568603516
2019,Győr-Moson-Sopron,wheat,5.42,5.046,2019-2020,current_expected_weather,5.583633899688721
2019,Hajdú-Bihar,barley,5.83,5.058,2019-2020,current_expected_weather,5.8698811531066895
2019,Hajdú-Bihar,maize,8.76,7.908,2019-2020,current_expected_weather,6.913227558135986
2019,Hajdú-Bihar,wheat,5.44,5.408,2019-2020,current_expected_weather,6.0811076164245605
2019,Heves,barley,6.04,4.692,2019-2020,current_expected_weather,5.086512088775635
2019,Heves,maize,8.71,6.006,2019-2020,current_expected_weather,6.71252965927124
2019,Heves,wheat,5.44,4.738,2019-2020,current_expected_weather,5.075571060180664
2019,Jász-Nagykun-Szolnok,barley,5.4,4.726,2019-2020,current_expected_weather,5.399307727813721
2019,Jász-Nagykun-Szolnok,maize,6.2,5.6,2019-2020,current_expected_weather,5.203248023986816
2019,Jász-Nagykun-Szolnok,wheat,4.98,4.564,2019-2020,current_expected_weather,5.1482319831848145
2019,Komárom-Esztergom,barley,5.75,4.83,2019-2020,current_expected_weather,5.211558818817139
2019,Komárom-Esztergom,maize,7.5,7.304,2019-2020,current_expected_weather,7.965496063232422
2019,Komárom-Esztergom,wheat,5.6,5.108,2019-2020,current_expected_weather,5.523131370544434
2019,Nógrád,barley,4.38,3.642,2019-2020,current_expected_weather,3.839228391647339
2019,Nógrád,maize,6.74,4.96,2019-2020,current_expected_weather,5.831183910369873
2019,Nógrád,wheat,5.59,4.396,2019-2020,current_expected_weather,4.471723556518555
2019,Pest,barley,4.74,4.586,2019-2020,current_expected_weather,5.0573201179504395
2019,Pest,maize,7.65,6.962,2019-2020,current_expected_weather,7.061041831970215
2019,Pest,wheat,4.74,4.806,2019-2020,current_expected_weather,5.343550682067871
2019,Somogy,barley,6.44,5.154,2019-2020,current_expected_weather,5.746382713317871
2019,Somogy,maize,9.72,8.718,2019-2020,current_expected_weather,8.34864330291748
2019,Somogy,wheat,5.97,5.628,2019-2020,current_expected_weather,5.96629524230957
2019,Szabolcs-Szatmár-Bereg,barley,4.92,4.21,2019-2020,current_expected_weather,4.9410200119018555
2019,Szabolcs-Szatmár-Bereg,maize,7.35,6.98,2019-2020,current_expected_weather,5.65878438949585
2019,Szabolcs-Szatmár-Bereg,wheat,4.94,4.97,2019-2020,current_expected_weather,5.700016498565674
2019,Tolna,barley,6.32,5.908,2019-2020,current_expected_weather,6.253089904785156
2019,Tolna,maize,8.99,8.764,2019-2020,current_expected_weather,9.231343269348145
2019,Tolna,wheat,5.92,6.142,2019-2020,current_expected_weather,6.08547306060791
2019,Vas,barley,6.07,4.646,2019-2020,current_expected_weather,5.088263511657715
2019,Vas,maize,8.48,7.702,2019-2020,current_expected_weather,7.8691725730896
2019,Vas,wheat,5.96,5.35,2019-2020,current_expected_weather,5.7759690284729
2019,Veszprém,barley,4.99,4.094,2019-2020,current_expected_weather,4.687077522277832
2019,Veszprém,maize,6.94,6.458,2019-2020,current_expected_weather,7.100216865539551
2019,Veszprém,wheat,4.93,4.598,2019-2020,current_expected_weather,4.88958215713501
2019,Zala,barley,6.01,5.004,2019-2020,current_expected_weather,5.486976146697998
2019,Zala,maize,8.76,7.756,2019-2020,current_expected_weather,7.42560338973999
2019,Zala,wheat,5.79,5.408,2019-2020,current_expected_weather,5.676809310913086
2020,Bács-Kiskun,barley,6.14,4.974,2019-2020,current_expected_weather,5.584929466247559
2020,Bács-Kiskun,maize,7.3,7.03,2019-2020,current_expected_weather,7.988029479980469
2020,Bács-Kiskun,wheat,5.74,5.266,2019-2020,current_expected_weather,5.700483798980713
2020,Baranya,barley,6.6,5.986,2019-2020,current_expected_weather,6.103482246398926
2020,Baranya,maize,8.11,8.38,2019-2020,current_expected_weather,9.780744552612305
2020,Baranya,wheat,6.38,6.186,2019-2020,current_expected_weather,6.64655065536499
2020,Békés,barley,5.48,4.938,2019-2020,current_expected_weather,5.580821990966797
2020,Békés,maize,9.1,7.428,2019-2020,current_expected_weather,7.805895805358887
2020,Békés,wheat,5.36,5.094,2019-2020,current_expected_weather,5.691461086273193
2020,Borsod-Abaúj-Zemplén,barley,5.46,5.012,2019-2020,current_expected_weather,5.104783535003662
2020,Borsod-Abaúj-Zemplén,maize,9.17,7.354,2019-2020,current_expected_weather,6.931597709655762
2020,Borsod-Abaúj-Zemplén,wheat,5.34,5.296,2019-2020,current_expected_weather,5.340670585632324
2020,Csongrád-Csanád,barley,4.67,4.628,2019-2020,current_expected_weather,5.016114234924316
2020,Csongrád-Csanád,maize,7.61,6.428,2019-2020,current_expected_weather,7.0759501457214355
2020,Csongrád-Csanád,wheat,4.62,4.902,2019-2020,current_expected_weather,5.536087989807129
2020,Fejér,barley,5.98,5.846,2019-2020,current_expected_weather,6.059717655181885
2020,Fejér,maize,7.74,8.084,2019-2020,current_expected_weather,8.225418090820312
2020,Fejér,wheat,5.59,5.806,2019-2020,current_expected_weather,6.1044840812683105
2020,Győr-Moson-Sopron,barley,5.14,4.98,2019-2020,current_expected_weather,5.552072525024414
2020,Győr-Moson-Sopron,maize,7.21,6.92,2019-2020,current_expected_weather,7.533118724822998
2020,Győr-Moson-Sopron,wheat,5.24,5.082,2019-2020,current_expected_weather,5.6141157150268555
2020,Hajdú-Bihar,barley,6.26,5.292,2019-2020,current_expected_weather,6.020463943481445
2020,Hajdú-Bihar,maize,10.08,8.276,2019-2020,current_expected_weather,6.898008346557617
2020,Hajdú-Bihar,wheat,5.54,5.488,2019-2020,current_expected_weather,6.057118892669678
2020,Heves,barley,5.64,5.086,2019-2020,current_expected_weather,5.379496097564697
2020,Heves,maize,6.61,6.584,2019-2020,current_expected_weather,7.175431251525879
2020,Heves,wheat,4.98,4.986,2019-2020,current_expected_weather,5.39267635345459
2020,Jász-Nagykun-Szolnok,barley,5.51,4.974,2019-2020,current_expected_weather,5.709587574005127
2020,Jász-Nagykun-Szolnok,maize,6.92,5.676,2019-2020,current_expected_weather,5.268062114715576
2020,Jász-Nagykun-Szolnok,wheat,5.13,4.786,2019-2020,current_expected_weather,5.415470123291016
2020,Komárom-Esztergom,barley,5.36,5.14,2019-2020,current_expected_weather,5.522724151611328
2020,Komárom-Esztergom,maize,7.83,7.438,2019-2020,current_expected_weather,7.679351329803467
2020,Komárom-Esztergom,wheat,5.19,5.324,2019-2020,current_expected_weather,5.698395252227783
2020,Nógrád,barley,3.94,3.91,2019-2020,current_expected_weather,4.063560962677002
2020,Nógrád,maize,6.39,5.508,2019-2020,current_expected_weather,6.707577705383301
2020,Nógrád,wheat,5.11,4.73,2019-2020,current_expected_weather,4.7616286277771
2020,Pest,barley,4.78,4.642,2019-2020,current_expected_weather,5.129592418670654
2020,Pest,maize,8.22,7.022,2019-2020,current_expected_weather,6.866978168487549
2020,Pest,wheat,4.58,4.826,2019-2020,current_expected_weather,5.410843849182129
2020,Somogy,barley,6.22,5.482,2019-2020,current_expected_weather,5.825331211090088
2020,Somogy,maize,10.3,8.86,2019-2020,current_expected_weather,8.734790802001953
2020,Somogy,wheat,6.32,5.722,2019-2020,current_expected_weather,5.845419406890869
2020,Szabolcs-Szatmár-Bereg,barley,4.91,4.46,2019-2020,current_expected_weather,5.111267566680908
2020,Szabolcs-Szatmár-Bereg,maize,8.47,6.864,2019-2020,current_expected_weather,5.822261333465576
2020,Szabolcs-Szatmár-Bereg,wheat,5.06,5.0,2019-2020,current_expected_weather,5.741647720336914
2020,Tolna,barley,6.86,6.048,2019-2020,current_expected_weather,6.255359649658203
2020,Tolna,maize,9.42,8.724,2019-2020,current_expected_weather,9.563547134399414
2020,Tolna,wheat,6.19,6.156,2019-2020,current_expected_weather,6.125771522521973
2020,Vas,barley,5.79,4.95,2019-2020,current_expected_weather,5.474905014038086
2020,Vas,maize,9.77,7.66,2019-2020,current_expected_weather,7.8691725730896
2020,Vas,wheat,6.23,5.518,2019-2020,current_expected_weather,5.7658371925354
2020,Veszprém,barley,5.22,4.298,2019-2020,current_expected_weather,4.789056777954102
2020,Veszprém,maize,7.84,6.452,2019-2020,current_expected_weather,7.705592632293701
2020,Veszprém,wheat,5.08,4.722,2019-2020,current_expected_weather,5.1505327224731445
2020,Zala,barley,6.08,5.248,2019-2020,current_expected_weather,5.57675838470459
2020,Zala,maize,9.72,7.938,2019-2020,current_expected_weather,7.521846294403076
2020,Zala,wheat,6.41,5.524,2019-2020,current_expected_weather,5.715656280517578
2019,Bács-Kiskun,barley,5.61,4.692,2019-2020,current_historical_median,5.174633026123047
2019,Bács-Kiskun,maize,7.27,7.126,2019-2020,current_historical_median,6.788352012634277
2019,Bács-Kiskun,wheat,5.18,5.152,2019-2020,current_historical_median,5.55431604385376
2019,Baranya,barley,6.52,5.67,2019-2020,current_historical_median,5.760994911193848
2019,Baranya,maize,9.45,8.208,2019-2020,current_historical_median,7.10892915725708
2019,Baranya,wheat,6.19,6.114,2019-2020,current_historical_median,5.8485636711120605
2019,Békés,barley,5.09,4.614,2019-2020,current_historical_median,4.615026950836182
2019,Békés,maize,8.12,7.328,2019-2020,current_historical_median,7.70149040222168
2019,Békés,wheat,4.59,4.938,2019-2020,current_historical_median,5.18994665145874
2019,Borsod-Abaúj-Zemplén,barley,5.27,4.88,2019-2020,current_historical_median,4.975556373596191
2019,Borsod-Abaúj-Zemplén,maize,8.67,7.172,2019-2020,current_historical_median,6.496353626251221
2019,Borsod-Abaúj-Zemplén,wheat,5.35,5.186,2019-2020,current_historical_median,5.2517218589782715
2019,Csongrád-Csanád,barley,4.89,4.44,2019-2020,current_historical_median,4.682098388671875
2019,Csongrád-Csanád,maize,6.85,6.438,2019-2020,current_historical_median,6.97591495513916
2019,Csongrád-Csanád,wheat,4.45,4.81,2019-2020,current_historical_median,5.110774040222168
2019,Fejér,barley,6.22,5.63,2019-2020,current_historical_median,5.922610759735107
2019,Fejér,maize,8.08,8.144,2019-2020,current_historical_median,6.976619243621826
2019,Fejér,wheat,5.59,5.816,2019-2020,current_historical_median,5.946567058563232
2019,Győr-Moson-Sopron,barley,5.46,4.88,2019-2020,current_historical_median,5.139257907867432
2019,Győr-Moson-Sopron,maize,6.32,7.294,2019-2020,current_historical_median,6.646749973297119
2019,Győr-Moson-Sopron,wheat,5.42,5.046,2019-2020,current_historical_median,5.43031120300293
2019,Hajdú-Bihar,barley,5.83,5.058,2019-2020,current_historical_median,5.344502925872803
2019,Hajdú-Bihar,maize,8.76,7.908,2019-2020,current_historical_median,7.096024513244629
2019,Hajdú-Bihar,wheat,5.44,5.408,2019-2020,current_historical_median,5.647512435913086
2019,Heves,barley,6.04,4.692,2019-2020,current_historical_median,4.9066009521484375
2019,Heves,maize,8.71,6.006,2019-2020,current_historical_median,6.738266944885254
2019,Heves,wheat,5.44,4.738,2019-2020,current_historical_median,4.909958839416504
2019,Jász-Nagykun-Szolnok,barley,5.4,4.726,2019-2020,current_historical_median,4.87053108215332
2019,Jász-Nagykun-Szolnok,maize,6.2,5.6,2019-2020,current_historical_median,6.147043704986572
2019,Jász-Nagykun-Szolnok,wheat,4.98,4.564,2019-2020,current_historical_median,4.599481105804443
2019,Komárom-Esztergom,barley,5.75,4.83,2019-2020,current_historical_median,5.085999011993408
2019,Komárom-Esztergom,maize,7.5,7.304,2019-2020,current_historical_median,7.030823230743408
2019,Komárom-Esztergom,wheat,5.6,5.108,2019-2020,current_historical_median,5.413835525512695
2019,Nógrád,barley,4.38,3.642,2019-2020,current_historical_median,3.887467384338379
2019,Nógrád,maize,6.74,4.96,2019-2020,current_historical_median,5.331061363220215
2019,Nógrád,wheat,5.59,4.396,2019-2020,current_historical_median,4.5312418937683105
2019,Pest,barley,4.74,4.586,2019-2020,current_historical_median,4.921262741088867
2019,Pest,maize,7.65,6.962,2019-2020,current_historical_median,6.953700065612793
2019,Pest,wheat,4.74,4.806,2019-2020,current_historical_median,5.2291259765625
2019,Somogy,barley,6.44,5.154,2019-2020,current_historical_median,5.459501266479492
2019,Somogy,maize,9.72,8.718,2019-2020,current_historical_median,6.890669822692871
2019,Somogy,wheat,5.97,5.628,2019-2020,current_historical_median,5.773693084716797
2019,Szabolcs-Szatmár-Bereg,barley,4.92,4.21,2019-2020,current_historical_median,4.5832343101501465
2019,Szabolcs-Szatmár-Bereg,maize,7.35,6.98,2019-2020,current_historical_median,6.609580993652344
2019,Szabolcs-Szatmár-Bereg,wheat,4.94,4.97,2019-2020,current_historical_median,5.336038589477539
2019,Tolna,barley,6.32,5.908,2019-2020,current_historical_median,6.191286087036133
2019,Tolna,maize,8.99,8.764,2019-2020,current_historical_median,7.580753326416016
2019,Tolna,wheat,5.92,6.142,2019-2020,current_historical_median,5.99977970123291
2019,Vas,barley,6.07,4.646,2019-2020,current_historical_median,4.739473819732666
2019,Vas,maize,8.48,7.702,2019-2020,current_historical_median,6.828989028930664
2019,Vas,wheat,5.96,5.35,2019-2020,current_historical_median,5.473843574523926
2019,Veszprém,barley,4.99,4.094,2019-2020,current_historical_median,4.335618495941162
2019,Veszprém,maize,6.94,6.458,2019-2020,current_historical_median,7.136465549468994
2019,Veszprém,wheat,4.93,4.598,2019-2020,current_historical_median,4.5818047523498535
2019,Zala,barley,6.01,5.004,2019-2020,current_historical_median,5.249367713928223
2019,Zala,maize,8.76,7.756,2019-2020,current_historical_median,6.749489784240723
2019,Zala,wheat,5.79,5.408,2019-2020,current_historical_median,5.449293613433838
2020,Bács-Kiskun,barley,6.14,4.974,2019-2020,current_historical_median,5.440881729125977
2020,Bács-Kiskun,maize,7.3,7.03,2019-2020,current_historical_median,6.846635818481445
2020,Bács-Kiskun,wheat,5.74,5.266,2019-2020,current_historical_median,5.634586811065674
2020,Baranya,barley,6.6,5.986,2019-2020,current_historical_median,6.103482246398926
2020,Baranya,maize,8.11,8.38,2019-2020,current_historical_median,7.364238739013672
2020,Baranya,wheat,6.38,6.186,2019-2020,current_historical_median,6.64655065536499
2020,Békés,barley,5.48,4.938,2019-2020,current_historical_median,5.2295918464660645
2020,Békés,maize,9.1,7.428,2019-2020,current_historical_median,7.70149040222168
2020,Békés,wheat,5.36,5.094,2019-2020,current_historical_median,5.37257194519043
2020,Borsod-Abaúj-Zemplén,barley,5.46,5.012,2019-2020,current_historical_median,5.244926929473877
2020,Borsod-Abaúj-Zemplén,maize,9.17,7.354,2019-2020,current_historical_median,6.852530479431152
2020,Borsod-Abaúj-Zemplén,wheat,5.34,5.296,2019-2020,current_historical_median,5.486319541931152
2020,Csongrád-Csanád,barley,4.67,4.628,2019-2020,current_historical_median,4.777993679046631
2020,Csongrád-Csanád,maize,7.61,6.428,2019-2020,current_historical_median,6.729622840881348
2020,Csongrád-Csanád,wheat,4.62,4.902,2019-2020,current_historical_median,5.386968612670898
2020,Fejér,barley,5.98,5.846,2019-2020,current_historical_median,5.886101245880127
2020,Fejér,maize,7.74,8.084,2019-2020,current_historical_median,6.976619243621826
2020,Fejér,wheat,5.59,5.806,2019-2020,current_historical_median,5.946567058563232
2020,Győr-Moson-Sopron,barley,5.14,4.98,2019-2020,current_historical_median,5.339272499084473
2020,Győr-Moson-Sopron,maize,7.21,6.92,2019-2020,current_historical_median,6.620769500732422
2020,Győr-Moson-Sopron,wheat,5.24,5.082,2019-2020,current_historical_median,5.43031120300293
2020,Hajdú-Bihar,barley,6.26,5.292,2019-2020,current_historical_median,5.561825752258301
2020,Hajdú-Bihar,maize,10.08,8.276,2019-2020,current_historical_median,7.1418352127075195
2020,Hajdú-Bihar,wheat,5.54,5.488,2019-2020,current_historical_median,5.614926338195801
2020,Heves,barley,5.64,5.086,2019-2020,current_historical_median,5.314813613891602
2020,Heves,maize,6.61,6.584,2019-2020,current_historical_median,7.454107761383057
2020,Heves,wheat,4.98,4.986,2019-2020,current_historical_median,5.327993869781494
2020,Jász-Nagykun-Szolnok,barley,5.51,4.974,2019-2020,current_historical_median,5.2589921951293945
2020,Jász-Nagykun-Szolnok,maize,6.92,5.676,2019-2020,current_historical_median,6.151744365692139
2020,Jász-Nagykun-Szolnok,wheat,5.13,4.786,2019-2020,current_historical_median,5.004864692687988
2020,Komárom-Esztergom,barley,5.36,5.14,2019-2020,current_historical_median,5.403310298919678
2020,Komárom-Esztergom,maize,7.83,7.438,2019-2020,current_historical_median,7.224893093109131
2020,Komárom-Esztergom,wheat,5.19,5.324,2019-2020,current_historical_median,5.578981399536133
2020,Nógrád,barley,3.94,3.91,2019-2020,current_historical_median,4.091463565826416
2020,Nógrád,maize,6.39,5.508,2019-2020,current_historical_median,5.764543056488037
2020,Nógrád,wheat,5.11,4.73,2019-2020,current_historical_median,4.821147441864014
2020,Pest,barley,4.78,4.642,2019-2020,current_historical_median,4.993535041809082
2020,Pest,maize,8.22,7.022,2019-2020,current_historical_median,6.953700065612793
2020,Pest,wheat,4.58,4.826,2019-2020,current_historical_median,5.296419143676758
2020,Somogy,barley,6.22,5.482,2019-2020,current_historical_median,5.604915142059326
2020,Somogy,maize,10.3,8.86,2019-2020,current_historical_median,7.0704498291015625
2020,Somogy,wheat,6.32,5.722,2019-2020,current_historical_median,5.652817249298096
2020,Szabolcs-Szatmár-Bereg,barley,4.91,4.46,2019-2020,current_historical_median,4.700610160827637
2020,Szabolcs-Szatmár-Bereg,maize,8.47,6.864,2019-2020,current_historical_median,6.799167633056641
2020,Szabolcs-Szatmár-Bereg,wheat,5.06,5.0,2019-2020,current_historical_median,5.3933539390563965
2020,Tolna,barley,6.86,6.048,2019-2020,current_historical_median,6.211359977722168
2020,Tolna,maize,9.42,8.724,2019-2020,current_historical_median,7.580753326416016
2020,Tolna,wheat,6.19,6.156,2019-2020,current_historical_median,6.063967704772949
2020,Vas,barley,5.79,4.95,2019-2020,current_historical_median,5.24351692199707
2020,Vas,maize,9.77,7.66,2019-2020,current_historical_median,6.868062973022461
2020,Vas,wheat,6.23,5.518,2019-2020,current_historical_median,5.5842509269714355
2020,Veszprém,barley,5.22,4.298,2019-2020,current_historical_median,4.4536871910095215
2020,Veszprém,maize,7.84,6.452,2019-2020,current_historical_median,7.134804725646973
2020,Veszprém,wheat,5.08,4.722,2019-2020,current_historical_median,4.869779586791992
2020,Zala,barley,6.08,5.248,2019-2020,current_historical_median,5.3391499519348145
2020,Zala,maize,9.72,7.938,2019-2020,current_historical_median,6.777236461639404
2020,Zala,wheat,6.41,5.524,2019-2020,current_historical_median,5.4691338539123535
2019,Bács-Kiskun,barley,5.61,4.692,2019-2020,v2_actual_weather,5.178987979888916
2019,Bács-Kiskun,maize,7.27,7.126,2019-2020,v2_actual_weather,7.317198753356934
2019,Bács-Kiskun,wheat,5.18,5.152,2019-2020,v2_actual_weather,5.654201984405518
2019,Baranya,barley,6.52,5.67,2019-2020,v2_actual_weather,6.120699405670166
2019,Baranya,maize,9.45,8.208,2019-2020,v2_actual_weather,8.910436630249023
2019,Baranya,wheat,6.19,6.114,2019-2020,v2_actual_weather,6.356649875640869
2019,Békés,barley,5.09,4.614,2019-2020,v2_actual_weather,5.0439229011535645
2019,Békés,maize,8.12,7.328,2019-2020,v2_actual_weather,7.571162223815918
2019,Békés,wheat,4.59,4.938,2019-2020,v2_actual_weather,5.724155902862549
2019,Borsod-Abaúj-Zemplén,barley,5.27,4.88,2019-2020,v2_actual_weather,5.094041347503662
2019,Borsod-Abaúj-Zemplén,maize,8.67,7.172,2019-2020,v2_actual_weather,7.589215278625488
2019,Borsod-Abaúj-Zemplén,wheat,5.35,5.186,2019-2020,v2_actual_weather,5.514467239379883
2019,Csongrád-Csanád,barley,4.89,4.44,2019-2020,v2_actual_weather,4.963500499725342
2019,Csongrád-Csanád,maize,6.85,6.438,2019-2020,v2_actual_weather,6.960244178771973
2019,Csongrád-Csanád,wheat,4.45,4.81,2019-2020,v2_actual_weather,5.35304069519043
2019,Fejér,barley,6.22,5.63,2019-2020,v2_actual_weather,5.952947616577148
2019,Fejér,maize,8.08,8.144,2019-2020,v2_actual_weather,7.167809009552002
2019,Fejér,wheat,5.59,5.816,2019-2020,v2_actual_weather,6.011707782745361
2019,Győr-Moson-Sopron,barley,5.46,4.88,2019-2020,v2_actual_weather,5.25450325012207
2019,Győr-Moson-Sopron,maize,6.32,7.294,2019-2020,v2_actual_weather,7.108184337615967
2019,Győr-Moson-Sopron,wheat,5.42,5.046,2019-2020,v2_actual_weather,5.68002462387085
2019,Hajdú-Bihar,barley,5.83,5.058,2019-2020,v2_actual_weather,5.723440647125244
2019,Hajdú-Bihar,maize,8.76,7.908,2019-2020,v2_actual_weather,7.426969051361084
2019,Hajdú-Bihar,wheat,5.44,5.408,2019-2020,v2_actual_weather,5.934298038482666
2019,Heves,barley,6.04,4.692,2019-2020,v2_actual_weather,5.159428596496582
2019,Heves,maize,8.71,6.006,2019-2020,v2_actual_weather,7.004311561584473
2019,Heves,wheat,5.44,4.738,2019-2020,v2_actual_weather,5.159884452819824
2019,Jász-Nagykun-Szolnok,barley,5.4,4.726,2019-2020,v2_actual_weather,5.121949195861816
2019,Jász-Nagykun-Szolnok,maize,6.2,5.6,2019-2020,v2_actual_weather,5.226073265075684
2019,Jász-Nagykun-Szolnok,wheat,4.98,4.564,2019-2020,v2_actual_weather,4.896592140197754
2019,Komárom-Esztergom,barley,5.75,4.83,2019-2020,v2_actual_weather,5.1366801261901855
2019,Komárom-Esztergom,maize,7.5,7.304,2019-2020,v2_actual_weather,6.554905414581299
2019,Komárom-Esztergom,wheat,5.6,5.108,2019-2020,v2_actual_weather,5.56956148147583
2019,Nógrád,barley,4.38,3.642,2019-2020,v2_actual_weather,4.047115802764893
2019,Nógrád,maize,6.74,4.96,2019-2020,v2_actual_weather,6.241427898406982
2019,Nógrád,wheat,5.59,4.396,2019-2020,v2_actual_weather,4.679538249969482
2019,Pest,barley,4.74,4.586,2019-2020,v2_actual_weather,5.030333995819092
2019,Pest,maize,7.65,6.962,2019-2020,v2_actual_weather,6.420703887939453
2019,Pest,wheat,4.74,4.806,2019-2020,v2_actual_weather,5.290358066558838
2019,Somogy,barley,6.44,5.154,2019-2020,v2_actual_weather,5.805845737457275
2019,Somogy,maize,9.72,8.718,2019-2020,v2_actual_weather,8.508349418640137
2019,Somogy,wheat,5.97,5.628,2019-2020,v2_actual_weather,6.025108337402344
2019,Szabolcs-Szatmár-Bereg,barley,4.92,4.21,2019-2020,v2_actual_weather,4.815601825714111
2019,Szabolcs-Szatmár-Bereg,maize,7.35,6.98,2019-2020,v2_actual_weather,6.298398494720459
2019,Szabolcs-Szatmár-Bereg,wheat,4.94,4.97,2019-2020,v2_actual_weather,5.648929595947266
2019,Tolna,barley,6.32,5.908,2019-2020,v2_actual_weather,6.4269537925720215
2019,Tolna,maize,8.99,8.764,2019-2020,v2_actual_weather,8.272405624389648
2019,Tolna,wheat,5.92,6.142,2019-2020,v2_actual_weather,6.335150718688965
2019,Vas,barley,6.07,4.646,2019-2020,v2_actual_weather,4.797514915466309
2019,Vas,maize,8.48,7.702,2019-2020,v2_actual_weather,8.178816795349121
2019,Vas,wheat,5.96,5.35,2019-2020,v2_actual_weather,5.647928237915039
2019,Veszprém,barley,4.99,4.094,2019-2020,v2_actual_weather,4.472706317901611
2019,Veszprém,maize,6.94,6.458,2019-2020,v2_actual_weather,6.458442211151123
2019,Veszprém,wheat,4.93,4.598,2019-2020,v2_actual_weather,4.803884506225586
2019,Zala,barley,6.01,5.004,2019-2020,v2_actual_weather,5.4838128089904785
2019,Zala,maize,8.76,7.756,2019-2020,v2_actual_weather,8.30612564086914
2019,Zala,wheat,5.79,5.408,2019-2020,v2_actual_weather,5.664036750793457
2020,Bács-Kiskun,barley,6.14,4.974,2019-2020,v2_actual_weather,5.693233489990234
2020,Bács-Kiskun,maize,7.3,7.03,2019-2020,v2_actual_weather,6.494185924530029
2020,Bács-Kiskun,wheat,5.74,5.266,2019-2020,v2_actual_weather,5.891236782073975
2020,Baranya,barley,6.6,5.986,2019-2020,v2_actual_weather,6.334090709686279
2020,Baranya,maize,8.11,8.38,2019-2020,v2_actual_weather,8.322478294372559
2020,Baranya,wheat,6.38,6.186,2019-2020,v2_actual_weather,6.557350158691406
2020,Békés,barley,5.48,4.938,2019-2020,v2_actual_weather,5.713379383087158
2020,Békés,maize,9.1,7.428,2019-2020,v2_actual_weather,8.918414115905762
2020,Békés,wheat,5.36,5.094,2019-2020,v2_actual_weather,5.7763519287109375
2020,Borsod-Abaúj-Zemplén,barley,5.46,5.012,2019-2020,v2_actual_weather,5.352326393127441
2020,Borsod-Abaúj-Zemplén,maize,9.17,7.354,2019-2020,v2_actual_weather,7.75703763961792
2020,Borsod-Abaúj-Zemplén,wheat,5.34,5.296,2019-2020,v2_actual_weather,5.574210166931152
2020,Csongrád-Csanád,barley,4.67,4.628,2019-2020,v2_actual_weather,5.041224002838135
2020,Csongrád-Csanád,maize,7.61,6.428,2019-2020,v2_actual_weather,7.91191291809082
2020,Csongrád-Csanád,wheat,4.62,4.902,2019-2020,v2_actual_weather,5.711833953857422
2020,Fejér,barley,5.98,5.846,2019-2020,v2_actual_weather,5.989602088928223
2020,Fejér,maize,7.74,8.084,2019-2020,v2_actual_weather,6.975152969360352
2020,Fejér,wheat,5.59,5.806,2019-2020,v2_actual_weather,6.006936073303223
2020,Győr-Moson-Sopron,barley,5.14,4.98,2019-2020,v2_actual_weather,5.531874656677246
2020,Győr-Moson-Sopron,maize,7.21,6.92,2019-2020,v2_actual_weather,7.6662750244140625
2020,Győr-Moson-Sopron,wheat,5.24,5.082,2019-2020,v2_actual_weather,5.594847202301025
2020,Hajdú-Bihar,barley,6.26,5.292,2019-2020,v2_actual_weather,5.742530345916748
2020,Hajdú-Bihar,maize,10.08,8.276,2019-2020,v2_actual_weather,8.52331829071045
2020,Hajdú-Bihar,wheat,5.54,5.488,2019-2020,v2_actual_weather,5.773830413818359
2020,Heves,barley,5.64,5.086,2019-2020,v2_actual_weather,5.602499961853027
2020,Heves,maize,6.61,6.584,2019-2020,v2_actual_weather,7.553754806518555
2020,Heves,wheat,4.98,4.986,2019-2020,v2_actual_weather,5.612473964691162
2020,Jász-Nagykun-Szolnok,barley,5.51,4.974,2019-2020,v2_actual_weather,5.581609725952148
2020,Jász-Nagykun-Szolnok,maize,6.92,5.676,2019-2020,v2_actual_weather,6.630484104156494
2020,Jász-Nagykun-Szolnok,wheat,5.13,4.786,2019-2020,v2_actual_weather,5.178734302520752
2020,Komárom-Esztergom,barley,5.36,5.14,2019-2020,v2_actual_weather,5.490652084350586
2020,Komárom-Esztergom,maize,7.83,7.438,2019-2020,v2_actual_weather,8.16457748413086
2020,Komárom-Esztergom,wheat,5.19,5.324,2019-2020,v2_actual_weather,5.663516044616699
2020,Nógrád,barley,3.94,3.91,2019-2020,v2_actual_weather,4.2494587898254395
2020,Nógrád,maize,6.39,5.508,2019-2020,v2_actual_weather,6.553989410400391
2020,Nógrád,wheat,5.11,4.73,2019-2020,v2_actual_weather,4.992534637451172
2020,Pest,barley,4.78,4.642,2019-2020,v2_actual_weather,4.8827433586120605
2020,Pest,maize,8.22,7.022,2019-2020,v2_actual_weather,7.674092769622803
2020,Pest,wheat,4.58,4.826,2019-2020,v2_actual_weather,5.19306755065918
2020,Somogy,barley,6.22,5.482,2019-2020,v2_actual_weather,5.876966953277588
2020,Somogy,maize,10.3,8.86,2019-2020,v2_actual_weather,8.32793140411377
2020,Somogy,wheat,6.32,5.722,2019-2020,v2_actual_weather,6.012637615203857
2020,Szabolcs-Szatmár-Bereg,barley,4.91,4.46,2019-2020,v2_actual_weather,4.855208873748779
2020,Szabolcs-Szatmár-Bereg,maize,8.47,6.864,2019-2020,v2_actual_weather,7.4423604011535645
2020,Szabolcs-Szatmár-Bereg,wheat,5.06,5.0,2019-2020,v2_actual_weather,5.621947765350342
2020,Tolna,barley,6.86,6.048,2019-2020,v2_actual_weather,6.4269537925720215
2020,Tolna,maize,9.42,8.724,2019-2020,v2_actual_weather,7.047485828399658
2020,Tolna,wheat,6.19,6.156,2019-2020,v2_actual_weather,6.360275745391846
2020,Vas,barley,5.79,4.95,2019-2020,v2_actual_weather,5.441880702972412
2020,Vas,maize,9.77,7.66,2019-2020,v2_actual_weather,7.848380088806152
2020,Vas,wheat,6.23,5.518,2019-2020,v2_actual_weather,5.6943278312683105
2020,Veszprém,barley,5.22,4.298,2019-2020,v2_actual_weather,4.77007532119751
2020,Veszprém,maize,7.84,6.452,2019-2020,v2_actual_weather,7.2416839599609375
2020,Veszprém,wheat,5.08,4.722,2019-2020,v2_actual_weather,5.167208671569824
2020,Zala,barley,6.08,5.248,2019-2020,v2_actual_weather,5.755748748779297
2020,Zala,maize,9.72,7.938,2019-2020,v2_actual_weather,7.8941731452941895
2020,Zala,wheat,6.41,5.524,2019-2020,v2_actual_weather,5.839980602264404
2019,Bács-Kiskun,barley,5.61,4.692,2019-2020,v2_expected_weather,5.320234775543213
2019,Bács-Kiskun,maize,7.27,7.126,2019-2020,v2_expected_weather,7.4533538818359375
2019,Bács-Kiskun,wheat,5.18,5.152,2019-2020,v2_expected_weather,5.785825729370117
2019,Baranya,barley,6.52,5.67,2019-2020,v2_expected_weather,6.0375895500183105
2019,Baranya,maize,9.45,8.208,2019-2020,v2_expected_weather,8.910436630249023
2019,Baranya,wheat,6.19,6.114,2019-2020,v2_expected_weather,6.273540019989014
2019,Békés,barley,5.09,4.614,2019-2020,v2_expected_weather,5.050479888916016
2019,Békés,maize,8.12,7.328,2019-2020,v2_expected_weather,7.569112300872803
2019,Békés,wheat,4.59,4.938,2019-2020,v2_expected_weather,5.730712890625
2019,Borsod-Abaúj-Zemplén,barley,5.27,4.88,2019-2020,v2_expected_weather,4.9565935134887695
2019,Borsod-Abaúj-Zemplén,maize,8.67,7.172,2019-2020,v2_expected_weather,7.476378440856934
2019,Borsod-Abaúj-Zemplén,wheat,5.35,5.186,2019-2020,v2_expected_weather,5.388046741485596
2019,Csongrád-Csanád,barley,4.89,4.44,2019-2020,v2_expected_weather,5.041188716888428
2019,Csongrád-Csanád,maize,6.85,6.438,2019-2020,v2_expected_weather,5.932711124420166
2019,Csongrád-Csanád,wheat,4.45,4.81,2019-2020,v2_expected_weather,5.430728912353516
2019,Fejér,barley,6.22,5.63,2019-2020,v2_expected_weather,5.982567310333252
2019,Fejér,maize,8.08,8.144,2019-2020,v2_expected_weather,8.254054069519043
2019,Fejér,wheat,5.59,5.816,2019-2020,v2_expected_weather,6.041327476501465
2019,Győr-Moson-Sopron,barley,5.46,4.88,2019-2020,v2_expected_weather,5.26569938659668
2019,Győr-Moson-Sopron,maize,6.32,7.294,2019-2020,v2_expected_weather,8.507540702819824
2019,Győr-Moson-Sopron,wheat,5.42,5.046,2019-2020,v2_expected_weather,5.691220760345459
2019,Hajdú-Bihar,barley,5.83,5.058,2019-2020,v2_expected_weather,5.675614833831787
2019,Hajdú-Bihar,maize,8.76,7.908,2019-2020,v2_expected_weather,7.352339267730713
2019,Hajdú-Bihar,wheat,5.44,5.408,2019-2020,v2_expected_weather,5.886472225189209
2019,Heves,barley,6.04,4.692,2019-2020,v2_expected_weather,5.0868048667907715
2019,Heves,maize,8.71,6.006,2019-2020,v2_expected_weather,6.607298851013184
2019,Heves,wheat,5.44,4.738,2019-2020,v2_expected_weather,5.087260723114014
2019,Jász-Nagykun-Szolnok,barley,5.4,4.726,2019-2020,v2_expected_weather,5.216042518615723
2019,Jász-Nagykun-Szolnok,maize,6.2,5.6,2019-2020,v2_expected_weather,5.153002738952637
2019,Jász-Nagykun-Szolnok,wheat,4.98,4.564,2019-2020,v2_expected_weather,4.99068546295166
2019,Komárom-Esztergom,barley,5.75,4.83,2019-2020,v2_expected_weather,5.1366801261901855
2019,Komárom-Esztergom,maize,7.5,7.304,2019-2020,v2_expected_weather,8.353050231933594
2019,Komárom-Esztergom,wheat,5.6,5.108,2019-2020,v2_expected_weather,5.56956148147583
2019,Nógrád,barley,4.38,3.642,2019-2020,v2_expected_weather,3.99300479888916
2019,Nógrád,maize,6.74,4.96,2019-2020,v2_expected_weather,6.291707992553711
2019,Nógrád,wheat,5.59,4.396,2019-2020,v2_expected_weather,4.625427722930908
2019,Pest,barley,4.74,4.586,2019-2020,v2_expected_weather,4.921986103057861
2019,Pest,maize,7.65,6.962,2019-2020,v2_expected_weather,7.551753520965576
2019,Pest,wheat,4.74,4.806,2019-2020,v2_expected_weather,5.17238712310791
2019,Somogy,barley,6.44,5.154,2019-2020,v2_expected_weather,5.733664035797119
2019,Somogy,maize,9.72,8.718,2019-2020,v2_expected_weather,8.583169937133789
2019,Somogy,wheat,5.97,5.628,2019-2020,v2_expected_weather,5.9529266357421875
2019,Szabolcs-Szatmár-Bereg,barley,4.92,4.21,2019-2020,v2_expected_weather,4.772419452667236
2019,Szabolcs-Szatmár-Bereg,maize,7.35,6.98,2019-2020,v2_expected_weather,6.2896037101745605
2019,Szabolcs-Szatmár-Bereg,wheat,4.94,4.97,2019-2020,v2_expected_weather,5.596124172210693
2019,Tolna,barley,6.32,5.908,2019-2020,v2_expected_weather,6.456573486328125
2019,Tolna,maize,8.99,8.764,2019-2020,v2_expected_weather,8.988962173461914
2019,Tolna,wheat,5.92,6.142,2019-2020,v2_expected_weather,6.364770412445068
2019,Vas,barley,6.07,4.646,2019-2020,v2_expected_weather,4.816757678985596
2019,Vas,maize,8.48,7.702,2019-2020,v2_expected_weather,8.301185607910156
2019,Vas,wheat,5.96,5.35,2019-2020,v2_expected_weather,5.667171001434326
2019,Veszprém,barley,4.99,4.094,2019-2020,v2_expected_weather,4.491949081420898
2019,Veszprém,maize,6.94,6.458,2019-2020,v2_expected_weather,7.2508111000061035
2019,Veszprém,wheat,4.93,4.598,2019-2020,v2_expected_weather,4.823127269744873
2019,Zala,barley,6.01,5.004,2019-2020,v2_expected_weather,5.4838128089904785
2019,Zala,maize,8.76,7.756,2019-2020,v2_expected_weather,8.226740837097168
2019,Zala,wheat,5.79,5.408,2019-2020,v2_expected_weather,5.664036750793457
2020,Bács-Kiskun,barley,6.14,4.974,2019-2020,v2_expected_weather,5.722853183746338
2020,Bács-Kiskun,maize,7.3,7.03,2019-2020,v2_expected_weather,7.9906439781188965
2020,Bács-Kiskun,wheat,5.74,5.266,2019-2020,v2_expected_weather,5.920856475830078
2020,Baranya,barley,6.6,5.986,2019-2020,v2_expected_weather,6.38226842880249
2020,Baranya,maize,8.11,8.38,2019-2020,v2_expected_weather,9.016651153564453
2020,Baranya,wheat,6.38,6.186,2019-2020,v2_expected_weather,6.605527877807617
2020,Békés,barley,5.48,4.938,2019-2020,v2_expected_weather,5.713379383087158
2020,Békés,maize,9.1,7.428,2019-2020,v2_expected_weather,7.589132308959961
2020,Békés,wheat,5.36,5.094,2019-2020,v2_expected_weather,5.7763519287109375
2020,Borsod-Abaúj-Zemplén,barley,5.46,5.012,2019-2020,v2_expected_weather,5.352326393127441
2020,Borsod-Abaúj-Zemplén,maize,9.17,7.354,2019-2020,v2_expected_weather,8.125755310058594
2020,Borsod-Abaúj-Zemplén,wheat,5.34,5.296,2019-2020,v2_expected_weather,5.574210166931152
2020,Csongrád-Csanád,barley,4.67,4.628,2019-2020,v2_expected_weather,5.041224002838135
2020,Csongrád-Csanád,maize,7.61,6.428,2019-2020,v2_expected_weather,6.317065238952637
2020,Csongrád-Csanád,wheat,4.62,4.902,2019-2020,v2_expected_weather,5.711833953857422
2020,Fejér,barley,5.98,5.846,2019-2020,v2_expected_weather,6.023993492126465
2020,Fejér,maize,7.74,8.084,2019-2020,v2_expected_weather,8.759641647338867
2020,Fejér,wheat,5.59,5.806,2019-2020,v2_expected_weather,6.041327476501465
2020,Győr-Moson-Sopron,barley,5.14,4.98,2019-2020,v2_expected_weather,5.635608196258545
2020,Győr-Moson-Sopron,maize,7.21,6.92,2019-2020,v2_expected_weather,8.008827209472656
2020,Győr-Moson-Sopron,wheat,5.24,5.082,2019-2020,v2_expected_weather,5.698580741882324
2020,Hajdú-Bihar,barley,6.26,5.292,2019-2020,v2_expected_weather,5.953854560852051
2020,Hajdú-Bihar,maize,10.08,8.276,2019-2020,v2_expected_weather,7.352339267730713
2020,Hajdú-Bihar,wheat,5.54,5.488,2019-2020,v2_expected_weather,5.985154628753662
2020,Heves,barley,5.64,5.086,2019-2020,v2_expected_weather,5.513696193695068
2020,Heves,maize,6.61,6.584,2019-2020,v2_expected_weather,6.851970672607422
2020,Heves,wheat,4.98,4.986,2019-2020,v2_expected_weather,5.523670196533203
2020,Jász-Nagykun-Szolnok,barley,5.51,4.974,2019-2020,v2_expected_weather,5.652740955352783
2020,Jász-Nagykun-Szolnok,maize,6.92,5.676,2019-2020,v2_expected_weather,5.181717872619629
2020,Jász-Nagykun-Szolnok,wheat,5.13,4.786,2019-2020,v2_expected_weather,5.249865531921387
2020,Komárom-Esztergom,barley,5.36,5.14,2019-2020,v2_expected_weather,5.552227973937988
2020,Komárom-Esztergom,maize,7.83,7.438,2019-2020,v2_expected_weather,8.454599380493164
2020,Komárom-Esztergom,wheat,5.19,5.324,2019-2020,v2_expected_weather,5.725091934204102
2020,Nógrád,barley,3.94,3.91,2019-2020,v2_expected_weather,4.195348262786865
2020,Nógrád,maize,6.39,5.508,2019-2020,v2_expected_weather,6.667733669281006
2020,Nógrád,wheat,5.11,4.73,2019-2020,v2_expected_weather,4.938424110412598
2020,Pest,barley,4.78,4.642,2019-2020,v2_expected_weather,4.921986103057861
2020,Pest,maize,8.22,7.022,2019-2020,v2_expected_weather,7.505490303039551
2020,Pest,wheat,4.58,4.826,2019-2020,v2_expected_weather,5.222687244415283
2020,Somogy,barley,6.22,5.482,2019-2020,v2_expected_weather,5.882660865783691
2020,Somogy,maize,10.3,8.86,2019-2020,v2_expected_weather,8.664580345153809
2020,Somogy,wheat,6.32,5.722,2019-2020,v2_expected_weather,6.018331527709961
2020,Szabolcs-Szatmár-Bereg,barley,4.91,4.46,2019-2020,v2_expected_weather,4.855208873748779
2020,Szabolcs-Szatmár-Bereg,maize,8.47,6.864,2019-2020,v2_expected_weather,6.1413397789001465
2020,Szabolcs-Szatmár-Bereg,wheat,5.06,5.0,2019-2020,v2_expected_weather,5.621947765350342
2020,Tolna,barley,6.86,6.048,2019-2020,v2_expected_weather,6.456573486328125
2020,Tolna,maize,9.42,8.724,2019-2020,v2_expected_weather,9.06378173828125
2020,Tolna,wheat,6.19,6.156,2019-2020,v2_expected_weather,6.389895439147949
2020,Vas,barley,5.79,4.95,2019-2020,v2_expected_weather,5.461123466491699
2020,Vas,maize,9.77,7.66,2019-2020,v2_expected_weather,8.301185607910156
2020,Vas,wheat,6.23,5.518,2019-2020,v2_expected_weather,5.713570594787598
2020,Veszprém,barley,5.22,4.298,2019-2020,v2_expected_weather,4.659773826599121
2020,Veszprém,maize,7.84,6.452,2019-2020,v2_expected_weather,7.478673934936523
2020,Veszprém,wheat,5.08,4.722,2019-2020,v2_expected_weather,5.0569071769714355
2020,Zala,barley,6.08,5.248,2019-2020,v2_expected_weather,5.626203536987305
2020,Zala,maize,9.72,7.938,2019-2020,v2_expected_weather,8.226740837097168
2020,Zala,wheat,6.41,5.524,2019-2020,v2_expected_weather,5.7104363441467285
2019,Bács-Kiskun,barley,5.61,4.692,2019-2020,v2_historical_median,5.085604667663574
2019,Bács-Kiskun,maize,7.27,7.126,2019-2020,v2_historical_median,7.278828144073486
2019,Bács-Kiskun,wheat,5.18,5.152,2019-2020,v2_historical_median,5.562222480773926
2019,Baranya,barley,6.52,5.67,2019-2020,v2_historical_median,5.803061485290527
2019,Baranya,maize,9.45,8.208,2019-2020,v2_historical_median,8.182836532592773
2019,Baranya,wheat,6.19,6.114,2019-2020,v2_historical_median,6.050038814544678
2019,Békés,barley,5.09,4.614,2019-2020,v2_historical_median,4.729726314544678
2019,Békés,maize,8.12,7.328,2019-2020,v2_historical_median,7.555115699768066
2019,Békés,wheat,4.59,4.938,2019-2020,v2_historical_median,5.420986175537109
2019,Borsod-Abaúj-Zemplén,barley,5.27,4.88,2019-2020,v2_historical_median,4.986771583557129
2019,Borsod-Abaúj-Zemplén,maize,8.67,7.172,2019-2020,v2_historical_median,6.673181056976318
2019,Borsod-Abaúj-Zemplén,wheat,5.35,5.186,2019-2020,v2_historical_median,5.418224811553955
2019,Csongrád-Csanád,barley,4.89,4.44,2019-2020,v2_historical_median,4.721683979034424
2019,Csongrád-Csanád,maize,6.85,6.438,2019-2020,v2_historical_median,6.03944206237793
2019,Csongrád-Csanád,wheat,4.45,4.81,2019-2020,v2_historical_median,5.112627983093262
2019,Fejér,barley,6.22,5.63,2019-2020,v2_historical_median,5.765395164489746
2019,Fejér,maize,8.08,8.144,2019-2020,v2_historical_median,7.093028545379639
2019,Fejér,wheat,5.59,5.816,2019-2020,v2_historical_median,5.835182189941406
2019,Győr-Moson-Sopron,barley,5.46,4.88,2019-2020,v2_historical_median,4.991070747375488
2019,Győr-Moson-Sopron,maize,6.32,7.294,2019-2020,v2_historical_median,7.2656402587890625
2019,Győr-Moson-Sopron,wheat,5.42,5.046,2019-2020,v2_historical_median,5.427618980407715
2019,Hajdú-Bihar,barley,5.83,5.058,2019-2020,v2_historical_median,5.4525980949401855
2019,Hajdú-Bihar,maize,8.76,7.908,2019-2020,v2_historical_median,7.669020652770996
2019,Hajdú-Bihar,wheat,5.44,5.408,2019-2020,v2_historical_median,5.674482345581055
2019,Heves,barley,6.04,4.692,2019-2020,v2_historical_median,4.946111679077148
2019,Heves,maize,8.71,6.006,2019-2020,v2_historical_median,6.734098434448242
2019,Heves,wheat,5.44,4.738,2019-2020,v2_historical_median,4.95759391784668
2019,Jász-Nagykun-Szolnok,barley,5.4,4.726,2019-2020,v2_historical_median,4.919584274291992
2019,Jász-Nagykun-Szolnok,maize,6.2,5.6,2019-2020,v2_historical_median,5.468235969543457
2019,Jász-Nagykun-Szolnok,wheat,4.98,4.564,2019-2020,v2_historical_median,4.705254077911377
2019,Komárom-Esztergom,barley,5.75,4.83,2019-2020,v2_historical_median,5.017755031585693
2019,Komárom-Esztergom,maize,7.5,7.304,2019-2020,v2_historical_median,7.282596111297607
2019,Komárom-Esztergom,wheat,5.6,5.108,2019-2020,v2_historical_median,5.461663246154785
2019,Nógrád,barley,4.38,3.642,2019-2020,v2_historical_median,3.9769303798675537
2019,Nógrád,maize,6.74,4.96,2019-2020,v2_historical_median,5.6230244636535645
2019,Nógrád,wheat,5.59,4.396,2019-2020,v2_historical_median,4.609353065490723
2019,Pest,barley,4.74,4.586,2019-2020,v2_historical_median,4.82925271987915
2019,Pest,maize,7.65,6.962,2019-2020,v2_historical_median,7.1725544929504395
2019,Pest,wheat,4.74,4.806,2019-2020,v2_historical_median,5.0906805992126465
2019,Somogy,barley,6.44,5.154,2019-2020,v2_historical_median,5.503285884857178
2019,Somogy,maize,9.72,8.718,2019-2020,v2_historical_median,7.984199523925781
2019,Somogy,wheat,5.97,5.628,2019-2020,v2_historical_median,5.740108966827393
2019,Szabolcs-Szatmár-Bereg,barley,4.92,4.21,2019-2020,v2_historical_median,4.641963005065918
2019,Szabolcs-Szatmár-Bereg,maize,7.35,6.98,2019-2020,v2_historical_median,7.062175273895264
2019,Szabolcs-Szatmár-Bereg,wheat,4.94,4.97,2019-2020,v2_historical_median,5.476694107055664
2019,Tolna,barley,6.32,5.908,2019-2020,v2_historical_median,6.274591445922852
2019,Tolna,maize,8.99,8.764,2019-2020,v2_historical_median,8.029693603515625
2019,Tolna,wheat,5.92,6.142,2019-2020,v2_historical_median,6.182788372039795
2019,Vas,barley,6.07,4.646,2019-2020,v2_historical_median,4.702375888824463
2019,Vas,maize,8.48,7.702,2019-2020,v2_historical_median,7.773892402648926
2019,Vas,wheat,5.96,5.35,2019-2020,v2_historical_median,5.563815593719482
2019,Veszprém,barley,4.99,4.094,2019-2020,v2_historical_median,4.351255893707275
2019,Veszprém,maize,6.94,6.458,2019-2020,v2_historical_median,7.153252124786377
2019,Veszprém,wheat,4.93,4.598,2019-2020,v2_historical_median,4.693460464477539
2019,Zala,barley,6.01,5.004,2019-2020,v2_historical_median,5.372743129730225
2019,Zala,maize,8.76,7.756,2019-2020,v2_historical_median,7.813332557678223
2019,Zala,wheat,5.79,5.408,2019-2020,v2_historical_median,5.563993453979492
2020,Bács-Kiskun,barley,6.14,4.974,2019-2020,v2_historical_median,5.554419994354248
2020,Bács-Kiskun,maize,7.3,7.03,2019-2020,v2_historical_median,7.294894695281982
2020,Bács-Kiskun,wheat,5.74,5.266,2019-2020,v2_historical_median,5.752423286437988
2020,Baranya,barley,6.6,5.986,2019-2020,v2_historical_median,6.2498955726623535
2020,Baranya,maize,8.11,8.38,2019-2020,v2_historical_median,8.30432415008545
2020,Baranya,wheat,6.38,6.186,2019-2020,v2_historical_median,6.473155498504639
2020,Békés,barley,5.48,4.938,2019-2020,v2_historical_median,5.4826788902282715
2020,Békés,maize,9.1,7.428,2019-2020,v2_historical_median,7.555115699768066
2020,Békés,wheat,5.36,5.094,2019-2020,v2_historical_median,5.545651435852051
2020,Borsod-Abaúj-Zemplén,barley,5.46,5.012,2019-2020,v2_historical_median,5.382504463195801
2020,Borsod-Abaúj-Zemplén,maize,9.17,7.354,2019-2020,v2_historical_median,7.220103740692139
2020,Borsod-Abaúj-Zemplén,wheat,5.34,5.296,2019-2020,v2_historical_median,5.604388236999512
2020,Csongrád-Csanád,barley,4.67,4.628,2019-2020,v2_historical_median,4.800899982452393
2020,Csongrád-Csanád,maize,7.61,6.428,2019-2020,v2_historical_median,6.009640693664551
2020,Csongrád-Csanád,wheat,4.62,4.902,2019-2020,v2_historical_median,5.482536792755127
2020,Fejér,barley,5.98,5.846,2019-2020,v2_historical_median,5.843008041381836
2020,Fejér,maize,7.74,8.084,2019-2020,v2_historical_median,7.167809009552002
2020,Fejér,wheat,5.59,5.806,2019-2020,v2_historical_median,5.871368885040283
2020,Győr-Moson-Sopron,barley,5.14,4.98,2019-2020,v2_historical_median,5.424191474914551
2020,Győr-Moson-Sopron,maize,7.21,6.92,2019-2020,v2_historical_median,6.7000346183776855
2020,Győr-Moson-Sopron,wheat,5.24,5.082,2019-2020,v2_historical_median,5.498190879821777
2020,Hajdú-Bihar,barley,6.26,5.292,2019-2020,v2_historical_median,5.625622272491455
2020,Hajdú-Bihar,maize,10.08,8.276,2019-2020,v2_historical_median,7.426969051361084
2020,Hajdú-Bihar,wheat,5.54,5.488,2019-2020,v2_historical_median,5.674482345581055
2020,Heves,barley,5.64,5.086,2019-2020,v2_historical_median,5.378696918487549
2020,Heves,maize,6.61,6.584,2019-2020,v2_historical_median,7.042103290557861
2020,Heves,wheat,4.98,4.986,2019-2020,v2_historical_median,5.399697303771973
2020,Jász-Nagykun-Szolnok,barley,5.51,4.974,2019-2020,v2_historical_median,5.393903732299805
2020,Jász-Nagykun-Szolnok,maize,6.92,5.676,2019-2020,v2_historical_median,5.484011650085449
2020,Jász-Nagykun-Szolnok,wheat,5.13,4.786,2019-2020,v2_historical_median,5.0020551681518555
2020,Komárom-Esztergom,barley,5.36,5.14,2019-2020,v2_historical_median,5.433302879333496
2020,Komárom-Esztergom,maize,7.83,7.438,2019-2020,v2_historical_median,7.479354381561279
2020,Komárom-Esztergom,wheat,5.19,5.324,2019-2020,v2_historical_median,5.617193698883057
2020,Nógrád,barley,3.94,3.91,2019-2020,v2_historical_median,4.184967517852783
2020,Nógrád,maize,6.39,5.508,2019-2020,v2_historical_median,5.888771057128906
2020,Nógrád,wheat,5.11,4.73,2019-2020,v2_historical_median,4.928043365478516
2020,Pest,barley,4.78,4.642,2019-2020,v2_historical_median,4.82925271987915
2020,Pest,maize,8.22,7.022,2019-2020,v2_historical_median,7.1725544929504395
2020,Pest,wheat,4.58,4.826,2019-2020,v2_historical_median,5.1409807205200195
2020,Somogy,barley,6.22,5.482,2019-2020,v2_historical_median,5.658815860748291
2020,Somogy,maize,10.3,8.86,2019-2020,v2_historical_median,8.035016059875488
2020,Somogy,wheat,6.32,5.722,2019-2020,v2_historical_median,5.80551290512085
2020,Szabolcs-Szatmár-Bereg,barley,4.91,4.46,2019-2020,v2_historical_median,4.7247514724731445
2020,Szabolcs-Szatmár-Bereg,maize,8.47,6.864,2019-2020,v2_historical_median,6.17521858215332
2020,Szabolcs-Szatmár-Bereg,wheat,5.06,5.0,2019-2020,v2_historical_median,5.5025177001953125
2020,Tolna,barley,6.86,6.048,2019-2020,v2_historical_median,6.292912006378174
2020,Tolna,maize,9.42,8.724,2019-2020,v2_historical_median,8.029693603515625
2020,Tolna,wheat,6.19,6.156,2019-2020,v2_historical_median,6.226233959197998
2020,Vas,barley,5.79,4.95,2019-2020,v2_historical_median,5.346741676330566
2020,Vas,maize,9.77,7.66,2019-2020,v2_historical_median,7.792791366577148
2020,Vas,wheat,6.23,5.518,2019-2020,v2_historical_median,5.616748332977295
2020,Veszprém,barley,5.22,4.298,2019-2020,v2_historical_median,4.529460430145264
2020,Veszprém,maize,7.84,6.452,2019-2020,v2_historical_median,7.153252124786377
2020,Veszprém,wheat,5.08,4.722,2019-2020,v2_historical_median,4.937621116638184
2020,Zala,barley,6.08,5.248,2019-2020,v2_historical_median,5.515133857727051
2020,Zala,maize,9.72,7.938,2019-2020,v2_historical_median,7.875697135925293
2020,Zala,wheat,6.41,5.524,2019-2020,v2_historical_median,5.616926193237305
2021,Bács-Kiskun,barley,6.6,5.244,2021-2022,baseline,5.244
2021,Bács-Kiskun,maize,5.19,7.37,2021-2022,baseline,7.37
2021,Bács-Kiskun,wheat,5.78,5.408,2021-2022,baseline,5.408
2021,Baranya,barley,6.99,6.294,2021-2022,baseline,6.294
2021,Baranya,maize,6.67,8.688,2021-2022,baseline,8.688
2021,Baranya,wheat,6.14,6.306,2021-2022,baseline,6.306
2021,Békés,barley,6.39,5.036,2021-2022,baseline,5.036
2021,Békés,maize,5.21,7.998,2021-2022,baseline,7.998
2021,Békés,wheat,6.48,5.082,2021-2022,baseline,5.082
2021,Borsod-Abaúj-Zemplén,barley,6.08,5.188,2021-2022,baseline,5.188
2021,Borsod-Abaúj-Zemplén,maize,7.21,8.202,2021-2022,baseline,8.202
2021,Borsod-Abaúj-Zemplén,wheat,5.69,5.368,2021-2022,baseline,5.368
2021,Csongrád-Csanád,barley,6.56,4.688,2021-2022,baseline,4.688
2021,Csongrád-Csanád,maize,4.32,6.906,2021-2022,baseline,6.906
2021,Csongrád-Csanád,wheat,5.95,4.844,2021-2022,baseline,4.844
2021,Fejér,barley,7.09,5.884,2021-2022,baseline,5.884
2021,Fejér,maize,5.88,8.39,2021-2022,baseline,8.39
2021,Fejér,wheat,5.78,5.75,2021-2022,baseline,5.75
2021,Győr-Moson-Sopron,barley,6.09,5.03,2021-2022,baseline,5.03
2021,Győr-Moson-Sopron,maize,7.56,7.26,2021-2022,baseline,7.26
2021,Győr-Moson-Sopron,wheat,5.58,5.096,2021-2022,baseline,5.096
2021,Hajdú-Bihar,barley,7.19,5.538,2021-2022,baseline,5.538
2021,Hajdú-Bihar,maize,6.78,9.078,2021-2022,baseline,9.078
2021,Hajdú-Bihar,wheat,6.79,5.566,2021-2022,baseline,5.566
2021,Heves,barley,6.14,5.306,2021-2022,baseline,5.306
2021,Heves,maize,6.28,7.13,2021-2022,baseline,7.13
2021,Heves,wheat,5.67,5.006,2021-2022,baseline,5.006
2021,Jász-Nagykun-Szolnok,barley,5.92,5.148,2021-2022,baseline,5.148
2021,Jász-Nagykun-Szolnok,maize,5.16,6.154,2021-2022,baseline,6.154
2021,Jász-Nagykun-Szolnok,wheat,5.59,4.866,2021-2022,baseline,4.866
2021,Komárom-Esztergom,barley,6.31,5.216,2021-2022,baseline,5.216
2021,Komárom-Esztergom,maize,7.85,7.778,2021-2022,baseline,7.778
2021,Komárom-Esztergom,wheat,6.24,5.262,2021-2022,baseline,5.262
2021,Nógrád,barley,4.88,4.056,2021-2022,baseline,4.056
2021,Nógrád,maize,5.78,6.078,2021-2022,baseline,6.078
2021,Nógrád,wheat,5.05,4.94,2021-2022,baseline,4.94
2021,Pest,barley,5.69,4.688,2021-2022,baseline,4.688
2021,Pest,maize,6.09,7.566,2021-2022,baseline,7.566
2021,Pest,wheat,5.57,4.76,2021-2022,baseline,4.76
2021,Somogy,barley,6.64,5.852,2021-2022,baseline,5.852
2021,Somogy,maize,6.16,9.54,2021-2022,baseline,9.54
2021,Somogy,wheat,6.16,5.88,2021-2022,baseline,5.88
2021,Szabolcs-Szatmár-Bereg,barley,5.34,4.636,2021-2022,baseline,4.636
2021,Szabolcs-Szatmár-Bereg,maize,6.89,7.834,2021-2022,baseline,7.834
2021,Szabolcs-Szatmár-Bereg,wheat,5.91,5.036,2021-2022,baseline,5.036
2021,Tolna,barley,7.08,6.282,2021-2022,baseline,6.282
2021,Tolna,maize,4.93,9.14,2021-2022,baseline,9.14
2021,Tolna,wheat,5.98,6.178,2021-2022,baseline,6.178
2021,Vas,barley,5.81,5.17,2021-2022,baseline,5.17
2021,Vas,maize,8.23,8.392,2021-2022,baseline,8.392
2021,Vas,wheat,5.95,5.716,2021-2022,baseline,5.716
2021,Veszprém,barley,5.54,4.56,2021-2022,baseline,4.56
2021,Veszprém,maize,5.36,6.976,2021-2022,baseline,6.976
2021,Veszprém,wheat,5.26,4.842,2021-2022,baseline,4.842
2021,Zala,barley,6.13,5.544,2021-2022,baseline,5.544
2021,Zala,maize,7.32,8.622,2021-2022,baseline,8.622
2021,Zala,wheat,6.32,5.754,2021-2022,baseline,5.754
2022,Bács-Kiskun,barley,4.87,5.624,2021-2022,baseline,5.624
2022,Bács-Kiskun,maize,3.81,6.788,2021-2022,baseline,6.788
2022,Bács-Kiskun,wheat,4.46,5.48,2021-2022,baseline,5.48
2022,Baranya,barley,6.19,6.48,2021-2022,baseline,6.48
2022,Baranya,maize,4.7,8.218,2021-2022,baseline,8.218
2022,Baranya,wheat,5.46,6.25,2021-2022,baseline,6.25
2022,Békés,barley,4.1,5.288,2021-2022,baseline,5.288
2022,Békés,maize,1.85,7.294,2021-2022,baseline,7.294
2022,Békés,wheat,3.84,5.376,2021-2022,baseline,5.376
2022,Borsod-Abaúj-Zemplén,barley,5.05,5.416,2021-2022,baseline,5.416
2022,Borsod-Abaúj-Zemplén,maize,3.03,7.936,2021-2022,baseline,7.936
2022,Borsod-Abaúj-Zemplén,wheat,4.42,5.41,2021-2022,baseline,5.41
2022,Csongrád-Csanád,barley,4.47,5.144,2021-2022,baseline,5.144
2022,Csongrád-Csanád,maize,1.9,6.282,2021-2022,baseline,6.282
2022,Csongrád-Csanád,wheat,3.54,5.074,2021-2022,baseline,5.074
2022,Fejér,barley,5.58,6.132,2021-2022,baseline,6.132
2022,Fejér,maize,2.56,7.692,2021-2022,baseline,7.692
2022,Fejér,wheat,5.47,5.646,2021-2022,baseline,5.646
2022,Győr-Moson-Sopron,barley,5.36,5.23,2021-2022,baseline,5.23
2022,Győr-Moson-Sopron,maize,4.81,7.026,2021-2022,baseline,7.026
2022,Győr-Moson-Sopron,wheat,5.21,5.192,2021-2022,baseline,5.192
2022,Hajdú-Bihar,barley,4.15,5.914,2021-2022,baseline,5.914
2022,Hajdú-Bihar,maize,2.52,8.52,2021-2022,baseline,8.52
2022,Hajdú-Bihar,wheat,3.48,5.83,2021-2022,baseline,5.83
2022,Heves,barley,3.89,5.562,2021-2022,baseline,5.562
2022,Heves,maize,1.52,6.964,2021-2022,baseline,6.964
2022,Heves,wheat,3.28,5.198,2021-2022,baseline,5.198
2022,Jász-Nagykun-Szolnok,barley,3.34,5.356,2021-2022,baseline,5.356
2022,Jász-Nagykun-Szolnok,maize,2.23,5.828,2021-2022,baseline,5.828
2022,Jász-Nagykun-Szolnok,wheat,3.0,5.08,2021-2022,baseline,5.08
2022,Komárom-Esztergom,barley,4.8,5.462,2021-2022,baseline,5.462
2022,Komárom-Esztergom,maize,2.73,7.68,2021-2022,baseline,7.68
2022,Komárom-Esztergom,wheat,4.62,5.426,2021-2022,baseline,5.426
2022,Nógrád,barley,3.88,4.232,2021-2022,baseline,4.232
2022,Nógrád,maize,2.65,5.976,2021-2022,baseline,5.976
2022,Nógrád,wheat,3.57,5.03,2021-2022,baseline,5.03
2022,Pest,barley,3.49,4.898,2021-2022,baseline,4.898
2022,Pest,maize,1.55,7.302,2021-2022,baseline,7.302
2022,Pest,wheat,3.43,4.924,2021-2022,baseline,4.924
2022,Somogy,barley,5.88,5.994,2021-2022,baseline,5.994
2022,Somogy,maize,5.75,8.848,2021-2022,baseline,8.848
2022,Somogy,wheat,6.0,5.876,2021-2022,baseline,5.876
2022,Szabolcs-Szatmár-Bereg,barley,4.41,4.806,2021-2022,baseline,4.806
2022,Szabolcs-Szatmár-Bereg,maize,2.51,7.518,2021-2022,baseline,7.518
2022,Szabolcs-Szatmár-Bereg,wheat,4.09,5.248,2021-2022,baseline,5.248
2022,Tolna,barley,6.2,6.438,2021-2022,baseline,6.438
2022,Tolna,maize,4.18,8.236,2021-2022,baseline,8.236
2022,Tolna,wheat,6.12,6.096,2021-2022,baseline,6.096
2022,Vas,barley,5.72,5.382,2021-2022,baseline,5.382
2022,Vas,maize,5.95,8.278,2021-2022,baseline,8.278
2022,Vas,wheat,6.29,5.694,2021-2022,baseline,5.694
2022,Veszprém,barley,4.78,4.788,2021-2022,baseline,4.788
2022,Veszprém,maize,4.2,6.67,2021-2022,baseline,6.67
2022,Veszprém,wheat,4.79,4.88,2021-2022,baseline,4.88
2022,Zala,barley,5.5,5.674,2021-2022,baseline,5.674
2022,Zala,maize,7.14,8.412,2021-2022,baseline,8.412
2022,Zala,wheat,6.0,5.83,2021-2022,baseline,5.83
2021,Bács-Kiskun,barley,6.6,5.244,2021-2022,current_actual_weather,5.275397300720215
2021,Bács-Kiskun,maize,5.19,7.37,2021-2022,current_actual_weather,7.780721187591553
2021,Bács-Kiskun,wheat,5.78,5.408,2021-2022,current_actual_weather,5.232132911682129
2021,Baranya,barley,6.99,6.294,2021-2022,current_actual_weather,6.551964282989502
2021,Baranya,maize,6.67,8.688,2021-2022,current_actual_weather,7.595590114593506
2021,Baranya,wheat,6.14,6.306,2021-2022,current_actual_weather,6.50694465637207
2021,Békés,barley,6.39,5.036,2021-2022,current_actual_weather,5.0742411613464355
2021,Békés,maize,5.21,7.998,2021-2022,current_actual_weather,7.755092144012451
2021,Békés,wheat,6.48,5.082,2021-2022,current_actual_weather,4.984036922454834
2021,Borsod-Abaúj-Zemplén,barley,6.08,5.188,2021-2022,current_actual_weather,5.417922496795654
2021,Borsod-Abaúj-Zemplén,maize,7.21,8.202,2021-2022,current_actual_weather,7.757504940032959
2021,Borsod-Abaúj-Zemplén,wheat,5.69,5.368,2021-2022,current_actual_weather,5.552810192108154
2021,Csongrád-Csanád,barley,6.56,4.688,2021-2022,current_actual_weather,4.806435585021973
2021,Csongrád-Csanád,maize,4.32,6.906,2021-2022,current_actual_weather,7.665911674499512
2021,Csongrád-Csanád,wheat,5.95,4.844,2021-2022,current_actual_weather,4.740136623382568
2021,Fejér,barley,7.09,5.884,2021-2022,current_actual_weather,5.718633651733398
2021,Fejér,maize,5.88,8.39,2021-2022,current_actual_weather,8.086739540100098
2021,Fejér,wheat,5.78,5.75,2021-2022,current_actual_weather,5.435329437255859
2021,Győr-Moson-Sopron,barley,6.09,5.03,2021-2022,current_actual_weather,5.42991828918457
2021,Győr-Moson-Sopron,maize,7.56,7.26,2021-2022,current_actual_weather,6.597392559051514
2021,Győr-Moson-Sopron,wheat,5.58,5.096,2021-2022,current_actual_weather,5.334697723388672
2021,Hajdú-Bihar,barley,7.19,5.538,2021-2022,current_actual_weather,6.090015411376953
2021,Hajdú-Bihar,maize,6.78,9.078,2021-2022,current_actual_weather,8.202284812927246
2021,Hajdú-Bihar,wheat,6.79,5.566,2021-2022,current_actual_weather,5.974483489990234
2021,Heves,barley,6.14,5.306,2021-2022,current_actual_weather,5.52918004989624
2021,Heves,maize,6.28,7.13,2021-2022,current_actual_weather,6.394442081451416
2021,Heves,wheat,5.67,5.006,2021-2022,current_actual_weather,5.227834224700928
2021,Jász-Nagykun-Szolnok,barley,5.92,5.148,2021-2022,current_actual_weather,5.062256336212158
2021,Jász-Nagykun-Szolnok,maize,5.16,6.154,2021-2022,current_actual_weather,5.986654281616211
2021,Jász-Nagykun-Szolnok,wheat,5.59,4.866,2021-2022,current_actual_weather,4.563159465789795
2021,Komárom-Esztergom,barley,6.31,5.216,2021-2022,current_actual_weather,5.574434280395508
2021,Komárom-Esztergom,maize,7.85,7.778,2021-2022,current_actual_weather,6.671841621398926
2021,Komárom-Esztergom,wheat,6.24,5.262,2021-2022,current_actual_weather,5.682821273803711
2021,Nógrád,barley,4.88,4.056,2021-2022,current_actual_weather,4.269081115722656
2021,Nógrád,maize,5.78,6.078,2021-2022,current_actual_weather,5.141115188598633
2021,Nógrád,wheat,5.05,4.94,2021-2022,current_actual_weather,5.063193321228027
2021,Pest,barley,5.69,4.688,2021-2022,current_actual_weather,5.220117568969727
2021,Pest,maize,6.09,7.566,2021-2022,current_actual_weather,7.164691925048828
2021,Pest,wheat,5.57,4.76,2021-2022,current_actual_weather,5.116812229156494
2021,Somogy,barley,6.64,5.852,2021-2022,current_actual_weather,5.737967014312744
2021,Somogy,maize,6.16,9.54,2021-2022,current_actual_weather,7.730052471160889
2021,Somogy,wheat,6.16,5.88,2021-2022,current_actual_weather,5.774075508117676
2021,Szabolcs-Szatmár-Bereg,barley,5.34,4.636,2021-2022,current_actual_weather,5.0586934089660645
2021,Szabolcs-Szatmár-Bereg,maize,6.89,7.834,2021-2022,current_actual_weather,7.558788299560547
2021,Szabolcs-Szatmár-Bereg,wheat,5.91,5.036,2021-2022,current_actual_weather,5.555518627166748
2021,Tolna,barley,7.08,6.282,2021-2022,current_actual_weather,5.98952579498291
2021,Tolna,maize,4.93,9.14,2021-2022,current_actual_weather,8.034012794494629
2021,Tolna,wheat,5.98,6.178,2021-2022,current_actual_weather,5.916231632232666
2021,Vas,barley,5.81,5.17,2021-2022,current_actual_weather,5.970007419586182
2021,Vas,maize,8.23,8.392,2021-2022,current_actual_weather,6.945040702819824
2021,Vas,wheat,5.95,5.716,2021-2022,current_actual_weather,6.226630687713623
2021,Veszprém,barley,5.54,4.56,2021-2022,current_actual_weather,4.784520626068115
2021,Veszprém,maize,5.36,6.976,2021-2022,current_actual_weather,6.121697902679443
2021,Veszprém,wheat,5.26,4.842,2021-2022,current_actual_weather,4.9396491050720215
2021,Zala,barley,6.13,5.544,2021-2022,current_actual_weather,6.128325939178467
2021,Zala,maize,7.32,8.622,2021-2022,current_actual_weather,6.941788673400879
2021,Zala,wheat,6.32,5.754,2021-2022,current_actual_weather,6.015601634979248
2022,Bács-Kiskun,barley,4.87,5.624,2021-2022,current_actual_weather,5.6037068367004395
2022,Bács-Kiskun,maize,3.81,6.788,2021-2022,current_actual_weather,5.2185282707214355
2022,Bács-Kiskun,wheat,4.46,5.48,2021-2022,current_actual_weather,5.277511119842529
2022,Baranya,barley,6.19,6.48,2021-2022,current_actual_weather,6.236234664916992
2022,Baranya,maize,4.7,8.218,2021-2022,current_actual_weather,7.468846797943115
2022,Baranya,wheat,5.46,6.25,2021-2022,current_actual_weather,6.488480567932129
2022,Békés,barley,4.1,5.288,2021-2022,current_actual_weather,4.9848408699035645
2022,Békés,maize,1.85,7.294,2021-2022,current_actual_weather,7.019970893859863
2022,Békés,wheat,3.84,5.376,2021-2022,current_actual_weather,4.911126613616943
2022,Borsod-Abaúj-Zemplén,barley,5.05,5.416,2021-2022,current_actual_weather,4.87185525894165
2022,Borsod-Abaúj-Zemplén,maize,3.03,7.936,2021-2022,current_actual_weather,8.35047721862793
2022,Borsod-Abaúj-Zemplén,wheat,4.42,5.41,2021-2022,current_actual_weather,4.8135247230529785
2022,Csongrád-Csanád,barley,4.47,5.144,2021-2022,current_actual_weather,4.848545074462891
2022,Csongrád-Csanád,maize,1.9,6.282,2021-2022,current_actual_weather,5.625090599060059
2022,Csongrád-Csanád,wheat,3.54,5.074,2021-2022,current_actual_weather,4.763313293457031
2022,Fejér,barley,5.58,6.132,2021-2022,current_actual_weather,5.38871431350708
2022,Fejér,maize,2.56,7.692,2021-2022,current_actual_weather,7.152052879333496
2022,Fejér,wheat,5.47,5.646,2021-2022,current_actual_weather,5.251378536224365
2022,Győr-Moson-Sopron,barley,5.36,5.23,2021-2022,current_actual_weather,4.941332817077637
2022,Győr-Moson-Sopron,maize,4.81,7.026,2021-2022,current_actual_weather,6.793773651123047
2022,Győr-Moson-Sopron,wheat,5.21,5.192,2021-2022,current_actual_weather,4.884894847869873
2022,Hajdú-Bihar,barley,4.15,5.914,2021-2022,current_actual_weather,5.924598217010498
2022,Hajdú-Bihar,maize,2.52,8.52,2021-2022,current_actual_weather,7.966965198516846
2022,Hajdú-Bihar,wheat,3.48,5.83,2021-2022,current_actual_weather,5.293543338775635
2022,Heves,barley,3.89,5.562,2021-2022,current_actual_weather,5.101294994354248
2022,Heves,maize,1.52,6.964,2021-2022,current_actual_weather,7.1624908447265625
2022,Heves,wheat,3.28,5.198,2021-2022,current_actual_weather,4.626036643981934
2022,Jász-Nagykun-Szolnok,barley,3.34,5.356,2021-2022,current_actual_weather,5.170580863952637
2022,Jász-Nagykun-Szolnok,maize,2.23,5.828,2021-2022,current_actual_weather,4.4507269859313965
2022,Jász-Nagykun-Szolnok,wheat,3.0,5.08,2021-2022,current_actual_weather,4.802515983581543
2022,Komárom-Esztergom,barley,4.8,5.462,2021-2022,current_actual_weather,5.320265293121338
2022,Komárom-Esztergom,maize,2.73,7.68,2021-2022,current_actual_weather,6.930935859680176
2022,Komárom-Esztergom,wheat,4.62,5.426,2021-2022,current_actual_weather,5.246727466583252
2022,Nógrád,barley,3.88,4.232,2021-2022,current_actual_weather,4.0523152351379395
2022,Nógrád,maize,2.65,5.976,2021-2022,current_actual_weather,5.679315567016602
2022,Nógrád,wheat,3.57,5.03,2021-2022,current_actual_weather,4.732541561126709
2022,Pest,barley,3.49,4.898,2021-2022,current_actual_weather,4.225927829742432
2022,Pest,maize,1.55,7.302,2021-2022,current_actual_weather,7.038475513458252
2022,Pest,wheat,3.43,4.924,2021-2022,current_actual_weather,4.140696048736572
2022,Somogy,barley,5.88,5.994,2021-2022,current_actual_weather,6.407114028930664
2022,Somogy,maize,5.75,8.848,2021-2022,current_actual_weather,7.532105445861816
2022,Somogy,wheat,6.0,5.876,2021-2022,current_actual_weather,6.209127426147461
2022,Szabolcs-Szatmár-Bereg,barley,4.41,4.806,2021-2022,current_actual_weather,4.3370513916015625
2022,Szabolcs-Szatmár-Bereg,maize,2.51,7.518,2021-2022,current_actual_weather,7.720736503601074
2022,Szabolcs-Szatmár-Bereg,wheat,4.09,5.248,2021-2022,current_actual_weather,4.6583991050720215
2022,Tolna,barley,6.2,6.438,2021-2022,current_actual_weather,6.411272048950195
2022,Tolna,maize,4.18,8.236,2021-2022,current_actual_weather,7.951397895812988
2022,Tolna,wheat,6.12,6.096,2021-2022,current_actual_weather,5.988568305969238
2022,Vas,barley,5.72,5.382,2021-2022,current_actual_weather,5.73038911819458
2022,Vas,maize,5.95,8.278,2021-2022,current_actual_weather,8.357373237609863
2022,Vas,wheat,6.29,5.694,2021-2022,current_actual_weather,5.721687316894531
2022,Veszprém,barley,4.78,4.788,2021-2022,current_actual_weather,4.332155704498291
2022,Veszprém,maize,4.2,6.67,2021-2022,current_actual_weather,5.428064346313477
2022,Veszprém,wheat,4.79,4.88,2021-2022,current_actual_weather,4.311172008514404
2022,Zala,barley,5.5,5.674,2021-2022,current_actual_weather,6.194667339324951
2022,Zala,maize,7.14,8.412,2021-2022,current_actual_weather,8.589424133300781
2022,Zala,wheat,6.0,5.83,2021-2022,current_actual_weather,5.9922261238098145
2021,Bács-Kiskun,barley,6.6,5.244,2021-2022,current_expected_weather,6.154887676239014
2021,Bács-Kiskun,maize,5.19,7.37,2021-2022,current_expected_weather,7.892552852630615
2021,Bács-Kiskun,wheat,5.78,5.408,2021-2022,current_expected_weather,6.127108573913574
2021,Baranya,barley,6.99,6.294,2021-2022,current_expected_weather,6.798691749572754
2021,Baranya,maize,6.67,8.688,2021-2022,current_expected_weather,9.526859283447266
2021,Baranya,wheat,6.14,6.306,2021-2022,current_expected_weather,6.749607563018799
2021,Békés,barley,6.39,5.036,2021-2022,current_expected_weather,5.664738655090332
2021,Békés,maize,5.21,7.998,2021-2022,current_expected_weather,8.196932792663574
2021,Békés,wheat,6.48,5.082,2021-2022,current_expected_weather,5.569518089294434
2021,Borsod-Abaúj-Zemplén,barley,6.08,5.188,2021-2022,current_expected_weather,5.63722562789917
2021,Borsod-Abaúj-Zemplén,maize,7.21,8.202,2021-2022,current_expected_weather,8.353193283081055
2021,Borsod-Abaúj-Zemplén,wheat,5.69,5.368,2021-2022,current_expected_weather,5.77211332321167
2021,Csongrád-Csanád,barley,6.56,4.688,2021-2022,current_expected_weather,5.455022811889648
2021,Csongrád-Csanád,maize,4.32,6.906,2021-2022,current_expected_weather,6.9365010261535645
2021,Csongrád-Csanád,wheat,5.95,4.844,2021-2022,current_expected_weather,5.361548900604248
2021,Fejér,barley,7.09,5.884,2021-2022,current_expected_weather,6.623057842254639
2021,Fejér,maize,5.88,8.39,2021-2022,current_expected_weather,8.047558784484863
2021,Fejér,wheat,5.78,5.75,2021-2022,current_expected_weather,6.3100481033325195
2021,Győr-Moson-Sopron,barley,6.09,5.03,2021-2022,current_expected_weather,5.809573173522949
2021,Győr-Moson-Sopron,maize,7.56,7.26,2021-2022,current_expected_weather,7.297501087188721
2021,Győr-Moson-Sopron,wheat,5.58,5.096,2021-2022,current_expected_weather,5.714352607727051
2021,Hajdú-Bihar,barley,7.19,5.538,2021-2022,current_expected_weather,6.16526460647583
2021,Hajdú-Bihar,maize,6.78,9.078,2021-2022,current_expected_weather,8.341975212097168
2021,Hajdú-Bihar,wheat,6.79,5.566,2021-2022,current_expected_weather,6.063284397125244
2021,Heves,barley,6.14,5.306,2021-2022,current_expected_weather,5.768445014953613
2021,Heves,maize,6.28,7.13,2021-2022,current_expected_weather,6.638378620147705
2021,Heves,wheat,5.67,5.006,2021-2022,current_expected_weather,5.4823808670043945
2021,Jász-Nagykun-Szolnok,barley,5.92,5.148,2021-2022,current_expected_weather,5.509897708892822
2021,Jász-Nagykun-Szolnok,maize,5.16,6.154,2021-2022,current_expected_weather,5.695064544677734
2021,Jász-Nagykun-Szolnok,wheat,5.59,4.866,2021-2022,current_expected_weather,5.118844985961914
2021,Komárom-Esztergom,barley,6.31,5.216,2021-2022,current_expected_weather,5.631199359893799
2021,Komárom-Esztergom,maize,7.85,7.778,2021-2022,current_expected_weather,7.920131206512451
2021,Komárom-Esztergom,wheat,6.24,5.262,2021-2022,current_expected_weather,5.773437023162842
2021,Nógrád,barley,4.88,4.056,2021-2022,current_expected_weather,4.505328178405762
2021,Nógrád,maize,5.78,6.078,2021-2022,current_expected_weather,5.988035678863525
2021,Nógrád,wheat,5.05,4.94,2021-2022,current_expected_weather,5.345806121826172
2021,Pest,barley,5.69,4.688,2021-2022,current_expected_weather,5.559186935424805
2021,Pest,maize,6.09,7.566,2021-2022,current_expected_weather,7.8561625480651855
2021,Pest,wheat,5.57,4.76,2021-2022,current_expected_weather,5.450865268707275
2021,Somogy,barley,6.64,5.852,2021-2022,current_expected_weather,6.044395446777344
2021,Somogy,maize,6.16,9.54,2021-2022,current_expected_weather,9.77712345123291
2021,Somogy,wheat,6.16,5.88,2021-2022,current_expected_weather,6.133620738983154
2021,Szabolcs-Szatmár-Bereg,barley,5.34,4.636,2021-2022,current_expected_weather,5.3960394859313965
2021,Szabolcs-Szatmár-Bereg,maize,6.89,7.834,2021-2022,current_expected_weather,7.378017425537109
2021,Szabolcs-Szatmár-Bereg,wheat,5.91,5.036,2021-2022,current_expected_weather,5.8655266761779785
2021,Tolna,barley,7.08,6.282,2021-2022,current_expected_weather,6.948293685913086
2021,Tolna,maize,4.93,9.14,2021-2022,current_expected_weather,8.832993507385254
2021,Tolna,wheat,5.98,6.178,2021-2022,current_expected_weather,6.8833327293396
2021,Vas,barley,5.81,5.17,2021-2022,current_expected_weather,5.713749885559082
2021,Vas,maize,8.23,8.392,2021-2022,current_expected_weather,9.113419532775879
2021,Vas,wheat,5.95,5.716,2021-2022,current_expected_weather,5.9312262535095215
2021,Veszprém,barley,5.54,4.56,2021-2022,current_expected_weather,4.997081279754639
2021,Veszprém,maize,5.36,6.976,2021-2022,current_expected_weather,7.840327739715576
2021,Veszprém,wheat,5.26,4.842,2021-2022,current_expected_weather,5.1486287117004395
2021,Zala,barley,6.13,5.544,2021-2022,current_expected_weather,6.0939717292785645
2021,Zala,maize,7.32,8.622,2021-2022,current_expected_weather,9.438298225402832
2021,Zala,wheat,6.32,5.754,2021-2022,current_expected_weather,5.937984466552734
2022,Bács-Kiskun,barley,4.87,5.624,2021-2022,current_expected_weather,6.411223888397217
2022,Bács-Kiskun,maize,3.81,6.788,2021-2022,current_expected_weather,6.09369421005249
2022,Bács-Kiskun,wheat,4.46,5.48,2021-2022,current_expected_weather,6.116552352905273
2022,Baranya,barley,6.19,6.48,2021-2022,current_expected_weather,6.54032564163208
2022,Baranya,maize,4.7,8.218,2021-2022,current_expected_weather,9.337963104248047
2022,Baranya,wheat,5.46,6.25,2021-2022,current_expected_weather,6.740808963775635
2022,Békés,barley,4.1,5.288,2021-2022,current_expected_weather,5.7075018882751465
2022,Békés,maize,1.85,7.294,2021-2022,current_expected_weather,7.091002464294434
2022,Békés,wheat,3.84,5.376,2021-2022,current_expected_weather,5.679722785949707
2022,Borsod-Abaúj-Zemplén,barley,5.05,5.416,2021-2022,current_expected_weather,5.7343268394470215
2022,Borsod-Abaúj-Zemplén,maize,3.03,7.936,2021-2022,current_expected_weather,8.476947784423828
2022,Borsod-Abaúj-Zemplén,wheat,4.42,5.41,2021-2022,current_expected_weather,5.65742826461792
2022,Csongrád-Csanád,barley,4.47,5.144,2021-2022,current_expected_weather,5.759952545166016
2022,Csongrád-Csanád,maize,1.9,6.282,2021-2022,current_expected_weather,6.118635177612305
2022,Csongrád-Csanád,wheat,3.54,5.074,2021-2022,current_expected_weather,5.669704437255859
2022,Fejér,barley,5.58,6.132,2021-2022,current_expected_weather,6.412940502166748
2022,Fejér,maize,2.56,7.692,2021-2022,current_expected_weather,7.075582981109619
2022,Fejér,wheat,5.47,5.646,2021-2022,current_expected_weather,6.2027153968811035
2022,Győr-Moson-Sopron,barley,5.36,5.23,2021-2022,current_expected_weather,5.737119197845459
2022,Győr-Moson-Sopron,maize,4.81,7.026,2021-2022,current_expected_weather,6.911725997924805
2022,Győr-Moson-Sopron,wheat,5.21,5.192,2021-2022,current_expected_weather,5.67566442489624
2022,Hajdú-Bihar,barley,4.15,5.914,2021-2022,current_expected_weather,6.455138683319092
2022,Hajdú-Bihar,maize,2.52,8.52,2021-2022,current_expected_weather,8.175323486328125
2022,Hajdú-Bihar,wheat,3.48,5.83,2021-2022,current_expected_weather,5.860172748565674
2022,Heves,barley,3.89,5.562,2021-2022,current_expected_weather,6.181429386138916
2022,Heves,maize,1.52,6.964,2021-2022,current_expected_weather,6.791932106018066
2022,Heves,wheat,3.28,5.198,2021-2022,current_expected_weather,5.692488193511963
2022,Jász-Nagykun-Szolnok,barley,3.34,5.356,2021-2022,current_expected_weather,5.842731952667236
2022,Jász-Nagykun-Szolnok,maize,2.23,5.828,2021-2022,current_expected_weather,5.83131217956543
2022,Jász-Nagykun-Szolnok,wheat,3.0,5.08,2021-2022,current_expected_weather,5.4761786460876465
2022,Komárom-Esztergom,barley,4.8,5.462,2021-2022,current_expected_weather,5.839146137237549
2022,Komárom-Esztergom,maize,2.73,7.68,2021-2022,current_expected_weather,7.3488383293151855
2022,Komárom-Esztergom,wheat,4.62,5.426,2021-2022,current_expected_weather,5.794443130493164
2022,Nógrád,barley,3.88,4.232,2021-2022,current_expected_weather,4.648242473602295
2022,Nógrád,maize,2.65,5.976,2021-2022,current_expected_weather,5.7267255783081055
2022,Nógrád,wheat,3.57,5.03,2021-2022,current_expected_weather,5.355165958404541
2022,Pest,barley,3.49,4.898,2021-2022,current_expected_weather,5.667835235595703
2022,Pest,maize,1.55,7.302,2021-2022,current_expected_weather,7.363682270050049
2022,Pest,wheat,3.43,4.924,2021-2022,current_expected_weather,5.577587127685547
2022,Somogy,barley,5.88,5.994,2021-2022,current_expected_weather,6.317530632019043
2022,Somogy,maize,5.75,8.848,2021-2022,current_expected_weather,9.545567512512207
2022,Somogy,wheat,6.0,5.876,2021-2022,current_expected_weather,6.122189998626709
2022,Szabolcs-Szatmár-Bereg,barley,4.41,4.806,2021-2022,current_expected_weather,5.577699661254883
2022,Szabolcs-Szatmár-Bereg,maize,2.51,7.518,2021-2022,current_expected_weather,7.247987747192383
2022,Szabolcs-Szatmár-Bereg,wheat,4.09,5.248,2021-2022,current_expected_weather,6.05924129486084
2022,Tolna,barley,6.2,6.438,2021-2022,current_expected_weather,6.978155136108398
2022,Tolna,maize,4.18,8.236,2021-2022,current_expected_weather,8.727399826049805
2022,Tolna,wheat,6.12,6.096,2021-2022,current_expected_weather,6.330153465270996
2022,Vas,barley,5.72,5.382,2021-2022,current_expected_weather,5.912107944488525
2022,Vas,maize,5.95,8.278,2021-2022,current_expected_weather,8.816481590270996
2022,Vas,wheat,6.29,5.694,2021-2022,current_expected_weather,5.903591156005859
2022,Veszprém,barley,4.78,4.788,2021-2022,current_expected_weather,5.1451735496521
2022,Veszprém,maize,4.2,6.67,2021-2022,current_expected_weather,6.909641742706299
2022,Veszprém,wheat,4.79,4.88,2021-2022,current_expected_weather,5.083463191986084
2022,Zala,barley,5.5,5.674,2021-2022,current_expected_weather,5.963608741760254
2022,Zala,maize,7.14,8.412,2021-2022,current_expected_weather,9.299269676208496
2022,Zala,wheat,6.0,5.83,2021-2022,current_expected_weather,5.77064323425293
2021,Bács-Kiskun,barley,6.6,5.244,2021-2022,current_historical_median,5.813789367675781
2021,Bács-Kiskun,maize,5.19,7.37,2021-2022,current_historical_median,7.958624362945557
2021,Bács-Kiskun,wheat,5.78,5.408,2021-2022,current_historical_median,5.808835506439209
2021,Baranya,barley,6.99,6.294,2021-2022,current_historical_median,6.664510250091553
2021,Baranya,maize,6.67,8.688,2021-2022,current_historical_median,8.985099792480469
2021,Baranya,wheat,6.14,6.306,2021-2022,current_historical_median,6.624902725219727
2021,Békés,barley,6.39,5.036,2021-2022,current_historical_median,5.398690700531006
2021,Békés,maize,5.21,7.998,2021-2022,current_historical_median,8.385833740234375
2021,Békés,wheat,6.48,5.082,2021-2022,current_historical_median,5.316819667816162
2021,Borsod-Abaúj-Zemplén,barley,6.08,5.188,2021-2022,current_historical_median,5.402331829071045
2021,Borsod-Abaúj-Zemplén,maize,7.21,8.202,2021-2022,current_historical_median,8.130289077758789
2021,Borsod-Abaúj-Zemplén,wheat,5.69,5.368,2021-2022,current_historical_median,5.546695232391357
2021,Csongrád-Csanád,barley,6.56,4.688,2021-2022,current_historical_median,5.103154182434082
2021,Csongrád-Csanád,maize,4.32,6.906,2021-2022,current_historical_median,7.278578281402588
2021,Csongrád-Csanád,wheat,5.95,4.844,2021-2022,current_historical_median,5.019103527069092
2021,Fejér,barley,7.09,5.884,2021-2022,current_historical_median,6.242103576660156
2021,Fejér,maize,5.88,8.39,2021-2022,current_historical_median,8.027953147888184
2021,Fejér,wheat,5.78,5.75,2021-2022,current_historical_median,5.950303554534912
2021,Győr-Moson-Sopron,barley,6.09,5.03,2021-2022,current_historical_median,5.442025661468506
2021,Győr-Moson-Sopron,maize,7.56,7.26,2021-2022,current_historical_median,6.979644775390625
2021,Győr-Moson-Sopron,wheat,5.58,5.096,2021-2022,current_historical_median,5.346805095672607
2021,Hajdú-Bihar,barley,7.19,5.538,2021-2022,current_historical_median,5.888973236083984
2021,Hajdú-Bihar,maize,6.78,9.078,2021-2022,current_historical_median,8.628080368041992
2021,Hajdú-Bihar,wheat,6.79,5.566,2021-2022,current_historical_median,5.800342559814453
2021,Heves,barley,6.14,5.306,2021-2022,current_historical_median,5.573508262634277
2021,Heves,maize,6.28,7.13,2021-2022,current_historical_median,7.160080432891846
2021,Heves,wheat,5.67,5.006,2021-2022,current_historical_median,5.276089668273926
2021,Jász-Nagykun-Szolnok,barley,5.92,5.148,2021-2022,current_historical_median,5.340622425079346
2021,Jász-Nagykun-Szolnok,maize,5.16,6.154,2021-2022,current_historical_median,6.1003947257995605
2021,Jász-Nagykun-Szolnok,wheat,5.59,4.866,2021-2022,current_historical_median,4.876458168029785
2021,Komárom-Esztergom,barley,6.31,5.216,2021-2022,current_historical_median,5.459469318389893
2021,Komárom-Esztergom,maize,7.85,7.778,2021-2022,current_historical_median,7.876577377319336
2021,Komárom-Esztergom,wheat,6.24,5.262,2021-2022,current_historical_median,5.606142044067383
2021,Nógrád,barley,4.88,4.056,2021-2022,current_historical_median,4.295258522033691
2021,Nógrád,maize,5.78,6.078,2021-2022,current_historical_median,5.8590168952941895
2021,Nógrád,wheat,5.05,4.94,2021-2022,current_historical_median,5.096163272857666
2021,Pest,barley,5.69,4.688,2021-2022,current_historical_median,5.2151079177856445
2021,Pest,maize,6.09,7.566,2021-2022,current_historical_median,7.820533752441406
2021,Pest,wheat,5.57,4.76,2021-2022,current_historical_median,5.106786251068115
2021,Somogy,barley,6.64,5.852,2021-2022,current_historical_median,5.805899143218994
2021,Somogy,maize,6.16,9.54,2021-2022,current_historical_median,9.176078796386719
2021,Somogy,wheat,6.16,5.88,2021-2022,current_historical_median,5.911050319671631
2021,Szabolcs-Szatmár-Bereg,barley,5.34,4.636,2021-2022,current_historical_median,4.909607887268066
2021,Szabolcs-Szatmár-Bereg,maize,6.89,7.834,2021-2022,current_historical_median,8.160500526428223
2021,Szabolcs-Szatmár-Bereg,wheat,5.91,5.036,2021-2022,current_historical_median,5.427845001220703
2021,Tolna,barley,7.08,6.282,2021-2022,current_historical_median,6.805973052978516
2021,Tolna,maize,4.93,9.14,2021-2022,current_historical_median,8.880322456359863
2021,Tolna,wheat,5.98,6.178,2021-2022,current_historical_median,6.73759651184082
2021,Vas,barley,5.81,5.17,2021-2022,current_historical_median,5.506799697875977
2021,Vas,maize,8.23,8.392,2021-2022,current_historical_median,8.852727890014648
2021,Vas,wheat,5.95,5.716,2021-2022,current_historical_median,5.755676746368408
2021,Veszprém,barley,5.54,4.56,2021-2022,current_historical_median,4.724808216094971
2021,Veszprém,maize,5.36,6.976,2021-2022,current_historical_median,7.168187141418457
2021,Veszprém,wheat,5.26,4.842,2021-2022,current_historical_median,4.895596981048584
2021,Zala,barley,6.13,5.544,2021-2022,current_historical_median,5.8380842208862305
2021,Zala,maize,7.32,8.622,2021-2022,current_historical_median,8.925346374511719
2021,Zala,wheat,6.32,5.754,2021-2022,current_historical_median,5.685375690460205
2022,Bács-Kiskun,barley,4.87,5.624,2021-2022,current_historical_median,6.010303497314453
2022,Bács-Kiskun,maize,3.81,6.788,2021-2022,current_historical_median,6.121612548828125
2022,Bács-Kiskun,wheat,4.46,5.48,2021-2022,current_historical_median,5.7289814949035645
2022,Baranya,barley,6.19,6.48,2021-2022,current_historical_median,6.425360679626465
2022,Baranya,maize,4.7,8.218,2021-2022,current_historical_median,8.654561996459961
2022,Baranya,wheat,5.46,6.25,2021-2022,current_historical_median,6.610502243041992
2022,Békés,barley,4.1,5.288,2021-2022,current_historical_median,5.680474281311035
2022,Békés,maize,1.85,7.294,2021-2022,current_historical_median,7.547717571258545
2022,Békés,wheat,3.84,5.376,2021-2022,current_historical_median,5.657711505889893
2022,Borsod-Abaúj-Zemplén,barley,5.05,5.416,2021-2022,current_historical_median,5.670195579528809
2022,Borsod-Abaúj-Zemplén,maize,3.03,7.936,2021-2022,current_historical_median,8.124980926513672
2022,Borsod-Abaúj-Zemplén,wheat,4.42,5.41,2021-2022,current_historical_median,5.593297004699707
2022,Csongrád-Csanád,barley,4.47,5.144,2021-2022,current_historical_median,5.433885097503662
2022,Csongrád-Csanád,maize,1.9,6.282,2021-2022,current_historical_median,6.53501033782959
2022,Csongrád-Csanád,wheat,3.54,5.074,2021-2022,current_historical_median,5.3569865226745605
2022,Fejér,barley,5.58,6.132,2021-2022,current_historical_median,6.203202724456787
2022,Fejér,maize,2.56,7.692,2021-2022,current_historical_median,7.6037516593933105
2022,Fejér,wheat,5.47,5.646,2021-2022,current_historical_median,5.963715076446533
2022,Győr-Moson-Sopron,barley,5.36,5.23,2021-2022,current_historical_median,5.435768127441406
2022,Győr-Moson-Sopron,maize,4.81,7.026,2021-2022,current_historical_median,6.829051494598389
2022,Győr-Moson-Sopron,wheat,5.21,5.192,2021-2022,current_historical_median,5.381937026977539
2022,Hajdú-Bihar,barley,4.15,5.914,2021-2022,current_historical_median,6.242337703704834
2022,Hajdú-Bihar,maize,2.52,8.52,2021-2022,current_historical_median,8.590475082397461
2022,Hajdú-Bihar,wheat,3.48,5.83,2021-2022,current_historical_median,5.723845958709717
2022,Heves,barley,3.89,5.562,2021-2022,current_historical_median,5.810078144073486
2022,Heves,maize,1.52,6.964,2021-2022,current_historical_median,7.222142219543457
2022,Heves,wheat,3.28,5.198,2021-2022,current_historical_median,5.310732841491699
2022,Jász-Nagykun-Szolnok,barley,3.34,5.356,2021-2022,current_historical_median,5.62699031829834
2022,Jász-Nagykun-Szolnok,maize,2.23,5.828,2021-2022,current_historical_median,5.777634620666504
2022,Jász-Nagykun-Szolnok,wheat,3.0,5.08,2021-2022,current_historical_median,5.255390644073486
2022,Komárom-Esztergom,barley,4.8,5.462,2021-2022,current_historical_median,5.7041144371032715
2022,Komárom-Esztergom,maize,2.73,7.68,2021-2022,current_historical_median,7.491352558135986
2022,Komárom-Esztergom,wheat,4.62,5.426,2021-2022,current_historical_median,5.668887138366699
2022,Nógrád,barley,3.88,4.232,2021-2022,current_historical_median,4.542653560638428
2022,Nógrád,maize,2.65,5.976,2021-2022,current_historical_median,6.036540985107422
2022,Nógrád,wheat,3.57,5.03,2021-2022,current_historical_median,5.215204238891602
2022,Pest,barley,3.49,4.898,2021-2022,current_historical_median,5.400073528289795
2022,Pest,maize,1.55,7.302,2021-2022,current_historical_median,7.395724296569824
2022,Pest,wheat,3.43,4.924,2021-2022,current_historical_median,5.309825420379639
2022,Somogy,barley,5.88,5.994,2021-2022,current_historical_median,6.1058735847473145
2022,Somogy,maize,5.75,8.848,2021-2022,current_historical_median,9.176078796386719
2022,Somogy,wheat,6.0,5.876,2021-2022,current_historical_median,5.907255172729492
2022,Szabolcs-Szatmár-Bereg,barley,4.41,4.806,2021-2022,current_historical_median,5.146172523498535
2022,Szabolcs-Szatmár-Bereg,maize,2.51,7.518,2021-2022,current_historical_median,7.608695030212402
2022,Szabolcs-Szatmár-Bereg,wheat,4.09,5.248,2021-2022,current_historical_median,5.667218208312988
2022,Tolna,barley,6.2,6.438,2021-2022,current_historical_median,6.67859411239624
2022,Tolna,maize,4.18,8.236,2021-2022,current_historical_median,8.361176490783691
2022,Tolna,wheat,6.12,6.096,2021-2022,current_historical_median,6.186184406280518
2022,Vas,barley,5.72,5.382,2021-2022,current_historical_median,5.767166614532471
2022,Vas,maize,5.95,8.278,2021-2022,current_historical_median,8.852727890014648
2022,Vas,wheat,6.29,5.694,2021-2022,current_historical_median,5.747288227081299
2022,Veszprém,barley,4.78,4.788,2021-2022,current_historical_median,4.955069541931152
2022,Veszprém,maize,4.2,6.67,2021-2022,current_historical_median,6.750355243682861
2022,Veszprém,wheat,4.79,4.88,2021-2022,current_historical_median,4.902834892272949
2022,Zala,barley,5.5,5.674,2021-2022,current_historical_median,5.7483673095703125
2022,Zala,maize,7.14,8.412,2021-2022,current_historical_median,8.570812225341797
2022,Zala,wheat,6.0,5.83,2021-2022,current_historical_median,5.555401802062988
2021,Bács-Kiskun,barley,6.6,5.244,2021-2022,v2_actual_weather,5.1666154861450195
2021,Bács-Kiskun,maize,5.19,7.37,2021-2022,v2_actual_weather,7.252389907836914
2021,Bács-Kiskun,wheat,5.78,5.408,2021-2022,v2_actual_weather,5.228298664093018
2021,Baranya,barley,6.99,6.294,2021-2022,v2_actual_weather,6.525219917297363
2021,Baranya,maize,6.67,8.688,2021-2022,v2_actual_weather,7.692592144012451
2021,Baranya,wheat,6.14,6.306,2021-2022,v2_actual_weather,6.5195231437683105
2021,Békés,barley,6.39,5.036,2021-2022,v2_actual_weather,5.200321197509766
2021,Békés,maize,5.21,7.998,2021-2022,v2_actual_weather,7.813270092010498
2021,Békés,wheat,6.48,5.082,2021-2022,v2_actual_weather,5.194624423980713
2021,Borsod-Abaúj-Zemplén,barley,6.08,5.188,2021-2022,v2_actual_weather,5.412728786468506
2021,Borsod-Abaúj-Zemplén,maize,7.21,8.202,2021-2022,v2_actual_weather,7.400092124938965
2021,Borsod-Abaúj-Zemplén,wheat,5.69,5.368,2021-2022,v2_actual_weather,5.499798774719238
2021,Csongrád-Csanád,barley,6.56,4.688,2021-2022,v2_actual_weather,4.962093353271484
2021,Csongrád-Csanád,maize,4.32,6.906,2021-2022,v2_actual_weather,6.353597164154053
2021,Csongrád-Csanád,wheat,5.95,4.844,2021-2022,v2_actual_weather,4.993397235870361
2021,Fejér,barley,7.09,5.884,2021-2022,v2_actual_weather,5.823937892913818
2021,Fejér,maize,5.88,8.39,2021-2022,v2_actual_weather,7.611367225646973
2021,Fejér,wheat,5.78,5.75,2021-2022,v2_actual_weather,5.548147201538086
2021,Győr-Moson-Sopron,barley,6.09,5.03,2021-2022,v2_actual_weather,5.544328689575195
2021,Győr-Moson-Sopron,maize,7.56,7.26,2021-2022,v2_actual_weather,6.560460090637207
2021,Győr-Moson-Sopron,wheat,5.58,5.096,2021-2022,v2_actual_weather,5.538631916046143
2021,Hajdú-Bihar,barley,7.19,5.538,2021-2022,v2_actual_weather,5.881964206695557
2021,Hajdú-Bihar,maize,6.78,9.078,2021-2022,v2_actual_weather,7.862646102905273
2021,Hajdú-Bihar,wheat,6.79,5.566,2021-2022,v2_actual_weather,5.876267433166504
2021,Heves,barley,6.14,5.306,2021-2022,v2_actual_weather,5.502018451690674
2021,Heves,maize,6.28,7.13,2021-2022,v2_actual_weather,6.16083288192749
2021,Heves,wheat,5.67,5.006,2021-2022,v2_actual_weather,5.403554916381836
2021,Jász-Nagykun-Szolnok,barley,5.92,5.148,2021-2022,v2_actual_weather,5.1638712882995605
2021,Jász-Nagykun-Szolnok,maize,5.16,6.154,2021-2022,v2_actual_weather,5.535254955291748
2021,Jász-Nagykun-Szolnok,wheat,5.59,4.866,2021-2022,v2_actual_weather,4.79010534286499
2021,Komárom-Esztergom,barley,6.31,5.216,2021-2022,v2_actual_weather,5.556929588317871
2021,Komárom-Esztergom,maize,7.85,7.778,2021-2022,v2_actual_weather,7.165055274963379
2021,Komárom-Esztergom,wheat,6.24,5.262,2021-2022,v2_actual_weather,5.6439995765686035
2021,Nógrád,barley,4.88,4.056,2021-2022,v2_actual_weather,4.2883148193359375
2021,Nógrád,maize,5.78,6.078,2021-2022,v2_actual_weather,5.105846405029297
2021,Nógrád,wheat,5.05,4.94,2021-2022,v2_actual_weather,5.2218217849731445
2021,Pest,barley,5.69,4.688,2021-2022,v2_actual_weather,5.116660118103027
2021,Pest,maize,6.09,7.566,2021-2022,v2_actual_weather,6.9719038009643555
2021,Pest,wheat,5.57,4.76,2021-2022,v2_actual_weather,5.090371608734131
2021,Somogy,barley,6.64,5.852,2021-2022,v2_actual_weather,5.926840782165527
2021,Somogy,maize,6.16,9.54,2021-2022,v2_actual_weather,7.350641250610352
2021,Somogy,wheat,6.16,5.88,2021-2022,v2_actual_weather,6.143181800842285
2021,Szabolcs-Szatmár-Bereg,barley,5.34,4.636,2021-2022,v2_actual_weather,4.993503570556641
2021,Szabolcs-Szatmár-Bereg,maize,6.89,7.834,2021-2022,v2_actual_weather,7.278648853302002
2021,Szabolcs-Szatmár-Bereg,wheat,5.91,5.036,2021-2022,v2_actual_weather,5.62738037109375
2021,Tolna,barley,7.08,6.282,2021-2022,v2_actual_weather,5.623219013214111
2021,Tolna,maize,4.93,9.14,2021-2022,v2_actual_weather,7.54206657409668
2021,Tolna,wheat,5.98,6.178,2021-2022,v2_actual_weather,5.617522239685059
2021,Vas,barley,5.81,5.17,2021-2022,v2_actual_weather,5.659388065338135
2021,Vas,maize,8.23,8.392,2021-2022,v2_actual_weather,7.329278945922852
2021,Vas,wheat,5.95,5.716,2021-2022,v2_actual_weather,5.986926078796387
2021,Veszprém,barley,5.54,4.56,2021-2022,v2_actual_weather,4.7571187019348145
2021,Veszprém,maize,5.36,6.976,2021-2022,v2_actual_weather,6.021742343902588
2021,Veszprém,wheat,5.26,4.842,2021-2022,v2_actual_weather,5.043084621429443
2021,Zala,barley,6.13,5.544,2021-2022,v2_actual_weather,5.879374980926514
2021,Zala,maize,7.32,8.622,2021-2022,v2_actual_weather,7.300527572631836
2021,Zala,wheat,6.32,5.754,2021-2022,v2_actual_weather,5.938454627990723
2022,Bács-Kiskun,barley,4.87,5.624,2021-2022,v2_actual_weather,4.943064212799072
2022,Bács-Kiskun,maize,3.81,6.788,2021-2022,v2_actual_weather,5.426932334899902
2022,Bács-Kiskun,wheat,4.46,5.48,2021-2022,v2_actual_weather,4.8651862144470215
2022,Baranya,barley,6.19,6.48,2021-2022,v2_actual_weather,6.561464309692383
2022,Baranya,maize,4.7,8.218,2021-2022,v2_actual_weather,7.904697418212891
2022,Baranya,wheat,5.46,6.25,2021-2022,v2_actual_weather,6.5195231437683105
2022,Békés,barley,4.1,5.288,2021-2022,v2_actual_weather,4.593432426452637
2022,Békés,maize,1.85,7.294,2021-2022,v2_actual_weather,6.804198265075684
2022,Békés,wheat,3.84,5.376,2021-2022,v2_actual_weather,4.587735652923584
2022,Borsod-Abaúj-Zemplén,barley,5.05,5.416,2021-2022,v2_actual_weather,4.569277286529541
2022,Borsod-Abaúj-Zemplén,maize,3.03,7.936,2021-2022,v2_actual_weather,7.732553958892822
2022,Borsod-Abaúj-Zemplén,wheat,4.42,5.41,2021-2022,v2_actual_weather,4.563580513000488
2022,Csongrád-Csanád,barley,4.47,5.144,2021-2022,v2_actual_weather,4.455813407897949
2022,Csongrád-Csanád,maize,1.9,6.282,2021-2022,v2_actual_weather,5.628159523010254
2022,Csongrád-Csanád,wheat,3.54,5.074,2021-2022,v2_actual_weather,4.4501166343688965
2022,Fejér,barley,5.58,6.132,2021-2022,v2_actual_weather,5.386501789093018
2022,Fejér,maize,2.56,7.692,2021-2022,v2_actual_weather,7.428827285766602
2022,Fejér,wheat,5.47,5.646,2021-2022,v2_actual_weather,5.062227249145508
2022,Győr-Moson-Sopron,barley,5.36,5.23,2021-2022,v2_actual_weather,5.333057403564453
2022,Győr-Moson-Sopron,maize,4.81,7.026,2021-2022,v2_actual_weather,6.757739067077637
2022,Győr-Moson-Sopron,wheat,5.21,5.192,2021-2022,v2_actual_weather,5.3273606300354
2022,Hajdú-Bihar,barley,4.15,5.914,2021-2022,v2_actual_weather,5.185953140258789
2022,Hajdú-Bihar,maize,2.52,8.52,2021-2022,v2_actual_weather,8.007183074951172
2022,Hajdú-Bihar,wheat,3.48,5.83,2021-2022,v2_actual_weather,4.827372074127197
2022,Heves,barley,3.89,5.562,2021-2022,v2_actual_weather,4.615133762359619
2022,Heves,maize,1.52,6.964,2021-2022,v2_actual_weather,6.595001220703125
2022,Heves,wheat,3.28,5.198,2021-2022,v2_actual_weather,4.363129615783691
2022,Jász-Nagykun-Szolnok,barley,3.34,5.356,2021-2022,v2_actual_weather,4.703859806060791
2022,Jász-Nagykun-Szolnok,maize,2.23,5.828,2021-2022,v2_actual_weather,4.879306316375732
2022,Jász-Nagykun-Szolnok,wheat,3.0,5.08,2021-2022,v2_actual_weather,4.580714702606201
2022,Komárom-Esztergom,barley,4.8,5.462,2021-2022,v2_actual_weather,4.897246837615967
2022,Komárom-Esztergom,maize,2.73,7.68,2021-2022,v2_actual_weather,7.371517181396484
2022,Komárom-Esztergom,wheat,4.62,5.426,2021-2022,v2_actual_weather,4.891550064086914
2022,Nógrád,barley,3.88,4.232,2021-2022,v2_actual_weather,3.9118168354034424
2022,Nógrád,maize,2.65,5.976,2021-2022,v2_actual_weather,5.71402645111084
2022,Nógrád,wheat,3.57,5.03,2021-2022,v2_actual_weather,4.596980571746826
2022,Pest,barley,3.49,4.898,2021-2022,v2_actual_weather,4.115962028503418
2022,Pest,maize,1.55,7.302,2021-2022,v2_actual_weather,6.735323905944824
2022,Pest,wheat,3.43,4.924,2021-2022,v2_actual_weather,4.110265254974365
2022,Somogy,barley,5.88,5.994,2021-2022,v2_actual_weather,6.457080364227295
2022,Somogy,maize,5.75,8.848,2021-2022,v2_actual_weather,7.967952728271484
2022,Somogy,wheat,6.0,5.876,2021-2022,v2_actual_weather,6.310968399047852
2022,Szabolcs-Szatmár-Bereg,barley,4.41,4.806,2021-2022,v2_actual_weather,3.775848865509033
2022,Szabolcs-Szatmár-Bereg,maize,2.51,7.518,2021-2022,v2_actual_weather,7.280641555786133
2022,Szabolcs-Szatmár-Bereg,wheat,4.09,5.248,2021-2022,v2_actual_weather,4.255669593811035
2022,Tolna,barley,6.2,6.438,2021-2022,v2_actual_weather,6.509057521820068
2022,Tolna,maize,4.18,8.236,2021-2022,v2_actual_weather,7.8262248039245605
2022,Tolna,wheat,6.12,6.096,2021-2022,v2_actual_weather,6.27874231338501
2022,Vas,barley,5.72,5.382,2021-2022,v2_actual_weather,5.583470344543457
2022,Vas,maize,5.95,8.278,2021-2022,v2_actual_weather,8.967507362365723
2022,Vas,wheat,6.29,5.694,2021-2022,v2_actual_weather,5.818241596221924
2022,Veszprém,barley,4.78,4.788,2021-2022,v2_actual_weather,4.717109680175781
2022,Veszprém,maize,4.2,6.67,2021-2022,v2_actual_weather,5.872468948364258
2022,Veszprém,wheat,4.79,4.88,2021-2022,v2_actual_weather,4.771739482879639
2022,Zala,barley,5.5,5.674,2021-2022,v2_actual_weather,5.944151401519775
2022,Zala,maize,7.14,8.412,2021-2022,v2_actual_weather,9.012970924377441
2022,Zala,wheat,6.0,5.83,2021-2022,v2_actual_weather,5.942885875701904
2021,Bács-Kiskun,barley,6.6,5.244,2021-2022,v2_expected_weather,5.87529993057251
2021,Bács-Kiskun,maize,5.19,7.37,2021-2022,v2_expected_weather,7.994673252105713
2021,Bács-Kiskun,wheat,5.78,5.408,2021-2022,v2_expected_weather,5.936983108520508
2021,Baranya,barley,6.99,6.294,2021-2022,v2_expected_weather,6.596096515655518
2021,Baranya,maize,6.67,8.688,2021-2022,v2_expected_weather,9.415245056152344
2021,Baranya,wheat,6.14,6.306,2021-2022,v2_expected_weather,6.590399742126465
2021,Békés,barley,6.39,5.036,2021-2022,v2_expected_weather,5.703924179077148
2021,Békés,maize,5.21,7.998,2021-2022,v2_expected_weather,8.063089370727539
2021,Békés,wheat,6.48,5.082,2021-2022,v2_expected_weather,5.698227405548096
2021,Borsod-Abaúj-Zemplén,barley,6.08,5.188,2021-2022,v2_expected_weather,5.436379909515381
2021,Borsod-Abaúj-Zemplén,maize,7.21,8.202,2021-2022,v2_expected_weather,8.678667068481445
2021,Borsod-Abaúj-Zemplén,wheat,5.69,5.368,2021-2022,v2_expected_weather,5.523449897766113
2021,Csongrád-Csanád,barley,6.56,4.688,2021-2022,v2_expected_weather,5.339353084564209
2021,Csongrád-Csanád,maize,4.32,6.906,2021-2022,v2_expected_weather,6.537430763244629
2021,Csongrád-Csanád,wheat,5.95,4.844,2021-2022,v2_expected_weather,5.370656967163086
2021,Fejér,barley,7.09,5.884,2021-2022,v2_expected_weather,6.40687894821167
2021,Fejér,maize,5.88,8.39,2021-2022,v2_expected_weather,8.225768089294434
2021,Fejér,wheat,5.78,5.75,2021-2022,v2_expected_weather,6.1310882568359375
2021,Győr-Moson-Sopron,barley,6.09,5.03,2021-2022,v2_expected_weather,5.704799175262451
2021,Győr-Moson-Sopron,maize,7.56,7.26,2021-2022,v2_expected_weather,7.516802787780762
2021,Győr-Moson-Sopron,wheat,5.58,5.096,2021-2022,v2_expected_weather,5.699102401733398
2021,Hajdú-Bihar,barley,7.19,5.538,2021-2022,v2_expected_weather,5.941445350646973
2021,Hajdú-Bihar,maize,6.78,9.078,2021-2022,v2_expected_weather,8.18620777130127
2021,Hajdú-Bihar,wheat,6.79,5.566,2021-2022,v2_expected_weather,5.93574857711792
2021,Heves,barley,6.14,5.306,2021-2022,v2_expected_weather,5.698246955871582
2021,Heves,maize,6.28,7.13,2021-2022,v2_expected_weather,7.045374870300293
2021,Heves,wheat,5.67,5.006,2021-2022,v2_expected_weather,5.599783420562744
2021,Jász-Nagykun-Szolnok,barley,5.92,5.148,2021-2022,v2_expected_weather,5.6533002853393555
2021,Jász-Nagykun-Szolnok,maize,5.16,6.154,2021-2022,v2_expected_weather,5.8220415115356445
2021,Jász-Nagykun-Szolnok,wheat,5.59,4.866,2021-2022,v2_expected_weather,5.255415439605713
2021,Komárom-Esztergom,barley,6.31,5.216,2021-2022,v2_expected_weather,5.569888114929199
2021,Komárom-Esztergom,maize,7.85,7.778,2021-2022,v2_expected_weather,8.691051483154297
2021,Komárom-Esztergom,wheat,6.24,5.262,2021-2022,v2_expected_weather,5.656958103179932
2021,Nógrád,barley,4.88,4.056,2021-2022,v2_expected_weather,4.392005920410156
2021,Nógrád,maize,5.78,6.078,2021-2022,v2_expected_weather,6.524345397949219
2021,Nógrád,wheat,5.05,4.94,2021-2022,v2_expected_weather,5.325512886047363
2021,Pest,barley,5.69,4.688,2021-2022,v2_expected_weather,5.29460334777832
2021,Pest,maize,6.09,7.566,2021-2022,v2_expected_weather,7.9191694259643555
2021,Pest,wheat,5.57,4.76,2021-2022,v2_expected_weather,5.268314838409424
2021,Somogy,barley,6.64,5.852,2021-2022,v2_expected_weather,6.107781887054443
2021,Somogy,maize,6.16,9.54,2021-2022,v2_expected_weather,9.50796890258789
2021,Somogy,wheat,6.16,5.88,2021-2022,v2_expected_weather,6.324122905731201
2021,Szabolcs-Szatmár-Bereg,barley,5.34,4.636,2021-2022,v2_expected_weather,5.061291694641113
2021,Szabolcs-Szatmár-Bereg,maize,6.89,7.834,2021-2022,v2_expected_weather,7.8218913078308105
2021,Szabolcs-Szatmár-Bereg,wheat,5.91,5.036,2021-2022,v2_expected_weather,5.695168495178223
2021,Tolna,barley,7.08,6.282,2021-2022,v2_expected_weather,6.629083156585693
2021,Tolna,maize,4.93,9.14,2021-2022,v2_expected_weather,8.877943992614746
2021,Tolna,wheat,5.98,6.178,2021-2022,v2_expected_weather,6.623386383056641
2021,Vas,barley,5.81,5.17,2021-2022,v2_expected_weather,5.6116204261779785
2021,Vas,maize,8.23,8.392,2021-2022,v2_expected_weather,9.341063499450684
2021,Vas,wheat,5.95,5.716,2021-2022,v2_expected_weather,5.9391584396362305
2021,Veszprém,barley,5.54,4.56,2021-2022,v2_expected_weather,4.882211208343506
2021,Veszprém,maize,5.36,6.976,2021-2022,v2_expected_weather,8.023568153381348
2021,Veszprém,wheat,5.26,4.842,2021-2022,v2_expected_weather,5.168177127838135
2021,Zala,barley,6.13,5.544,2021-2022,v2_expected_weather,5.853081226348877
2021,Zala,maize,7.32,8.622,2021-2022,v2_expected_weather,9.36221981048584
2021,Zala,wheat,6.32,5.754,2021-2022,v2_expected_weather,5.912160873413086
2022,Bács-Kiskun,barley,4.87,5.624,2021-2022,v2_expected_weather,6.1280622482299805
2022,Bács-Kiskun,maize,3.81,6.788,2021-2022,v2_expected_weather,6.4130706787109375
2022,Bács-Kiskun,wheat,4.46,5.48,2021-2022,v2_expected_weather,5.949277400970459
2022,Baranya,barley,6.19,6.48,2021-2022,v2_expected_weather,6.632340908050537
2022,Baranya,maize,4.7,8.218,2021-2022,v2_expected_weather,9.464592933654785
2022,Baranya,wheat,5.46,6.25,2021-2022,v2_expected_weather,6.590399742126465
2022,Békés,barley,4.1,5.288,2021-2022,v2_expected_weather,5.757111549377441
2022,Békés,maize,1.85,7.294,2021-2022,v2_expected_weather,7.048901081085205
2022,Békés,wheat,3.84,5.376,2021-2022,v2_expected_weather,5.751414775848389
2022,Borsod-Abaúj-Zemplén,barley,5.05,5.416,2021-2022,v2_expected_weather,5.610135555267334
2022,Borsod-Abaúj-Zemplén,maize,3.03,7.936,2021-2022,v2_expected_weather,8.67961597442627
2022,Borsod-Abaúj-Zemplén,wheat,4.42,5.41,2021-2022,v2_expected_weather,5.604438781738281
2022,Csongrád-Csanád,barley,4.47,5.144,2021-2022,v2_expected_weather,5.778180122375488
2022,Csongrád-Csanád,maize,1.9,6.282,2021-2022,v2_expected_weather,6.252978324890137
2022,Csongrád-Csanád,wheat,3.54,5.074,2021-2022,v2_expected_weather,5.7724833488464355
2022,Fejér,barley,5.58,6.132,2021-2022,v2_expected_weather,6.442678928375244
2022,Fejér,maize,2.56,7.692,2021-2022,v2_expected_weather,7.6403584480285645
2022,Fejér,wheat,5.47,5.646,2021-2022,v2_expected_weather,6.065210819244385
2022,Győr-Moson-Sopron,barley,5.36,5.23,2021-2022,v2_expected_weather,5.635021686553955
2022,Győr-Moson-Sopron,maize,4.81,7.026,2021-2022,v2_expected_weather,7.315463542938232
2022,Győr-Moson-Sopron,wheat,5.21,5.192,2021-2022,v2_expected_weather,5.629324913024902
2022,Hajdú-Bihar,barley,4.15,5.914,2021-2022,v2_expected_weather,6.393710136413574
2022,Hajdú-Bihar,maize,2.52,8.52,2021-2022,v2_expected_weather,8.082798957824707
2022,Hajdú-Bihar,wheat,3.48,5.83,2021-2022,v2_expected_weather,5.981935501098633
2022,Heves,barley,3.89,5.562,2021-2022,v2_expected_weather,5.897441387176514
2022,Heves,maize,1.52,6.964,2021-2022,v2_expected_weather,6.934800624847412
2022,Heves,wheat,3.28,5.198,2021-2022,v2_expected_weather,5.623286247253418
2022,Jász-Nagykun-Szolnok,barley,3.34,5.356,2021-2022,v2_expected_weather,5.746067047119141
2022,Jász-Nagykun-Szolnok,maize,2.23,5.828,2021-2022,v2_expected_weather,5.718638896942139
2022,Jász-Nagykun-Szolnok,wheat,3.0,5.08,2021-2022,v2_expected_weather,5.647603511810303
2022,Komárom-Esztergom,barley,4.8,5.462,2021-2022,v2_expected_weather,5.735270023345947
2022,Komárom-Esztergom,maize,2.73,7.68,2021-2022,v2_expected_weather,8.238624572753906
2022,Komárom-Esztergom,wheat,4.62,5.426,2021-2022,v2_expected_weather,5.7295732498168945
2022,Nógrád,barley,3.88,4.232,2021-2022,v2_expected_weather,4.648292064666748
2022,Nógrád,maize,2.65,5.976,2021-2022,v2_expected_weather,6.40478515625
2022,Nógrád,wheat,3.57,5.03,2021-2022,v2_expected_weather,5.455324649810791
2022,Pest,barley,3.49,4.898,2021-2022,v2_expected_weather,5.509119033813477
2022,Pest,maize,1.55,7.302,2021-2022,v2_expected_weather,7.317032814025879
2022,Pest,wheat,3.43,4.924,2021-2022,v2_expected_weather,5.503422260284424
2022,Somogy,barley,5.88,5.994,2021-2022,v2_expected_weather,6.463869571685791
2022,Somogy,maize,5.75,8.848,2021-2022,v2_expected_weather,9.373834609985352
2022,Somogy,wheat,6.0,5.876,2021-2022,v2_expected_weather,6.317757606506348
2022,Szabolcs-Szatmár-Bereg,barley,4.41,4.806,2021-2022,v2_expected_weather,5.3086771965026855
2022,Szabolcs-Szatmár-Bereg,maize,2.51,7.518,2021-2022,v2_expected_weather,7.382595539093018
2022,Szabolcs-Szatmár-Bereg,wheat,4.09,5.248,2021-2022,v2_expected_weather,5.787935256958008
2022,Tolna,barley,6.2,6.438,2021-2022,v2_expected_weather,6.665327548980713
2022,Tolna,maize,4.18,8.236,2021-2022,v2_expected_weather,8.856040000915527
2022,Tolna,wheat,6.12,6.096,2021-2022,v2_expected_weather,6.413917541503906
2022,Vas,barley,5.72,5.382,2021-2022,v2_expected_weather,5.683193206787109
2022,Vas,maize,5.95,8.278,2021-2022,v2_expected_weather,9.046390533447266
2022,Vas,wheat,6.29,5.694,2021-2022,v2_expected_weather,5.917964458465576
2022,Veszprém,barley,4.78,4.788,2021-2022,v2_expected_weather,5.092353343963623
2022,Veszprém,maize,4.2,6.67,2021-2022,v2_expected_weather,7.293287754058838
2022,Veszprém,wheat,4.79,4.88,2021-2022,v2_expected_weather,5.1469831466674805
2022,Zala,barley,5.5,5.674,2021-2022,v2_expected_weather,5.913957595825195
2022,Zala,maize,7.14,8.412,2021-2022,v2_expected_weather,9.230487823486328
2022,Zala,wheat,6.0,5.83,2021-2022,v2_expected_weather,5.912692070007324
2021,Bács-Kiskun,barley,6.6,5.244,2021-2022,v2_historical_median,5.705995082855225
2021,Bács-Kiskun,maize,5.19,7.37,2021-2022,v2_historical_median,7.967689037322998
2021,Bács-Kiskun,wheat,5.78,5.408,2021-2022,v2_historical_median,5.767678260803223
2021,Baranya,barley,6.99,6.294,2021-2022,v2_historical_median,6.522698879241943
2021,Baranya,maize,6.67,8.688,2021-2022,v2_historical_median,9.276534080505371
2021,Baranya,wheat,6.14,6.306,2021-2022,v2_historical_median,6.517002105712891
2021,Békés,barley,6.39,5.036,2021-2022,v2_historical_median,5.560549736022949
2021,Békés,maize,5.21,7.998,2021-2022,v2_historical_median,8.251002311706543
2021,Békés,wheat,6.48,5.082,2021-2022,v2_historical_median,5.5548529624938965
2021,Borsod-Abaúj-Zemplén,barley,6.08,5.188,2021-2022,v2_historical_median,5.402547836303711
2021,Borsod-Abaúj-Zemplén,maize,7.21,8.202,2021-2022,v2_historical_median,8.47940731048584
2021,Borsod-Abaúj-Zemplén,wheat,5.69,5.368,2021-2022,v2_historical_median,5.489617824554443
2021,Csongrád-Csanád,barley,6.56,4.688,2021-2022,v2_historical_median,5.245725631713867
2021,Csongrád-Csanád,maize,4.32,6.906,2021-2022,v2_historical_median,6.481783390045166
2021,Csongrád-Csanád,wheat,5.95,4.844,2021-2022,v2_historical_median,5.277029514312744
2021,Fejér,barley,7.09,5.884,2021-2022,v2_historical_median,6.18509578704834
2021,Fejér,maize,5.88,8.39,2021-2022,v2_historical_median,7.867063045501709
2021,Fejér,wheat,5.78,5.75,2021-2022,v2_historical_median,5.909305095672607
2021,Győr-Moson-Sopron,barley,6.09,5.03,2021-2022,v2_historical_median,5.476570129394531
2021,Győr-Moson-Sopron,maize,7.56,7.26,2021-2022,v2_historical_median,7.169943809509277
2021,Győr-Moson-Sopron,wheat,5.58,5.096,2021-2022,v2_historical_median,5.4708733558654785
2021,Hajdú-Bihar,barley,7.19,5.538,2021-2022,v2_historical_median,5.749030590057373
2021,Hajdú-Bihar,maize,6.78,9.078,2021-2022,v2_historical_median,8.225544929504395
2021,Hajdú-Bihar,wheat,6.79,5.566,2021-2022,v2_historical_median,5.74333381652832
2021,Heves,barley,6.14,5.306,2021-2022,v2_historical_median,5.514278888702393
2021,Heves,maize,6.28,7.13,2021-2022,v2_historical_median,7.506813049316406
2021,Heves,wheat,5.67,5.006,2021-2022,v2_historical_median,5.415815353393555
2021,Jász-Nagykun-Szolnok,barley,5.92,5.148,2021-2022,v2_historical_median,5.471477031707764
2021,Jász-Nagykun-Szolnok,maize,5.16,6.154,2021-2022,v2_historical_median,6.032453536987305
2021,Jász-Nagykun-Szolnok,wheat,5.59,4.866,2021-2022,v2_historical_median,5.073592185974121
2021,Komárom-Esztergom,barley,6.31,5.216,2021-2022,v2_historical_median,5.437430381774902
2021,Komárom-Esztergom,maize,7.85,7.778,2021-2022,v2_historical_median,8.330729484558105
2021,Komárom-Esztergom,wheat,6.24,5.262,2021-2022,v2_historical_median,5.524500370025635
2021,Nógrád,barley,4.88,4.056,2021-2022,v2_historical_median,4.314002513885498
2021,Nógrád,maize,5.78,6.078,2021-2022,v2_historical_median,6.351391792297363
2021,Nógrád,wheat,5.05,4.94,2021-2022,v2_historical_median,5.247509479522705
2021,Pest,barley,5.69,4.688,2021-2022,v2_historical_median,5.12587308883667
2021,Pest,maize,6.09,7.566,2021-2022,v2_historical_median,8.228015899658203
2021,Pest,wheat,5.57,4.76,2021-2022,v2_historical_median,5.099584579467773
2021,Somogy,barley,6.64,5.852,2021-2022,v2_historical_median,5.949415683746338
2021,Somogy,maize,6.16,9.54,2021-2022,v2_historical_median,9.241395950317383
2021,Somogy,wheat,6.16,5.88,2021-2022,v2_historical_median,6.165756702423096
2021,Szabolcs-Szatmár-Bereg,barley,5.34,4.636,2021-2022,v2_historical_median,4.861396789550781
2021,Szabolcs-Szatmár-Bereg,maize,6.89,7.834,2021-2022,v2_historical_median,8.011104583740234
2021,Szabolcs-Szatmár-Bereg,wheat,5.91,5.036,2021-2022,v2_historical_median,5.495273590087891
2021,Tolna,barley,7.08,6.282,2021-2022,v2_historical_median,6.549320220947266
2021,Tolna,maize,4.93,9.14,2021-2022,v2_historical_median,8.721951484680176
2021,Tolna,wheat,5.98,6.178,2021-2022,v2_historical_median,6.543623447418213
2021,Vas,barley,5.81,5.17,2021-2022,v2_historical_median,5.4580888748168945
2021,Vas,maize,8.23,8.392,2021-2022,v2_historical_median,9.021944999694824
2021,Vas,wheat,5.95,5.716,2021-2022,v2_historical_median,5.7856268882751465
2021,Veszprém,barley,5.54,4.56,2021-2022,v2_historical_median,4.716691017150879
2021,Veszprém,maize,5.36,6.976,2021-2022,v2_historical_median,7.6175432205200195
2021,Veszprém,wheat,5.26,4.842,2021-2022,v2_historical_median,5.002656936645508
2021,Zala,barley,6.13,5.544,2021-2022,v2_historical_median,5.679564476013184
2021,Zala,maize,7.32,8.622,2021-2022,v2_historical_median,9.02119255065918
2021,Zala,wheat,6.32,5.754,2021-2022,v2_historical_median,5.738644123077393
2022,Bács-Kiskun,barley,4.87,5.624,2021-2022,v2_historical_median,5.946463108062744
2022,Bács-Kiskun,maize,3.81,6.788,2021-2022,v2_historical_median,6.310853004455566
2022,Bács-Kiskun,wheat,4.46,5.48,2021-2022,v2_historical_median,5.767678260803223
2022,Baranya,barley,6.19,6.48,2021-2022,v2_historical_median,6.561464309692383
2022,Baranya,maize,4.7,8.218,2021-2022,v2_historical_median,9.077322006225586
2022,Baranya,wheat,5.46,6.25,2021-2022,v2_historical_median,6.5195231437683105
2022,Békés,barley,4.1,5.288,2021-2022,v2_historical_median,5.653316497802734
2022,Békés,maize,1.85,7.294,2021-2022,v2_historical_median,7.313839435577393
2022,Békés,wheat,3.84,5.376,2021-2022,v2_historical_median,5.647619724273682
2022,Borsod-Abaúj-Zemplén,barley,5.05,5.416,2021-2022,v2_historical_median,5.572875499725342
2022,Borsod-Abaúj-Zemplén,maize,3.03,7.936,2021-2022,v2_historical_median,8.155157089233398
2022,Borsod-Abaúj-Zemplén,wheat,4.42,5.41,2021-2022,v2_historical_median,5.567178726196289
2022,Csongrád-Csanád,barley,4.47,5.144,2021-2022,v2_historical_median,5.674914360046387
2022,Csongrád-Csanád,maize,1.9,6.282,2021-2022,v2_historical_median,6.128009796142578
2022,Csongrád-Csanád,wheat,3.54,5.074,2021-2022,v2_historical_median,5.669217586517334
2022,Fejér,barley,5.58,6.132,2021-2022,v2_historical_median,6.286773204803467
2022,Fejér,maize,2.56,7.692,2021-2022,v2_historical_median,7.4904327392578125
2022,Fejér,wheat,5.47,5.646,2021-2022,v2_historical_median,5.909305095672607
2022,Győr-Moson-Sopron,barley,5.36,5.23,2021-2022,v2_historical_median,5.544328689575195
2022,Győr-Moson-Sopron,maize,4.81,7.026,2021-2022,v2_historical_median,7.021813869476318
2022,Győr-Moson-Sopron,wheat,5.21,5.192,2021-2022,v2_historical_median,5.538631916046143
2022,Hajdú-Bihar,barley,4.15,5.914,2021-2022,v2_historical_median,6.232616424560547
2022,Hajdú-Bihar,maize,2.52,8.52,2021-2022,v2_historical_median,8.169968605041504
2022,Hajdú-Bihar,wheat,3.48,5.83,2021-2022,v2_historical_median,5.8208417892456055
2022,Heves,barley,3.89,5.562,2021-2022,v2_historical_median,5.68997049331665
2022,Heves,maize,1.52,6.964,2021-2022,v2_historical_median,7.25087833404541
2022,Heves,wheat,3.28,5.198,2021-2022,v2_historical_median,5.415815353393555
2022,Jász-Nagykun-Szolnok,barley,3.34,5.356,2021-2022,v2_historical_median,5.564243793487549
2022,Jász-Nagykun-Szolnok,maize,2.23,5.828,2021-2022,v2_historical_median,5.626667499542236
2022,Jász-Nagykun-Szolnok,wheat,3.0,5.08,2021-2022,v2_historical_median,5.465780258178711
2022,Komárom-Esztergom,barley,4.8,5.462,2021-2022,v2_historical_median,5.603942394256592
2022,Komárom-Esztergom,maize,2.73,7.68,2021-2022,v2_historical_median,7.954103946685791
2022,Komárom-Esztergom,wheat,4.62,5.426,2021-2022,v2_historical_median,5.598245620727539
2022,Nógrád,barley,3.88,4.232,2021-2022,v2_historical_median,4.57028865814209
2022,Nógrád,maize,2.65,5.976,2021-2022,v2_historical_median,6.173584938049316
2022,Nógrád,wheat,3.57,5.03,2021-2022,v2_historical_median,5.377321243286133
2022,Pest,barley,3.49,4.898,2021-2022,v2_historical_median,5.340388774871826
2022,Pest,maize,1.55,7.302,2021-2022,v2_historical_median,6.997496128082275
2022,Pest,wheat,3.43,4.924,2021-2022,v2_historical_median,5.334692001342773
2022,Somogy,barley,5.88,5.994,2021-2022,v2_historical_median,6.311868667602539
2022,Somogy,maize,5.75,8.848,2021-2022,v2_historical_median,9.241395950317383
2022,Somogy,wheat,6.0,5.876,2021-2022,v2_historical_median,6.165756702423096
2022,Szabolcs-Szatmár-Bereg,barley,4.41,4.806,2021-2022,v2_historical_median,5.110077381134033
2022,Szabolcs-Szatmár-Bereg,maize,2.51,7.518,2021-2022,v2_historical_median,7.459416389465332
2022,Szabolcs-Szatmár-Bereg,wheat,4.09,5.248,2021-2022,v2_historical_median,5.5893354415893555
2022,Tolna,barley,6.2,6.438,2021-2022,v2_historical_median,6.585564613342285
2022,Tolna,maize,4.18,8.236,2021-2022,v2_historical_median,8.444194793701172
2022,Tolna,wheat,6.12,6.096,2021-2022,v2_historical_median,6.3341546058654785
2022,Vas,barley,5.72,5.382,2021-2022,v2_historical_median,5.552300930023193
2022,Vas,maize,5.95,8.278,2021-2022,v2_historical_median,9.021944999694824
2022,Vas,wheat,6.29,5.694,2021-2022,v2_historical_median,5.78707218170166
2022,Veszprém,barley,4.78,4.788,2021-2022,v2_historical_median,4.9550957679748535
2022,Veszprém,maize,4.2,6.67,2021-2022,v2_historical_median,7.265623569488525
2022,Veszprém,wheat,4.79,4.88,2021-2022,v2_historical_median,5.009725570678711
2022,Zala,barley,5.5,5.674,2021-2022,v2_historical_median,5.754060745239258
2022,Zala,maize,7.14,8.412,2021-2022,v2_historical_median,9.02119255065918
2022,Zala,wheat,6.0,5.83,2021-2022,v2_historical_median,5.752795219421387
