yield_year,county_name,crop,average_yield_t_ha,recent_yield_mean_t_ha,period,model,minimum,p10,median,p90,maximum
2015,Bács-Kiskun,barley,4.79,3.956,2015-2016,current,3.541469,3.6498397827148437,4.308634,4.679146575927734,4.7915754
2015,Bács-Kiskun,maize,5.6,5.64,2015-2016,current,3.4174306,4.377992630004883,6.260357,7.72048807144165,7.882685
2015,Bács-Kiskun,wheat,5.03,4.246,2015-2016,current,3.6849668,3.857063341140747,4.624226,4.976616668701172,5.102231
2015,Baranya,barley,5.06,4.7,2015-2016,current,4.24425,4.438738536834717,4.798027,5.132336139678955,5.3419995
2015,Baranya,maize,6.57,6.46,2015-2016,current,4.330407,6.035910606384277,6.96955,7.6819476127624515,8.353023
2015,Baranya,wheat,5.78,5.184,2015-2016,current,4.646694,4.877832889556885,5.2342362,5.497881031036377,5.6770816
2015,Békés,barley,4.99,3.552,2015-2016,current,3.1229851,3.2452410221099854,3.7997909,3.986277866363525,4.104485
2015,Békés,maize,6.25,5.976,2015-2016,current,3.7874367,4.621321010589599,6.0532627,6.963209819793701,7.2000933
2015,Békés,wheat,5.42,3.976,2015-2016,current,3.3837497,3.5331023216247557,4.1772346,4.393290996551514,4.4780345
2015,Borsod-Abaúj-Zemplén,barley,4.58,3.628,2015-2016,current,3.115433,3.188374662399292,3.7550006,3.9073696613311766,4.1573167
2015,Borsod-Abaúj-Zemplén,maize,4.93,6.37,2015-2016,current,5.3210382,5.642788124084473,6.074025,6.455167675018311,7.022709
2015,Borsod-Abaúj-Zemplén,wheat,4.98,4.16,2015-2016,current,3.4034913,3.4949767112731935,4.202617,4.4288763999938965,4.5378547
2015,Csongrád-Csanád,barley,4.37,3.566,2015-2016,current,3.1933198,3.270237159729004,3.846518,4.159717464447022,4.220672
2015,Csongrád-Csanád,maize,5.22,5.25,2015-2016,current,3.0799725,3.911785125732422,5.35308,7.00017786026001,7.101371
2015,Csongrád-Csanád,wheat,4.91,4.062,2015-2016,current,3.5913675,3.6237085819244386,4.206976,4.710398769378662,4.7463155
2015,Fejér,barley,5.79,4.256,2015-2016,current,3.4938323,3.633977699279785,4.3416295,4.791392040252686,5.1093283
2015,Fejér,maize,6.21,6.674,2015-2016,current,4.1947637,5.049326992034913,6.8847227,7.968384552001953,8.129763
2015,Fejér,wheat,5.87,4.696,2015-2016,current,4.073004,4.253480434417725,4.7998104,5.279635334014893,5.61204
2015,Győr-Moson-Sopron,barley,4.89,3.852,2015-2016,current,3.3675547,3.484299564361572,3.8087895,3.984405040740967,4.3596606
2015,Győr-Moson-Sopron,maize,5.51,6.822,2015-2016,current,5.808804,5.963032150268555,6.6408043,7.288897323608398,7.632332
2015,Győr-Moson-Sopron,wheat,5.17,4.452,2015-2016,current,3.9310205,3.9768046855926515,4.414834,4.578586006164551,5.0320983
2015,Hajdú-Bihar,barley,5.03,3.816,2015-2016,current,3.2012503,3.218149185180664,3.7669203,4.077386665344238,4.311144
2015,Hajdú-Bihar,maize,6.07,6.292,2015-2016,current,5.7838645,6.126168823242187,7.3281183,7.931804370880127,7.9623184
2015,Hajdú-Bihar,wheat,5.15,4.328,2015-2016,current,3.5969818,3.7229815483093263,4.223315,4.668870067596435,4.87234
2015,Heves,barley,4.54,3.33,2015-2016,current,2.6847334,2.8907044887542725,3.5545042,3.7156909942626952,3.8069518
2015,Heves,maize,3.88,4.654,2015-2016,current,3.5665271,3.884147548675537,4.8881135,5.716653060913086,5.8350263
2015,Heves,wheat,4.88,3.622,2015-2016,current,2.8325267,3.006585168838501,3.7531416,3.931834173202515,3.9505866
2015,Jász-Nagykun-Szolnok,barley,4.64,3.436,2015-2016,current,2.979577,3.074325752258301,3.6466167,3.820831871032715,3.9015005
2015,Jász-Nagykun-Szolnok,maize,4.53,4.168,2015-2016,current,2.3902473,3.126420259475708,4.5027065,5.669756507873535,5.7935853
2015,Jász-Nagykun-Szolnok,wheat,4.73,3.498,2015-2016,current,3.1868715,3.215868902206421,3.9014785,4.044579601287841,4.109893
2015,Komárom-Esztergom,barley,4.98,3.724,2015-2016,current,3.250513,3.317523193359375,3.8987677,4.053465938568115,4.1615973
2015,Komárom-Esztergom,maize,6.13,6.25,2015-2016,current,5.3417993,6.386727809906006,6.803289,7.4326807975769045,7.523751
2015,Komárom-Esztergom,wheat,5.5,4.14,2015-2016,current,3.5749302,3.6207653999328615,4.2167296,4.5794065475463865,4.608201
2015,Nógrád,barley,3.21,2.59,2015-2016,current,2.0764036,2.4770675182342528,3.0592396,3.169095516204834,3.266856
2015,Nógrád,maize,3.54,4.436,2015-2016,current,4.0393405,4.180718898773193,4.5802546,5.192396640777588,5.823703
2015,Nógrád,wheat,4.06,3.346,2015-2016,current,2.6905916,3.0478657245635987,3.7993057,3.909020519256592,3.9842849
2015,Pest,barley,4.55,3.688,2015-2016,current,2.9888778,3.079443836212158,3.980905,4.125392150878906,4.261692
2015,Pest,maize,5.5,5.528,2015-2016,current,3.3997803,4.386212158203125,5.577651,7.1031139373779295,7.3617277
2015,Pest,wheat,4.91,3.854,2015-2016,current,3.1443343,3.1784646987915037,4.2052917,4.318326663970947,4.4619083
2015,Somogy,barley,4.37,4.12,2015-2016,current,3.689475,3.7907383918762205,4.4168935,4.797172260284424,4.9962063
2015,Somogy,maize,6.9,5.96,2015-2016,current,3.3641157,4.870113372802734,6.095881,6.856445693969727,7.168259
2015,Somogy,wheat,5.53,4.69,2015-2016,current,4.3273005,4.362962341308593,4.998825,5.349946308135986,5.524938
2015,Szabolcs-Szatmár-Bereg,barley,4.03,3.282,2015-2016,current,2.8454423,3.015123987197876,3.5341585,3.7899348735809326,4.0078716
2015,Szabolcs-Szatmár-Bereg,maize,3.62,5.78,2015-2016,current,4.5782146,4.861434364318848,5.81964,6.258070945739746,6.3767576
2015,Szabolcs-Szatmár-Bereg,wheat,4.88,3.964,2015-2016,current,3.280512,3.4280284881591796,4.14779,4.519279098510742,4.6711345
2015,Tolna,barley,5.69,4.66,2015-2016,current,4.114207,4.210355377197265,4.8784513,5.295735263824463,5.403536
2015,Tolna,maize,7.34,6.69,2015-2016,current,3.6318624,5.014127731323242,6.4802446,8.12781219482422,8.282462
2015,Tolna,wheat,6.08,5.018,2015-2016,current,4.4315186,4.536486625671387,5.2453566,5.582290458679199,5.670828
2015,Vas,barley,4.69,4.168,2015-2016,current,3.811419,3.8996973991394044,4.289416,4.642076015472412,4.737578
2015,Vas,maize,6.11,6.624,2015-2016,current,5.9712563,6.119044589996338,6.7869577,7.554300212860108,7.991329
2015,Vas,wheat,5.24,4.558,2015-2016,current,3.9864223,4.092304992675781,4.5036974,4.85497465133667,4.9345555
2015,Veszprém,barley,3.91,3.402,2015-2016,current,3.0925238,3.2461805820465086,3.638448,3.8205886363983153,4.0651364
2015,Veszprém,maize,5.22,5.352,2015-2016,current,4.0032215,4.9745687484741214,5.707966,6.442813205718994,6.492977
2015,Veszprém,wheat,4.48,3.754,2015-2016,current,3.172564,3.3822144985198976,3.831632,4.0303655624389645,4.226277
2015,Zala,barley,4.6,4.348,2015-2016,current,3.46956,4.167851448059082,4.4003344,4.612336158752441,4.7139764
2015,Zala,maize,6.3,6.074,2015-2016,current,4.6172085,5.018684196472168,6.4330525,6.840000915527344,7.069282
2015,Zala,wheat,5.26,4.722,2015-2016,current,4.000893,4.43961534500122,4.721843,4.928921794891357,5.05088
2016,Bács-Kiskun,barley,4.7,4.21,2015-2016,current,3.679002,3.8095818996429442,4.530894,4.890280151367188,4.9812384
2016,Bács-Kiskun,maize,8.1,5.534,2015-2016,current,2.8662815,3.8253215312957765,5.752243,7.2902830123901365,7.556354
2016,Bács-Kiskun,wheat,5.42,4.484,2015-2016,current,3.8237143,4.019755935668945,4.7228785,5.087297534942627,5.1907716
2016,Baranya,barley,6.06,4.936,2015-2016,current,4.3915887,4.602274608612061,4.934559,5.25493631362915,5.4234815
2016,Baranya,maize,9.02,6.394,2015-2016,current,4.399035,6.113215160369873,6.9788537,7.6804736137390135,8.346428
2016,Baranya,wheat,6.42,5.5,2015-2016,current,4.575558,4.847897338867187,5.166942,5.42674503326416,5.5647426
2016,Békés,barley,5.13,3.958,2015-2016,current,3.2528932,3.3977900981903075,4.045725,4.226998805999756,4.307158
2016,Békés,maize,8.73,5.902,2015-2016,current,3.8130815,4.451628398895264,6.070317,6.983700370788574,7.217147
2016,Békés,wheat,5.01,4.364,2015-2016,current,3.4523668,3.622752618789673,4.3316245,4.504976844787597,4.596735
2016,Borsod-Abaúj-Zemplén,barley,4.94,3.916,2015-2016,current,3.2715745,3.3624578952789306,3.9531555,4.150545501708985,4.340714
2016,Borsod-Abaúj-Zemplén,maize,8.54,6.344,2015-2016,current,5.833233,6.087512111663818,6.579348,6.951590347290039,7.596821
2016,Borsod-Abaúj-Zemplén,wheat,5.48,4.396,2015-2016,current,3.5324352,3.611684036254883,4.299601,4.52586030960083,4.6741576
2016,Csongrád-Csanád,barley,4.28,3.806,2015-2016,current,3.1885612,3.2615825176239013,3.8635936,4.189014434814453,4.2175574
2016,Csongrád-Csanád,maize,7.44,5.07,2015-2016,current,3.0206335,3.692453908920288,5.222166,6.939889621734619,7.037201
2016,Csongrád-Csanád,wheat,4.8,4.29,2015-2016,current,3.627092,3.664708137512207,4.476547,4.809576988220215,4.8112392
2016,Fejér,barley,5.85,4.65,2015-2016,current,3.901444,4.05730562210083,4.668823,5.215364074707031,5.440593
2016,Fejér,maize,9.37,6.432,2015-2016,current,4.406617,5.296745777130127,6.7598553,7.760060024261475,8.325976
2016,Fejér,wheat,6.3,5.01,2015-2016,current,4.24644,4.435152816772461,5.087231,5.619270610809326,5.8096747
2016,Győr-Moson-Sopron,barley,5.09,4.182,2015-2016,current,3.6958556,3.768826198577881,4.22167,4.562052536010742,4.851631
2016,Győr-Moson-Sopron,maize,8.73,6.58,2015-2016,current,6.2522964,6.787040042877197,7.399393,7.967022132873535,8.355849
2016,Győr-Moson-Sopron,wheat,5.1,4.698,2015-2016,current,4.37504,4.400781536102295,4.586624,4.98935832977295,5.2059393
2016,Hajdú-Bihar,barley,5.31,4.226,2015-2016,current,3.530868,3.6337868690490724,4.1568093,4.5551482200622555,4.752975
2016,Hajdú-Bihar,maize,9.57,6.234,2015-2016,current,5.7838645,6.044474697113037,7.342881,7.950448226928711,7.9898195
2016,Hajdú-Bihar,wheat,5.47,4.674,2015-2016,current,4.2094665,4.2729747772216795,4.697171,5.003546810150146,5.201519
2016,Heves,barley,4.86,3.622,2015-2016,current,2.6671426,2.8400790214538576,3.5364695,3.70023717880249,3.758531
2016,Heves,maize,7.11,4.46,2015-2016,current,3.3426323,3.683531713485718,4.711252,5.6088683128356935,5.7218513
2016,Heves,wheat,4.71,3.958,2015-2016,current,3.0066998,3.14249005317688,3.9386072,4.103360652923584,4.17116
2016,Jász-Nagykun-Szolnok,barley,4.88,3.824,2015-2016,current,2.8664296,3.0153770446777344,3.5191295,3.7653761863708497,3.8712666
2016,Jász-Nagykun-Szolnok,maize,6.79,4.238,2015-2016,current,2.3892026,3.125375509262085,4.5016613,5.680268383026123,5.780217
2016,Jász-Nagykun-Szolnok,wheat,4.52,3.86,2015-2016,current,3.0082548,3.101818084716797,3.6858416,3.9188388347625733,4.0303383
2016,Komárom-Esztergom,barley,5.08,4.07,2015-2016,current,3.492163,3.5447978496551515,4.246815,4.414434909820557,4.440816
2016,Komárom-Esztergom,maize,8.34,6.16,2015-2016,current,4.8883953,6.09873857498169,6.513908,7.215522575378418,7.386787
2016,Komárom-Esztergom,wheat,5.42,4.464,2015-2016,current,3.7589214,3.8035518169403075,4.5619626,4.713010597229004,4.7941356
2016,Nógrád,barley,4.0,2.734,2015-2016,current,2.0764036,2.4770675182342528,3.0416634,3.169095516204834,3.266856
2016,Nógrád,maize,6.29,4.226,2015-2016,current,3.8981607,4.04213924407959,4.425127,5.125243473052978,5.7411094
2016,Nógrád,wheat,4.6,3.488,2015-2016,current,2.7365272,3.0978200435638428,3.876862,3.9747602939605713,4.057588
2016,Pest,barley,4.64,3.992,2015-2016,current,3.2085152,3.276930093765259,4.3010263,4.383838844299317,4.5385566
2016,Pest,maize,7.41,5.4,2015-2016,current,3.4203162,4.363504123687744,5.717421,7.26968469619751,7.6023455
2016,Pest,wheat,4.75,4.182,2015-2016,current,3.4211154,3.496487760543823,4.576042,4.696499443054199,4.8167143
2016,Somogy,barley,5.93,4.256,2015-2016,current,3.8053381,3.912145757675171,4.5494833,5.060357475280762,5.1201963
2016,Somogy,maize,9.62,5.924,2015-2016,current,3.455837,5.155186557769776,6.4674597,6.969564819335938,7.3217273
2016,Somogy,wheat,6.18,4.974,2015-2016,current,4.489796,4.50584659576416,5.164182,5.520999622344971,5.6184473
2016,Szabolcs-Szatmár-Bereg,barley,4.49,3.518,2015-2016,current,2.9630399,3.0583762645721437,3.6750777,3.945873498916626,4.149316
2016,Szabolcs-Szatmár-Bereg,maize,8.47,5.514,2015-2016,current,4.3168516,4.658164978027344,5.708757,6.497835445404053,6.619985
2016,Szabolcs-Szatmár-Bereg,wheat,4.85,4.24,2015-2016,current,3.344569,3.430371141433716,4.0982766,4.6371537208557125,4.789009
2016,Tolna,barley,6.3,5.028,2015-2016,current,4.3298817,4.457836532592774,5.0877037,5.5187835693359375,5.5353622
2016,Tolna,maize,9.45,6.608,2015-2016,current,3.9937696,5.949165916442872,7.4172726,8.508051109313964,8.575168
2016,Tolna,wheat,6.39,5.386,2015-2016,current,4.6854753,4.743059158325195,5.384408,5.763032150268555,5.789688
2016,Vas,barley,4.75,4.236,2015-2016,current,3.811419,3.8996973991394044,4.3335047,4.676913738250732,4.737578
2016,Vas,maize,8.8,6.434,2015-2016,current,5.6907916,6.02236156463623,6.4893928,7.060772323608399,7.387585
2016,Vas,wheat,6.06,4.686,2015-2016,current,4.2729535,4.313554668426514,4.716169,5.069116020202637,5.1510797
2016,Veszprém,barley,4.4,3.542,2015-2016,current,3.0567334,3.231335496902466,3.6499593,3.9684316635131833,4.0648003
2016,Veszprém,maize,6.89,5.37,2015-2016,current,4.0032215,5.26940393447876,5.745702,6.442813205718994,6.492977
2016,Veszprém,wheat,5.07,3.966,2015-2016,current,3.3156738,3.436534547805786,4.155617,4.4350080490112305,4.5187764
2016,Zala,barley,5.48,4.438,2015-2016,current,3.5560348,4.189621353149414,4.407247,4.705581474304199,4.8398914
2016,Zala,maize,8.37,5.99,2015-2016,current,4.574849,5.466812705993652,6.341723,6.7384522438049315,6.8989167
2016,Zala,wheat,5.94,4.888,2015-2016,current,4.1508765,4.556484889984131,4.8619003,5.124056243896485,5.281437
2015,Bács-Kiskun,barley,4.79,3.956,2015-2016,v2,3.5786343,3.6746127128601076,4.4116545,4.610065937042236,4.657519
2015,Bács-Kiskun,maize,5.6,5.64,2015-2016,v2,3.4371011,4.062631893157959,5.932671,7.084402275085449,7.1855297
2015,Bács-Kiskun,wheat,5.03,4.246,2015-2016,v2,3.7374527,3.825645637512207,4.6207833,4.808041572570801,4.8554945
2015,Baranya,barley,5.06,4.7,2015-2016,v2,4.2710376,4.3234457015991214,4.8113227,4.981442642211914,5.059158
2015,Baranya,maize,6.57,6.46,2015-2016,v2,4.3159657,5.968272590637207,7.40199,7.617453765869141,7.7092485
2015,Baranya,wheat,5.78,5.184,2015-2016,v2,4.7872806,4.892750263214111,5.4551806,5.606259059906006,5.6839743
2015,Békés,barley,4.99,3.552,2015-2016,v2,3.1825686,3.2385152339935304,3.8612165,4.070574474334717,4.1237793
2015,Békés,maize,6.25,5.976,2015-2016,v2,3.7179956,4.2570818901062015,5.892999,7.040552711486816,7.1660185
2015,Békés,wheat,5.42,3.976,2015-2016,v2,3.579882,3.616786813735962,4.2826552,4.499767780303955,4.5529723
2015,Borsod-Abaúj-Zemplén,barley,4.58,3.628,2015-2016,v2,3.127229,3.165687084197998,3.8036864,3.849764013290405,3.912255
2015,Borsod-Abaúj-Zemplén,maize,4.93,6.37,2015-2016,v2,5.8912253,5.982188129425049,6.3736873,6.901276111602783,7.1136436
2015,Borsod-Abaúj-Zemplén,wheat,4.98,4.16,2015-2016,v2,3.5148885,3.545729923248291,4.252626,4.297177791595459,4.3240395
2015,Csongrád-Csanád,barley,4.37,3.566,2015-2016,v2,3.2432554,3.2912100315093995,3.9415915,4.239497184753418,4.250534
2015,Csongrád-Csanád,maize,5.22,5.25,2015-2016,v2,3.5009062,4.008987903594971,5.394364,6.836382961273193,7.015668
2015,Csongrád-Csanád,wheat,4.91,4.062,2015-2016,v2,3.6293125,3.669481611251831,4.339269,4.668689250946045,4.671974
2015,Fejér,barley,5.79,4.256,2015-2016,v2,3.616864,3.6992178916931153,4.457761,4.533017539978028,4.750801
2015,Fejér,maize,6.21,6.674,2015-2016,v2,4.582846,5.800331783294678,6.5245457,7.422333526611328,7.5429716
2015,Fejér,wheat,5.87,4.696,2015-2016,v2,3.994114,4.057425689697266,4.914551,5.005176067352295,5.215343
2015,Győr-Moson-Sopron,barley,4.89,3.852,2015-2016,v2,3.320038,3.4402090549468993,3.9082947,3.9934982299804687,4.1577926
2015,Győr-Moson-Sopron,maize,5.51,6.822,2015-2016,v2,5.818746,6.193016910552979,6.442311,7.239497375488281,7.333081
2015,Győr-Moson-Sopron,wheat,5.17,4.452,2015-2016,v2,3.7950938,3.9152640819549562,4.4783883,4.57896089553833,4.7356405
2015,Hajdú-Bihar,barley,5.03,3.816,2015-2016,v2,3.2389035,3.303578233718872,3.9082203,4.076013469696045,4.129621
2015,Hajdú-Bihar,maize,6.07,6.292,2015-2016,v2,5.010647,6.032309913635254,6.6907177,7.565800189971924,7.6961594
2015,Hajdú-Bihar,wheat,5.15,4.328,2015-2016,v2,3.678873,3.741021966934204,4.4067855,4.5776622772216795,4.6281557
2015,Heves,barley,4.54,3.33,2015-2016,v2,2.9310534,2.993471050262451,3.6175354,3.664148473739624,3.6770508
2015,Heves,maize,3.88,4.654,2015-2016,v2,3.9369905,4.341586685180664,4.9936066,5.703520774841309,5.7861896
2015,Heves,wheat,4.88,3.622,2015-2016,v2,3.1584244,3.2178056240081787,3.8496242,3.9234735012054442,3.9302573
2015,Jász-Nagykun-Szolnok,barley,4.64,3.436,2015-2016,v2,3.0778918,3.1406766414642333,3.7519193,3.8142368316650392,3.8587642
2015,Jász-Nagykun-Szolnok,maize,4.53,4.168,2015-2016,v2,2.9274073,3.5806539058685303,4.6780305,5.607009029388427,5.6936474
2015,Jász-Nagykun-Szolnok,wheat,4.73,3.498,2015-2016,v2,3.193209,3.236951971054077,3.887492,3.9505749702453614,3.978799
2015,Komárom-Esztergom,barley,4.98,3.724,2015-2016,v2,3.2604039,3.3557751178741455,3.9717407,4.032587337493896,4.1261005
2015,Komárom-Esztergom,maize,6.13,6.25,2015-2016,v2,5.786279,6.235246276855468,6.4571276,7.251345920562744,7.3345985
2015,Komárom-Esztergom,wheat,5.5,4.14,2015-2016,v2,3.6289334,3.7459468841552734,4.3977146,4.456538677215576,4.5377655
2015,Nógrád,barley,3.21,2.59,2015-2016,v2,2.520125,2.6872411251068113,3.2767146,3.3274769306182863,3.3333662
2015,Nógrád,maize,3.54,4.436,2015-2016,v2,4.308481,4.3524116516113285,4.483465,5.263911628723144,5.618418
2015,Nógrád,wheat,4.06,3.346,2015-2016,v2,2.9503222,3.0782007694244387,3.7384229,3.785403251647949,3.7854033
2015,Pest,barley,4.55,3.688,2015-2016,v2,3.2499826,3.329420471191406,4.0771832,4.136620903015137,4.1724625
2015,Pest,maize,5.5,5.528,2015-2016,v2,3.9160547,5.105469036102295,5.6003366,6.856231689453125,6.9368906
2015,Pest,wheat,4.91,3.854,2015-2016,v2,3.357426,3.422843313217163,4.2161384,4.253028869628906,4.292376
2015,Somogy,barley,4.37,4.12,2015-2016,v2,3.7700431,3.8204003810882567,4.3280253,4.456566619873047,4.5623326
2015,Somogy,maize,6.9,5.96,2015-2016,v2,3.416118,5.034952163696289,6.2421465,6.766001605987549,6.8390703
2015,Somogy,wheat,5.53,4.69,2015-2016,v2,4.180366,4.30498857498169,4.8678966,4.988652515411377,5.0944185
2015,Szabolcs-Szatmár-Bereg,barley,4.03,3.282,2015-2016,v2,2.9591901,3.1603503227233887,3.6941469,3.843504810333252,3.8870883
2015,Szabolcs-Szatmár-Bereg,maize,3.62,5.78,2015-2016,v2,4.8621755,5.389707946777344,5.714121,6.602917194366455,6.7459908
2015,Szabolcs-Szatmár-Bereg,wheat,4.88,3.964,2015-2016,v2,3.5017257,3.6914610862731934,4.2798486,4.431782627105713,4.4615006
2015,Tolna,barley,5.69,4.66,2015-2016,v2,3.927338,4.030403900146484,4.7844195,4.968783950805664,5.003274
2015,Tolna,maize,7.34,6.69,2015-2016,v2,4.0375214,5.260871696472168,6.4963207,7.463036918640137,7.5532
2015,Tolna,wheat,6.08,5.018,2015-2016,v2,4.524765,4.630945777893066,5.5055895,5.674786186218261,5.709276
2015,Vas,barley,4.69,4.168,2015-2016,v2,4.0903654,4.219281196594238,4.3280797,4.416086196899414,4.486882
2015,Vas,maize,6.11,6.624,2015-2016,v2,5.9137363,6.086183547973633,6.970836,7.217512226104736,7.292594
2015,Vas,wheat,5.24,4.558,2015-2016,v2,4.2304506,4.465634059906006,4.6057806,4.682135486602784,4.7336655
2015,Veszprém,barley,3.91,3.402,2015-2016,v2,3.0492265,3.325102710723877,3.7215815,3.77341570854187,3.8670478
2015,Veszprém,maize,5.22,5.352,2015-2016,v2,4.392169,5.002172183990479,5.6452594,6.399032402038574,6.511358
2015,Veszprém,wheat,4.48,3.754,2015-2016,v2,3.2130964,3.496923732757568,3.9360054,3.976583385467529,4.0624313
2015,Zala,barley,4.6,4.348,2015-2016,v2,3.7888381,4.278131771087646,4.358481,4.4121698379516605,4.4746284
2015,Zala,maize,6.3,6.074,2015-2016,v2,4.787592,5.399083137512207,6.645792,6.802604484558105,6.8377123
2015,Zala,wheat,5.26,4.722,2015-2016,v2,4.116939,4.593250465393067,4.7575836,4.805490779876709,4.8648353
2016,Bács-Kiskun,barley,4.7,4.21,2015-2016,v2,3.6665096,3.762488079071045,4.5183287,4.74419937133789,4.760825
2016,Bács-Kiskun,maize,8.1,5.534,2015-2016,v2,3.332902,3.972699022293091,5.768512,6.889142227172852,6.9902697
2016,Bács-Kiskun,wheat,5.42,4.484,2015-2016,v2,3.844026,3.9322189807891847,4.779812,4.9978972434997555,5.014523
2016,Baranya,barley,6.06,4.936,2015-2016,v2,4.6398582,4.730256462097168,5.24346,5.449913597106933,5.4912953
2016,Baranya,maize,9.02,6.394,2015-2016,v2,4.341307,5.976227188110352,7.4273314,7.637952518463135,7.73459
2016,Baranya,wheat,6.42,5.5,2015-2016,v2,4.8667064,4.952821922302246,5.498364,5.685775852203369,5.7271576
2016,Békés,barley,5.13,3.958,2015-2016,v2,3.464565,3.5205117225646974,4.168128,4.373098754882813,4.425185
2016,Békés,maize,8.73,5.902,2015-2016,v2,3.7179956,4.2285645484924315,5.892999,7.040552711486816,7.1660185
2016,Békés,wheat,5.01,4.364,2015-2016,v2,3.669764,3.7066689491271974,4.4454546,4.64152193069458,4.6947265
2016,Borsod-Abaúj-Zemplén,barley,4.94,3.916,2015-2016,v2,3.3322148,3.3611072063446046,4.0280795,4.074156284332275,4.136647
2016,Borsod-Abaúj-Zemplén,maize,8.54,6.344,2015-2016,v2,6.002365,6.088549995422364,6.484827,7.012415885925293,7.2247834
2016,Borsod-Abaúj-Zemplén,wheat,5.48,4.396,2015-2016,v2,3.6213264,3.6426021099090575,4.4109354,4.455487251281738,4.482349
2016,Csongrád-Csanád,barley,4.28,3.806,2015-2016,v2,3.2612119,3.3091665267944337,4.0300384,4.264076042175293,4.2990184
2016,Csongrád-Csanád,maize,7.44,5.07,2015-2016,v2,3.4493897,3.97684965133667,5.2799397,6.769304275512695,6.9559913
2016,Csongrád-Csanád,wheat,4.8,4.29,2015-2016,v2,3.7011814,3.741350507736206,4.5363584,4.75795955657959,4.797553
2016,Fejér,barley,5.85,4.65,2015-2016,v2,3.8263834,3.9087372779846192,4.762034,4.951374053955078,5.035141
2016,Fejér,maize,9.37,6.432,2015-2016,v2,4.5951924,5.853112506866455,6.617139,7.497237968444824,7.617876
2016,Fejér,wheat,6.3,5.01,2015-2016,v2,4.4147644,4.478076648712158,5.4215565,5.629288673400879,5.7130556
2016,Győr-Moson-Sopron,barley,5.09,4.182,2015-2016,v2,3.6719534,3.792124319076538,4.31801,4.482175064086914,4.5861115
2016,Győr-Moson-Sopron,maize,8.73,6.58,2015-2016,v2,5.966524,6.411383438110351,6.5533214,7.444148921966553,7.5595207
2016,Győr-Moson-Sopron,wheat,5.1,4.698,2015-2016,v2,4.0380344,4.15820541381836,4.7982106,4.954590511322022,5.058527
2016,Hajdú-Bihar,barley,5.31,4.226,2015-2016,v2,3.590819,3.656082010269165,4.2344127,4.4627679824829105,4.5163755
2016,Hajdú-Bihar,maize,9.57,6.234,2015-2016,v2,5.010647,5.974606895446778,6.6907177,7.565800189971924,7.6961594
2016,Hajdú-Bihar,wheat,5.47,4.674,2015-2016,v2,3.964685,4.026834630966187,4.5728693,4.93829755783081,4.988791
2016,Heves,barley,4.86,3.622,2015-2016,v2,3.0431073,3.096344757080078,3.7295895,3.7762028217315673,3.7891052
2016,Heves,maize,7.11,4.46,2015-2016,v2,3.790224,4.194819545745849,4.8713036,5.518374443054199,5.601043
2016,Heves,wheat,4.71,3.958,2015-2016,v2,3.4224641,3.483426094055176,4.1330724,4.206920719146728,4.213704
2016,Jász-Nagykun-Szolnok,barley,4.88,3.824,2015-2016,v2,3.1266398,3.189424657821655,3.805861,3.892000913619995,3.927509
2016,Jász-Nagykun-Szolnok,maize,6.79,4.238,2015-2016,v2,2.9274073,3.5806539058685303,4.6780305,5.607009029388427,5.6936474
2016,Jász-Nagykun-Szolnok,wheat,4.52,3.86,2015-2016,v2,3.241957,3.285699987411499,3.9389777,4.017004776000976,4.047543
2016,Komárom-Esztergom,barley,5.08,4.07,2015-2016,v2,3.5327466,3.6397627353668214,4.2700157,4.333992195129395,4.417852
2016,Komárom-Esztergom,maize,8.34,6.16,2015-2016,v2,5.549881,5.968548393249511,6.2066045,7.033668804168701,7.1169214
2016,Komárom-Esztergom,wheat,5.42,4.464,2015-2016,v2,3.7353714,3.8787411212921143,4.571115,4.615329360961914,4.696075
2016,Nógrád,barley,4.0,2.734,2015-2016,v2,2.520125,2.6872411251068113,3.2767146,3.3274769306182863,3.3333662
2016,Nógrád,maize,6.29,4.226,2015-2016,v2,4.2518177,4.295950317382813,4.4527454,5.184598350524902,5.539105
2016,Nógrád,wheat,4.6,3.488,2015-2016,v2,3.013628,3.1323264598846436,3.8017292,3.8487095832824707,3.8487096
2016,Pest,barley,4.64,3.992,2015-2016,v2,3.5140226,3.5984817504882813,4.368742,4.427512168884277,4.4559107
2016,Pest,maize,7.41,5.4,2015-2016,v2,3.9160547,5.105469036102295,5.550177,6.856231689453125,6.9368906
2016,Pest,wheat,4.75,4.182,2015-2016,v2,3.6933346,3.758751964569092,4.5949965,4.6269731521606445,4.6631236
2016,Somogy,barley,5.93,4.256,2015-2016,v2,3.83361,3.9129541873931886,4.437552,4.60268383026123,4.641329
2016,Somogy,maize,9.62,5.924,2015-2016,v2,3.432166,5.375696277618408,6.4192023,6.782049560546875,6.8551183
2016,Somogy,wheat,6.18,4.974,2015-2016,v2,4.5704236,4.683809375762939,5.3615785,5.522892761230469,5.5615377
2016,Szabolcs-Szatmár-Bereg,barley,4.49,3.518,2015-2016,v2,3.0710769,3.1513442516326906,3.7771783,3.955391788482666,3.9989753
2016,Szabolcs-Szatmár-Bereg,maize,8.47,5.514,2015-2016,v2,4.6118803,5.081778240203858,5.575741,6.464537143707275,6.6076107
2016,Szabolcs-Szatmár-Bereg,wheat,4.85,4.24,2015-2016,v2,3.5735946,3.6348201751708986,4.334017,4.519081974029541,4.5488
2016,Tolna,barley,6.3,5.028,2015-2016,v2,4.45237,4.555436801910401,5.386515,5.605369567871094,5.6396337
2016,Tolna,maize,9.45,6.608,2015-2016,v2,4.1625075,6.070479011535644,6.722656,7.6239300727844235,7.7070174
2016,Tolna,wheat,6.39,5.386,2015-2016,v2,4.620684,4.726864910125732,5.565266,5.7689528465271,5.803217
2016,Vas,barley,4.75,4.236,2015-2016,v2,4.0903654,4.2213584899902346,4.333273,4.432686424255371,4.486882
2016,Vas,maize,8.8,6.434,2015-2016,v2,5.926644,6.106272029876709,6.891923,7.138599014282226,7.2136807
2016,Vas,wheat,6.06,4.686,2015-2016,v2,4.389812,4.6339414596557615,4.796976,4.8773480415344235,4.915392
2016,Veszprém,barley,4.4,3.542,2015-2016,v2,3.0831034,3.358979606628418,3.7554584,3.8647339820861815,3.9009247
2016,Veszprém,maize,6.89,5.37,2015-2016,v2,4.392169,5.181368350982666,5.9900713,6.399032402038574,6.511358
2016,Veszprém,wheat,5.07,3.966,2015-2016,v2,3.4771361,3.760963535308838,4.2194533,4.312801456451416,4.345878
2016,Zala,barley,5.48,4.438,2015-2016,v2,3.8136969,4.302990245819092,4.38445,4.48053092956543,4.5163054
2016,Zala,maize,8.37,5.99,2015-2016,v2,4.6694694,5.5239081382751465,6.5830116,6.739824104309082,6.774932
2016,Zala,wheat,5.94,4.888,2015-2016,v2,4.4432597,4.861064720153808,5.0920777,5.1781031608581545,5.2138777
2017,Bács-Kiskun,barley,5.02,4.346,2017-2018,current,3.6300242,3.8009463787078857,4.566297,5.07902307510376,5.1507006
2017,Bács-Kiskun,maize,6.19,5.86,2017-2018,current,3.1022534,4.130465412139893,5.460175,7.162093925476074,7.4877105
2017,Bács-Kiskun,wheat,5.65,4.668,2017-2018,current,4.2739873,4.400692653656006,4.9866986,5.435358238220215,5.5314894
2017,Baranya,barley,6.4,5.192,2017-2018,current,4.623212,4.768482494354248,5.3018327,5.748725318908692,5.857222
2017,Baranya,maize,7.26,6.82,2017-2018,current,3.624814,5.602368545532227,7.038449,7.840495204925537,8.062805
2017,Baranya,wheat,6.45,5.792,2017-2018,current,4.6001544,4.640804862976074,5.1186676,5.468771362304688,5.5670795
2017,Békés,barley,5.02,4.256,2017-2018,current,3.411301,3.768216276168823,4.166377,4.777830600738525,4.852976
2017,Békés,maize,5.68,6.386,2017-2018,current,4.3690557,5.448617172241211,6.708893,7.828568744659424,8.074037
2017,Békés,wheat,5.35,4.546,2017-2018,current,3.792584,4.125921821594238,4.3506303,4.875873851776123,4.9923224
2017,Borsod-Abaúj-Zemplén,barley,5.53,4.228,2017-2018,current,3.6065335,3.6888271808624267,4.235829,4.657825374603271,4.8946934
2017,Borsod-Abaúj-Zemplén,maize,7.52,6.708,2017-2018,current,5.2282476,5.371210956573487,5.861101,6.4112039566040036,7.248484
2017,Borsod-Abaúj-Zemplén,wheat,5.66,4.668,2017-2018,current,4.154845,4.248032188415527,4.7322316,5.052733421325684,5.2229013
2017,Csongrád-Csanád,barley,4.94,4.02,2017-2018,current,3.4899778,3.5474005699157716,4.1257577,4.5968914985656735,4.717099
2017,Csongrád-Csanád,maize,5.52,5.384,2017-2018,current,3.138136,3.9566760063171387,5.6464667,7.324575328826905,7.4721403
2017,Csongrád-Csanád,wheat,5.41,4.47,2017-2018,current,3.8617144,3.9007898807525634,4.509008,4.974190998077392,5.1211576
2017,Fejér,barley,5.89,5.012,2017-2018,current,4.681456,4.733328151702881,5.4304895,5.932152366638183,6.2164593
2017,Fejér,maize,6.7,6.79,2017-2018,current,4.2498856,5.009311008453369,6.611431,7.763976192474365,8.097519
2017,Fejér,wheat,5.45,5.334,2017-2018,current,5.0615587,5.098780727386474,5.7642465,6.183877849578858,6.490264
2017,Győr-Moson-Sopron,barley,4.93,4.384,2017-2018,current,3.9459999,4.041836977005005,4.4098005,5.0431726455688475,5.169819
2017,Győr-Moson-Sopron,maize,5.68,6.834,2017-2018,current,5.523092,5.704850196838379,6.423189,7.126703357696533,7.7407155
2017,Győr-Moson-Sopron,wheat,4.77,4.78,2017-2018,current,4.452799,4.473400020599366,4.741769,5.322009563446045,5.4833817
2017,Hajdú-Bihar,barley,5.6,4.536,2017-2018,current,3.8818858,3.9398081302642822,4.405826,4.760643386840821,5.2335877
2017,Hajdú-Bihar,maize,7.93,6.766,2017-2018,current,4.715995,5.532803916931153,6.8282995,7.2903297424316404,7.572149
2017,Hajdú-Bihar,wheat,6.06,4.888,2017-2018,current,4.464886,4.576307773590088,4.9285016,5.213885879516601,5.650842
2017,Heves,barley,5.34,3.932,2017-2018,current,2.9925761,3.249771547317505,3.8664327,4.2087890625,4.339972
2017,Heves,maize,5.69,4.866,2017-2018,current,3.8274567,4.2337971210479735,5.589972,6.062061405181884,6.156319
2017,Heves,wheat,5.14,4.156,2017-2018,current,3.2515094,3.4897247791290282,4.193792,4.4234058380126955,4.5670075
2017,Jász-Nagykun-Szolnok,barley,5.46,4.154,2017-2018,current,3.3872983,3.4046375274658205,3.9817193,4.456938743591309,4.649324
2017,Jász-Nagykun-Szolnok,maize,5.47,4.688,2017-2018,current,2.8014104,3.9724123001098635,5.0266485,6.2541937828063965,6.452897
2017,Jász-Nagykun-Szolnok,wheat,5.19,4.102,2017-2018,current,3.424282,3.437644338607788,4.0578938,4.507898902893066,4.6499186
2017,Komárom-Esztergom,barley,4.91,4.318,2017-2018,current,3.53837,3.5995287895202637,4.4488006,4.894775485992431,4.952299
2017,Komárom-Esztergom,maize,6.04,6.284,2017-2018,current,5.35594,6.281877422332764,6.7435303,7.524550437927246,7.867951
2017,Komárom-Esztergom,wheat,4.78,4.628,2017-2018,current,3.9228182,3.9909043312072754,4.7586794,5.180239009857178,5.2702074
2017,Nógrád,barley,3.87,2.936,2017-2018,current,2.022903,2.5614904880523683,3.1387036,3.247084951400757,3.453967
2017,Nógrád,maize,4.88,4.356,2017-2018,current,3.8568666,4.1953527450561525,4.4341536,5.446775150299072,5.869073
2017,Nógrád,wheat,4.54,3.698,2017-2018,current,2.701462,3.133903169631958,3.7842937,3.8501115322113035,4.0054736
2017,Pest,barley,4.9,4.084,2017-2018,current,3.2479494,3.34539680480957,4.3131385,4.564758777618408,4.7377243
2017,Pest,maize,6.16,5.708,2017-2018,current,3.8944244,4.8777000427246096,6.1812673,7.681826210021972,7.9240236
2017,Pest,wheat,4.96,4.28,2017-2018,current,3.4942083,3.571382474899292,4.6388364,4.818951892852783,5.008386
2017,Somogy,barley,5.78,4.75,2017-2018,current,4.221155,4.367575645446777,5.0181675,5.616907119750977,5.698204
2017,Somogy,maize,7.93,6.8,2017-2018,current,3.74036,5.096253204345703,6.1614914,7.143368625640869,7.307392
2017,Somogy,wheat,5.54,5.376,2017-2018,current,4.6904483,4.959014797210694,5.606752,6.082656383514404,6.1508765
2017,Szabolcs-Szatmár-Bereg,barley,4.5,3.798,2017-2018,current,3.2041237,3.331852912902832,3.794852,4.069205665588379,4.492891
2017,Szabolcs-Szatmár-Bereg,maize,7.95,5.912,2017-2018,current,4.634126,5.099569702148438,6.034619,6.894619083404541,7.1040726
2017,Szabolcs-Szatmár-Bereg,wheat,5.48,4.406,2017-2018,current,3.6209333,3.8257075786590575,4.403436,4.7424266815185545,5.099867
2017,Tolna,barley,6.43,5.38,2017-2018,current,4.922279,5.094147968292236,5.66392,6.127453899383545,6.1733766
2017,Tolna,maize,8.06,7.03,2017-2018,current,3.9476147,5.328682708740234,6.767856,7.830609321594238,8.143026
2017,Tolna,wheat,6.51,5.7,2017-2018,current,5.1968684,5.34155855178833,5.8597784,6.283380794525146,6.296064
2017,Vas,barley,5.04,4.358,2017-2018,current,3.8201609,3.9251983165740967,4.4814897,4.994932842254639,5.103385
2017,Vas,maize,7.0,6.764,2017-2018,current,5.359029,5.550011920928955,6.358003,7.122599315643311,7.3537717
2017,Vas,wheat,5.22,5.0,2017-2018,current,4.362556,4.563934707641602,5.065976,5.535903549194336,5.615508
2017,Veszprém,barley,4.56,3.736,2017-2018,current,3.2386975,3.339848518371582,3.6919525,4.205250072479248,4.2544503
2017,Veszprém,maize,5.46,5.544,2017-2018,current,4.146178,5.215803146362305,6.0542626,6.563534545898437,7.151249
2017,Veszprém,wheat,4.55,4.26,2017-2018,current,3.5734975,3.700144624710083,4.3680353,4.80432538986206,4.837022
2017,Zala,barley,5.39,4.826,2017-2018,current,3.9706397,4.507538318634033,4.695701,5.1802746772766115,5.3691373
2017,Zala,maize,6.67,6.512,2017-2018,current,4.612282,6.103951454162598,7.10137,7.621571826934814,7.895789
2017,Zala,wheat,5.5,5.214,2017-2018,current,4.168545,4.670479106903076,4.950435,5.399265003204346,5.5187554
2018,Bács-Kiskun,barley,4.75,4.588,2017-2018,current,3.960736,4.126195049285888,4.7870164,5.187352275848388,5.2911353
2018,Bács-Kiskun,maize,7.99,6.492,2017-2018,current,4.2876987,5.144186305999756,6.6740346,8.072642517089843,8.58161
2018,Bács-Kiskun,wheat,5.05,5.032,2017-2018,current,4.748804,4.829747676849365,5.3860307,5.789050579071045,5.9189677
2018,Baranya,barley,5.89,5.438,2017-2018,current,4.894379,5.022949981689453,5.5137815,5.941439056396485,6.049936
2018,Baranya,maize,9.6,7.482,2017-2018,current,3.7230422,5.2049871444702145,7.1173544,7.615340614318847,8.009827
2018,Baranya,wheat,6.09,5.994,2017-2018,current,5.269107,5.4042926788330075,5.8439646,6.183073997497559,6.2590284
2018,Békés,barley,4.46,4.538,2017-2018,current,3.618648,4.041657638549805,4.267489,4.859479904174805,4.923884
2018,Békés,maize,8.36,6.838,2017-2018,current,4.363653,4.803460693359375,5.9658184,7.143626403808594,7.2260857
2018,Békés,wheat,5.1,4.85,2017-2018,current,4.0537767,4.337106704711914,4.523007,5.066273784637451,5.1454225
2018,Borsod-Abaúj-Zemplén,barley,4.74,4.604,2017-2018,current,3.954086,4.0578841209411625,4.5195374,4.892549133300781,5.1249857
2018,Borsod-Abaúj-Zemplén,maize,7.11,6.946,2017-2018,current,4.886365,5.048111057281494,5.69596,6.19957914352417,6.989852
2018,Borsod-Abaúj-Zemplén,wheat,5.01,5.062,2017-2018,current,4.422749,4.582034301757813,4.9409733,5.242123413085937,5.384907
2018,Csongrád-Csanád,barley,4.66,4.298,2017-2018,current,3.673418,3.7344017028808594,4.370909,4.844389724731445,5.002853
2018,Csongrád-Csanád,maize,7.11,5.988,2017-2018,current,3.7508907,4.2451558113098145,6.325823,7.68448314666748,7.7858276
2018,Csongrád-Csanád,wheat,4.94,4.772,2017-2018,current,4.3472724,4.352017021179199,4.8101363,5.281021213531494,5.459017
2018,Fejér,barley,5.48,5.438,2017-2018,current,5.0315704,5.099298572540283,5.678873,6.126048469543457,6.4203987
2018,Fejér,maize,10.06,7.314,2017-2018,current,4.3723445,5.15223445892334,6.7273884,7.783941078186035,8.052642
2018,Fejér,wheat,5.82,5.674,2017-2018,current,5.270944,5.30909948348999,5.920783,6.2827051162719725,6.61159
2018,Győr-Moson-Sopron,barley,4.53,4.674,2017-2018,current,4.3921742,4.426996517181396,4.6913667,5.291759204864502,5.4046063
2018,Győr-Moson-Sopron,maize,8.36,6.728,2017-2018,current,4.902124,5.732068252563477,6.601307,7.273332309722901,7.9888053
2018,Győr-Moson-Sopron,wheat,4.95,4.974,2017-2018,current,4.7304206,4.814525985717774,5.0130033,5.567287731170654,5.719314
2018,Hajdú-Bihar,barley,4.69,4.924,2017-2018,current,4.432246,4.545223236083984,4.838404,5.160098934173584,5.63965
2018,Hajdú-Bihar,maize,9.05,7.314,2017-2018,current,4.7852125,5.38710355758667,6.7577477,7.312619209289551,7.502877
2018,Hajdú-Bihar,wheat,5.32,5.284,2017-2018,current,4.9775863,5.024732494354248,5.397515,5.670942211151123,6.051479
2018,Heves,barley,4.65,4.498,2017-2018,current,3.4708087,3.6908291816711425,4.2344813,4.446571254730225,4.669891
2018,Heves,maize,7.53,5.374,2017-2018,current,4.397576,4.773149871826172,6.055409,6.623833560943604,6.6842074
2018,Heves,wheat,4.76,4.632,2017-2018,current,3.648298,3.871277618408203,4.454434,4.666110515594482,4.8534923
2018,Jász-Nagykun-Szolnok,barley,4.49,4.6,2017-2018,current,3.572673,3.7326910972595213,4.25642,4.635147380828857,4.8012037
2018,Jász-Nagykun-Szolnok,maize,5.39,5.322,2017-2018,current,3.1173651,4.385170936584473,5.74855,6.927042675018311,7.234964
2018,Jász-Nagykun-Szolnok,wheat,4.51,4.49,2017-2018,current,3.5271292,3.659242343902588,4.1925406,4.623350429534912,4.76487
2018,Komárom-Esztergom,barley,4.98,4.634,2017-2018,current,3.8427649,3.923399019241333,4.675993,5.129159355163575,5.2063565
2018,Komárom-Esztergom,maize,9.18,6.614,2017-2018,current,5.890808,6.91005687713623,7.291033,8.053337478637696,8.532746
2018,Komárom-Esztergom,wheat,5.32,4.888,2017-2018,current,4.3091416,4.374367046356201,4.9293857,5.308807468414306,5.4320354
2018,Nógrád,barley,4.09,3.382,2017-2018,current,2.354059,2.834380865097046,3.422006,3.5420286655426025,3.7177534
2018,Nógrád,maize,6.09,4.338,2017-2018,current,3.8611429,4.188320827484131,4.431572,5.333635997772217,5.476838
2018,Nógrád,wheat,4.86,4.204,2017-2018,current,3.026281,3.4781940460205076,4.2308583,4.29472074508667,4.4447365
2018,Pest,barley,4.38,4.502,2017-2018,current,3.6388671,3.7168528556823732,4.5990973,4.815638828277588,5.0311995
2018,Pest,maize,8.39,6.218,2017-2018,current,4.436511,5.431578826904297,6.8217163,7.964476585388184,8.209304
2018,Pest,wheat,4.77,4.706,2017-2018,current,4.058343,4.144948101043701,5.010663,5.145090866088867,5.3476152
2018,Somogy,barley,4.89,5.064,2017-2018,current,4.375456,4.6379071235656735,5.25683,5.831531524658203,5.9128284
2018,Somogy,maize,10.13,7.748,2017-2018,current,3.9368699,5.067876243591309,6.1849966,7.097698020935058,7.3358727
2018,Somogy,wheat,5.39,5.602,2017-2018,current,4.81402,5.082819557189941,5.659799,6.1299214363098145,6.1981416
2018,Szabolcs-Szatmár-Bereg,barley,4.36,4.142,2017-2018,current,3.3400524,3.565386915206909,4.144785,4.386142635345459,4.821626
2018,Szabolcs-Szatmár-Bereg,maize,6.93,6.658,2017-2018,current,4.8960485,5.12743911743164,5.8325267,6.409416770935058,6.5646205
2018,Szabolcs-Szatmár-Bereg,wheat,4.85,4.818,2017-2018,current,4.026457,4.215054512023926,4.8526783,5.050087928771973,5.3653665
2018,Tolna,barley,5.5,5.794,2017-2018,current,4.598588,4.760507869720459,5.178381,5.648127460479737,5.6929874
2018,Tolna,maize,9.78,7.986,2017-2018,current,4.0736513,5.276292610168457,6.883298,7.902658081054687,8.271085
2018,Tolna,wheat,5.88,6.108,2017-2018,current,5.376839,5.629867839813232,6.0673003,6.496020126342773,6.531879
2018,Vas,barley,4.2,4.626,2017-2018,current,3.9994092,4.142038059234619,4.650367,5.228398609161377,5.329857
2018,Vas,maize,7.91,7.102,2017-2018,current,5.1334414,5.259089946746826,6.184711,6.982159805297852,7.189726
2018,Vas,wheat,5.11,5.246,2017-2018,current,4.5319915,4.714012908935547,5.2111483,5.681075668334961,5.76068
2018,Veszprém,barley,3.63,4.038,2017-2018,current,3.372454,3.5288708209991455,4.030993,4.557184410095215,4.598274
2018,Veszprém,maize,7.75,5.822,2017-2018,current,3.8508844,4.8339917182922365,5.686097,6.04812650680542,6.612775
2018,Veszprém,wheat,4.58,4.53,2017-2018,current,3.6276927,3.794002866744995,4.435832,4.878409290313721,4.901169
2018,Zala,barley,4.76,5.03,2017-2018,current,4.1241417,4.545444297790527,4.899667,5.401739501953125,5.5491705
2018,Zala,maize,9.59,6.938,2017-2018,current,3.2948885,5.22919979095459,5.935642,6.652719402313232,6.864067
2018,Zala,wheat,5.13,5.408,2017-2018,current,4.3873477,4.755569744110107,5.135228,5.574194145202637,5.679165
2017,Bács-Kiskun,barley,5.02,4.346,2017-2018,v2,3.7482035,3.8565135955810548,4.551493,5.034665203094482,5.0461416
2017,Bács-Kiskun,maize,6.19,5.86,2017-2018,v2,3.6486616,4.426884269714355,5.9630494,7.208286762237549,7.262889
2017,Bács-Kiskun,wheat,5.65,4.668,2017-2018,v2,4.131181,4.186568832397461,5.0691786,5.4994302749633786,5.5109067
2017,Baranya,barley,6.4,5.192,2017-2018,v2,4.8325124,5.051509380340576,5.512848,5.960387706756592,5.9603877
2017,Baranya,maize,7.26,6.82,2017-2018,v2,4.395372,5.774710369110108,7.3169,7.509440326690674,7.643195
2017,Baranya,wheat,6.45,5.792,2017-2018,v2,5.107827,5.295165538787842,5.7947474,6.16745138168335,6.1674514
2017,Békés,barley,5.02,4.256,2017-2018,v2,3.801601,3.8643021106719972,4.382003,4.8852893829345705,4.895142
2017,Békés,maize,5.68,6.386,2017-2018,v2,4.6603494,5.1190437316894535,6.531854,7.751953125,7.7937016
2017,Békés,wheat,5.35,4.546,2017-2018,v2,3.9072652,3.9170438289642333,4.5133967,4.960589027404785,4.973615
2017,Borsod-Abaúj-Zemplén,barley,5.53,4.228,2017-2018,v2,3.725422,3.786692571640015,4.3487616,4.525678062438965,4.6409307
2017,Borsod-Abaúj-Zemplén,maize,7.52,6.708,2017-2018,v2,5.460039,5.523765945434571,6.247059,6.860674953460693,6.969887
2017,Borsod-Abaúj-Zemplén,wheat,5.66,4.668,2017-2018,v2,4.1144147,4.147793388366699,4.886451,5.012867546081543,5.111712
2017,Csongrád-Csanád,barley,4.94,4.02,2017-2018,v2,3.6188016,3.7378806591033937,4.3418007,4.827199459075928,4.8425736
2017,Csongrád-Csanád,maize,5.52,5.384,2017-2018,v2,3.702522,3.940191698074341,5.2432647,7.030252170562744,7.0895157
2017,Csongrád-Csanád,wheat,5.41,4.47,2017-2018,v2,3.8275635,3.912274217605591,4.604441,5.036919116973877,5.0522933
2017,Fejér,barley,5.89,5.012,2017-2018,v2,4.5281143,4.64928970336914,5.60364,6.082695007324219,6.098289
2017,Fejér,maize,6.7,6.79,2017-2018,v2,4.860017,5.68825397491455,6.4390707,7.535150814056396,7.801393
2017,Fejér,wheat,5.45,5.334,2017-2018,v2,4.7463856,4.801491165161133,5.785085,6.190331363677979,6.209099
2017,Győr-Moson-Sopron,barley,4.93,4.384,2017-2018,v2,4.1481843,4.23619966506958,4.4736876,4.890242385864258,4.985098
2017,Győr-Moson-Sopron,maize,5.68,6.834,2017-2018,v2,5.785391,6.010708141326904,6.590694,7.4062189102172855,7.435347
2017,Győr-Moson-Sopron,wheat,4.77,4.78,2017-2018,v2,4.528183,4.66379337310791,5.021952,5.385586071014404,5.4804416
2017,Hajdú-Bihar,barley,5.6,4.536,2017-2018,v2,3.780039,3.911066246032715,4.532169,4.699891376495361,5.0801864
2017,Hajdú-Bihar,maize,7.93,6.766,2017-2018,v2,4.8617525,5.699266052246093,6.285504,7.405978012084961,7.5995865
2017,Hajdú-Bihar,wheat,6.06,4.888,2017-2018,v2,4.396362,4.505268859863281,5.120768,5.495646381378174,5.854773
2017,Heves,barley,5.34,3.932,2017-2018,v2,3.3100305,3.4952976226806642,4.073464,4.220267200469971,4.3506484
2017,Heves,maize,5.69,4.866,2017-2018,v2,4.4006114,4.62774772644043,5.6830554,6.051386547088623,6.077763
2017,Heves,wheat,5.14,4.156,2017-2018,v2,3.453307,3.622165298461914,4.23866,4.334963417053222,4.4489365
2017,Jász-Nagykun-Szolnok,barley,5.46,4.154,2017-2018,v2,3.5618014,3.6235618591308594,4.224706,4.626392650604248,4.72081
2017,Jász-Nagykun-Szolnok,maize,5.47,4.688,2017-2018,v2,3.2966208,4.005870771408081,4.953023,6.210842132568359,6.317329
2017,Jász-Nagykun-Szolnok,wheat,5.19,4.102,2017-2018,v2,3.563233,3.656746244430542,4.286991,4.627823162078857,4.730174
2017,Komárom-Esztergom,barley,4.91,4.318,2017-2018,v2,3.7829895,3.855735492706299,4.473471,4.7587785720825195,4.7826796
2017,Komárom-Esztergom,maize,6.04,6.284,2017-2018,v2,6.042599,6.0870521545410154,6.3978114,7.579414939880371,7.658367
2017,Komárom-Esztergom,wheat,4.78,4.628,2017-2018,v2,3.9891005,4.0930657386779785,4.7731304,4.997740745544434,5.0216417
2017,Nógrád,barley,3.87,2.936,2017-2018,v2,2.4724612,2.717789125442505,3.366754,3.3999955654144287,3.4351673
2017,Nógrád,maize,4.88,4.356,2017-2018,v2,4.1166916,4.178467559814453,4.7417216,5.414181900024414,5.5309615
2017,Nógrád,wheat,4.54,3.698,2017-2018,v2,3.054107,3.237563467025757,3.956333,3.9895739555358887,4.01076
2017,Pest,barley,4.9,4.084,2017-2018,v2,3.617366,3.627282667160034,4.3925414,4.7173737525939945,4.7803693
2017,Pest,maize,6.16,5.708,2017-2018,v2,4.096021,5.2213493347167965,5.7244625,7.1470636367797855,7.3554077
2017,Pest,wheat,4.96,4.28,2017-2018,v2,3.7511785,3.805014896392822,4.610853,4.87591028213501,4.9357324
2017,Somogy,barley,5.78,4.75,2017-2018,v2,4.4440985,4.5562361717224125,5.0347652,5.458968639373779,5.4589686
2017,Somogy,maize,7.93,6.8,2017-2018,v2,4.0148993,5.363144111633301,6.723172,6.941181373596192,6.981267
2017,Somogy,wheat,5.54,5.376,2017-2018,v2,4.8943377,5.040873718261719,5.661614,6.010981559753418,6.0109816
2017,Szabolcs-Szatmár-Bereg,barley,4.5,3.798,2017-2018,v2,3.2935624,3.4433100700378416,4.0197563,4.10424222946167,4.321487
2017,Szabolcs-Szatmár-Bereg,maize,7.95,5.912,2017-2018,v2,5.0721545,5.385990142822266,6.3091793,7.00872163772583,7.031474
2017,Szabolcs-Szatmár-Bereg,wheat,5.48,4.406,2017-2018,v2,3.7817085,3.8786720752716066,4.475441,4.6413649559021,4.805689
2017,Tolna,barley,6.43,5.38,2017-2018,v2,4.7516446,4.938876819610596,5.7407155,6.173933601379394,6.1868033
2017,Tolna,maize,8.06,7.03,2017-2018,v2,4.3929176,5.6317671775817875,7.027596,7.589936447143555,7.8040957
2017,Tolna,wheat,6.51,5.7,2017-2018,v2,4.9239907,5.119159793853759,5.959632,6.33992919921875,6.352799
2017,Vas,barley,5.04,4.358,2017-2018,v2,4.1651626,4.341350078582764,4.4743333,4.7347057342529295,4.769299
2017,Vas,maize,7.0,6.764,2017-2018,v2,5.4947553,6.286261558532715,6.816831,6.96546745300293,7.0272584
2017,Vas,wheat,5.22,5.0,2017-2018,v2,4.9765553,5.2882894515991214,5.4572353,5.667063522338867,5.701657
2017,Veszprém,barley,4.56,3.736,2017-2018,v2,3.3718977,3.599807929992676,3.9337685,4.215442085266114,4.2311096
2017,Veszprém,maize,5.46,5.544,2017-2018,v2,4.613177,5.058163166046143,6.4269395,6.708048152923584,6.756093
2017,Veszprém,wheat,4.55,4.26,2017-2018,v2,3.792367,4.04144401550293,4.4544897,4.691853618621826,4.698911
2017,Zala,barley,5.39,4.826,2017-2018,v2,4.349276,4.886158180236817,4.965022,5.131791019439698,5.39293
2017,Zala,maize,6.67,6.512,2017-2018,v2,5.102956,5.714323043823242,7.2111077,7.3318408012390135,7.347677
2017,Zala,wheat,5.5,5.214,2017-2018,v2,4.719838,5.262302207946777,5.4304566,5.565178966522216,5.8127785
2018,Bács-Kiskun,barley,4.75,4.588,2017-2018,v2,3.859114,3.967423915863037,4.794941,5.264263248443603,5.2757397
2018,Bács-Kiskun,maize,7.99,6.492,2017-2018,v2,4.434601,5.210352420806885,6.5113444,7.809712886810303,7.872983
2018,Bács-Kiskun,wheat,5.05,5.032,2017-2018,v2,4.5517983,4.607186412811279,5.6541796,6.076362228393554,6.0878386
2018,Baranya,barley,5.89,5.438,2017-2018,v2,4.996432,5.174870014190674,5.6362085,6.061833381652832,6.0618334
2018,Baranya,maize,9.6,7.482,2017-2018,v2,4.602139,5.889523696899414,7.1648526,7.581750392913818,7.806782
2018,Baranya,wheat,6.09,5.994,2017-2018,v2,5.341875,5.601759910583496,6.1013417,6.474045753479004,6.4740458
2018,Békés,barley,4.46,4.538,2017-2018,v2,3.852912,3.9156123638153075,4.451112,4.954398345947266,4.964251
2018,Békés,maize,8.36,6.838,2017-2018,v2,4.510988,4.901190280914307,6.2895193,7.440378475189209,7.472282
2018,Békés,wheat,5.1,4.85,2017-2018,v2,4.2684994,4.290624713897705,4.9766903,5.423882579803466,5.4369087
2018,Borsod-Abaúj-Zemplén,barley,4.74,4.604,2017-2018,v2,3.842348,3.9648287773132322,4.5879846,4.761292362213135,4.876545
2018,Borsod-Abaúj-Zemplén,maize,7.11,6.946,2017-2018,v2,5.482792,5.593650245666504,6.236577,6.824741268157959,7.0065365
2018,Borsod-Abaúj-Zemplén,wheat,5.01,5.062,2017-2018,v2,4.425693,4.525405502319336,5.357652,5.480460262298584,5.5793047
2018,Csongrád-Csanád,barley,4.66,4.298,2017-2018,v2,3.733333,3.8631221294403075,4.4957333,4.9811320304870605,4.996506
2018,Csongrád-Csanád,maize,7.11,5.988,2017-2018,v2,4.1241975,4.175061225891113,5.778936,7.5046384811401365,7.5782924
2018,Csongrád-Csanád,wheat,4.94,4.772,2017-2018,v2,4.1884108,4.273120975494384,5.0904207,5.5228986740112305,5.538273
2018,Fejér,barley,5.48,5.438,2017-2018,v2,4.6920342,4.800060653686524,5.7228003,6.184140682220459,6.1997347
2018,Fejér,maize,10.06,7.314,2017-2018,v2,5.066784,5.895021057128906,6.635892,7.651605892181396,7.9649796
2018,Fejér,wheat,5.82,5.674,2017-2018,v2,4.917301,4.9724067687988285,5.9417167,6.346962833404541,6.3657303
2018,Győr-Moson-Sopron,barley,4.53,4.674,2017-2018,v2,4.455767,4.530349445343018,4.888682,5.3052366256713865,5.400092
2018,Győr-Moson-Sopron,maize,8.36,6.728,2017-2018,v2,5.5968394,5.88873062133789,6.1730843,7.422125244140625,7.4512534
2018,Győr-Moson-Sopron,wheat,4.95,4.974,2017-2018,v2,4.8168955,4.891477775573731,5.466979,5.8306129455566404,5.9254684
2018,Hajdú-Bihar,barley,4.69,4.924,2017-2018,v2,4.367765,4.643679428100586,5.2071323,5.552908706665039,5.9332037
2018,Hajdú-Bihar,maize,9.05,7.314,2017-2018,v2,5.0685196,5.856990051269531,6.482325,7.522433090209961,7.763173
2018,Hajdú-Bihar,wheat,5.32,5.284,2017-2018,v2,4.6813025,4.884895610809326,5.417435,5.802068614959717,6.1392803
2018,Heves,barley,4.65,4.498,2017-2018,v2,3.5368223,3.7456986904144287,4.339606,4.486409091949463,4.6167903
2018,Heves,maize,7.53,5.374,2017-2018,v2,4.7634892,5.054641437530518,6.1091933,6.594035339355469,6.620412
2018,Heves,wheat,4.76,4.632,2017-2018,v2,3.6567917,3.883581304550171,4.582383,4.678686714172363,4.7926598
2018,Jász-Nagykun-Szolnok,barley,4.49,4.6,2017-2018,v2,3.781784,3.8089730739593506,4.5917416,4.993428039550781,5.0878453
2018,Jász-Nagykun-Szolnok,maize,5.39,5.322,2017-2018,v2,3.5843847,4.293633079528808,5.5156455,6.889219760894775,6.9316907
2018,Jász-Nagykun-Szolnok,wheat,4.51,4.49,2017-2018,v2,3.724414,3.793620777130127,4.487521,4.828353214263916,4.930704
2018,Komárom-Esztergom,barley,4.98,4.634,2017-2018,v2,3.934747,4.033954238891601,4.7030687,4.988376617431641,5.0122776
2018,Komárom-Esztergom,maize,9.18,6.614,2017-2018,v2,6.1447716,6.189224529266357,6.499984,7.650451374053955,7.744539
2018,Komárom-Esztergom,wheat,5.32,4.888,2017-2018,v2,4.4854536,4.625266456604004,5.3718476,5.5964579582214355,5.620359
2018,Nógrád,barley,4.09,3.382,2017-2018,v2,2.8199542,3.040382194519043,3.7142475,3.7474889755249023,3.7826607
2018,Nógrád,maize,6.09,4.338,2017-2018,v2,4.1166916,4.178467559814453,4.7417216,5.414181900024414,5.505187
2018,Nógrád,wheat,4.86,4.204,2017-2018,v2,3.4532506,3.649107027053833,4.377025,4.410266399383545,4.4314513
2018,Pest,barley,4.38,4.502,2017-2018,v2,3.7825031,3.8175103664398193,4.6095667,4.934399032592774,4.9973946
2018,Pest,maize,8.39,6.218,2017-2018,v2,4.8322563,5.806580066680908,6.365398,7.694434642791748,7.9444733
2018,Pest,wheat,4.77,4.706,2017-2018,v2,4.070783,4.1246192932128904,5.057235,5.322291851043701,5.382114
2018,Somogy,barley,4.89,5.064,2017-2018,v2,4.728987,4.878863716125489,5.4759684,5.900171756744385,5.9001718
2018,Somogy,maize,10.13,7.748,2017-2018,v2,4.2216663,5.559965324401856,6.886759,7.104767990112305,7.1448536
2018,Somogy,wheat,5.39,5.602,2017-2018,v2,4.8943377,5.040873718261719,5.661614,6.010981559753418,6.0109816
2018,Szabolcs-Szatmár-Bereg,barley,4.36,4.142,2017-2018,v2,3.5740623,3.72394700050354,4.334948,4.384740734100342,4.6019855
2018,Szabolcs-Szatmár-Bereg,maize,6.93,6.658,2017-2018,v2,5.2983937,5.478527545928955,6.28742,6.982544708251953,7.005297
2018,Szabolcs-Szatmár-Bereg,wheat,4.85,4.818,2017-2018,v2,4.128678,4.225642204284668,5.077662,5.113467597961426,5.2777915
2018,Tolna,barley,5.5,5.794,2017-2018,v2,4.8621826,5.036183166503906,5.8369694,6.270187473297119,6.283057
2018,Tolna,maize,9.78,7.986,2017-2018,v2,4.513894,5.7527436256408695,6.9940505,7.700967025756836,7.9151263
2018,Tolna,wheat,5.88,6.108,2017-2018,v2,5.1709833,5.287175559997559,6.203378,6.583675479888916,6.596545
2018,Vas,barley,4.2,4.626,2017-2018,v2,4.357479,4.593892669677734,4.7039313,4.964303779602051,4.998897
2018,Vas,maize,7.91,7.102,2017-2018,v2,5.580546,6.310538673400879,6.8453083,6.9772686004638675,7.0798144
2018,Vas,wheat,5.11,5.246,2017-2018,v2,5.1120763,5.421093559265136,5.580596,5.779183292388916,5.8031025
2018,Veszprém,barley,3.63,4.038,2017-2018,v2,3.6764042,3.9043130397796633,4.238272,4.5285569190979,4.5356145
2018,Veszprém,maize,7.75,5.822,2017-2018,v2,4.723715,5.168701171875,6.6114917,6.831321334838867,6.852347
2018,Veszprém,wheat,4.58,4.53,2017-2018,v2,3.8376608,4.078946113586426,4.5175824,4.754946327209472,4.762004
2018,Zala,barley,4.76,5.03,2017-2018,v2,4.665487,5.247874355316162,5.3541846,5.542275333404541,5.8034143
2018,Zala,maize,9.59,6.938,2017-2018,v2,4.7326546,5.443484783172607,6.7860937,6.953958320617676,6.9697948
2018,Zala,wheat,5.13,5.408,2017-2018,v2,4.883758,5.384673690795898,5.5538173,5.675390625,5.914224
2019,Bács-Kiskun,barley,5.61,4.692,2019-2020,current,4.4136186,4.475278091430664,5.174633,5.421033763885498,5.6579404
2019,Bács-Kiskun,maize,7.27,7.126,2019-2020,current,5.5583215,5.8479338645935055,6.788352,7.693891334533691,8.691088
2019,Bács-Kiskun,wheat,5.18,5.152,2019-2020,current,4.84582,4.880496692657471,5.554316,5.784158706665039,6.0052013
2019,Baranya,barley,6.52,5.67,2019-2020,current,5.162007,5.312533855438232,5.760995,5.93248815536499,6.085439
2019,Baranya,maize,9.45,8.208,2019-2020,current,5.6418157,6.38541955947876,7.108929,8.382686424255372,9.317415
2019,Baranya,wheat,6.19,6.114,2019-2020,current,5.3580995,5.418105220794677,5.8485637,6.056451892852783,6.1801653
2019,Békés,barley,5.09,4.614,2019-2020,current,4.226427,4.38106632232666,4.615027,4.947209262847901,4.9836397
2019,Békés,maize,8.12,7.328,2019-2020,current,6.548269,6.855367660522461,7.7014904,9.030093574523926,9.140604
2019,Békés,wheat,4.59,4.938,2019-2020,current,4.760396,4.962577533721924,5.1899467,5.489292430877685,5.548344
2019,Borsod-Abaúj-Zemplén,barley,5.27,4.88,2019-2020,current,4.257264,4.598764514923095,4.9755564,5.389239883422851,5.521137
2019,Borsod-Abaúj-Zemplén,maize,8.67,7.172,2019-2020,current,5.193159,5.414241313934326,6.4963536,6.859698295593262,7.530235
2019,Borsod-Abaúj-Zemplén,wheat,5.35,5.186,2019-2020,current,4.6024404,4.941363143920898,5.251722,5.666453742980957,5.739781
2019,Csongrád-Csanád,barley,4.89,4.44,2019-2020,current,3.9570215,4.25543737411499,4.6820984,5.06567153930664,5.1891766
2019,Csongrád-Csanád,maize,6.85,6.438,2019-2020,current,5.905482,6.038841915130615,6.975915,8.363227844238281,9.116153
2019,Csongrád-Csanád,wheat,4.45,4.81,2019-2020,current,4.4610133,4.617905902862549,5.110774,5.44484577178955,5.6000338
2019,Fejér,barley,6.22,5.63,2019-2020,current,4.848256,5.260506916046142,5.9226108,6.256055927276611,6.416794
2019,Fejér,maize,8.08,8.144,2019-2020,current,4.968939,5.782489585876465,6.9766192,8.336850547790528,9.727061
2019,Fejér,wheat,5.59,5.816,2019-2020,current,4.846244,5.273896503448486,5.946567,6.2818656921386715,6.4426036
2019,Győr-Moson-Sopron,barley,5.46,4.88,2019-2020,current,4.703746,4.8458452224731445,5.139258,5.280619335174561,5.5924215
2019,Győr-Moson-Sopron,maize,6.32,7.294,2019-2020,current,5.8814125,6.079744529724121,6.64675,8.021298027038574,9.328361
2019,Győr-Moson-Sopron,wheat,5.42,5.046,2019-2020,current,5.1602287,5.170240879058838,5.430311,5.596691703796386,5.87877
2019,Hajdú-Bihar,barley,5.83,5.058,2019-2020,current,4.649661,5.013652801513672,5.344503,5.585880374908447,5.634259
2019,Hajdú-Bihar,maize,8.76,7.908,2019-2020,current,6.1863346,6.710776710510254,7.0960245,7.782477760314942,8.071863
2019,Hajdú-Bihar,wheat,5.44,5.408,2019-2020,current,4.938487,5.293175125122071,5.6475124,5.78331241607666,5.845594
2019,Heves,barley,6.04,4.692,2019-2020,current,4.1228957,4.345112133026123,4.906601,5.132269096374512,5.2297053
2019,Heves,maize,8.71,6.006,2019-2020,current,5.5313835,5.7427599906921385,6.738267,7.269482421875,7.32223
2019,Heves,wheat,5.44,4.738,2019-2020,current,4.12086,4.315733432769775,4.909959,5.1189453125,5.1934724
2019,Jász-Nagykun-Szolnok,barley,5.4,4.726,2019-2020,current,4.213564,4.546642017364502,4.870531,5.145488357543945,5.3140717
2019,Jász-Nagykun-Szolnok,maize,6.2,5.6,2019-2020,current,3.7612922,4.783605003356934,6.1470437,7.175843334197998,7.919752
2019,Jász-Nagykun-Szolnok,wheat,4.98,4.564,2019-2020,current,3.8858027,4.227915573120117,4.599481,4.876353931427002,5.0578494
2019,Komárom-Esztergom,barley,5.75,4.83,2019-2020,current,4.3593965,4.651893138885498,5.085999,5.4926197052001955,5.56386
2019,Komárom-Esztergom,maize,7.5,7.304,2019-2020,current,5.583335,5.641631126403809,7.030823,7.803215599060058,8.006436
2019,Komárom-Esztergom,wheat,5.6,5.108,2019-2020,current,4.717644,5.01620397567749,5.4138355,5.8140181541442875,5.896035
2019,Nógrád,barley,4.38,3.642,2019-2020,current,2.8057299,3.05621075630188,3.8874674,4.001607227325439,4.050177
2019,Nógrád,maize,6.74,4.96,2019-2020,current,4.3486843,4.775415229797363,5.3310614,5.982734203338623,6.2532
2019,Nógrád,wheat,5.59,4.396,2019-2020,current,3.5815067,3.7260526180267335,4.531242,4.727127265930176,4.9063816
2019,Pest,barley,4.74,4.586,2019-2020,current,3.9224813,3.94842209815979,4.9212627,5.084749984741211,5.165879
2019,Pest,maize,7.65,6.962,2019-2020,current,5.326309,5.483562850952149,6.9537,7.649509716033935,8.343204
2019,Pest,wheat,4.74,4.806,2019-2020,current,4.149883,4.247906112670899,5.229126,5.375426483154297,5.4265165
2019,Somogy,barley,6.44,5.154,2019-2020,current,4.9169955,4.988808727264404,5.4595013,5.752182579040527,5.7882357
2019,Somogy,maize,9.72,8.718,2019-2020,current,5.409734,6.326502704620362,6.89067,8.262689399719239,9.867805
2019,Somogy,wheat,5.97,5.628,2019-2020,current,5.248443,5.265219688415527,5.773693,5.982449340820312,6.0037503
2019,Szabolcs-Szatmár-Bereg,barley,4.92,4.21,2019-2020,current,3.7882376,3.842855215072632,4.5832343,4.775763416290284,4.898904
2019,Szabolcs-Szatmár-Bereg,maize,7.35,6.98,2019-2020,current,5.6003785,5.821282196044922,6.609581,6.947693634033203,7.222263
2019,Szabolcs-Szatmár-Bereg,wheat,4.94,4.97,2019-2020,current,4.6605177,4.687412548065185,5.3360386,5.5210284233093265,5.615843
2019,Tolna,barley,6.32,5.908,2019-2020,current,5.160846,5.599660968780517,6.191286,6.3948469161987305,6.4629397
2019,Tolna,maize,8.99,8.764,2019-2020,current,5.0239067,6.114247608184814,7.5807533,8.787360191345215,9.359899
2019,Tolna,wheat,5.92,6.142,2019-2020,current,4.9230595,5.403285789489746,5.9997797,6.173110771179199,6.213115
2019,Vas,barley,6.07,4.646,2019-2020,current,4.3999705,4.51257209777832,4.739474,5.053610610961914,5.1173434
2019,Vas,maize,8.48,7.702,2019-2020,current,5.5065403,6.185095405578613,6.828989,7.473498344421387,8.325438
2019,Vas,wheat,5.96,5.35,2019-2020,current,5.1392074,5.280052852630615,5.4738436,5.747321033477784,5.825461
2019,Veszprém,barley,4.99,4.094,2019-2020,current,3.783599,3.834059238433838,4.3356185,4.660702896118164,4.6870775
2019,Veszprém,maize,6.94,6.458,2019-2020,current,5.6753736,6.5299383163452145,7.1364655,8.232141494750977,8.94291
2019,Veszprém,wheat,4.93,4.598,2019-2020,current,4.0526233,4.094689464569091,4.5818048,4.872319889068604,4.889582
2019,Zala,barley,6.01,5.004,2019-2020,current,4.920771,5.1392107009887695,5.2493677,5.471275520324707,5.5947747
2019,Zala,maize,8.76,7.756,2019-2020,current,4.7038956,6.020468044281006,6.74949,7.617995071411133,8.703433
2019,Zala,wheat,5.79,5.408,2019-2020,current,5.143068,5.237600708007813,5.4492936,5.635034370422363,5.768328
2020,Bács-Kiskun,barley,6.14,4.974,2019-2020,current,4.7705317,4.8119049072265625,5.4408817,5.717343807220459,5.952644
2020,Bács-Kiskun,maize,7.3,7.03,2019-2020,current,5.71157,5.968680953979492,6.846636,7.739261245727539,8.73134
2020,Bács-Kiskun,wheat,5.74,5.266,2019-2020,current,4.981357,5.057870864868164,5.634587,5.86883955001831,6.069161
2020,Baranya,barley,6.6,5.986,2019-2020,current,5.524409,5.647343635559082,6.1034822,6.372919940948487,6.506118
2020,Baranya,maize,8.11,8.38,2019-2020,current,5.6418157,6.38541955947876,7.3642387,8.893528175354003,9.317415
2020,Baranya,wheat,6.38,6.186,2019-2020,current,5.881029,6.130580997467041,6.6465507,6.837771606445313,6.957143
2020,Békés,barley,5.48,4.938,2019-2020,current,4.788736,4.949397277832031,5.229592,5.532874584197998,5.596172
2020,Békés,maize,9.1,7.428,2019-2020,current,6.548269,6.855367660522461,7.7014904,9.030093574523926,9.140604
2020,Békés,wheat,5.36,5.094,2019-2020,current,4.9532213,5.0794282913208,5.372572,5.666320323944092,5.706811
2020,Borsod-Abaúj-Zemplén,barley,5.46,5.012,2019-2020,current,4.547004,4.933042430877686,5.244927,5.656637477874756,5.7474465
2020,Borsod-Abaúj-Zemplén,maize,9.17,7.354,2019-2020,current,5.5526843,5.9091814994812015,6.8525305,7.411161613464356,7.978961
2020,Borsod-Abaúj-Zemplén,wheat,5.34,5.296,2019-2020,current,4.8637767,5.207454013824463,5.4863195,5.8919037818908695,5.969057
2020,Csongrád-Csanád,barley,4.67,4.628,2019-2020,current,4.0320873,4.397395133972168,4.7779937,5.147050476074218,5.2291465
2020,Csongrád-Csanád,maize,7.61,6.428,2019-2020,current,5.644239,5.788764190673828,6.729623,7.936437511444092,8.879725
2020,Csongrád-Csanád,wheat,4.62,4.902,2019-2020,current,4.6433206,4.850916957855224,5.3869686,5.664965629577637,5.782341
2020,Fejér,barley,5.98,5.846,2019-2020,current,4.8041387,5.221769046783447,5.8861012,6.237099266052246,6.397837
2020,Fejér,maize,7.74,8.084,2019-2020,current,4.968939,5.822159385681152,6.9766192,8.336850547790528,9.727061
2020,Fejér,wheat,5.59,5.806,2019-2020,current,4.846244,5.273896503448486,5.946567,6.2818656921386715,6.4426036
2020,Győr-Moson-Sopron,barley,5.14,4.98,2019-2020,current,5.0484962,5.058897018432617,5.3392725,5.612394618988037,5.8167267
2020,Győr-Moson-Sopron,maize,7.21,6.92,2019-2020,current,5.5892134,5.835123443603516,6.6207695,7.710208225250244,8.575599
2020,Győr-Moson-Sopron,wheat,5.24,5.082,2019-2020,current,5.1602287,5.170240879058838,5.430311,5.683173942565918,5.87877
2020,Hajdú-Bihar,barley,6.26,5.292,2019-2020,current,4.840324,5.2005486488342285,5.5618258,5.742939281463623,5.8326902
2020,Hajdú-Bihar,maize,10.08,8.276,2019-2020,current,6.1863346,6.710776710510254,7.141835,7.782477760314942,8.071863
2020,Hajdú-Bihar,wheat,5.54,5.488,2019-2020,current,4.8934245,5.261374282836914,5.6149263,5.792486572265625,5.8641987
2020,Heves,barley,5.64,5.086,2019-2020,current,4.4509597,4.74175910949707,5.3148136,5.476662635803223,5.7271285
2020,Heves,maize,6.61,6.584,2019-2020,current,6.7105865,6.966082382202148,7.4541078,7.957163238525391,8.066608
2020,Heves,wheat,4.98,4.986,2019-2020,current,4.4846406,4.717456340789795,5.327994,5.47303409576416,5.7246094
2020,Jász-Nagykun-Szolnok,barley,5.51,4.974,2019-2020,current,4.52432,4.891879844665527,5.258992,5.492397212982178,5.582893
2020,Jász-Nagykun-Szolnok,maize,6.92,5.676,2019-2020,current,3.8689523,4.872567844390869,6.1517444,7.20162353515625,7.9455323
2020,Jász-Nagykun-Szolnok,wheat,5.13,4.786,2019-2020,current,4.226744,4.518302154541016,5.0048647,5.168262672424317,5.306406
2020,Komárom-Esztergom,barley,5.36,5.14,2019-2020,current,4.728874,5.026524639129638,5.4033103,5.67206039428711,5.8761606
2020,Komárom-Esztergom,maize,7.83,7.438,2019-2020,current,5.5587764,5.773655605316162,7.224893,8.000910377502441,8.230397
2020,Komárom-Esztergom,wheat,5.19,5.324,2019-2020,current,4.9532676,5.303410053253174,5.5789814,5.848309135437011,6.0527945
2020,Nógrád,barley,3.94,3.91,2019-2020,current,3.114746,3.3162713050842285,4.0914636,4.240456867218017,4.2886357
2020,Nógrád,maize,6.39,5.508,2019-2020,current,4.7365904,5.03500509262085,5.764543,6.412153339385986,6.4785247
2020,Nógrád,wheat,5.11,4.73,2019-2020,current,3.934018,4.070000076293946,4.8211474,5.088414001464844,5.207689
2020,Pest,barley,4.78,4.642,2019-2020,current,3.9947588,4.016070079803467,4.993535,5.182212162017822,5.238151
2020,Pest,maize,8.22,7.022,2019-2020,current,5.247995,5.4357912063598635,6.9537,7.649509716033935,8.343204
2020,Pest,wheat,4.58,4.826,2019-2020,current,4.1715426,4.287819290161133,5.296419,5.437870788574219,5.4938097
2020,Somogy,barley,6.22,5.482,2019-2020,current,5.1111317,5.175881671905517,5.604915,5.866886043548584,6.178627
2020,Somogy,maize,10.3,8.86,2019-2020,current,5.409734,6.326502704620362,7.07045,8.262689399719239,9.867805
2020,Somogy,wheat,6.32,5.722,2019-2020,current,5.172772,5.20518684387207,5.6528172,5.897457885742187,6.213466
2020,Szabolcs-Szatmár-Bereg,barley,4.91,4.46,2019-2020,current,3.9376123,3.9936224460601806,4.70061,4.963196277618408,5.301181
2020,Szabolcs-Szatmár-Bereg,maize,8.47,6.864,2019-2020,current,5.895379,6.04602165222168,6.7991676,7.121531581878662,7.418072
2020,Szabolcs-Szatmár-Bereg,wheat,5.06,5.0,2019-2020,current,4.713529,4.740608787536621,5.393354,5.612417221069336,5.960016
2020,Tolna,barley,6.86,6.048,2019-2020,current,5.187377,5.6116351127624515,6.21136,6.411866760253906,6.4652095
2020,Tolna,maize,9.42,8.724,2019-2020,current,5.0239067,6.114247608184814,7.5807533,8.787360191345215,9.359899
2020,Tolna,wheat,6.19,6.156,2019-2020,current,4.963358,5.443584251403808,6.0639677,6.2134092330932615,6.2534137
2020,Vas,barley,5.79,4.95,2019-2020,current,4.9166102,5.00469560623169,5.243517,5.545001220703125,5.556888
2020,Vas,maize,9.77,7.66,2019-2020,current,5.5065403,6.243708610534668,6.868063,7.473498344421387,8.325438
2020,Vas,wheat,6.23,5.518,2019-2020,current,5.2151012,5.3270519256591795,5.584251,5.830896472930908,5.858228
2020,Veszprém,barley,5.22,4.298,2019-2020,current,3.8864331,3.96127986907959,4.453687,4.767279815673828,4.789057
2020,Veszprém,maize,7.84,6.452,2019-2020,current,5.6753736,6.241309261322021,7.1348047,8.232141494750977,8.94291
2020,Veszprém,wheat,5.08,4.722,2019-2020,current,4.2591248,4.373553848266601,4.8697796,5.123628616333008,5.1505327
2020,Zala,barley,6.08,5.248,2019-2020,current,5.043017,5.17897596359253,5.33915,5.629210758209228,5.6682773
2020,Zala,maize,9.72,7.938,2019-2020,current,4.7038956,6.020468044281006,6.7772365,7.74407730102539,8.703433
2020,Zala,wheat,6.41,5.524,2019-2020,current,5.160541,5.296302700042725,5.469134,5.745076465606689,5.7858014
2019,Bács-Kiskun,barley,5.61,4.692,2019-2020,v2,4.04343,4.398950386047363,5.0856047,5.325928688049316,5.3884873
2019,Bács-Kiskun,maize,7.27,7.126,2019-2020,v2,6.1044965,6.188749217987061,7.278828,7.868590354919434,8.262482
2019,Bács-Kiskun,wheat,5.18,5.152,2019-2020,v2,4.301787,4.73809700012207,5.5622225,5.791519641876221,5.8637013
2019,Baranya,barley,6.52,5.67,2019-2020,v2,5.143028,5.359065246582031,5.8030615,6.0375895500183105,6.0375896
2019,Baranya,maize,9.45,8.208,2019-2020,v2,6.8288336,6.973780632019043,8.182837,8.599988174438476,8.926483
2019,Baranya,wheat,6.19,6.114,2019-2020,v2,5.3789783,5.595015525817871,6.050039,6.273540019989014,6.27354
2019,Békés,barley,5.09,4.614,2019-2020,v2,4.0629935,4.386789989471436,4.7297263,4.9881178855896,5.0254097
2019,Békés,maize,8.12,7.328,2019-2020,v2,7.0144086,7.1328932762146,7.5551157,8.60069980621338,8.913643
2019,Békés,wheat,4.59,4.938,2019-2020,v2,4.5397596,4.880905723571777,5.420986,5.664501667022705,5.7056427
2019,Borsod-Abaúj-Zemplén,barley,5.27,4.88,2019-2020,v2,4.2333603,4.386765861511231,4.9867716,5.097386264801026,5.1566644
2019,Borsod-Abaúj-Zemplén,maize,8.67,7.172,2019-2020,v2,6.0768633,6.116881656646728,6.673181,7.2812049865722654,7.5420656
2019,Borsod-Abaúj-Zemplén,wheat,5.35,5.186,2019-2020,v2,4.436929,4.723251533508301,5.418225,5.522223091125488,5.5770903
2019,Csongrád-Csanád,barley,4.89,4.44,2019-2020,v2,3.8220134,4.124603748321533,4.721684,4.965424346923828,5.0161185
2019,Csongrád-Csanád,maize,6.85,6.438,2019-2020,v2,5.4264297,5.435556221008301,6.039442,7.675168228149414,7.918109
2019,Csongrád-Csanád,wheat,4.45,4.81,2019-2020,v2,4.2445407,4.5300861358642575,5.112628,5.345341491699219,5.4056587
2019,Fejér,barley,6.22,5.63,2019-2020,v2,4.511581,4.953945159912109,5.765395,5.99481611251831,6.060443
2019,Fejér,maize,8.08,8.144,2019-2020,v2,6.6516767,6.7116598129272464,7.0930285,8.501815032958984,9.145162
2019,Fejér,wheat,5.59,5.816,2019-2020,v2,4.5243664,4.985120487213135,5.835182,6.053576278686523,6.119203
2019,Győr-Moson-Sopron,barley,5.46,4.88,2019-2020,v2,4.773554,4.855498504638672,4.9910707,5.2120826721191404,5.354503
2019,Győr-Moson-Sopron,maize,6.32,7.294,2019-2020,v2,6.5103316,6.623149394989014,7.2656403,8.107159996032715,8.746348
2019,Győr-Moson-Sopron,wheat,5.42,5.046,2019-2020,v2,5.0120473,5.222395420074463,5.427619,5.63760404586792,5.7800245
2019,Hajdú-Bihar,barley,5.83,5.058,2019-2020,v2,4.4435344,4.71636266708374,5.452598,5.6634800910949705,5.7227907
2019,Hajdú-Bihar,maize,8.76,7.908,2019-2020,v2,7.10132,7.132602977752685,7.6690207,8.19639720916748,8.523318
2019,Hajdú-Bihar,wheat,5.44,5.408,2019-2020,v2,4.627822,4.914950275421143,5.6744823,5.874337482452392,5.933648
2019,Heves,barley,6.04,4.692,2019-2020,v2,4.140104,4.225299930572509,4.9461117,5.074421787261963,5.092499
2019,Heves,maize,8.71,6.006,2019-2020,v2,5.345286,5.457334041595459,6.7340984,7.1346259117126465,7.216282
2019,Heves,wheat,5.44,4.738,2019-2020,v2,4.151586,4.230166053771972,4.957594,5.074877643585205,5.0929546
2019,Jász-Nagykun-Szolnok,barley,5.4,4.726,2019-2020,v2,4.116723,4.261991405487061,4.9195843,5.16080379486084,5.165602
2019,Jász-Nagykun-Szolnok,maize,6.2,5.6,2019-2020,v2,4.5724244,4.686050605773926,5.468236,6.7352745056152346,7.151517
2019,Jász-Nagykun-Szolnok,wheat,4.98,4.564,2019-2020,v2,3.8779757,4.02860016822815,4.705254,4.935446739196777,4.940245
2019,Komárom-Esztergom,barley,5.75,4.83,2019-2020,v2,4.313217,4.51819953918457,5.017755,5.1400964736938475,5.2145557
2019,Komárom-Esztergom,maize,7.5,7.304,2019-2020,v2,6.344332,6.477808952331543,7.282596,8.021368789672852,8.431392
2019,Komárom-Esztergom,wheat,5.6,5.108,2019-2020,v2,4.7194824,4.782482147216797,5.4616632,5.572977828979492,5.647437
2019,Nógrád,barley,4.38,3.642,2019-2020,v2,3.0572293,3.231530857086182,3.9769304,4.018104457855225,4.047116
2019,Nógrád,maize,6.74,4.96,2019-2020,v2,4.6879334,4.976650524139404,5.6230245,6.257241344451904,6.2852883
2019,Nógrád,wheat,5.59,4.396,2019-2020,v2,3.6306064,3.8042109489440916,4.609353,4.650526809692383,4.6795382
2019,Pest,barley,4.74,4.586,2019-2020,v2,3.7793818,3.966685152053833,4.8292527,4.98955135345459,5.030334
2019,Pest,maize,7.65,6.962,2019-2020,v2,5.9582076,6.136804294586182,7.1725545,7.855003070831299,8.075602
2019,Pest,wheat,4.74,4.806,2019-2020,v2,4.052796,4.235304641723633,5.0906806,5.245726203918457,5.290358
2019,Somogy,barley,6.44,5.154,2019-2020,v2,4.8465433,4.866410255432129,5.503286,5.733664035797119,5.733664
2019,Somogy,maize,9.72,8.718,2019-2020,v2,6.5943837,6.68288631439209,7.9841995,8.402715110778809,8.929275
2019,Somogy,wheat,5.97,5.628,2019-2020,v2,5.0046678,5.048989963531494,5.740109,5.9529266357421875,5.9529266
2019,Szabolcs-Szatmár-Bereg,barley,4.92,4.21,2019-2020,v2,3.8608584,3.9022767543792725,4.641963,4.728944301605225,4.7781134
2019,Szabolcs-Szatmár-Bereg,maize,7.35,6.98,2019-2020,v2,5.929321,6.004691410064697,7.0621753,7.3794842720031735,7.4655538
2019,Szabolcs-Szatmár-Bereg,wheat,4.94,4.97,2019-2020,v2,4.5072956,4.5561200141906735,5.476694,5.557059574127197,5.601818
2019,Tolna,barley,6.32,5.908,2019-2020,v2,4.9298034,5.4787389755249025,6.2745914,6.4622673988342285,6.4622674
2019,Tolna,maize,8.99,8.764,2019-2020,v2,6.780041,6.898260498046875,8.029694,8.850648880004883,9.039064
2019,Tolna,wheat,5.92,6.142,2019-2020,v2,4.838,5.386935615539551,6.1827884,6.370464324951172,6.3704643
2019,Vas,barley,6.07,4.646,2019-2020,v2,4.382206,4.554343509674072,4.702376,4.814480113983154,4.8167577
2019,Vas,maize,8.48,7.702,2019-2020,v2,7.1591034,7.512593364715576,7.7738924,7.955472850799561,8.405357
2019,Vas,wheat,5.96,5.35,2019-2020,v2,5.2326193,5.425406837463379,5.5638156,5.664893436431885,5.667171
2019,Veszprém,barley,4.99,4.094,2019-2020,v2,3.732421,3.8783724784851072,4.351256,4.486529541015625,4.491949
2019,Veszprém,maize,6.94,6.458,2019-2020,v2,5.552375,5.908017349243164,7.153252,7.366852569580078,7.6173406
2019,Veszprém,wheat,4.93,4.598,2019-2020,v2,4.0241528,4.201486682891845,4.6934605,4.8177077293396,4.8231273
2019,Zala,barley,6.01,5.004,2019-2020,v2,4.977619,5.3132349967956545,5.372743,5.46760892868042,5.613358
2019,Zala,maize,8.76,7.756,2019-2020,v2,6.409796,6.998921871185303,7.8133326,8.065528678894044,8.527901
2019,Zala,wheat,5.79,5.408,2019-2020,v2,5.150483,5.502371406555175,5.5639935,5.647832870483398,5.793582
2020,Bács-Kiskun,barley,6.14,4.974,2019-2020,v2,4.2388144,4.675124454498291,5.55442,5.728547096252441,5.800729
2020,Bács-Kiskun,maize,7.3,7.03,2019-2020,v2,6.120563,6.204815769195557,7.2948947,7.88465690612793,8.278548
2020,Bács-Kiskun,wheat,5.74,5.266,2019-2020,v2,4.410248,4.832730388641357,5.7524233,5.926550388336182,5.998732
2020,Baranya,barley,6.6,5.986,2019-2020,v2,5.4877067,5.703744125366211,6.2498956,6.38226842880249,6.4653783
2020,Baranya,maize,8.11,8.38,2019-2020,v2,6.8288336,6.973780632019043,8.304324,8.818461227416993,8.926483
2020,Baranya,wheat,6.38,6.186,2019-2020,v2,5.7109666,5.901784801483155,6.4731555,6.605527877807617,6.6886377
2020,Békés,barley,5.48,4.938,2019-2020,v2,4.522426,4.863572216033935,5.482679,5.676359081268311,5.7068224
2020,Békés,maize,9.1,7.428,2019-2020,v2,7.0144086,7.1328932762146,7.5551157,8.576698112487792,8.913643
2020,Békés,wheat,5.36,5.094,2019-2020,v2,4.5853987,4.9265447616577145,5.5456514,5.73933162689209,5.769795
2020,Borsod-Abaúj-Zemplén,barley,5.46,5.012,2019-2020,v2,4.4122357,4.690475177764893,5.3825045,5.503127384185791,5.5523963
2020,Borsod-Abaúj-Zemplén,maize,9.17,7.354,2019-2020,v2,6.623786,6.64918794631958,7.2201037,7.99633674621582,8.145386
2020,Borsod-Abaúj-Zemplén,wheat,5.34,5.296,2019-2020,v2,4.5965233,4.893473339080811,5.604388,5.713984775543213,5.7632537
2020,Csongrád-Csanád,barley,4.67,4.628,2019-2020,v2,3.9208267,4.215577697753906,4.8009,5.045237350463867,5.0953345
2020,Csongrád-Csanád,maize,7.61,6.428,2019-2020,v2,5.376664,5.385790634155273,6.0096407,7.638620376586914,7.8883076
2020,Csongrád-Csanád,wheat,4.62,4.902,2019-2020,v2,4.3975925,4.7761204719543455,5.482537,5.720780849456787,5.7755675
2020,Fejér,barley,5.98,5.846,2019-2020,v2,4.507033,4.96778678894043,5.843008,6.036242294311523,6.101869
2020,Fejér,maize,7.74,8.084,2019-2020,v2,6.6516767,6.7116598129272464,7.167809,8.501815032958984,9.145162
2020,Fejér,wheat,5.59,5.806,2019-2020,v2,4.5243664,4.985120487213135,5.871369,6.053576278686523,6.119203
2020,Győr-Moson-Sopron,barley,5.14,4.98,2019-2020,v2,4.9564347,5.166782855987549,5.4241915,5.631129741668701,5.724412
2020,Győr-Moson-Sopron,maize,7.21,6.92,2019-2020,v2,6.1251645,6.225193119049072,6.7000346,7.70280818939209,8.000711
2020,Győr-Moson-Sopron,wheat,5.24,5.082,2019-2020,v2,5.0194073,5.229755401611328,5.498191,5.6941022872924805,5.7873845
2020,Hajdú-Bihar,barley,6.26,5.292,2019-2020,v2,4.5899887,4.870500946044922,5.6256223,5.893537330627441,5.896465
2020,Hajdú-Bihar,maize,10.08,8.276,2019-2020,v2,7.10132,7.132602977752685,7.426969,8.19639720916748,8.523318
2020,Hajdú-Bihar,wheat,5.54,5.488,2019-2020,v2,4.621289,4.912337017059326,5.6744823,5.924837398529053,5.927765
2020,Heves,barley,5.64,5.086,2019-2020,v2,4.359761,4.522139358520508,5.378697,5.51711254119873,5.595943
2020,Heves,maize,6.61,6.584,2019-2020,v2,5.8397794,5.941741943359375,7.0421033,7.490053749084472,7.5873337
2020,Heves,wheat,4.98,4.986,2019-2020,v2,4.3807616,4.539467620849609,5.3996973,5.527086544036865,5.605917
2020,Jász-Nagykun-Szolnok,barley,5.51,4.974,2019-2020,v2,4.320075,4.534917736053467,5.3939037,5.573910522460937,5.5816097
2020,Jász-Nagykun-Szolnok,maize,6.92,5.676,2019-2020,v2,4.5918546,4.705480766296387,5.4840117,6.800678443908692,7.216921
2020,Jász-Nagykun-Szolnok,wheat,5.13,4.786,2019-2020,v2,4.1340566,4.275475692749024,5.002055,5.171035099029541,5.1787343
2020,Komárom-Esztergom,barley,5.36,5.14,2019-2020,v2,4.702149,4.754121780395508,5.433303,5.55564432144165,5.6301036
2020,Komárom-Esztergom,maize,7.83,7.438,2019-2020,v2,6.5410905,6.775905513763428,7.4793544,8.223676490783692,8.637398
2020,Komárom-Esztergom,wheat,5.19,5.324,2019-2020,v2,4.848443,4.913557147979736,5.6171937,5.7285082817077635,5.8029675
2020,Nógrád,barley,3.94,3.91,2019-2020,v2,3.2595708,3.4190951347351075,4.1849675,4.243028926849365,4.249459
2020,Nógrád,maize,6.39,5.508,2019-2020,v2,4.92711,5.200244426727295,5.888771,6.532106590270996,6.551035
2020,Nógrád,wheat,5.11,4.73,2019-2020,v2,3.9765902,4.13699893951416,4.9280434,4.9861047744750975,4.9925346
2020,Pest,barley,4.78,4.642,2019-2020,v2,3.7793818,3.966685152053833,4.8292527,5.028425312042236,5.030334
2020,Pest,maize,8.22,7.022,2019-2020,v2,6.0870137,6.212083339691162,7.1725545,7.855003070831299,8.075602
2020,Pest,wheat,4.58,4.826,2019-2020,v2,4.103096,4.285604763031006,5.1409807,5.338749504089355,5.340658
2020,Somogy,barley,6.22,5.482,2019-2020,v2,4.934402,4.978724193572998,5.658816,5.882660865783691,5.9548426
2020,Somogy,maize,10.3,8.86,2019-2020,v2,6.5943837,6.68288631439209,8.035016,8.505026817321777,8.929275
2020,Somogy,wheat,6.32,5.722,2019-2020,v2,5.024098,5.08681001663208,5.805513,6.018331527709961,6.090513
2020,Szabolcs-Szatmár-Bereg,barley,4.91,4.46,2019-2020,v2,3.8997726,3.9596240520477295,4.7247515,4.858625221252441,4.8983912
2020,Szabolcs-Szatmár-Bereg,maize,8.47,6.864,2019-2020,v2,5.8176446,5.864260005950928,6.1752186,7.31683931350708,7.402909
2020,Szabolcs-Szatmár-Bereg,wheat,5.06,5.0,2019-2020,v2,4.533119,4.581943607330322,5.5025177,5.625364112854004,5.674753
2020,Tolna,barley,6.86,6.048,2019-2020,v2,4.9298034,5.4787389755249025,6.292912,6.4622673988342285,6.4622674
2020,Tolna,maize,9.42,8.724,2019-2020,v2,6.780041,6.898260498046875,8.029694,8.850648880004883,9.039064
2020,Tolna,wheat,6.19,6.156,2019-2020,v2,4.863125,5.412060642242432,6.226234,6.395589351654053,6.3955894
2020,Vas,barley,5.79,4.95,2019-2020,v2,5.0265718,5.208332347869873,5.3467417,5.458845901489258,5.4611235
2020,Vas,maize,9.77,7.66,2019-2020,v2,7.4210286,7.662975692749024,7.7927914,8.106421661376952,8.405357
2020,Vas,wheat,6.23,5.518,2019-2020,v2,5.279019,5.478339004516601,5.6167483,5.711293029785156,5.7135706
2020,Veszprém,barley,5.22,4.298,2019-2020,v2,3.862566,4.03700966835022,4.5294604,4.654354286193848,4.659774
2020,Veszprém,maize,7.84,6.452,2019-2020,v2,5.552375,5.908017349243164,7.153252,7.366852569580078,7.6173406
2020,Veszprém,wheat,5.08,4.722,2019-2020,v2,4.2713213,4.442619037628174,4.937621,5.051487636566162,5.056907
2020,Zala,barley,6.08,5.248,2019-2020,v2,5.11265,5.455625724792481,5.515134,5.634332847595215,5.7557487
2020,Zala,maize,9.72,7.938,2019-2020,v2,6.409796,7.001199436187744,7.875697,8.211735153198243,8.527901
2020,Zala,wheat,6.41,5.524,2019-2020,v2,5.1968827,5.552690887451172,5.616926,5.718565654754639,5.8399806
2021,Bács-Kiskun,barley,6.6,5.244,2021-2022,current,4.994796,5.117175579071045,5.8137894,5.97964506149292,6.153378
2021,Bács-Kiskun,maize,5.19,7.37,2021-2022,current,6.60399,6.872953701019287,7.9586244,8.971353530883789,9.906245
2021,Bács-Kiskun,wheat,5.78,5.408,2021-2022,current,4.879807,5.113934898376465,5.8088355,5.957205772399902,6.125599
2021,Baranya,barley,6.99,6.294,2021-2022,current,6.0131545,6.053253173828125,6.6645103,6.805027484893799,6.9631777
2021,Baranya,maize,6.67,8.688,2021-2022,current,7.376959,7.708628749847412,8.9851,9.689231681823731,9.997
2021,Baranya,wheat,6.14,6.306,2021-2022,current,5.984492,6.0149720191955565,6.6249027,6.763254547119141,6.918158
2021,Békés,barley,6.39,5.036,2021-2022,current,4.758173,5.056228733062744,5.3986907,5.5717846870422365,5.6386175
2021,Békés,maize,5.21,7.998,2021-2022,current,7.2524314,7.63378267288208,8.385834,9.471347427368164,9.646748
2021,Békés,wheat,6.48,5.082,2021-2022,current,4.6679688,4.9693577766418455,5.3168197,5.476564121246338,5.543397
2021,Borsod-Abaúj-Zemplén,barley,6.08,5.188,2021-2022,current,4.6281657,4.892106342315674,5.402332,5.725054359436035,5.848228
2021,Borsod-Abaúj-Zemplén,maize,7.21,8.202,2021-2022,current,7.408834,7.894026565551758,8.130289,9.112711143493652,9.622192
2021,Borsod-Abaúj-Zemplén,wheat,5.69,5.368,2021-2022,current,4.800924,5.09740571975708,5.546695,5.857619667053223,5.967834
2021,Csongrád-Csanád,barley,6.56,4.688,2021-2022,current,4.285786,4.489939785003662,5.103154,5.287198829650879,5.4699945
2021,Csongrád-Csanád,maize,4.32,6.906,2021-2022,current,6.303422,6.420192527770996,7.2785783,7.864843845367432,8.498924
2021,Csongrád-Csanád,wheat,5.95,4.844,2021-2022,current,4.1930594,4.442256069183349,5.0191035,5.194168376922607,5.3765206
2021,Fejér,barley,7.09,5.884,2021-2022,current,5.0911508,5.498902130126953,6.2421036,6.495163917541504,6.6608787
2021,Fejér,maize,5.88,8.39,2021-2022,current,6.7598624,7.598688220977783,8.027953,9.638640785217286,10.093292
2021,Fejér,wheat,5.78,5.75,2021-2022,current,4.7223773,5.263929271697998,5.9503036,6.195261096954345,6.347869
2021,Győr-Moson-Sopron,barley,6.09,5.03,2021-2022,current,5.025924,5.096753120422363,5.4420257,5.5897444725036625,5.7062635
2021,Győr-Moson-Sopron,maize,7.56,7.26,2021-2022,current,6.4539704,6.688695907592773,6.979645,8.2483154296875,8.5253
2021,Győr-Moson-Sopron,wheat,5.58,5.096,2021-2022,current,4.93572,5.006548881530762,5.346805,5.497533702850342,5.611043
2021,Hajdú-Bihar,barley,7.19,5.538,2021-2022,current,5.008696,5.358417415618897,5.888973,6.111832237243652,6.148462
2021,Hajdú-Bihar,maize,6.78,9.078,2021-2022,current,7.7607307,8.097505283355712,8.62808,9.669715690612794,9.958435
2021,Hajdú-Bihar,wheat,6.79,5.566,2021-2022,current,4.911732,5.272138881683349,5.8003426,6.021633243560791,6.039464
2021,Heves,barley,6.14,5.306,2021-2022,current,4.7412314,4.895094680786133,5.5735083,5.810435199737549,5.9021215
2021,Heves,maize,6.28,7.13,2021-2022,current,6.281986,6.68023042678833,7.1600804,7.590596675872803,7.6626964
2021,Heves,wheat,5.67,5.006,2021-2022,current,4.4493613,4.557828521728515,5.2760897,5.520976734161377,5.6160574
2021,Jász-Nagykun-Szolnok,barley,5.92,5.148,2021-2022,current,4.583392,4.770157337188721,5.3406224,5.533868885040283,5.577948
2021,Jász-Nagykun-Szolnok,maize,5.16,6.154,2021-2022,current,3.9095192,5.3122477531433105,6.1003947,7.388744449615478,7.8036613
2021,Jász-Nagykun-Szolnok,wheat,5.59,4.866,2021-2022,current,4.1039534,4.433349227905273,4.876458,5.124688529968262,5.1733437
2021,Komárom-Esztergom,barley,6.31,5.216,2021-2022,current,4.659929,4.9451165199279785,5.4594693,5.598481941223144,5.7655387
2021,Komárom-Esztergom,maize,7.85,7.778,2021-2022,current,6.5467777,7.096286010742188,7.8765774,8.79302101135254,9.07306
2021,Komárom-Esztergom,wheat,6.24,5.262,2021-2022,current,4.826924,5.110621356964112,5.606142,5.741804504394532,5.894427
2021,Nógrád,barley,4.88,4.056,2021-2022,current,3.305182,3.45333309173584,4.2952585,4.385358715057373,4.4416986
2021,Nógrád,maize,5.78,6.078,2021-2022,current,4.942885,5.377199935913086,5.859017,6.640557384490966,6.7200136
2021,Nógrád,wheat,5.05,4.94,2021-2022,current,4.09117,4.225728511810303,5.0961633,5.232553195953369,5.301742
2021,Pest,barley,5.69,4.688,2021-2022,current,4.2243857,4.293076515197754,5.215108,5.287597560882569,5.2939887
2021,Pest,maize,6.09,7.566,2021-2022,current,6.5097537,6.925402545928955,7.8205338,8.905167770385741,9.501621
2021,Pest,wheat,5.57,4.76,2021-2022,current,4.147411,4.19961986541748,5.1067863,5.185667037963867,5.1925144
2021,Somogy,barley,6.64,5.852,2021-2022,current,5.130791,5.255610656738281,5.805899,6.031130123138428,6.226954
2021,Somogy,maize,6.16,9.54,2021-2022,current,7.784084,7.935182285308838,9.176079,10.07593879699707,10.50419
2021,Somogy,wheat,6.16,5.88,2021-2022,current,5.1761966,5.327922058105469,5.9110503,6.120451354980469,6.3533144
2021,Szabolcs-Szatmár-Bereg,barley,5.34,4.636,2021-2022,current,4.088906,4.272978210449219,4.909608,5.1431914329528805,5.3118215
2021,Szabolcs-Szatmár-Bereg,maize,6.89,7.834,2021-2022,current,7.408802,7.569683837890625,8.160501,9.252456092834473,9.549821
2021,Szabolcs-Szatmár-Bereg,wheat,5.91,5.036,2021-2022,current,4.5988097,4.836889362335205,5.427845,5.612677669525146,5.7813087
2021,Tolna,barley,7.08,6.282,2021-2022,current,5.8851547,6.031827354431153,6.805973,6.971350193023682,6.99285
2021,Tolna,maize,4.93,9.14,2021-2022,current,7.005491,7.4420166015625,8.880322,9.750330543518066,9.991379
2021,Tolna,wheat,5.98,6.178,2021-2022,current,5.8118606,5.965656757354736,6.7375965,6.911963081359863,6.928075
2021,Vas,barley,5.81,5.17,2021-2022,current,5.0749073,5.214976692199707,5.5067997,5.779868507385254,5.7875876
2021,Vas,maize,8.23,8.392,2021-2022,current,7.669215,8.264506530761718,8.852728,9.743416023254394,9.830909
2021,Vas,wheat,5.95,5.716,2021-2022,current,5.3352027,5.472590923309326,5.7556767,5.970718765258789,6.0142035
2021,Veszprém,barley,5.54,4.56,2021-2022,current,4.1122956,4.206261157989502,4.724808,5.0575357437133786,5.160495
2021,Veszprém,maize,5.36,6.976,2021-2022,current,6.1083927,6.467547798156739,7.168187,8.271261978149415,9.150489
2021,Veszprém,wheat,5.26,4.842,2021-2022,current,4.255322,4.3381298065185545,4.895597,5.218558883666992,5.2758875
2021,Zala,barley,6.13,5.544,2021-2022,current,5.425864,5.6502148628234865,5.838084,6.136305522918701,6.1432714
2021,Zala,maize,7.32,8.622,2021-2022,current,6.888313,7.929419803619385,8.925346,9.691779136657715,10.205812
2021,Zala,wheat,6.32,5.754,2021-2022,current,5.288362,5.534626770019531,5.6853757,5.969635677337647,5.984145
2022,Bács-Kiskun,barley,4.87,5.624,2021-2022,current,5.11167,5.3738147735595705,6.0103035,6.1942956924438475,6.3680286
2022,Bács-Kiskun,maize,3.81,6.788,2021-2022,current,4.7381177,5.340098285675049,6.1216125,7.408876419067383,8.567347
2022,Bács-Kiskun,wheat,4.46,5.48,2021-2022,current,4.8301353,5.055954837799073,5.7289815,5.904963970184326,6.073357
2022,Baranya,barley,6.19,6.48,2021-2022,current,5.7157536,5.789286136627197,6.4253607,6.535088920593262,6.70235
2022,Baranya,maize,4.7,8.218,2021-2022,current,7.376959,7.610010814666748,8.654562,9.689231681823731,9.997
2022,Baranya,wheat,5.46,6.25,2021-2022,current,5.968239,5.9992451667785645,6.6105022,6.747229194641113,6.899694
2022,Békés,barley,4.1,5.288,2021-2022,current,5.079209,5.3319830894470215,5.6804743,5.807583522796631,5.8744164
2022,Békés,maize,1.85,7.294,2021-2022,current,6.310076,7.238919734954834,7.5477176,8.756716537475587,8.966943
2022,Békés,wheat,3.84,5.376,2021-2022,current,5.0054946,5.309220314025879,5.6577115,5.779982376098633,5.8466372
2022,Borsod-Abaúj-Zemplén,barley,5.05,5.416,2021-2022,current,4.9088335,5.203151607513428,5.6701956,5.971214771270752,6.0852194
2022,Borsod-Abaúj-Zemplén,maize,3.03,7.936,2021-2022,current,7.408834,7.8005658149719235,8.124981,9.112711143493652,9.622192
2022,Borsod-Abaúj-Zemplén,wheat,4.42,5.41,2021-2022,current,4.8414106,5.137393856048584,5.593297,5.898106479644776,6.008321
2022,Csongrád-Csanád,barley,4.47,5.144,2021-2022,current,4.6345387,4.838542175292969,5.433885,5.633739757537842,5.8171926
2022,Csongrád-Csanád,maize,1.9,6.282,2021-2022,current,5.1931453,5.829876899719238,6.5350103,8.075831413269043,8.441774
2022,Csongrád-Csanád,wheat,3.54,5.074,2021-2022,current,4.567116,4.7533103942871096,5.3569865,5.543491649627685,5.7269444
2022,Fejér,barley,5.58,6.132,2021-2022,current,5.135584,5.528696155548095,6.2032027,6.398476409912109,6.6329145
2022,Fejér,maize,2.56,7.692,2021-2022,current,6.206929,7.0441936492919925,7.6037517,9.183788108825683,9.650664
2022,Fejér,wheat,5.47,5.646,2021-2022,current,4.7549744,5.315446567535401,5.963715,6.188251304626465,6.389739
2022,Győr-Moson-Sopron,barley,5.36,5.23,2021-2022,current,5.025333,5.102602481842041,5.435768,5.589153099060058,5.705672
2022,Győr-Moson-Sopron,maize,4.81,7.026,2021-2022,current,6.3233953,6.508569431304932,6.8290515,8.06103057861328,8.335282
2022,Győr-Moson-Sopron,wheat,5.21,5.192,2021-2022,current,4.968895,5.046164512634277,5.381937,5.530708694458008,5.644218
2022,Hajdú-Bihar,barley,4.15,5.914,2021-2022,current,5.494083,5.725264549255371,6.2423377,6.445969295501709,6.4974337
2022,Hajdú-Bihar,maize,2.52,8.52,2021-2022,current,7.7607307,8.013590335845947,8.590475,9.669715690612794,9.958435
2022,Hajdú-Bihar,wheat,3.48,5.83,2021-2022,current,4.8368893,5.147748947143555,5.723846,5.891922664642334,5.9285593
2022,Heves,barley,3.89,5.562,2021-2022,current,5.0355844,5.059372997283935,5.810078,6.035953998565674,6.139642
2022,Heves,maize,1.52,6.964,2021-2022,current,6.334258,6.611474990844727,7.222142,7.6570357322692875,7.752875
2022,Heves,wheat,3.28,5.198,2021-2022,current,4.4840045,4.592471694946289,5.310733,5.555619907379151,5.6507006
2022,Jász-Nagykun-Szolnok,barley,3.34,5.356,2021-2022,current,4.863262,5.067673873901367,5.6269903,5.796622371673584,5.8407025
2022,Jász-Nagykun-Szolnok,maize,2.23,5.828,2021-2022,current,3.397872,4.821232795715332,5.7776346,7.033777809143066,7.3547707
2022,Jász-Nagykun-Szolnok,wheat,3.0,5.08,2021-2022,current,4.5159693,4.684925556182861,5.2553906,5.4382000923156735,5.4741483
2022,Komárom-Esztergom,barley,4.8,5.462,2021-2022,current,4.9329686,5.212672901153565,5.7041144,5.8278453826904295,5.994902
2022,Komárom-Esztergom,maize,2.73,7.68,2021-2022,current,6.337533,6.707903003692627,7.4913526,8.477764892578126,8.70058
2022,Komárom-Esztergom,wheat,4.62,5.426,2021-2022,current,4.8977413,5.139135074615479,5.668887,5.784227275848389,5.9368496
2022,Nógrád,barley,3.88,4.232,2021-2022,current,3.5613215,3.681623840332031,4.5426536,4.669872379302978,4.739062
2022,Nógrád,maize,2.65,5.976,2021-2022,current,5.1734753,5.402567291259766,6.036541,6.8937019348144535,6.9878774
2022,Nógrád,wheat,3.57,5.03,2021-2022,current,4.1758237,4.34545316696167,5.2152042,5.376795864105224,5.4459853
2022,Pest,barley,3.49,4.898,2021-2022,current,4.344118,4.515432739257813,5.4000735,5.472563171386719,5.4789543
2022,Pest,maize,1.55,7.302,2021-2022,current,6.426701,6.808927249908447,7.3957243,8.616614151000977,9.25873
2022,Pest,wheat,3.43,4.924,2021-2022,current,4.237022,4.440886306762695,5.3098254,5.388706207275391,5.3955536
2022,Somogy,barley,5.88,5.994,2021-2022,current,5.4428563,5.563681030273438,6.1058736,6.310106563568115,6.548655
2022,Somogy,maize,5.75,8.848,2021-2022,current,7.7300525,7.803491497039795,9.176079,10.07593879699707,10.50419
2022,Somogy,wheat,6.0,5.876,2021-2022,current,5.1761966,5.327922058105469,5.907255,6.120451354980469,6.3533144
2022,Szabolcs-Szatmár-Bereg,barley,4.41,4.806,2021-2022,current,4.2831216,4.45521297454834,5.1461725,5.352294063568115,5.520924
2022,Szabolcs-Szatmár-Bereg,maize,2.51,7.518,2021-2022,current,7.043761,7.13774299621582,7.608695,8.904326057434082,9.216438
2022,Szabolcs-Szatmár-Bereg,wheat,4.09,5.248,2021-2022,current,4.823257,5.143342304229736,5.667218,5.821843242645263,5.990474
2022,Tolna,barley,6.2,6.438,2021-2022,current,5.790267,5.879373455047608,6.678594,6.935407829284668,6.9662933
2022,Tolna,maize,4.18,8.236,2021-2022,current,7.005491,7.4420166015625,8.3611765,9.750330543518066,9.991379
2022,Tolna,wheat,6.12,6.096,2021-2022,current,5.1186905,5.477737045288086,6.1861844,6.28485336303711,6.293661
2022,Vas,barley,5.72,5.382,2021-2022,current,5.305246,5.446007919311524,5.7671666,6.016280174255371,6.200347
2022,Vas,maize,5.95,8.278,2021-2022,current,6.9450407,7.944109153747559,8.852728,9.743416023254394,9.830909
2022,Vas,wheat,6.29,5.694,2021-2022,current,5.326291,5.463679313659668,5.747288,5.990485763549804,6.217719
2022,Veszprém,barley,4.78,4.788,2021-2022,current,4.3036046,4.355161476135254,4.9550695,5.2668415069580075,5.333646
2022,Veszprém,maize,4.2,6.67,2021-2022,current,5.5948925,5.847668170928955,6.7503552,7.9107239723205565,8.664612
2022,Veszprém,wheat,4.79,4.88,2021-2022,current,4.25137,4.334177780151367,4.902835,5.214606857299804,5.2719355
2022,Zala,barley,5.5,5.674,2021-2022,current,5.3468733,5.593748760223389,5.7483673,6.0388304710388185,6.0835886
2022,Zala,maize,7.14,8.412,2021-2022,current,6.888313,7.190581893920898,8.570812,9.691779136657715,10.205812
2022,Zala,wheat,6.0,5.83,2021-2022,current,5.153908,5.401519107818603,5.555402,5.845864963531494,5.8811474
2021,Bács-Kiskun,barley,6.6,5.244,2021-2022,v2,4.464326,4.8953031539917,5.705995,5.826505184173584,5.8753
2021,Bács-Kiskun,maize,5.19,7.37,2021-2022,v2,6.95391,7.165545082092285,7.967689,8.873222351074219,9.26864
2021,Bács-Kiskun,wheat,5.78,5.408,2021-2022,v2,4.526009,4.956986331939698,5.7676783,5.888188362121582,5.936983
2021,Baranya,barley,6.99,6.294,2021-2022,v2,5.7747374,5.927316570281983,6.522699,6.602461814880371,6.6467905
2021,Baranya,maize,6.67,8.688,2021-2022,v2,7.6969404,7.873105716705322,9.276534,9.436447715759277,9.467197
2021,Baranya,wheat,6.14,6.306,2021-2022,v2,5.7690406,5.92161979675293,6.517002,6.596765041351318,6.6410937
2021,Békés,barley,6.39,5.036,2021-2022,v2,4.6014376,4.939902114868164,5.5605497,5.691629886627197,5.703924
2021,Békés,maize,5.21,7.998,2021-2022,v2,7.566158,7.771090507507324,8.251002,9.455177307128906,9.471069
2021,Békés,wheat,6.48,5.082,2021-2022,v2,4.595741,4.934205341339111,5.554853,5.6859331130981445,5.6982274
2021,Borsod-Abaúj-Zemplén,barley,6.08,5.188,2021-2022,v2,4.507882,4.751080322265625,5.402548,5.569517326354981,5.628983
2021,Borsod-Abaúj-Zemplén,maize,7.21,8.202,2021-2022,v2,7.6215873,7.690031909942627,8.479407,8.9937162399292,9.1461315
2021,Borsod-Abaúj-Zemplén,wheat,5.69,5.368,2021-2022,v2,4.6196337,4.844756031036377,5.489618,5.656587314605713,5.716053
2021,Csongrád-Csanád,barley,6.56,4.688,2021-2022,v2,4.118729,4.440316390991211,5.2457256,5.281203269958496,5.327059
2021,Csongrád-Csanád,maize,4.32,6.906,2021-2022,v2,5.890603,6.0450512886047365,6.4817834,7.896318244934082,8.035461
2021,Csongrád-Csanád,wheat,5.95,4.844,2021-2022,v2,4.150033,4.471620273590088,5.2770295,5.312507152557373,5.3583627
2021,Fejér,barley,7.09,5.884,2021-2022,v2,4.816485,5.315635776519775,6.185096,6.3743070602417,6.406879
2021,Fejér,maize,5.88,8.39,2021-2022,v2,7.4887347,7.577055740356445,7.867063,9.314087677001954,9.4914465
2021,Fejér,wheat,5.78,5.75,2021-2022,v2,4.5988374,5.074730968475341,5.909305,6.098516368865967,6.1310883
2021,Győr-Moson-Sopron,barley,6.09,5.03,2021-2022,v2,5.021727,5.242671394348145,5.47657,5.6349818229675295,5.692505
2021,Győr-Moson-Sopron,maize,7.56,7.26,2021-2022,v2,6.5126066,6.769487762451172,7.169944,8.247881889343262,8.324446
2021,Győr-Moson-Sopron,wheat,5.58,5.096,2021-2022,v2,5.0160303,5.236974620819092,5.4708734,5.629285049438477,5.686808
2021,Hajdú-Bihar,barley,7.19,5.538,2021-2022,v2,4.7555923,5.032536602020263,5.7490306,5.9795537948608395,5.990279
2021,Hajdú-Bihar,maize,6.78,9.078,2021-2022,v2,7.6807375,7.886798477172851,8.225545,9.333811187744141,9.444504
2021,Hajdú-Bihar,wheat,6.79,5.566,2021-2022,v2,4.7498956,5.026839828491211,5.743334,5.973857021331787,5.9845824
2021,Heves,barley,6.14,5.306,2021-2022,v2,4.5018973,4.710182476043701,5.514279,5.680515480041504,5.7105412
2021,Heves,maize,6.28,7.13,2021-2022,v2,6.4538527,6.557400798797607,7.506813,7.906872653961182,7.9982634
2021,Heves,wheat,5.67,5.006,2021-2022,v2,4.378752,4.596909999847412,5.4158154,5.582051944732666,5.6120777
2021,Jász-Nagykun-Szolnok,barley,5.92,5.148,2021-2022,v2,4.474666,4.664328765869141,5.471477,5.6515850067138675,5.672421
2021,Jász-Nagykun-Szolnok,maize,5.16,6.154,2021-2022,v2,4.9067707,5.193754482269287,6.0324535,7.2135237693786625,7.5669622
2021,Jász-Nagykun-Szolnok,wheat,5.59,4.866,2021-2022,v2,4.1009,4.280915260314941,5.073592,5.253700160980225,5.274536
2021,Komárom-Esztergom,barley,6.31,5.216,2021-2022,v2,4.7251163,4.773698139190674,5.4374304,5.5910820960998535,5.646576
2021,Komárom-Esztergom,maize,7.85,7.778,2021-2022,v2,7.3540187,7.661685466766357,8.3307295,9.104788398742675,9.321177
2021,Komárom-Esztergom,wheat,6.24,5.262,2021-2022,v2,4.835437,4.850845432281494,5.5245004,5.678152084350586,5.733646
2021,Nógrád,barley,4.88,4.056,2021-2022,v2,3.3065252,3.5057966709136963,4.3140025,4.389630126953125,4.4043
2021,Nógrád,maize,5.78,6.078,2021-2022,v2,5.298912,5.641920375823974,6.351392,6.985866355895996,7.014384
2021,Nógrád,wheat,5.05,4.94,2021-2022,v2,4.072286,4.3503725051879885,5.2475095,5.323137092590332,5.337807
2021,Pest,barley,5.69,4.688,2021-2022,v2,3.914144,4.160502624511719,5.125873,5.249962902069091,5.253305
2021,Pest,maize,6.09,7.566,2021-2022,v2,7.1283746,7.226887607574463,8.228016,8.774114990234375,9.07913
2021,Pest,wheat,5.57,4.76,2021-2022,v2,3.8878553,4.134214115142822,5.0995846,5.223674392700195,5.2270164
2021,Somogy,barley,6.64,5.852,2021-2022,v2,5.301657,5.32520227432251,5.9494157,6.107781887054443,6.1521106
2021,Somogy,maize,6.16,9.54,2021-2022,v2,7.478872,7.670131969451904,9.241396,9.45924015045166,9.690264
2021,Somogy,wheat,6.16,5.88,2021-2022,v2,5.470248,5.512893295288086,6.1657567,6.324122905731201,6.3684516
2021,Szabolcs-Szatmár-Bereg,barley,5.34,4.636,2021-2022,v2,3.9865105,4.079346656799316,4.861397,4.996383476257324,5.0489974
2021,Szabolcs-Szatmár-Bereg,maize,6.89,7.834,2021-2022,v2,7.4521613,7.571463203430175,8.011105,9.132567405700684,9.211804
2021,Szabolcs-Szatmár-Bereg,wheat,5.91,5.036,2021-2022,v2,4.5620694,4.654905319213867,5.4952736,5.630260276794433,5.682874
2021,Tolna,barley,7.08,6.282,2021-2022,v2,5.222651,5.686322593688965,6.54932,6.626759624481201,6.6402483
2021,Tolna,maize,4.93,9.14,2021-2022,v2,7.368734,7.450004291534424,8.7219515,9.31789951324463,9.358882
2021,Tolna,wheat,5.98,6.178,2021-2022,v2,5.216954,5.6806258201599125,6.5436234,6.621062850952148,6.6345515
2021,Vas,barley,5.81,5.17,2021-2022,v2,5.144611,5.306612491607666,5.458089,5.609160614013672,5.6179857
2021,Vas,maize,8.23,8.392,2021-2022,v2,8.57423,8.714638137817383,9.021945,9.193731880187988,9.570092
2021,Vas,wheat,5.95,5.716,2021-2022,v2,5.472149,5.634150505065918,5.785627,5.936698627471924,5.9455237
2021,Veszprém,barley,5.54,4.56,2021-2022,v2,4.0524473,4.201026153564453,4.716691,4.893376350402832,4.957224
2021,Veszprém,maize,5.36,6.976,2021-2022,v2,6.313256,6.71860704421997,7.617543,8.027466583251954,8.334053
2021,Veszprém,wheat,5.26,4.842,2021-2022,v2,4.2775292,4.504401397705078,5.002657,5.179342269897461,5.24319
2021,Zala,barley,6.13,5.544,2021-2022,v2,5.2837977,5.551816654205322,5.6795645,5.892607688903809,5.9189587
2021,Zala,maize,7.32,8.622,2021-2022,v2,7.514794,8.035701274871826,9.021193,9.288939666748046,9.502425
2021,Zala,wheat,6.32,5.754,2021-2022,v2,5.3428774,5.610896301269531,5.738644,5.951687335968018,5.9780383
2022,Bács-Kiskun,barley,4.87,5.624,2021-2022,v2,4.603887,5.075227069854736,5.946463,6.0669732093811035,6.115768
2022,Bács-Kiskun,maize,3.81,6.788,2021-2022,v2,5.2691073,5.497747898101807,6.310853,7.441300773620606,7.769404
2022,Bács-Kiskun,wheat,4.46,5.48,2021-2022,v2,4.526009,4.956986331939698,5.7676783,5.888188362121582,5.936983
2022,Baranya,barley,6.19,6.48,2021-2022,v2,5.8109818,5.963560962677002,6.5614643,6.638706207275391,6.683035
2022,Baranya,maize,4.7,8.218,2021-2022,v2,7.692592,7.755906295776367,9.077322,9.436447715759277,9.467197
2022,Baranya,wheat,5.46,6.25,2021-2022,v2,5.7690406,5.92161979675293,6.519523,6.596765041351318,6.6410937
2022,Békés,barley,4.1,5.288,2021-2022,v2,4.718886,5.052280712127685,5.6533165,5.784396648406982,5.796691
2022,Békés,maize,1.85,7.294,2021-2022,v2,6.5840573,6.788990020751953,7.3138394,8.568697929382324,8.58459
2022,Békés,wheat,3.84,5.376,2021-2022,v2,4.713189,5.046583938598633,5.6476197,5.77869987487793,5.790994
2022,Borsod-Abaúj-Zemplén,barley,5.05,5.416,2021-2022,v2,4.6927104,4.917832756042481,5.5728755,5.729664039611817,5.7891297
2022,Borsod-Abaúj-Zemplén,maize,3.03,7.936,2021-2022,v2,7.400092,7.62158727645874,8.155157,8.9937162399292,9.1461315
2022,Borsod-Abaúj-Zemplén,wheat,4.42,5.41,2021-2022,v2,4.6870136,4.912135982513428,5.5671787,5.723967266082764,5.783433
2022,Csongrád-Csanád,barley,4.47,5.144,2021-2022,v2,4.523799,4.8550337791442875,5.6749144,5.710391998291016,5.7562475
2022,Csongrád-Csanád,maize,1.9,6.282,2021-2022,v2,5.380069,5.562466812133789,6.12801,7.664333343505859,7.8021874
2022,Csongrád-Csanád,wheat,3.54,5.074,2021-2022,v2,4.518102,4.849337005615235,5.6692176,5.704695224761963,5.7505507
2022,Fejér,barley,5.58,6.132,2021-2022,v2,4.923112,5.420282936096191,6.286773,6.4759844779968265,6.5085564
2022,Fejér,maize,2.56,7.692,2021-2022,v2,7.1376443,7.211286926269532,7.4904327,8.94790153503418,9.12526
2022,Fejér,wheat,5.47,5.646,2021-2022,v2,4.5988374,5.074730968475341,5.909305,6.098516368865967,6.1310883
2022,Győr-Moson-Sopron,barley,5.36,5.23,2021-2022,v2,5.021727,5.242671394348145,5.5443287,5.6349818229675295,5.692505
2022,Győr-Moson-Sopron,maize,4.81,7.026,2021-2022,v2,6.409884,6.524182605743408,7.021814,8.113079071044922,8.163578
2022,Győr-Moson-Sopron,wheat,5.21,5.192,2021-2022,v2,5.0160303,5.236974620819092,5.538632,5.629285049438477,5.686808
2022,Hajdú-Bihar,barley,4.15,5.914,2021-2022,v2,5.12361,5.4434614181518555,6.2326164,6.4548393249511715,6.4655647
2022,Hajdú-Bihar,maize,2.52,8.52,2021-2022,v2,7.6807375,7.854305076599121,8.169969,9.333811187744141,9.444504
2022,Hajdú-Bihar,wheat,3.48,5.83,2021-2022,v2,4.765029,5.063602924346924,5.820842,6.04306468963623,6.05379
2022,Heves,barley,3.89,5.562,2021-2022,v2,4.6307564,4.857774543762207,5.6899705,5.856207084655762,5.886233
2022,Heves,maize,1.52,6.964,2021-2022,v2,6.160833,6.4924877166748045,7.2508783,7.906872653961182,7.9982634
2022,Heves,wheat,3.28,5.198,2021-2022,v2,4.378752,4.596909999847412,5.4158154,5.582051944732666,5.6120777
2022,Jász-Nagykun-Szolnok,barley,3.34,5.356,2021-2022,v2,4.5921144,4.770443058013916,5.564244,5.744351768493653,5.7651877
2022,Jász-Nagykun-Szolnok,maize,2.23,5.828,2021-2022,v2,4.521891,4.81860122680664,5.6266675,6.842000484466553,7.189164
2022,Jász-Nagykun-Szolnok,wheat,3.0,5.08,2021-2022,v2,4.4689693,4.658631992340088,5.4657803,5.645888233184815,5.666724
2022,Komárom-Esztergom,barley,4.8,5.462,2021-2022,v2,4.9085135,4.923922157287597,5.6039424,5.7512288093566895,5.8067226
2022,Komárom-Esztergom,maize,2.73,7.68,2021-2022,v2,6.813965,7.300379085540771,7.954104,8.738602256774902,8.95499
2022,Komárom-Esztergom,wheat,4.62,5.426,2021-2022,v2,4.902817,4.918225383758545,5.5982456,5.745532035827637,5.801026
2022,Nógrád,barley,3.88,4.232,2021-2022,v2,3.5434835,3.7396060466766357,4.5702887,4.645916271209717,4.6605864
2022,Nógrád,maize,2.65,5.976,2021-2022,v2,5.15924,5.479953384399414,6.173585,7.039259719848633,7.067777
2022,Nógrád,wheat,3.57,5.03,2021-2022,v2,4.230281,4.497094058990479,5.3773212,5.45294885635376,5.467619
2022,Pest,barley,3.49,4.898,2021-2022,v2,4.1286597,4.375018310546875,5.340389,5.464478588104248,5.4678206
2022,Pest,maize,1.55,7.302,2021-2022,v2,6.3874083,6.555330562591553,6.997496,8.267998123168946,8.573013
2022,Pest,wheat,3.43,4.924,2021-2022,v2,4.122963,4.369321537017822,5.334692,5.458781814575195,5.462124
2022,Somogy,barley,5.88,5.994,2021-2022,v2,5.6213098,5.692002868652343,6.3118687,6.4702348709106445,6.5145636
2022,Somogy,maize,5.75,8.848,2021-2022,v2,7.3506413,7.522299861907959,9.241396,9.45924015045166,9.690264
2022,Somogy,wheat,6.0,5.876,2021-2022,v2,5.470248,5.512893295288086,6.1657567,6.324122905731201,6.3684516
2022,Szabolcs-Szatmár-Bereg,barley,4.41,4.806,2021-2022,v2,4.199697,4.292532920837402,5.1100774,5.243768978118896,5.296383
2022,Szabolcs-Szatmár-Bereg,maize,2.51,7.518,2021-2022,v2,6.9275584,7.1389788627624515,7.4594164,8.76638126373291,8.845618
2022,Szabolcs-Szatmár-Bereg,wheat,4.09,5.248,2021-2022,v2,4.6795177,4.772353649139404,5.5893354,5.723027038574219,5.775641
2022,Tolna,barley,6.2,6.438,2021-2022,v2,5.2819653,5.681848049163818,6.5855646,6.66300401687622,6.6764927
2022,Tolna,maize,4.18,8.236,2021-2022,v2,7.368734,7.446406841278076,8.444195,9.31789951324463,9.358882
2022,Tolna,wheat,6.12,6.096,2021-2022,v2,4.964437,5.428462982177734,6.3341546,6.411594009399414,6.4250827
2022,Vas,barley,5.72,5.382,2021-2022,v2,5.2373776,5.399379253387451,5.552301,5.707846450805664,5.752155
2022,Vas,maize,5.95,8.278,2021-2022,v2,7.329279,8.644311904907227,9.021945,9.193731880187988,9.570092
2022,Vas,wheat,6.29,5.694,2021-2022,v2,5.472149,5.634150505065918,5.787072,5.942617702484131,5.986926
2022,Veszprém,barley,4.78,4.788,2021-2022,v2,4.2228994,4.449771595001221,4.955096,5.1247124671936035,5.18856
2022,Veszprém,maize,4.2,6.67,2021-2022,v2,5.5290833,5.648222732543945,7.2656236,7.471189689636231,7.7574115
2022,Veszprém,wheat,4.79,4.88,2021-2022,v2,4.2775292,4.504401397705078,5.0097256,5.179342269897461,5.24319
2022,Zala,barley,5.5,5.674,2021-2022,v2,5.348574,5.616593074798584,5.7540607,5.967901611328125,5.983735
2022,Zala,maize,7.14,8.412,2021-2022,v2,7.3005276,7.550616931915283,9.021193,9.288939666748046,9.502425
2022,Zala,wheat,6.0,5.83,2021-2022,v2,5.3473086,5.615327548980713,5.752795,5.966636085510254,5.9824696
