year,month,county_name,mean_temperature_c,temperature_days,temperature_gridpoints,temperature_partial_missing_days,temperature_min_valid_gridpoints,precipitation_mm,precipitation_days,precipitation_gridpoints,precipitation_partial_missing_days,precipitation_min_valid_gridpoints
1971,1,Baranya,-1.06517324,31,54,0,54,39.35666667,31,54,0,54
1971,1,Borsod-Abaúj-Zemplén,-2.19072768,31,86,0,86,51.85406977,31,86,0,86
1971,1,Bács-Kiskun,-1.78474096,31,99,0,99,57.30070707,31,99,0,99
1971,1,Békés,-1.41391430,31,67,0,67,48.91671642,31,67,0,67
1971,1,Csongrád-Csanád,-1.36185484,31,48,0,48,57.29895833,31,48,0,48
1971,1,Fejér,-2.37726150,31,47,0,47,42.62063830,31,47,0,47
1971,1,Győr-Moson-Sopron,-2.09919355,31,48,0,48,19.77770833,31,48,0,48
1971,1,Hajdú-Bihar,-1.58224566,31,78,0,78,42.72820513,31,78,0,78
1971,1,Heves,-2.26970674,31,44,0,44,51.44727273,31,44,0,44
1971,1,Jász-Nagykun-Szolnok,-2.12883776,31,68,0,68,50.97720588,31,68,0,68
1971,1,Komárom-Esztergom,-2.71283648,31,29,0,29,42.89413793,31,29,0,29
1971,1,Nógrád,-2.92684332,31,28,0,28,51.48214286,31,28,0,28
1971,1,Pest,-2.49794409,31,75,0,75,53.42133333,31,75,0,75
1971,1,Somogy,-1.47566359,31,70,0,70,31.64628571,31,70,0,70
1971,1,Szabolcs-Szatmár-Bereg,-1.27477965,31,71,0,71,40.06816901,31,71,0,71
1971,1,Tolna,-1.54573143,31,43,0,43,45.54000000,31,43,0,43
1971,1,Vas,-2.13527126,31,44,0,44,22.03772727,31,44,0,44
1971,1,Veszprém,-2.30789725,31,54,0,54,34.95703704,31,54,0,54
1971,1,Zala,-1.74108504,31,44,0,44,29.74022727,31,44,0,44
1971,2,Baranya,2.93144180,28,54,0,54,9.14851852,28,54,0,54
1971,2,Borsod-Abaúj-Zemplén,1.01274086,28,86,0,86,14.05720930,28,86,0,86
1971,2,Bács-Kiskun,2.78027056,28,99,0,99,11.71525253,28,99,0,99
1971,2,Békés,2.02116205,28,67,0,67,9.29000000,28,67,0,67
1971,2,Csongrád-Csanád,2.57594494,28,48,0,48,8.75395833,28,48,0,48
1971,2,Fejér,2.05356383,28,47,0,47,12.45829787,28,47,0,47
1971,2,Győr-Moson-Sopron,2.30219494,28,48,0,48,18.47395833,28,48,0,48
1971,2,Hajdú-Bihar,1.72012821,28,78,0,78,11.61717949,28,78,0,78
1971,2,Heves,1.28820617,28,44,0,44,12.26545455,28,44,0,44
1971,2,Jász-Nagykun-Szolnok,2.00478466,28,68,0,68,9.75205882,28,68,0,68
1971,2,Komárom-Esztergom,1.41454433,28,29,0,29,20.33034483,28,29,0,29
1971,2,Nógrád,0.46579082,28,28,0,28,13.41750000,28,28,0,28
1971,2,Pest,1.75705714,28,75,0,75,15.34093333,28,75,0,75
1971,2,Somogy,2.67516837,28,70,0,70,13.72685714,28,70,0,70
1971,2,Szabolcs-Szatmár-Bereg,1.76363179,28,71,0,71,13.68239437,28,71,0,71
1971,2,Tolna,2.79143688,28,43,0,43,9.16697674,28,43,0,43
1971,2,Vas,2.35271916,28,44,0,44,17.07340909,28,44,0,44
1971,2,Veszprém,1.93119709,28,54,0,54,21.43111111,28,54,0,54
1971,2,Zala,2.59286526,28,44,0,44,17.65295455,28,44,0,44
1971,3,Baranya,2.69250299,31,54,0,54,45.14388889,31,54,0,54
1971,3,Borsod-Abaúj-Zemplén,2.50737809,31,86,0,86,12.02662791,31,86,0,86
1971,3,Bács-Kiskun,3.00407625,31,99,0,99,33.91242424,31,99,0,99
1971,3,Békés,3.26565238,31,67,0,67,26.20522388,31,67,0,67
1971,3,Csongrád-Csanád,3.21903898,31,48,0,48,32.54708333,31,48,0,48
1971,3,Fejér,2.46245710,31,47,0,47,27.29851064,31,47,0,47
1971,3,Győr-Moson-Sopron,2.21737231,31,48,0,48,38.70666667,31,48,0,48
1971,3,Hajdú-Bihar,3.10575269,31,78,0,78,20.28730769,31,78,0,78
1971,3,Heves,2.77804985,31,44,0,44,14.23590909,31,44,0,44
1971,3,Jász-Nagykun-Szolnok,3.29819734,31,68,0,68,15.22205882,31,68,0,68
1971,3,Komárom-Esztergom,1.93182425,31,29,0,29,27.41275862,31,29,0,29
1971,3,Nógrád,1.75635945,31,28,0,28,17.56500000,31,28,0,28
1971,3,Pest,2.76008172,31,75,0,75,22.39480000,31,75,0,75
1971,3,Somogy,2.51960369,31,70,0,70,44.81700000,31,70,0,70
1971,3,Szabolcs-Szatmár-Bereg,2.97045888,31,71,0,71,17.32661972,31,71,0,71
1971,3,Tolna,2.78740435,31,43,0,43,39.33418605,31,43,0,43
1971,3,Vas,2.00755865,31,44,0,44,53.04409091,31,44,0,44
1971,3,Veszprém,1.85003584,31,54,0,54,38.07370370,31,54,0,54
1971,3,Zala,2.33648827,31,44,0,44,55.09250000,31,44,0,44
1971,4,Baranya,11.59782099,30,54,0,54,32.18740741,30,54,0,54
1971,4,Borsod-Abaúj-Zemplén,10.71545736,30,86,0,86,31.63767442,30,86,0,86
1971,4,Bács-Kiskun,11.70778788,30,99,0,99,27.53989899,30,99,0,99
1971,4,Békés,11.65505970,30,67,0,67,36.37880597,30,67,0,67
1971,4,Csongrád-Csanád,11.70611806,30,48,0,48,26.18041667,30,48,0,48
1971,4,Fejér,11.34505674,30,47,0,47,23.06531915,30,47,0,47
1971,4,Győr-Moson-Sopron,11.09541667,30,48,0,48,37.23791667,30,48,0,48
1971,4,Hajdú-Bihar,11.47097863,30,78,0,78,26.98346154,30,78,0,78
1971,4,Heves,10.88639394,30,44,0,44,33.95590909,30,44,0,44
1971,4,Jász-Nagykun-Szolnok,11.52262745,30,68,0,68,22.75852941,30,68,0,68
1971,4,Komárom-Esztergom,10.82580460,30,29,0,29,20.95172414,30,29,0,29
1971,4,Nógrád,9.65678571,30,28,0,28,28.60071429,30,28,0,28
1971,4,Pest,11.21844889,30,75,0,75,22.96693333,30,75,0,75
1971,4,Somogy,11.34063333,30,70,0,70,39.65600000,30,70,0,70
1971,4,Szabolcs-Szatmár-Bereg,11.58358216,30,71,0,71,29.60014085,30,71,0,71
1971,4,Tolna,11.76513953,30,43,0,43,32.11302326,30,43,0,43
1971,4,Vas,10.77033333,30,44,0,44,30.95295455,30,44,0,44
1971,4,Veszprém,11.06964815,30,54,0,54,32.27555556,30,54,0,54
1971,4,Zala,10.98299242,30,44,0,44,38.92295455,30,44,0,44
1971,5,Baranya,17.70908602,31,54,0,54,60.93055556,31,54,0,54
1971,5,Borsod-Abaúj-Zemplén,17.37430233,31,86,0,86,67.36034884,31,86,0,86
1971,5,Bács-Kiskun,18.38245683,31,99,0,99,61.72141414,31,99,0,99
1971,5,Békés,18.74953779,31,67,0,67,55.59731343,31,67,0,67
1971,5,Csongrád-Csanád,18.71316532,31,48,0,48,65.48270833,31,48,0,48
1971,5,Fejér,17.40333562,31,47,0,47,73.01319149,31,47,0,47
1971,5,Győr-Moson-Sopron,16.73542339,31,48,0,48,39.80437500,31,48,0,48
1971,5,Hajdú-Bihar,18.63489247,31,78,0,78,47.34858974,31,78,0,78
1971,5,Heves,17.51791056,31,44,0,44,52.76636364,31,44,0,44
1971,5,Jász-Nagykun-Szolnok,18.52175047,31,68,0,68,43.64323529,31,68,0,68
1971,5,Komárom-Esztergom,16.66477197,31,29,0,29,71.99137931,31,29,0,29
1971,5,Nógrád,16.23938940,31,28,0,28,89.92500000,31,28,0,28
1971,5,Pest,17.59852043,31,75,0,75,74.18453333,31,75,0,75
1971,5,Somogy,17.15660829,31,70,0,70,62.46757143,31,70,0,70
1971,5,Szabolcs-Szatmár-Bereg,18.37153112,31,71,0,71,71.24309859,31,71,0,71
1971,5,Tolna,18.02899475,31,43,0,43,51.69534884,31,43,0,43
1971,5,Vas,16.25392229,31,44,0,44,31.45886364,31,44,0,44
1971,5,Veszprém,16.58197730,31,54,0,54,47.30259259,31,54,0,54
1971,5,Zala,16.48830645,31,44,0,44,41.19545455,31,44,0,44
1971,6,Baranya,18.18277778,30,54,0,54,53.00407407,30,54,0,54
1971,6,Borsod-Abaúj-Zemplén,17.77442248,30,86,0,86,58.70604651,30,86,0,86
1971,6,Bács-Kiskun,18.64340404,30,99,0,99,54.28949495,30,99,0,99
1971,6,Békés,18.96818408,30,67,0,67,64.02985075,30,67,0,67
1971,6,Csongrád-Csanád,18.95049306,30,48,0,48,60.50250000,30,48,0,48
1971,6,Fejér,18.02592199,30,47,0,47,45.94659574,30,47,0,47
1971,6,Győr-Moson-Sopron,17.41110417,30,48,0,48,61.48187500,30,48,0,48
1971,6,Hajdú-Bihar,18.72585043,30,78,0,78,77.05307692,30,78,0,78
1971,6,Heves,17.87562879,30,44,0,44,44.99704545,30,44,0,44
1971,6,Jász-Nagykun-Szolnok,18.74275980,30,68,0,68,56.35176471,30,68,0,68
1971,6,Komárom-Esztergom,17.19637931,30,29,0,29,51.60758621,30,29,0,29
1971,6,Nógrád,16.63580952,30,28,0,28,58.58678571,30,28,0,28
1971,6,Pest,18.04112889,30,75,0,75,50.23373333,30,75,0,75
1971,6,Somogy,17.82766190,30,70,0,70,57.70414286,30,70,0,70
1971,6,Szabolcs-Szatmár-Bereg,18.70128169,30,71,0,71,64.70521127,30,71,0,71
1971,6,Tolna,18.45089147,30,43,0,43,58.24023256,30,43,0,43
1971,6,Vas,17.13637121,30,44,0,44,55.57590909,30,44,0,44
1971,6,Veszprém,17.44045062,30,54,0,54,67.11907407,30,54,0,54
1971,6,Zala,17.35479545,30,44,0,44,55.19568182,30,44,0,44
1971,7,Baranya,21.07045998,31,54,0,54,39.08537037,31,54,0,54
1971,7,Borsod-Abaúj-Zemplén,20.00542386,31,86,0,86,52.38767442,31,86,0,86
1971,7,Bács-Kiskun,21.65551320,31,99,0,99,50.58676768,31,99,0,99
1971,7,Békés,21.45047665,31,67,0,67,46.36074627,31,67,0,67
1971,7,Csongrád-Csanád,21.82911962,31,48,0,48,48.80708333,31,48,0,48
1971,7,Fejér,21.19533974,31,47,0,47,47.38276596,31,47,0,47
1971,7,Győr-Moson-Sopron,20.78084005,31,48,0,48,55.85125000,31,48,0,48
1971,7,Hajdú-Bihar,20.90472291,31,78,0,78,52.17564103,31,78,0,78
1971,7,Heves,20.58662757,31,44,0,44,54.24022727,31,44,0,44
1971,7,Jász-Nagykun-Szolnok,21.40510436,31,68,0,68,40.06470588,31,68,0,68
1971,7,Komárom-Esztergom,20.43170189,31,29,0,29,59.69000000,31,29,0,29
1971,7,Nógrád,19.55955069,31,28,0,28,51.33928571,31,28,0,28
1971,7,Pest,21.20157849,31,75,0,75,46.70413333,31,75,0,75
1971,7,Somogy,20.80418894,31,70,0,70,62.25685714,31,70,0,70
1971,7,Szabolcs-Szatmár-Bereg,20.54115402,31,71,0,71,43.65521127,31,71,0,71
1971,7,Tolna,21.45506377,31,43,0,43,57.62046512,31,43,0,43
1971,7,Vas,20.47977273,31,44,0,44,62.87590909,31,44,0,44
1971,7,Veszprém,20.58888292,31,54,0,54,60.78703704,31,54,0,54
1971,7,Zala,20.35548387,31,44,0,44,74.52772727,31,44,0,44
1971,8,Baranya,21.80019116,31,54,0,54,34.98148148,31,54,0,54
1971,8,Borsod-Abaúj-Zemplén,20.84960990,31,86,0,86,42.19558140,31,86,0,86
1971,8,Bács-Kiskun,22.42823395,31,99,0,99,21.58424242,31,99,0,99
1971,8,Békés,22.53308618,31,67,0,67,22.43462687,31,67,0,67
1971,8,Csongrád-Csanád,22.85715726,31,48,0,48,31.84958333,31,48,0,48
1971,8,Fejér,21.64650652,31,47,0,47,23.04744681,31,47,0,47
1971,8,Győr-Moson-Sopron,21.25034274,31,48,0,48,41.59000000,31,48,0,48
1971,8,Hajdú-Bihar,21.98841605,31,78,0,78,29.19141026,31,78,0,78
1971,8,Heves,21.24653226,31,44,0,44,33.19636364,31,44,0,44
1971,8,Jász-Nagykun-Szolnok,22.31674573,31,68,0,68,22.33441176,31,68,0,68
1971,8,Komárom-Esztergom,20.78117909,31,29,0,29,41.74689655,31,29,0,29
1971,8,Nógrád,19.96548387,31,28,0,28,39.30392857,31,28,0,28
1971,8,Pest,21.62392258,31,75,0,75,29.68346667,31,75,0,75
1971,8,Somogy,21.28692166,31,70,0,70,32.05242857,31,70,0,70
1971,8,Szabolcs-Szatmár-Bereg,21.78458428,31,71,0,71,31.46183099,31,71,0,71
1971,8,Tolna,22.18750188,31,43,0,43,14.69395349,31,43,0,43
1971,8,Vas,20.76949413,31,44,0,44,54.40181818,31,44,0,44
1971,8,Veszprém,21.14794504,31,54,0,54,30.46000000,31,54,0,54
1971,8,Zala,20.71204545,31,44,0,44,34.90840909,31,44,0,44
1971,9,Baranya,13.83838889,30,54,0,54,31.42703704,30,54,0,54
1971,9,Borsod-Abaúj-Zemplén,13.19311240,30,86,0,86,44.68453488,30,86,0,86
1971,9,Bács-Kiskun,14.01097980,30,99,0,99,31.02717172,30,99,0,99
1971,9,Békés,14.47817910,30,67,0,67,30.93328358,30,67,0,67
1971,9,Csongrád-Csanád,14.56088194,30,48,0,48,25.61166667,30,48,0,48
1971,9,Fejér,13.76756028,30,47,0,47,41.85595745,30,47,0,47
1971,9,Győr-Moson-Sopron,13.69148611,30,48,0,48,38.86375000,30,48,0,48
1971,9,Hajdú-Bihar,13.94364103,30,78,0,78,28.63910256,30,78,0,78
1971,9,Heves,13.70669697,30,44,0,44,50.34477273,30,44,0,44
1971,9,Jász-Nagykun-Szolnok,14.28807353,30,68,0,68,42.19132353,30,68,0,68
1971,9,Komárom-Esztergom,13.23368966,30,29,0,29,34.22793103,30,29,0,29
1971,9,Nógrád,12.69015476,30,28,0,28,43.47571429,30,28,0,28
1971,9,Pest,13.79410222,30,75,0,75,42.88560000,30,75,0,75
1971,9,Somogy,13.62515238,30,70,0,70,51.53314286,30,70,0,70
1971,9,Szabolcs-Szatmár-Bereg,13.64177465,30,71,0,71,31.48830986,30,71,0,71
1971,9,Tolna,13.97365116,30,43,0,43,36.77000000,30,43,0,43
1971,9,Vas,13.30268939,30,44,0,44,35.70318182,30,44,0,44
1971,9,Veszprém,13.36517901,30,54,0,54,43.10925926,30,54,0,54
1971,9,Zala,13.31730303,30,44,0,44,45.89863636,30,44,0,44
1971,10,Baranya,9.77582437,31,54,0,54,17.73240741,31,54,0,54
1971,10,Borsod-Abaúj-Zemplén,7.86484621,31,86,0,86,11.80674419,31,86,0,86
1971,10,Bács-Kiskun,9.54789834,31,99,0,99,20.43000000,31,99,0,99
1971,10,Békés,9.43378430,31,67,0,67,18.52761194,31,67,0,67
1971,10,Csongrád-Csanád,9.73498656,31,48,0,48,21.13791667,31,48,0,48
1971,10,Fejér,9.27076870,31,47,0,47,2.13574468,31,47,0,47
1971,10,Győr-Moson-Sopron,9.26893145,31,48,0,48,8.38812500,31,48,0,48
1971,10,Hajdú-Bihar,8.79775434,31,78,0,78,19.40000000,31,78,0,78
1971,10,Heves,8.67390029,31,44,0,44,15.48090909,31,44,0,44
1971,10,Jász-Nagykun-Szolnok,9.26652277,31,68,0,68,23.21117647,31,68,0,68
1971,10,Komárom-Esztergom,8.78931034,31,29,0,29,2.43034483,31,29,0,29
1971,10,Nógrád,7.69695853,31,28,0,28,7.38964286,31,28,0,28
1971,10,Pest,9.14232688,31,75,0,75,9.94306667,31,75,0,75
1971,10,Somogy,9.20988018,31,70,0,70,8.12785714,31,70,0,70
1971,10,Szabolcs-Szatmár-Bereg,8.44454339,31,71,0,71,18.42704225,31,71,0,71
1971,10,Tolna,9.67589647,31,43,0,43,12.25813953,31,43,0,43
1971,10,Vas,8.93552786,31,44,0,44,8.50590909,31,44,0,44
1971,10,Veszprém,9.16404421,31,54,0,54,4.07500000,31,54,0,54
1971,10,Zala,8.92511730,31,44,0,44,9.82727273,31,44,0,44
1971,11,Baranya,5.05784568,30,54,0,54,53.13314815,30,54,0,54
1971,11,Borsod-Abaúj-Zemplén,2.78886434,30,86,0,86,40.60581395,30,86,0,86
1971,11,Bács-Kiskun,4.83684848,30,99,0,99,46.42050505,30,99,0,99
1971,11,Békés,4.58308458,30,67,0,67,56.00432836,30,67,0,67
1971,11,Csongrád-Csanád,4.94420833,30,48,0,48,50.62395833,30,48,0,48
1971,11,Fejér,4.44402128,30,47,0,47,44.62659574,30,47,0,47
1971,11,Győr-Moson-Sopron,4.06270139,30,48,0,48,66.00145833,30,48,0,48
1971,11,Hajdú-Bihar,3.83350000,30,78,0,78,64.70474359,30,78,0,78
1971,11,Heves,3.53158333,30,44,0,44,33.24772727,30,44,0,44
1971,11,Jász-Nagykun-Szolnok,4.24638235,30,68,0,68,45.75779412,30,68,0,68
1971,11,Komárom-Esztergom,4.00488506,30,29,0,29,47.91517241,30,29,0,29
1971,11,Nógrád,3.05522619,30,28,0,28,39.13607143,30,28,0,28
1971,11,Pest,4.15036889,30,75,0,75,38.78466667,30,75,0,75
1971,11,Somogy,4.68311905,30,70,0,70,63.81485714,30,70,0,70
1971,11,Szabolcs-Szatmár-Bereg,3.31946948,30,71,0,71,63.26704225,30,71,0,71
1971,11,Tolna,5.03604651,30,43,0,43,44.62976744,30,43,0,43
1971,11,Vas,3.71262879,30,44,0,44,73.30363636,30,44,0,44
1971,11,Veszprém,4.11120370,30,54,0,54,62.63907407,30,54,0,54
1971,11,Zala,4.05996970,30,44,0,44,70.63477273,30,44,0,44
1971,12,Baranya,2.44927121,31,54,0,54,19.16722222,31,54,0,54
1971,12,Borsod-Abaúj-Zemplén,0.74563016,31,86,0,86,7.18883721,31,86,0,86
1971,12,Bács-Kiskun,2.68336918,31,99,0,99,19.49888889,31,99,0,99
1971,12,Békés,2.17475205,31,67,0,67,11.41059701,31,67,0,67
1971,12,Csongrád-Csanád,2.52637097,31,48,0,48,15.16812500,31,48,0,48
1971,12,Fejér,2.59150995,31,47,0,47,18.59148936,31,47,0,47
1971,12,Győr-Moson-Sopron,2.89698925,31,48,0,48,23.63000000,31,48,0,48
1971,12,Hajdú-Bihar,1.66752275,31,78,0,78,9.32538462,31,78,0,78
1971,12,Heves,1.38969208,31,44,0,44,4.53545455,31,44,0,44
1971,12,Jász-Nagykun-Szolnok,2.15408444,31,68,0,68,6.96294118,31,68,0,68
1971,12,Komárom-Esztergom,2.47540601,31,29,0,29,18.93965517,31,29,0,29
1971,12,Nógrád,1.41966590,31,28,0,28,5.08928571,31,28,0,28
1971,12,Pest,2.50618065,31,75,0,75,10.84813333,31,75,0,75
1971,12,Somogy,1.89060369,31,70,0,70,20.34042857,31,70,0,70
1971,12,Szabolcs-Szatmár-Bereg,1.18118128,31,71,0,71,21.57830986,31,71,0,71
1971,12,Tolna,2.60001500,31,43,0,43,21.76000000,31,43,0,43
1971,12,Vas,1.75788123,31,44,0,44,26.47363636,31,44,0,44
1971,12,Veszprém,2.11410992,31,54,0,54,25.59185185,31,54,0,54
1971,12,Zala,1.24890762,31,44,0,44,25.52318182,31,44,0,44
1972,1,Baranya,-1.28388292,31,54,0,54,36.14240741,31,54,0,54
1972,1,Borsod-Abaúj-Zemplén,-2.76743811,31,86,0,86,21.01162791,31,86,0,86
1972,1,Bács-Kiskun,-1.13787553,31,99,0,99,16.55272727,31,99,0,99
1972,1,Békés,-1.16274916,31,67,0,67,15.66552239,31,67,0,67
1972,1,Csongrád-Csanád,-0.84430108,31,48,0,48,12.97104167,31,48,0,48
1972,1,Fejér,-1.79389156,31,47,0,47,31.53702128,31,47,0,47
1972,1,Győr-Moson-Sopron,-2.11311828,31,48,0,48,43.27750000,31,48,0,48
1972,1,Hajdú-Bihar,-1.71823408,31,78,0,78,14.72192308,31,78,0,78
1972,1,Heves,-2.33915689,31,44,0,44,23.10386364,31,44,0,44
1972,1,Jász-Nagykun-Szolnok,-1.50960152,31,68,0,68,17.89779412,31,68,0,68
1972,1,Komárom-Esztergom,-2.15061179,31,29,0,29,36.02103448,31,29,0,29
1972,1,Nógrád,-2.95099078,31,28,0,28,24.04357143,31,28,0,28
1972,1,Pest,-1.89089462,31,75,0,75,22.68333333,31,75,0,75
1972,1,Somogy,-1.57866820,31,70,0,70,39.05914286,31,70,0,70
1972,1,Szabolcs-Szatmár-Bereg,-2.13749659,31,71,0,71,22.83647887,31,71,0,71
1972,1,Tolna,-1.31162041,31,43,0,43,32.61465116,31,43,0,43
1972,1,Vas,-2.60773460,31,44,0,44,48.40681818,31,44,0,44
1972,1,Veszprém,-2.17173238,31,54,0,54,39.89925926,31,54,0,54
1972,1,Zala,-2.07305718,31,44,0,44,43.00818182,31,44,0,44
1972,2,Baranya,3.16985951,29,54,0,54,36.73000000,29,54,0,54
1972,2,Borsod-Abaúj-Zemplén,2.31822775,29,86,0,86,18.61744186,29,86,0,86
1972,2,Bács-Kiskun,3.36305120,29,99,0,99,35.61606061,29,99,0,99
1972,2,Békés,3.65525991,29,67,0,67,33.65223881,29,67,0,67
1972,2,Csongrád-Csanád,3.72659483,29,48,0,48,39.04729167,29,48,0,48
1972,2,Fejér,2.60610418,29,47,0,47,33.14638298,29,47,0,47
1972,2,Győr-Moson-Sopron,2.89057471,29,48,0,48,35.44250000,29,48,0,48
1972,2,Hajdú-Bihar,3.44795314,29,78,0,78,24.60858974,29,78,0,78
1972,2,Heves,2.53458464,29,44,0,44,24.71977273,29,44,0,44
1972,2,Jász-Nagykun-Szolnok,3.28052738,29,68,0,68,26.65485294,29,68,0,68
1972,2,Komárom-Esztergom,2.37845422,29,29,0,29,30.99724138,29,29,0,29
1972,2,Nógrád,1.80434729,29,28,0,28,16.95642857,29,28,0,28
1972,2,Pest,2.67664368,29,75,0,75,28.95546667,29,75,0,75
1972,2,Somogy,3.01319704,29,70,0,70,40.24528571,29,70,0,70
1972,2,Szabolcs-Szatmár-Bereg,3.18471588,29,71,0,71,19.42352113,29,71,0,71
1972,2,Tolna,3.06259022,29,43,0,43,34.61465116,29,43,0,43
1972,2,Vas,2.52330721,29,44,0,44,41.58727273,29,44,0,44
1972,2,Veszprém,2.39777139,29,54,0,54,34.03629630,29,54,0,54
1972,2,Zala,2.84096395,29,44,0,44,40.09136364,29,44,0,44
1972,3,Baranya,7.99621266,31,54,0,54,24.59796296,31,54,0,54
1972,3,Borsod-Abaúj-Zemplén,6.52034884,31,86,0,86,12.46720930,31,86,0,86
1972,3,Bács-Kiskun,7.72325513,31,99,0,99,8.86373737,31,99,0,99
1972,3,Békés,7.57644680,31,67,0,67,10.29507463,31,67,0,67
1972,3,Csongrád-Csanád,7.77645161,31,48,0,48,8.58916667,31,48,0,48
1972,3,Fejér,7.26056966,31,47,0,47,16.62595745,31,47,0,47
1972,3,Győr-Moson-Sopron,7.20079301,31,48,0,48,18.33687500,31,48,0,48
1972,3,Hajdú-Bihar,7.49391232,31,78,0,78,10.68628205,31,78,0,78
1972,3,Heves,6.82365836,31,44,0,44,13.06750000,31,44,0,44
1972,3,Jász-Nagykun-Szolnok,7.53368596,31,68,0,68,6.19573529,31,68,0,68
1972,3,Komárom-Esztergom,6.86200222,31,29,0,29,20.75379310,31,29,0,29
1972,3,Nógrád,5.76951613,31,28,0,28,13.68642857,31,28,0,28
1972,3,Pest,7.26180215,31,75,0,75,10.32080000,31,75,0,75
1972,3,Somogy,7.56275115,31,70,0,70,34.12585714,31,70,0,70
1972,3,Szabolcs-Szatmár-Bereg,7.04273512,31,71,0,71,16.40718310,31,71,0,71
1972,3,Tolna,7.69064516,31,43,0,43,20.62000000,31,43,0,43
1972,3,Vas,6.74031525,31,44,0,44,30.38295455,31,44,0,44
1972,3,Veszprém,6.99782557,31,54,0,54,33.74407407,31,54,0,54
1972,3,Zala,7.14582111,31,44,0,44,35.22522727,31,44,0,44
1972,4,Baranya,11.25748148,30,54,0,54,116.25018519,30,54,0,54
1972,4,Borsod-Abaúj-Zemplén,11.00625581,30,86,0,86,58.14372093,30,86,0,86
1972,4,Bács-Kiskun,12.10060606,30,99,0,99,64.90656566,30,99,0,99
1972,4,Békés,12.76655224,30,67,0,67,42.59373134,30,67,0,67
1972,4,Csongrád-Csanád,12.69114583,30,48,0,48,60.22562500,30,48,0,48
1972,4,Fejér,11.23373050,30,47,0,47,51.07638298,30,47,0,47
1972,4,Győr-Moson-Sopron,10.22606944,30,48,0,48,64.04937500,30,48,0,48
1972,4,Hajdú-Bihar,12.41722222,30,78,0,78,38.81935897,30,78,0,78
1972,4,Heves,11.25982576,30,44,0,44,51.75340909,30,44,0,44
1972,4,Jász-Nagykun-Szolnok,12.39431863,30,68,0,68,38.21852941,30,68,0,68
1972,4,Komárom-Esztergom,10.38668966,30,29,0,29,62.52793103,30,29,0,29
1972,4,Nógrád,10.08663095,30,28,0,28,71.65892857,30,28,0,28
1972,4,Pest,11.55919556,30,75,0,75,56.90986667,30,75,0,75
1972,4,Somogy,10.82157619,30,70,0,70,85.95142857,30,70,0,70
1972,4,Szabolcs-Szatmár-Bereg,12.10238967,30,71,0,71,44.86901408,30,71,0,71
1972,4,Tolna,11.62670543,30,43,0,43,88.25558140,30,43,0,43
1972,4,Vas,9.99426515,30,44,0,44,68.33500000,30,44,0,44
1972,4,Veszprém,10.37432716,30,54,0,54,69.41481481,30,54,0,54
1972,4,Zala,10.34364394,30,44,0,44,63.87840909,30,44,0,44
1972,5,Baranya,15.43215651,31,54,0,54,80.45092593,31,54,0,54
1972,5,Borsod-Abaúj-Zemplén,14.70584396,31,86,0,86,104.55581395,31,86,0,86
1972,5,Bács-Kiskun,15.91403389,31,99,0,99,81.31767677,31,99,0,99
1972,5,Békés,16.63096774,31,67,0,67,33.97402985,31,67,0,67
1972,5,Csongrád-Csanád,16.50444220,31,48,0,48,52.25812500,31,48,0,48
1972,5,Fejér,14.93523679,31,47,0,47,105.66574468,31,47,0,47
1972,5,Győr-Moson-Sopron,14.50934140,31,48,0,48,106.99812500,31,48,0,48
1972,5,Hajdú-Bihar,16.45868900,31,78,0,78,49.17679487,31,78,0,78
1972,5,Heves,14.85403226,31,44,0,44,106.11909091,31,44,0,44
1972,5,Jász-Nagykun-Szolnok,16.23105313,31,68,0,68,61.25073529,31,68,0,68
1972,5,Komárom-Esztergom,14.19133482,31,29,0,29,98.56275862,31,29,0,29
1972,5,Nógrád,13.59511521,31,28,0,28,117.73571429,31,28,0,28
1972,5,Pest,15.05682151,31,75,0,75,98.46480000,31,75,0,75
1972,5,Somogy,14.98426728,31,70,0,70,111.85028571,31,70,0,70
1972,5,Szabolcs-Szatmár-Bereg,15.77462517,31,71,0,71,62.39366197,31,71,0,71
1972,5,Tolna,15.51090773,31,43,0,43,94.79581395,31,43,0,43
1972,5,Vas,14.19406158,31,44,0,44,139.90568182,31,44,0,44
1972,5,Veszprém,14.31185185,31,54,0,54,114.64759259,31,54,0,54
1972,5,Zala,14.45707478,31,44,0,44,123.84250000,31,44,0,44
1972,6,Baranya,19.64874074,30,54,0,54,40.73240741,30,54,0,54
1972,6,Borsod-Abaúj-Zemplén,18.54914341,30,86,0,86,74.15465116,30,86,0,86
1972,6,Bács-Kiskun,20.22227273,30,99,0,99,57.99676768,30,99,0,99
1972,6,Békés,20.48100498,30,67,0,67,67.49253731,30,67,0,67
1972,6,Csongrád-Csanád,20.53086111,30,48,0,48,65.41708333,30,48,0,48
1972,6,Fejér,19.50792199,30,47,0,47,58.38340426,30,47,0,47
1972,6,Győr-Moson-Sopron,19.03211111,30,48,0,48,65.84041667,30,48,0,48
1972,6,Hajdú-Bihar,19.92407692,30,78,0,78,48.73205128,30,78,0,78
1972,6,Heves,19.15954545,30,44,0,44,74.20727273,30,44,0,44
1972,6,Jász-Nagykun-Szolnok,20.28424020,30,68,0,68,45.96897059,30,68,0,68
1972,6,Komárom-Esztergom,18.75252874,30,29,0,29,69.70827586,30,29,0,29
1972,6,Nógrád,18.11880952,30,28,0,28,108.99892857,30,28,0,28
1972,6,Pest,19.59826667,30,75,0,75,71.14120000,30,75,0,75
1972,6,Somogy,19.14442857,30,70,0,70,44.33028571,30,70,0,70
1972,6,Szabolcs-Szatmár-Bereg,19.30634742,30,71,0,71,52.46521127,30,71,0,71
1972,6,Tolna,19.81521705,30,43,0,43,58.43651163,30,43,0,43
1972,6,Vas,18.41752273,30,44,0,44,75.19318182,30,44,0,44
1972,6,Veszprém,18.84191358,30,54,0,54,63.32259259,30,54,0,54
1972,6,Zala,18.60700000,30,44,0,44,68.63545455,30,44,0,44
1972,7,Baranya,20.56478495,31,54,0,54,225.04851852,31,54,0,54
1972,7,Borsod-Abaúj-Zemplén,21.18856714,31,86,0,86,59.49755814,31,86,0,86
1972,7,Bács-Kiskun,21.67966439,31,99,0,99,120.82616162,31,99,0,99
1972,7,Békés,22.47531536,31,67,0,67,82.00164179,31,67,0,67
1972,7,Csongrád-Csanád,22.29517473,31,48,0,48,98.57708333,31,48,0,48
1972,7,Fejér,20.83786548,31,47,0,47,117.06425532,31,47,0,47
1972,7,Győr-Moson-Sopron,20.47663306,31,48,0,48,130.81208333,31,48,0,48
1972,7,Hajdú-Bihar,22.33856079,31,78,0,78,66.64179487,31,78,0,78
1972,7,Heves,21.26151760,31,44,0,44,85.89659091,31,44,0,44
1972,7,Jász-Nagykun-Szolnok,22.40166034,31,68,0,68,72.49514706,31,68,0,68
1972,7,Komárom-Esztergom,20.04459399,31,29,0,29,117.01172414,31,29,0,29
1972,7,Nógrád,19.71210829,31,28,0,28,113.17678571,31,28,0,28
1972,7,Pest,21.28266667,31,75,0,75,103.02026667,31,75,0,75
1972,7,Somogy,20.34882028,31,70,0,70,182.00285714,31,70,0,70
1972,7,Szabolcs-Szatmár-Bereg,22.17895502,31,71,0,71,46.53774648,31,71,0,71
1972,7,Tolna,20.94721680,31,43,0,43,180.65906977,31,43,0,43
1972,7,Vas,20.00055718,31,44,0,44,190.92181818,31,44,0,44
1972,7,Veszprém,20.15243728,31,54,0,54,171.36518519,31,54,0,54
1972,7,Zala,19.96772727,31,44,0,44,219.41818182,31,44,0,44
1972,8,Baranya,18.46878734,31,54,0,54,133.80314815,31,54,0,54
1972,8,Borsod-Abaúj-Zemplén,18.04595274,31,86,0,86,70.85151163,31,86,0,86
1972,8,Bács-Kiskun,18.90927664,31,99,0,99,110.32151515,31,99,0,99
1972,8,Békés,19.44909485,31,67,0,67,82.57298507,31,67,0,67
1972,8,Csongrád-Csanád,19.44648522,31,48,0,48,110.34645833,31,48,0,48
1972,8,Fejér,18.45131091,31,47,0,47,82.58042553,31,47,0,47
1972,8,Győr-Moson-Sopron,18.14813844,31,48,0,48,77.99854167,31,48,0,48
1972,8,Hajdú-Bihar,19.26452026,31,78,0,78,68.24410256,31,78,0,78
1972,8,Heves,18.10209677,31,44,0,44,72.25886364,31,44,0,44
1972,8,Jász-Nagykun-Szolnok,19.23743359,31,68,0,68,74.90911765,31,68,0,68
1972,8,Komárom-Esztergom,17.73632925,31,29,0,29,130.41827586,31,29,0,29
1972,8,Nógrád,17.01176267,31,28,0,28,89.00392857,31,28,0,28
1972,8,Pest,18.42052043,31,75,0,75,90.47786667,31,75,0,75
1972,8,Somogy,18.22158065,31,70,0,70,137.68771429,31,70,0,70
1972,8,Szabolcs-Szatmár-Bereg,19.02930486,31,71,0,71,93.30028169,31,71,0,71
1972,8,Tolna,18.63370593,31,43,0,43,121.32744186,31,43,0,43
1972,8,Vas,17.92817449,31,44,0,44,78.32340909,31,44,0,44
1972,8,Veszprém,18.09801075,31,54,0,54,109.10185185,31,54,0,54
1972,8,Zala,17.94640029,31,44,0,44,115.94500000,31,44,0,44
1972,9,Baranya,12.93983951,30,54,0,54,25.86111111,30,54,0,54
1972,9,Borsod-Abaúj-Zemplén,12.24809302,30,86,0,86,77.19081395,30,86,0,86
1972,9,Bács-Kiskun,13.14249495,30,99,0,99,23.31818182,30,99,0,99
1972,9,Békés,13.43381592,30,67,0,67,36.01522388,30,67,0,67
1972,9,Csongrád-Csanád,13.57502083,30,48,0,48,25.36187500,30,48,0,48
1972,9,Fejér,12.95555319,30,47,0,47,26.97021277,30,47,0,47
1972,9,Győr-Moson-Sopron,12.64779861,30,48,0,48,18.07937500,30,48,0,48
1972,9,Hajdú-Bihar,13.07071795,30,78,0,78,43.91358974,30,78,0,78
1972,9,Heves,12.48527273,30,44,0,44,52.61522727,30,44,0,44
1972,9,Jász-Nagykun-Szolnok,13.33969608,30,68,0,68,32.85735294,30,68,0,68
1972,9,Komárom-Esztergom,12.36517241,30,29,0,29,19.05689655,30,29,0,29
1972,9,Nógrád,11.56058333,30,28,0,28,48.09750000,30,28,0,28
1972,9,Pest,12.74856000,30,75,0,75,38.27826667,30,75,0,75
1972,9,Somogy,12.94537143,30,70,0,70,28.30757143,30,70,0,70
1972,9,Szabolcs-Szatmár-Bereg,12.75859624,30,71,0,71,53.79112676,30,71,0,71
1972,9,Tolna,13.15200000,30,43,0,43,23.42674419,30,43,0,43
1972,9,Vas,12.31752273,30,44,0,44,24.36136364,30,44,0,44
1972,9,Veszprém,12.69500000,30,54,0,54,21.29703704,30,54,0,54
1972,9,Zala,12.62066667,30,44,0,44,22.60136364,30,44,0,44
1972,10,Baranya,8.78762246,31,54,0,54,62.87259259,31,54,0,54
1972,10,Borsod-Abaúj-Zemplén,7.34302326,31,86,0,86,13.57872093,31,86,0,86
1972,10,Bács-Kiskun,8.68271750,31,99,0,99,59.83131313,31,99,0,99
1972,10,Békés,8.65642754,31,67,0,67,73.92522388,31,67,0,67
1972,10,Csongrád-Csanád,8.89986559,31,48,0,48,74.65437500,31,48,0,48
1972,10,Fejér,8.31015100,31,47,0,47,25.52510638,31,47,0,47
1972,10,Győr-Moson-Sopron,7.91869624,31,48,0,48,24.93354167,31,48,0,48
1972,10,Hajdú-Bihar,8.25195203,31,78,0,78,37.53576923,31,78,0,78
1972,10,Heves,7.58563783,31,44,0,44,12.41272727,31,44,0,44
1972,10,Jász-Nagykun-Szolnok,8.33068786,31,68,0,68,42.41617647,31,68,0,68
1972,10,Komárom-Esztergom,7.64102336,31,29,0,29,17.44206897,31,29,0,29
1972,10,Nógrád,6.71453917,31,28,0,28,8.35500000,31,28,0,28
1972,10,Pest,8.08084301,31,75,0,75,24.15493333,31,75,0,75
1972,10,Somogy,8.77910138,31,70,0,70,37.16685714,31,70,0,70
1972,10,Szabolcs-Szatmár-Bereg,7.98281690,31,71,0,71,25.26154930,31,71,0,71
1972,10,Tolna,8.87319580,31,43,0,43,49.24465116,31,43,0,43
1972,10,Vas,7.94226540,31,44,0,44,24.83772727,31,44,0,44
1972,10,Veszprém,8.17283154,31,54,0,54,28.70925926,31,54,0,54
1972,10,Zala,8.60586510,31,44,0,44,19.16045455,31,44,0,44
1972,11,Baranya,5.86535802,30,54,0,54,87.36000000,30,54,0,54
1972,11,Borsod-Abaúj-Zemplén,3.46635659,30,86,0,86,37.85348837,30,86,0,86
1972,11,Bács-Kiskun,5.38793939,30,99,0,99,61.71010101,30,99,0,99
1972,11,Békés,4.92308955,30,67,0,67,47.88402985,30,67,0,67
1972,11,Csongrád-Csanád,5.33640972,30,48,0,48,52.12812500,30,48,0,48
1972,11,Fejér,5.10192908,30,47,0,47,59.35765957,30,47,0,47
1972,11,Győr-Moson-Sopron,4.99768750,30,48,0,48,49.75458333,30,48,0,48
1972,11,Hajdú-Bihar,4.46051709,30,78,0,78,46.58961538,30,78,0,78
1972,11,Heves,3.88493182,30,44,0,44,39.32977273,30,44,0,44
1972,11,Jász-Nagykun-Szolnok,4.68690686,30,68,0,68,46.47544118,30,68,0,68
1972,11,Komárom-Esztergom,4.73970115,30,29,0,29,49.59034483,30,29,0,29
1972,11,Nógrád,3.38676190,30,28,0,28,34.79107143,30,28,0,28
1972,11,Pest,4.68919556,30,75,0,75,47.28746667,30,75,0,75
1972,11,Somogy,5.46415238,30,70,0,70,89.95542857,30,70,0,70
1972,11,Szabolcs-Szatmár-Bereg,4.27953521,30,71,0,71,40.44830986,30,71,0,71
1972,11,Tolna,5.67526357,30,43,0,43,71.22906977,30,43,0,43
1972,11,Vas,4.51005303,30,44,0,44,71.00409091,30,44,0,44
1972,11,Veszprém,5.04383951,30,54,0,54,67.71055556,30,54,0,54
1972,11,Zala,4.70310606,30,44,0,44,95.76204545,30,44,0,44
1972,12,Baranya,0.82579450,31,54,0,54,3.08518519,31,54,0,54
1972,12,Borsod-Abaúj-Zemplén,-0.36087772,31,86,0,86,3.34790698,31,86,0,86
1972,12,Bács-Kiskun,0.56323558,31,99,0,99,0.37353535,31,99,0,99
1972,12,Békés,0.45505055,31,67,0,67,0.52253731,31,67,0,67
1972,12,Csongrád-Csanád,0.69532258,31,48,0,48,0.13333333,31,48,0,48
1972,12,Fejér,0.30720659,31,47,0,47,2.15276596,31,47,0,47
1972,12,Győr-Moson-Sopron,0.33652554,31,48,0,48,7.95312500,31,48,0,48
1972,12,Hajdú-Bihar,0.31759719,31,78,0,78,0.61217949,31,78,0,78
1972,12,Heves,-0.15236804,31,44,0,44,1.39022727,31,44,0,44
1972,12,Jász-Nagykun-Szolnok,0.27243833,31,68,0,68,0.69661765,31,68,0,68
1972,12,Komárom-Esztergom,0.08446051,31,29,0,29,4.50413793,31,29,0,29
1972,12,Nógrád,-0.71991935,31,28,0,28,0.97250000,31,28,0,28
1972,12,Pest,0.18594409,31,75,0,75,0.91640000,31,75,0,75
1972,12,Somogy,0.63630876,31,70,0,70,6.66442857,31,70,0,70
1972,12,Szabolcs-Szatmár-Bereg,0.20626079,31,71,0,71,1.87591549,31,71,0,71
1972,12,Tolna,0.62725431,31,43,0,43,1.93209302,31,43,0,43
1972,12,Vas,-0.14887097,31,44,0,44,12.47295455,31,44,0,44
1972,12,Veszprém,0.13056153,31,54,0,54,7.29259259,31,54,0,54
1972,12,Zala,0.25914223,31,44,0,44,11.12227273,31,44,0,44
1973,1,Baranya,-0.95122461,31,54,0,54,30.02685185,31,54,0,54
1973,1,Borsod-Abaúj-Zemplén,-1.45289197,31,86,0,86,9.10034884,31,86,0,86
1973,1,Bács-Kiskun,-0.75095145,31,99,0,99,15.91939394,31,99,0,99
1973,1,Békés,-1.19228695,31,67,0,67,10.58074627,31,67,0,67
1973,1,Csongrád-Csanád,-0.75420699,31,48,0,48,10.45583333,31,48,0,48
1973,1,Fejér,-1.14242279,31,47,0,47,28.18319149,31,47,0,47
1973,1,Győr-Moson-Sopron,-0.80125000,31,48,0,48,44.26416667,31,48,0,48
1973,1,Hajdú-Bihar,-1.32210091,31,78,0,78,6.14000000,31,78,0,78
1973,1,Heves,-1.49432551,31,44,0,44,11.83659091,31,44,0,44
1973,1,Jász-Nagykun-Szolnok,-1.11858159,31,68,0,68,8.30867647,31,68,0,68
1973,1,Komárom-Esztergom,-1.46494994,31,29,0,29,40.84275862,31,29,0,29
1973,1,Nógrád,-2.40316820,31,28,0,28,26.61607143,31,28,0,28
1973,1,Pest,-1.32676559,31,75,0,75,20.59426667,31,75,0,75
1973,1,Somogy,-0.99760829,31,70,0,70,47.67971429,31,70,0,70
1973,1,Szabolcs-Szatmár-Bereg,-1.06093594,31,71,0,71,8.45394366,31,71,0,71
1973,1,Tolna,-0.77447112,31,43,0,43,28.10255814,31,43,0,43
1973,1,Vas,-1.12253666,31,44,0,44,50.14500000,31,44,0,44
1973,1,Veszprém,-1.25943847,31,54,0,54,41.86574074,31,54,0,54
1973,1,Zala,-1.03082111,31,44,0,44,47.90590909,31,44,0,44
1973,2,Baranya,2.12907407,28,54,0,54,52.36388889,28,54,0,54
1973,2,Borsod-Abaúj-Zemplén,1.25582226,28,86,0,86,44.43279070,28,86,0,86
1973,2,Bács-Kiskun,2.50137085,28,99,0,99,31.56060606,28,99,0,99
1973,2,Békés,2.22372068,28,67,0,67,24.38000000,28,67,0,67
1973,2,Csongrád-Csanád,2.50123512,28,48,0,48,24.73104167,28,48,0,48
1973,2,Fejér,1.90287234,28,47,0,47,29.19063830,28,47,0,47
1973,2,Győr-Moson-Sopron,2.02919643,28,48,0,48,16.96895833,28,48,0,48
1973,2,Hajdú-Bihar,1.82304945,28,78,0,78,33.96205128,28,78,0,78
1973,2,Heves,1.45224026,28,44,0,44,46.60522727,28,44,0,44
1973,2,Jász-Nagykun-Szolnok,2.18419643,28,68,0,68,33.12191176,28,68,0,68
1973,2,Komárom-Esztergom,1.49786946,28,29,0,29,29.81689655,28,29,0,29
1973,2,Nógrád,0.87664541,28,28,0,28,38.86285714,28,28,0,28
1973,2,Pest,1.88394286,28,75,0,75,30.84400000,28,75,0,75
1973,2,Somogy,1.86911735,28,70,0,70,46.43928571,28,70,0,70
1973,2,Szabolcs-Szatmár-Bereg,1.78982897,28,71,0,71,43.25253521,28,71,0,71
1973,2,Tolna,2.28715116,28,43,0,43,46.36441860,28,43,0,43
1973,2,Vas,1.65038149,28,44,0,44,15.42772727,28,44,0,44
1973,2,Veszprém,1.65362434,28,54,0,54,22.65203704,28,54,0,54
1973,2,Zala,1.60534903,28,44,0,44,29.17000000,28,44,0,44
1973,3,Baranya,5.21333931,31,54,0,54,12.39851852,31,54,0,54
1973,3,Borsod-Abaúj-Zemplén,4.25257314,31,86,0,86,3.54523256,31,86,0,86
1973,3,Bács-Kiskun,5.21856957,31,99,0,99,8.72757576,31,99,0,99
1973,3,Békés,4.91023592,31,67,0,67,4.63477612,31,67,0,67
1973,3,Csongrád-Csanád,5.16255376,31,48,0,48,8.71812500,31,48,0,48
1973,3,Fejér,4.92555251,31,47,0,47,9.23425532,31,47,0,47
1973,3,Győr-Moson-Sopron,4.91899866,31,48,0,48,19.11958333,31,48,0,48
1973,3,Hajdú-Bihar,4.92315550,31,78,0,78,3.35769231,31,78,0,78
1973,3,Heves,4.37153959,31,44,0,44,5.68250000,31,44,0,44
1973,3,Jász-Nagykun-Szolnok,5.01319734,31,68,0,68,5.82764706,31,68,0,68
1973,3,Komárom-Esztergom,4.63182425,31,29,0,29,9.99034483,31,29,0,29
1973,3,Nógrád,3.65858295,31,28,0,28,5.17464286,31,28,0,28
1973,3,Pest,4.99261935,31,75,0,75,5.51826667,31,75,0,75
1973,3,Somogy,5.04481567,31,70,0,70,16.78414286,31,70,0,70
1973,3,Szabolcs-Szatmár-Bereg,4.82510223,31,71,0,71,4.11211268,31,71,0,71
1973,3,Tolna,5.16983496,31,43,0,43,12.70674419,31,43,0,43
1973,3,Vas,4.56722141,31,44,0,44,22.18045455,31,44,0,44
1973,3,Veszprém,4.56647551,31,54,0,54,20.21481481,31,54,0,54
1973,3,Zala,4.73472874,31,44,0,44,23.36681818,31,44,0,44
1973,4,Baranya,8.57504321,30,54,0,54,101.49407407,30,54,0,54
1973,4,Borsod-Abaúj-Zemplén,9.00144574,30,86,0,86,41.25581395,30,86,0,86
1973,4,Bács-Kiskun,9.30181481,30,99,0,99,77.41141414,30,99,0,99
1973,4,Békés,9.75397015,30,67,0,67,53.29208955,30,67,0,67
1973,4,Csongrád-Csanád,9.64548611,30,48,0,48,61.39291667,30,48,0,48
1973,4,Fejér,8.79221986,30,47,0,47,59.66212766,30,47,0,47
1973,4,Győr-Moson-Sopron,8.49701389,30,48,0,48,63.59895833,30,48,0,48
1973,4,Hajdú-Bihar,9.86514530,30,78,0,78,48.59307692,30,78,0,78
1973,4,Heves,8.82538636,30,44,0,44,55.49159091,30,44,0,44
1973,4,Jász-Nagykun-Szolnok,9.59309314,30,68,0,68,54.06941176,30,68,0,68
1973,4,Komárom-Esztergom,8.40243678,30,29,0,29,69.67068966,30,29,0,29
1973,4,Nógrád,7.69639286,30,28,0,28,59.03464286,30,28,0,28
1973,4,Pest,9.02223556,30,75,0,75,69.09906667,30,75,0,75
1973,4,Somogy,8.35765238,30,70,0,70,128.89685714,30,70,0,70
1973,4,Szabolcs-Szatmár-Bereg,9.97596244,30,71,0,71,34.06281690,30,71,0,71
1973,4,Tolna,8.93470543,30,43,0,43,75.88441860,30,43,0,43
1973,4,Vas,7.96340909,30,44,0,44,72.80227273,30,44,0,44
1973,4,Veszprém,8.16643827,30,54,0,54,99.65796296,30,54,0,54
1973,4,Zala,8.09036364,30,44,0,44,136.08340909,30,44,0,44
1973,5,Baranya,16.55967742,31,54,0,54,12.26574074,31,54,0,54
1973,5,Borsod-Abaúj-Zemplén,15.17891598,31,86,0,86,23.51255814,31,86,0,86
1973,5,Bács-Kiskun,17.07844575,31,99,0,99,12.55292929,31,99,0,99
1973,5,Békés,16.69851228,31,67,0,67,37.83208955,31,67,0,67
1973,5,Csongrád-Csanád,17.06716398,31,48,0,48,31.26687500,31,48,0,48
1973,5,Fejér,16.54131778,31,47,0,47,2.92234043,31,47,0,47
1973,5,Győr-Moson-Sopron,15.84827285,31,48,0,48,1.29854167,31,48,0,48
1973,5,Hajdú-Bihar,16.30483044,31,78,0,78,37.30102564,31,78,0,78
1973,5,Heves,15.59490469,31,44,0,44,18.70340909,31,44,0,44
1973,5,Jász-Nagykun-Szolnok,16.68635674,31,68,0,68,27.26514706,31,68,0,68
1973,5,Komárom-Esztergom,15.66259177,31,29,0,29,2.82413793,31,29,0,29
1973,5,Nógrád,14.59003456,31,28,0,28,8.21000000,31,28,0,28
1973,5,Pest,16.37073548,31,75,0,75,6.73960000,31,75,0,75
1973,5,Somogy,16.34330415,31,70,0,70,9.67042857,31,70,0,70
1973,5,Szabolcs-Szatmár-Bereg,15.89170377,31,71,0,71,48.87661972,31,71,0,71
1973,5,Tolna,16.95560390,31,43,0,43,4.17883721,31,43,0,43
1973,5,Vas,15.66095308,31,44,0,44,10.12681818,31,44,0,44
1973,5,Veszprém,15.81552569,31,54,0,54,1.19777778,31,54,0,54
1973,5,Zala,15.86230938,31,44,0,44,13.68886364,31,44,0,44
1973,6,Baranya,18.37979630,30,54,0,54,90.41444444,30,54,0,54
1973,6,Borsod-Abaúj-Zemplén,17.63174806,30,86,0,86,142.06116279,30,86,0,86
1973,6,Bács-Kiskun,18.84116162,30,99,0,99,96.37040404,30,99,0,99
1973,6,Békés,18.86794030,30,67,0,67,103.22402985,30,67,0,67
1973,6,Csongrád-Csanád,19.01493750,30,48,0,48,99.50270833,30,48,0,48
1973,6,Fejér,18.43663830,30,47,0,47,102.04063830,30,47,0,47
1973,6,Győr-Moson-Sopron,18.09641667,30,48,0,48,85.38687500,30,48,0,48
1973,6,Hajdú-Bihar,18.63007265,30,78,0,78,126.36141026,30,78,0,78
1973,6,Heves,18.01606818,30,44,0,44,126.90545455,30,44,0,44
1973,6,Jász-Nagykun-Szolnok,18.92363725,30,68,0,68,111.53985294,30,68,0,68
1973,6,Komárom-Esztergom,17.74364368,30,29,0,29,95.46000000,30,29,0,29
1973,6,Nógrád,17.21048810,30,28,0,28,127.50178571,30,28,0,28
1973,6,Pest,18.45440444,30,75,0,75,103.40346667,30,75,0,75
1973,6,Somogy,18.22973810,30,70,0,70,117.79814286,30,70,0,70
1973,6,Szabolcs-Szatmár-Bereg,18.19007981,30,71,0,71,111.91422535,30,71,0,71
1973,6,Tolna,18.59079845,30,43,0,43,98.85488372,30,43,0,43
1973,6,Vas,17.84156818,30,44,0,44,98.83068182,30,44,0,44
1973,6,Veszprém,17.93201852,30,54,0,54,114.34962963,30,54,0,54
1973,6,Zala,17.97421970,30,44,0,44,100.66409091,30,44,0,44
1973,7,Baranya,20.33583035,31,54,0,54,65.25074074,31,54,0,54
1973,7,Borsod-Abaúj-Zemplén,19.24927982,31,86,0,86,74.62174419,31,86,0,86
1973,7,Bács-Kiskun,20.88241773,31,99,0,99,42.34484848,31,99,0,99
1973,7,Békés,20.80094367,31,67,0,67,58.50313433,31,67,0,67
1973,7,Csongrád-Csanád,21.06192876,31,48,0,48,49.98895833,31,48,0,48
1973,7,Fejér,20.15423473,31,47,0,47,46.84702128,31,47,0,47
1973,7,Győr-Moson-Sopron,19.85337366,31,48,0,48,57.99604167,31,48,0,48
1973,7,Hajdú-Bihar,20.41988834,31,78,0,78,60.86602564,31,78,0,78
1973,7,Heves,19.47380499,31,44,0,44,56.34340909,31,44,0,44
1973,7,Jász-Nagykun-Szolnok,20.64833491,31,68,0,68,51.73191176,31,68,0,68
1973,7,Komárom-Esztergom,19.21964405,31,29,0,29,45.73275862,31,29,0,29
1973,7,Nógrád,18.41857143,31,28,0,28,52.27714286,31,28,0,28
1973,7,Pest,20.10141935,31,75,0,75,50.86640000,31,75,0,75
1973,7,Somogy,20.02451152,31,70,0,70,83.00142857,31,70,0,70
1973,7,Szabolcs-Szatmár-Bereg,20.01111313,31,71,0,71,92.32661972,31,71,0,71
1973,7,Tolna,20.64340585,31,43,0,43,63.78883721,31,43,0,43
1973,7,Vas,19.53350440,31,44,0,44,63.07909091,31,44,0,44
1973,7,Veszprém,19.62975508,31,54,0,54,51.50111111,31,54,0,54
1973,7,Zala,19.65086510,31,44,0,44,81.31090909,31,44,0,44
1973,8,Baranya,20.17099761,31,54,0,54,18.73425926,31,54,0,54
1973,8,Borsod-Abaúj-Zemplén,19.06624156,31,86,0,86,32.99441860,31,86,0,86
1973,8,Bács-Kiskun,20.63665689,31,99,0,99,29.73828283,31,99,0,99
1973,8,Békés,20.62435725,31,67,0,67,39.89925373,31,67,0,67
1973,8,Csongrád-Csanád,20.89608199,31,48,0,48,33.91041667,31,48,0,48
1973,8,Fejér,20.15210021,31,47,0,47,33.10936170,31,47,0,47
1973,8,Győr-Moson-Sopron,19.62684812,31,48,0,48,41.90958333,31,48,0,48
1973,8,Hajdú-Bihar,20.28921423,31,78,0,78,23.40730769,31,78,0,78
1973,8,Heves,19.48925953,31,44,0,44,22.74318182,31,44,0,44
1973,8,Jász-Nagykun-Szolnok,20.61496205,31,68,0,68,19.99852941,31,68,0,68
1973,8,Komárom-Esztergom,19.35698554,31,29,0,29,40.77172414,31,29,0,29
1973,8,Nógrád,18.35268433,31,28,0,28,22.70357143,31,28,0,28
1973,8,Pest,20.14342366,31,75,0,75,23.02320000,31,75,0,75
1973,8,Somogy,19.52795853,31,70,0,70,28.23828571,31,70,0,70
1973,8,Szabolcs-Szatmár-Bereg,19.87328033,31,71,0,71,24.76464789,31,71,0,71
1973,8,Tolna,20.37274569,31,43,0,43,27.11790698,31,43,0,43
1973,8,Vas,19.20291789,31,44,0,44,45.27136364,31,44,0,44
1973,8,Veszprém,19.43880526,31,54,0,54,46.23814815,31,54,0,54
1973,8,Zala,19.07284457,31,44,0,44,39.92636364,31,44,0,44
1973,9,Baranya,16.64932099,30,54,0,54,20.75925926,30,54,0,54
1973,9,Borsod-Abaúj-Zemplén,16.27463953,30,86,0,86,11.53232558,30,86,0,86
1973,9,Bács-Kiskun,17.10099663,30,99,0,99,22.11979798,30,99,0,99
1973,9,Békés,18.01230846,30,67,0,67,7.09343284,30,67,0,67
1973,9,Csongrád-Csanád,17.93954167,30,48,0,48,13.14916667,30,48,0,48
1973,9,Fejér,16.37613475,30,47,0,47,40.12914894,30,47,0,47
1973,9,Győr-Moson-Sopron,15.97745139,30,48,0,48,86.16395833,30,48,0,48
1973,9,Hajdú-Bihar,17.36828205,30,78,0,78,5.60871795,30,78,0,78
1973,9,Heves,16.60170455,30,44,0,44,11.31909091,30,44,0,44
1973,9,Jász-Nagykun-Szolnok,17.67787745,30,68,0,68,10.50882353,30,68,0,68
1973,9,Komárom-Esztergom,15.76402299,30,29,0,29,70.67896552,30,29,0,29
1973,9,Nógrád,15.31207143,30,28,0,28,28.42821429,30,28,0,28
1973,9,Pest,16.58252000,30,75,0,75,22.44586667,30,75,0,75
1973,9,Somogy,16.02166190,30,70,0,70,36.13900000,30,70,0,70
1973,9,Szabolcs-Szatmár-Bereg,16.83257277,30,71,0,71,9.23070423,30,71,0,71
1973,9,Tolna,16.70671318,30,43,0,43,28.59279070,30,43,0,43
1973,9,Vas,15.74964394,30,44,0,44,110.91136364,30,44,0,44
1973,9,Veszprém,15.88593210,30,54,0,54,61.67407407,30,54,0,54
1973,9,Zala,15.76378788,30,44,0,44,82.58681818,30,44,0,44
1973,10,Baranya,9.38027479,31,54,0,54,31.13314815,31,54,0,54
1973,10,Borsod-Abaúj-Zemplén,8.24118155,31,86,0,86,28.98023256,31,86,0,86
1973,10,Bács-Kiskun,9.62034865,31,99,0,99,32.64787879,31,99,0,99
1973,10,Békés,9.98829562,31,67,0,67,37.00313433,31,67,0,67
1973,10,Csongrád-Csanád,10.02036962,31,48,0,48,33.74708333,31,48,0,48
1973,10,Fejér,8.87760467,31,47,0,47,32.27382979,31,47,0,47
1973,10,Győr-Moson-Sopron,8.44617608,31,48,0,48,35.74375000,31,48,0,48
1973,10,Hajdú-Bihar,9.45482630,31,78,0,78,31.86974359,31,78,0,78
1973,10,Heves,8.58879032,31,44,0,44,35.51409091,31,44,0,44
1973,10,Jász-Nagykun-Szolnok,9.53323055,31,68,0,68,30.86867647,31,68,0,68
1973,10,Komárom-Esztergom,8.40660734,31,29,0,29,38.39655172,31,29,0,29
1973,10,Nógrád,7.48941244,31,28,0,28,33.68571429,31,28,0,28
1973,10,Pest,9.06098065,31,75,0,75,35.62080000,31,75,0,75
1973,10,Somogy,8.57970968,31,70,0,70,39.77500000,31,70,0,70
1973,10,Szabolcs-Szatmár-Bereg,9.00556111,31,71,0,71,34.13352113,31,71,0,71
1973,10,Tolna,9.35432858,31,43,0,43,35.75325581,31,43,0,43
1973,10,Vas,8.06285924,31,44,0,44,38.98272727,31,44,0,44
1973,10,Veszprém,8.39324373,31,54,0,54,42.15203704,31,54,0,54
1973,10,Zala,8.25335777,31,44,0,44,41.86909091,31,44,0,44
1973,11,Baranya,3.25777160,30,54,0,54,56.46592593,30,54,0,54
1973,11,Borsod-Abaúj-Zemplén,0.84465891,30,86,0,86,18.92139535,30,86,0,86
1973,11,Bács-Kiskun,2.71995286,30,99,0,99,21.72202020,30,99,0,99
1973,11,Békés,2.15317910,30,67,0,67,11.16268657,30,67,0,67
1973,11,Csongrád-Csanád,2.45226389,30,48,0,48,16.55583333,30,48,0,48
1973,11,Fejér,2.65502128,30,47,0,47,25.56808511,30,47,0,47
1973,11,Győr-Moson-Sopron,2.92808333,30,48,0,48,36.46625000,30,48,0,48
1973,11,Hajdú-Bihar,1.72506410,30,78,0,78,13.94679487,30,78,0,78
1973,11,Heves,1.33161364,30,44,0,44,19.83272727,30,44,0,44
1973,11,Jász-Nagykun-Szolnok,2.11134314,30,68,0,68,9.61382353,30,68,0,68
1973,11,Komárom-Esztergom,2.46882759,30,29,0,29,33.10586207,30,29,0,29
1973,11,Nógrád,0.84308333,30,28,0,28,29.87857143,30,28,0,28
1973,11,Pest,2.22084889,30,75,0,75,21.96400000,30,75,0,75
1973,11,Somogy,3.06795238,30,70,0,70,51.38871429,30,70,0,70
1973,11,Szabolcs-Szatmár-Bereg,1.62508920,30,71,0,71,20.43338028,30,71,0,71
1973,11,Tolna,3.09744186,30,43,0,43,31.79790698,30,43,0,43
1973,11,Vas,2.53135606,30,44,0,44,43.82568182,30,44,0,44
1973,11,Veszprém,2.79438272,30,54,0,54,36.39481481,30,54,0,54
1973,11,Zala,2.64906061,30,44,0,44,46.88522727,30,44,0,44
1973,12,Baranya,0.22179211,31,54,0,54,78.64481481,31,54,0,54
1973,12,Borsod-Abaúj-Zemplén,-2.56785071,31,86,0,86,18.82848837,31,86,0,86
1973,12,Bács-Kiskun,-0.25702835,31,99,0,99,57.05888889,31,99,0,99
1973,12,Békés,-0.79514685,31,67,0,67,47.71626866,31,67,0,67
1973,12,Csongrád-Csanád,-0.37573925,31,48,0,48,51.42770833,31,48,0,48
1973,12,Fejér,-0.15371997,31,47,0,47,51.43234043,31,47,0,47
1973,12,Győr-Moson-Sopron,1.05545027,31,48,0,48,19.56604167,31,48,0,48
1973,12,Hajdú-Bihar,-1.47280397,31,78,0,78,32.02641026,31,78,0,78
1973,12,Heves,-1.93982405,31,44,0,44,29.92931818,31,44,0,44
1973,12,Jász-Nagykun-Szolnok,-0.91289848,31,68,0,68,38.57632353,31,68,0,68
1973,12,Komárom-Esztergom,-0.13467186,31,29,0,29,27.49103448,31,29,0,29
1973,12,Nógrád,-2.60346774,31,28,0,28,29.44357143,31,28,0,28
1973,12,Pest,-0.83076989,31,75,0,75,39.71426667,31,75,0,75
1973,12,Somogy,0.43428111,31,70,0,70,65.84885714,31,70,0,70
1973,12,Szabolcs-Szatmár-Bereg,-2.02836438,31,71,0,71,25.32718310,31,71,0,71
1973,12,Tolna,0.18807952,31,43,0,43,70.64441860,31,43,0,43
1973,12,Vas,0.64386364,31,44,0,44,19.33840909,31,44,0,44
1973,12,Veszprém,0.36683393,31,54,0,54,36.96296296,31,54,0,54
1973,12,Zala,0.60810117,31,44,0,44,34.98113636,31,44,0,44
1974,1,Baranya,1.37615293,31,54,0,54,37.69425926,31,54,0,54
1974,1,Borsod-Abaúj-Zemplén,-1.01282071,31,86,0,86,24.96069767,31,86,0,86
1974,1,Bács-Kiskun,1.33455849,31,99,0,99,25.89686869,31,99,0,99
1974,1,Békés,0.47144439,31,67,0,67,14.68940299,31,67,0,67
1974,1,Csongrád-Csanád,1.23478495,31,48,0,48,15.54395833,31,48,0,48
1974,1,Fejér,1.05894990,31,47,0,47,42.81787234,31,47,0,47
1974,1,Győr-Moson-Sopron,1.64782258,31,48,0,48,52.47229167,31,48,0,48
1974,1,Hajdú-Bihar,-0.52594706,31,78,0,78,21.41423077,31,78,0,78
1974,1,Heves,-0.31963343,31,44,0,44,28.68863636,31,44,0,44
1974,1,Jász-Nagykun-Szolnok,0.36021347,31,68,0,68,21.00161765,31,68,0,68
1974,1,Komárom-Esztergom,0.79595106,31,29,0,29,48.37517241,31,29,0,29
1974,1,Nógrád,-0.63519585,31,28,0,28,31.07928571,31,28,0,28
1974,1,Pest,0.51304946,31,75,0,75,34.65106667,31,75,0,75
1974,1,Somogy,1.42628571,31,70,0,70,44.28057143,31,70,0,70
1974,1,Szabolcs-Szatmár-Bereg,-1.28369832,31,71,0,71,26.66140845,31,71,0,71
1974,1,Tolna,1.55970743,31,43,0,43,35.06651163,31,43,0,43
1974,1,Vas,1.36420088,31,44,0,44,52.08295455,31,44,0,44
1974,1,Veszprém,1.14393070,31,54,0,54,47.78981481,31,54,0,54
1974,1,Zala,1.39507331,31,44,0,44,51.58272727,31,44,0,44
1974,2,Baranya,5.45596561,28,54,0,54,24.38777778,28,54,0,54
1974,2,Borsod-Abaúj-Zemplén,3.64975498,28,86,0,86,29.96697674,28,86,0,86
1974,2,Bács-Kiskun,5.27748196,28,99,0,99,29.59888889,28,99,0,99
1974,2,Békés,5.31076226,28,67,0,67,17.80179104,28,67,0,67
1974,2,Csongrád-Csanád,5.37828869,28,48,0,48,21.78437500,28,48,0,48
1974,2,Fejér,4.55278875,28,47,0,47,49.74829787,28,47,0,47
1974,2,Győr-Moson-Sopron,4.51938244,28,48,0,48,44.79979167,28,48,0,48
1974,2,Hajdú-Bihar,4.96143315,28,78,0,78,21.76833333,28,78,0,78
1974,2,Heves,3.99831981,28,44,0,44,38.60431818,28,44,0,44
1974,2,Jász-Nagykun-Szolnok,4.93304622,28,68,0,68,28.48000000,28,68,0,68
1974,2,Komárom-Esztergom,4.25366995,28,29,0,29,55.57103448,28,29,0,29
1974,2,Nógrád,3.35627551,28,28,0,28,38.58357143,28,28,0,28
1974,2,Pest,4.45156667,28,75,0,75,43.40533333,28,75,0,75
1974,2,Somogy,5.04246939,28,70,0,70,37.20657143,28,70,0,70
1974,2,Szabolcs-Szatmár-Bereg,4.49185111,28,71,0,71,26.40647887,28,71,0,71
1974,2,Tolna,5.18125415,28,43,0,43,37.92093023,28,43,0,43
1974,2,Vas,4.35623377,28,44,0,44,44.44886364,28,44,0,44
1974,2,Veszprém,4.22097884,28,54,0,54,48.35907407,28,54,0,54
1974,2,Zala,4.80142045,28,44,0,44,47.48545455,28,44,0,44
1974,3,Baranya,7.58575866,31,54,0,54,31.05481481,31,54,0,54
1974,3,Borsod-Abaúj-Zemplén,7.38753938,31,86,0,86,1.28639535,31,86,0,86
1974,3,Bács-Kiskun,8.00785272,31,99,0,99,15.42262626,31,99,0,99
1974,3,Békés,8.14301396,31,67,0,67,6.54313433,31,67,0,67
1974,3,Csongrád-Csanád,8.14703629,31,48,0,48,14.82270833,31,48,0,48
1974,3,Fejér,7.81107756,31,47,0,47,9.94234043,31,47,0,47
1974,3,Győr-Moson-Sopron,7.89684812,31,48,0,48,10.02041667,31,48,0,48
1974,3,Hajdú-Bihar,8.18605459,31,78,0,78,1.81256410,31,78,0,78
1974,3,Heves,7.59672287,31,44,0,44,2.97181818,31,44,0,44
1974,3,Jász-Nagykun-Szolnok,8.21813567,31,68,0,68,3.71176471,31,68,0,68
1974,3,Komárom-Esztergom,7.84056730,31,29,0,29,6.49620690,31,29,0,29
1974,3,Nógrád,6.76655530,31,28,0,28,3.59500000,31,28,0,28
1974,3,Pest,8.02374624,31,75,0,75,6.46893333,31,75,0,75
1974,3,Somogy,7.50301843,31,70,0,70,29.31571429,31,70,0,70
1974,3,Szabolcs-Szatmár-Bereg,8.10283053,31,71,0,71,0.52915493,31,71,0,71
1974,3,Tolna,7.78886722,31,43,0,43,25.36883721,31,43,0,43
1974,3,Vas,7.20837243,31,44,0,44,31.78795455,31,44,0,44
1974,3,Veszprém,7.34833333,31,54,0,54,16.68444444,31,54,0,54
1974,3,Zala,7.34370235,31,44,0,44,28.94068182,31,44,0,44
1974,4,Baranya,9.87506790,30,54,0,54,45.02351852,30,54,0,54
1974,4,Borsod-Abaúj-Zemplén,9.13877519,30,86,0,86,15.06918605,30,86,0,86
1974,4,Bács-Kiskun,10.15557912,30,99,0,99,39.00010101,30,99,0,99
1974,4,Békés,9.89306468,30,67,0,67,31.49865672,30,67,0,67
1974,4,Csongrád-Csanád,10.01931250,30,48,0,48,34.13375000,30,48,0,48
1974,4,Fejér,9.99209929,30,47,0,47,36.38297872,30,47,0,47
1974,4,Győr-Moson-Sopron,9.67291667,30,48,0,48,24.99875000,30,48,0,48
1974,4,Hajdú-Bihar,9.98162393,30,78,0,78,18.79025641,30,78,0,78
1974,4,Heves,9.43649242,30,44,0,44,17.10795455,30,44,0,44
1974,4,Jász-Nagykun-Szolnok,10.03720098,30,68,0,68,22.74647059,30,68,0,68
1974,4,Komárom-Esztergom,9.38702299,30,29,0,29,29.16517241,30,29,0,29
1974,4,Nógrád,8.37645238,30,28,0,28,19.37607143,30,28,0,28
1974,4,Pest,9.89065333,30,75,0,75,28.31680000,30,75,0,75
1974,4,Somogy,9.69879048,30,70,0,70,39.34171429,30,70,0,70
1974,4,Szabolcs-Szatmár-Bereg,9.90151174,30,71,0,71,13.52436620,30,71,0,71
1974,4,Tolna,10.23739535,30,43,0,43,45.47720930,30,43,0,43
1974,4,Vas,9.23193939,30,44,0,44,27.06727273,30,44,0,44
1974,4,Veszprém,9.44791358,30,54,0,54,41.65685185,30,54,0,54
1974,4,Zala,9.35918182,30,44,0,44,34.38590909,30,44,0,44
1974,5,Baranya,13.70497611,31,54,0,54,85.55518519,31,54,0,54
1974,5,Borsod-Abaúj-Zemplén,13.22911478,31,86,0,86,104.29639535,31,86,0,86
1974,5,Bács-Kiskun,14.21475399,31,99,0,99,75.27606061,31,99,0,99
1974,5,Békés,14.20503130,31,67,0,67,94.70970149,31,67,0,67
1974,5,Csongrád-Csanád,14.38048387,31,48,0,48,92.20354167,31,48,0,48
1974,5,Fejér,13.82098833,31,47,0,47,73.10425532,31,47,0,47
1974,5,Győr-Moson-Sopron,13.65495968,31,48,0,48,65.09000000,31,48,0,48
1974,5,Hajdú-Bihar,14.12028536,31,78,0,78,95.12666667,31,78,0,78
1974,5,Heves,13.37744868,31,44,0,44,81.32295455,31,44,0,44
1974,5,Jász-Nagykun-Szolnok,14.23268027,31,68,0,68,74.04705882,31,68,0,68
1974,5,Komárom-Esztergom,13.14601780,31,29,0,29,82.55206897,31,29,0,29
1974,5,Nógrád,12.47512673,31,28,0,28,71.08857143,31,28,0,28
1974,5,Pest,13.74116989,31,75,0,75,64.52253333,31,75,0,75
1974,5,Somogy,13.66169124,31,70,0,70,90.51185714,31,70,0,70
1974,5,Szabolcs-Szatmár-Bereg,13.94678328,31,71,0,71,73.77056338,31,71,0,71
1974,5,Tolna,14.06336834,31,43,0,43,86.39395349,31,43,0,43
1974,5,Vas,13.48337977,31,44,0,44,98.70204545,31,44,0,44
1974,5,Veszprém,13.33403226,31,54,0,54,83.62574074,31,54,0,54
1974,5,Zala,13.54601173,31,44,0,44,85.95113636,31,44,0,44
1974,6,Baranya,16.83664198,30,54,0,54,135.54185185,30,54,0,54
1974,6,Borsod-Abaúj-Zemplén,15.76374419,30,86,0,86,125.40546512,30,86,0,86
1974,6,Bács-Kiskun,17.09209764,30,99,0,99,105.27252525,30,99,0,99
1974,6,Békés,17.01167164,30,67,0,67,155.63731343,30,67,0,67
1974,6,Csongrád-Csanád,17.15210417,30,48,0,48,155.40583333,30,48,0,48
1974,6,Fejér,16.59779433,30,47,0,47,65.60234043,30,47,0,47
1974,6,Győr-Moson-Sopron,16.41427083,30,48,0,48,58.64562500,30,48,0,48
1974,6,Hajdú-Bihar,16.81277778,30,78,0,78,160.52397436,30,78,0,78
1974,6,Heves,16.15871212,30,44,0,44,95.58818182,30,44,0,44
1974,6,Jász-Nagykun-Szolnok,17.05748529,30,68,0,68,99.82176471,30,68,0,68
1974,6,Komárom-Esztergom,15.85719540,30,29,0,29,56.13724138,30,29,0,29
1974,6,Nógrád,15.17372619,30,28,0,28,58.58142857,30,28,0,28
1974,6,Pest,16.53956889,30,75,0,75,63.56640000,30,75,0,75
1974,6,Somogy,16.57994286,30,70,0,70,99.68028571,30,70,0,70
1974,6,Szabolcs-Szatmár-Bereg,16.52365728,30,71,0,71,192.54408451,30,71,0,71
1974,6,Tolna,17.02700775,30,43,0,43,85.37139535,30,43,0,43
1974,6,Vas,16.09059848,30,44,0,44,68.84477273,30,44,0,44
1974,6,Veszprém,16.13850000,30,54,0,54,66.71074074,30,54,0,54
1974,6,Zala,16.22021970,30,44,0,44,89.62181818,30,44,0,44
1974,7,Baranya,19.58976105,31,54,0,54,54.51055556,31,54,0,54
1974,7,Borsod-Abaúj-Zemplén,18.26315829,31,86,0,86,53.90418605,31,86,0,86
1974,7,Bács-Kiskun,19.87550994,31,99,0,99,56.74666667,31,99,0,99
1974,7,Békés,19.76757342,31,67,0,67,60.34820896,31,67,0,67
1974,7,Csongrád-Csanád,19.94950941,31,48,0,48,48.64416667,31,48,0,48
1974,7,Fejér,19.33803020,31,47,0,47,41.62276596,31,47,0,47
1974,7,Győr-Moson-Sopron,18.99579301,31,48,0,48,62.25875000,31,48,0,48
1974,7,Hajdú-Bihar,19.46410670,31,78,0,78,67.87782051,31,78,0,78
1974,7,Heves,18.74186217,31,44,0,44,43.23931818,31,44,0,44
1974,7,Jász-Nagykun-Szolnok,19.71511860,31,68,0,68,62.78632353,31,68,0,68
1974,7,Komárom-Esztergom,18.59017798,31,29,0,29,38.36551724,31,29,0,29
1974,7,Nógrád,17.77563364,31,28,0,28,33.72571429,31,28,0,28
1974,7,Pest,19.37588817,31,75,0,75,35.89573333,31,75,0,75
1974,7,Somogy,19.30745622,31,70,0,70,50.39285714,31,70,0,70
1974,7,Szabolcs-Szatmár-Bereg,19.09347115,31,71,0,71,84.24056338,31,71,0,71
1974,7,Tolna,19.69328582,31,43,0,43,52.53093023,31,43,0,43
1974,7,Vas,18.83513196,31,44,0,44,62.75431818,31,44,0,44
1974,7,Veszprém,18.87096774,31,54,0,54,41.17722222,31,54,0,54
1974,7,Zala,19.00294721,31,44,0,44,49.72227273,31,44,0,44
1974,8,Baranya,21.46918757,31,54,0,54,148.92685185,31,54,0,54
1974,8,Borsod-Abaúj-Zemplén,20.43564141,31,86,0,86,72.24604651,31,86,0,86
1974,8,Bács-Kiskun,21.80064842,31,99,0,99,85.40303030,31,99,0,99
1974,8,Békés,22.03597978,31,67,0,67,72.16402985,31,67,0,67
1974,8,Csongrád-Csanád,22.18322581,31,48,0,48,91.53729167,31,48,0,48
1974,8,Fejér,21.40785175,31,47,0,47,95.87617021,31,47,0,47
1974,8,Győr-Moson-Sopron,20.92383737,31,48,0,48,80.66937500,31,48,0,48
1974,8,Hajdú-Bihar,21.63106286,31,78,0,78,47.57435897,31,78,0,78
1974,8,Heves,20.88612170,31,44,0,44,106.59159091,31,44,0,44
1974,8,Jász-Nagykun-Szolnok,21.87290797,31,68,0,68,73.85029412,31,68,0,68
1974,8,Komárom-Esztergom,20.71483871,31,29,0,29,103.31896552,31,29,0,29
1974,8,Nógrád,19.84027650,31,28,0,28,103.81892857,31,28,0,28
1974,8,Pest,21.34508387,31,75,0,75,83.53533333,31,75,0,75
1974,8,Somogy,21.03490783,31,70,0,70,161.29600000,31,70,0,70
1974,8,Szabolcs-Szatmár-Bereg,21.20310313,31,71,0,71,61.07225352,31,71,0,71
1974,8,Tolna,21.65516129,31,43,0,43,135.08953488,31,43,0,43
1974,8,Vas,20.51253666,31,44,0,44,94.69681818,31,44,0,44
1974,8,Veszprém,20.83522103,31,54,0,54,147.27666667,31,54,0,54
1974,8,Zala,20.54964076,31,44,0,44,125.42409091,31,44,0,44
1974,9,Baranya,16.01114198,30,54,0,54,70.70407407,30,54,0,54
1974,9,Borsod-Abaúj-Zemplén,15.66005426,30,86,0,86,44.74511628,30,86,0,86
1974,9,Bács-Kiskun,16.22176431,30,99,0,99,33.87010101,30,99,0,99
1974,9,Békés,17.37068657,30,67,0,67,32.09432836,30,67,0,67
1974,9,Csongrád-Csanád,17.12673611,30,48,0,48,30.20125000,30,48,0,48
1974,9,Fejér,15.55038298,30,47,0,47,68.90127660,30,47,0,47
1974,9,Győr-Moson-Sopron,15.14286806,30,48,0,48,49.23583333,30,48,0,48
1974,9,Hajdú-Bihar,16.94387607,30,78,0,78,31.81858974,30,78,0,78
1974,9,Heves,15.73352273,30,44,0,44,42.92659091,30,44,0,44
1974,9,Jász-Nagykun-Szolnok,16.76420098,30,68,0,68,26.74029412,30,68,0,68
1974,9,Komárom-Esztergom,15.08320690,30,29,0,29,60.14310345,30,29,0,29
1974,9,Nógrád,14.38484524,30,28,0,28,63.81142857,30,28,0,28
1974,9,Pest,15.62537333,30,75,0,75,50.17826667,30,75,0,75
1974,9,Somogy,15.59836667,30,70,0,70,86.24271429,30,70,0,70
1974,9,Szabolcs-Szatmár-Bereg,16.53748357,30,71,0,71,39.37295775,30,71,0,71
1974,9,Tolna,15.93185271,30,43,0,43,58.87069767,30,43,0,43
1974,9,Vas,14.82043182,30,44,0,44,66.79750000,30,44,0,44
1974,9,Veszprém,15.07740741,30,54,0,54,68.80574074,30,54,0,54
1974,9,Zala,15.19326515,30,44,0,44,78.51090909,30,44,0,44
1974,10,Baranya,7.08442652,31,54,0,54,161.16870370,31,54,0,54
1974,10,Borsod-Abaúj-Zemplén,7.09421605,31,86,0,86,200.20116279,31,86,0,86
1974,10,Bács-Kiskun,7.54489410,31,99,0,99,158.33222222,31,99,0,99
1974,10,Békés,8.37868079,31,67,0,67,132.27791045,31,67,0,67
1974,10,Csongrád-Csanád,8.17124328,31,48,0,48,119.97125000,31,48,0,48
1974,10,Fejér,6.97083047,31,47,0,47,156.37574468,31,47,0,47
1974,10,Győr-Moson-Sopron,6.90000000,31,48,0,48,118.77875000,31,48,0,48
1974,10,Hajdú-Bihar,8.21276261,31,78,0,78,142.05961538,31,78,0,78
1974,10,Heves,7.13389296,31,44,0,44,195.75977273,31,44,0,44
1974,10,Jász-Nagykun-Szolnok,7.90639943,31,68,0,68,146.65220588,31,68,0,68
1974,10,Komárom-Esztergom,6.64952169,31,29,0,29,146.58517241,31,29,0,29
1974,10,Nógrád,6.16908986,31,28,0,28,168.25178571,31,28,0,28
1974,10,Pest,7.09762581,31,75,0,75,162.19906667,31,75,0,75
1974,10,Somogy,7.04256682,31,70,0,70,154.42528571,31,70,0,70
1974,10,Szabolcs-Szatmár-Bereg,8.26272149,31,71,0,71,177.72028169,31,71,0,71
1974,10,Tolna,7.29618905,31,43,0,43,160.29441860,31,43,0,43
1974,10,Vas,6.47486804,31,44,0,44,130.93318182,31,44,0,44
1974,10,Veszprém,6.78657706,31,54,0,54,155.66648148,31,54,0,54
1974,10,Zala,6.89568182,31,44,0,44,157.19909091,31,44,0,44
1974,11,Baranya,5.74072222,30,54,0,54,37.90444444,30,54,0,54
1974,11,Borsod-Abaúj-Zemplén,3.68549225,30,86,0,86,25.38616279,30,86,0,86
1974,11,Bács-Kiskun,5.33776094,30,99,0,99,31.10696970,30,99,0,99
1974,11,Békés,5.02959204,30,67,0,67,26.46537313,30,67,0,67
1974,11,Csongrád-Csanád,5.27190972,30,48,0,48,29.93833333,30,48,0,48
1974,11,Fejér,5.25943262,30,47,0,47,37.04957447,30,47,0,47
1974,11,Győr-Moson-Sopron,5.45037500,30,48,0,48,30.33833333,30,48,0,48
1974,11,Hajdú-Bihar,4.50377350,30,78,0,78,22.13551282,30,78,0,78
1974,11,Heves,4.16729545,30,44,0,44,30.85704545,30,44,0,44
1974,11,Jász-Nagykun-Szolnok,4.80627451,30,68,0,68,25.98485294,30,68,0,68
1974,11,Komárom-Esztergom,5.05401149,30,29,0,29,31.97275862,30,29,0,29
1974,11,Nógrád,3.79097619,30,28,0,28,30.88500000,30,28,0,28
1974,11,Pest,4.80432444,30,75,0,75,34.25040000,30,75,0,75
1974,11,Somogy,5.89467143,30,70,0,70,35.72028571,30,70,0,70
1974,11,Szabolcs-Szatmár-Bereg,4.08263850,30,71,0,71,27.01492958,30,71,0,71
1974,11,Tolna,5.73722481,30,43,0,43,32.69000000,30,43,0,43
1974,11,Vas,5.27946212,30,44,0,44,37.27090909,30,44,0,44
1974,11,Veszprém,5.40436420,30,54,0,54,39.41814815,30,54,0,54
1974,11,Zala,5.80333333,30,44,0,44,42.90045455,30,44,0,44
1974,12,Baranya,3.29577658,31,54,0,54,51.79925926,31,54,0,54
1974,12,Borsod-Abaúj-Zemplén,0.86421980,31,86,0,86,27.31267442,31,86,0,86
1974,12,Bács-Kiskun,3.07589443,31,99,0,99,36.38252525,31,99,0,99
1974,12,Békés,2.35261435,31,67,0,67,40.94940299,31,67,0,67
1974,12,Csongrád-Csanád,2.77845430,31,48,0,48,35.09437500,31,48,0,48
1974,12,Fejér,3.07313658,31,47,0,47,42.31212766,31,47,0,47
1974,12,Győr-Moson-Sopron,3.77801747,31,48,0,48,65.99354167,31,48,0,48
1974,12,Hajdú-Bihar,1.86944996,31,78,0,78,30.16358974,31,78,0,78
1974,12,Heves,1.52173754,31,44,0,44,29.74204545,31,44,0,44
1974,12,Jász-Nagykun-Szolnok,2.42404175,31,68,0,68,28.17117647,31,68,0,68
1974,12,Komárom-Esztergom,2.75988877,31,29,0,29,64.19862069,31,29,0,29
1974,12,Nógrád,1.08375576,31,28,0,28,42.21357143,31,28,0,28
1974,12,Pest,2.60430538,31,75,0,75,38.11640000,31,75,0,75
1974,12,Somogy,3.20568664,31,70,0,70,44.78400000,31,70,0,70
1974,12,Szabolcs-Szatmár-Bereg,1.70985461,31,71,0,71,37.23492958,31,71,0,71
1974,12,Tolna,3.34663916,31,43,0,43,45.74255814,31,43,0,43
1974,12,Vas,3.17371701,31,44,0,44,45.33636364,31,44,0,44
1974,12,Veszprém,3.04647551,31,54,0,54,69.98611111,31,54,0,54
1974,12,Zala,2.92190616,31,44,0,44,38.81227273,31,44,0,44
1975,1,Baranya,3.33875747,31,54,0,54,14.46277778,31,54,0,54
1975,1,Borsod-Abaúj-Zemplén,0.32431733,31,86,0,86,10.62976744,31,86,0,86
1975,1,Bács-Kiskun,2.17284783,31,99,0,99,14.82313131,31,99,0,99
1975,1,Békés,1.32657198,31,67,0,67,7.39462687,31,67,0,67
1975,1,Csongrád-Csanád,1.71888441,31,48,0,48,8.65395833,31,48,0,48
1975,1,Fejér,2.40390528,31,47,0,47,14.26574468,31,47,0,47
1975,1,Győr-Moson-Sopron,3.11670027,31,48,0,48,15.56541667,31,48,0,48
1975,1,Hajdú-Bihar,1.29531844,31,78,0,78,14.35628205,31,78,0,78
1975,1,Heves,0.71666422,31,44,0,44,8.25772727,31,44,0,44
1975,1,Jász-Nagykun-Szolnok,1.32787476,31,68,0,68,12.02867647,31,68,0,68
1975,1,Komárom-Esztergom,2.31840934,31,29,0,29,20.90068966,31,29,0,29
1975,1,Nógrád,0.28021889,31,28,0,28,6.82857143,31,28,0,28
1975,1,Pest,1.47673118,31,75,0,75,10.86706667,31,75,0,75
1975,1,Somogy,3.43204608,31,70,0,70,11.26485714,31,70,0,70
1975,1,Szabolcs-Szatmár-Bereg,1.08263517,31,71,0,71,16.00901408,31,71,0,71
1975,1,Tolna,3.06207052,31,43,0,43,17.00395349,31,43,0,43
1975,1,Vas,3.02934018,31,44,0,44,10.07295455,31,44,0,44
1975,1,Veszprém,2.97554958,31,54,0,54,15.52351852,31,54,0,54
1975,1,Zala,3.35868768,31,44,0,44,8.09886364,31,44,0,44
1975,2,Baranya,1.24578704,28,54,0,54,7.85129630,28,54,0,54
1975,2,Borsod-Abaúj-Zemplén,-1.09502076,28,86,0,86,5.84813953,28,86,0,86
1975,2,Bács-Kiskun,0.83237374,28,99,0,99,4.49909091,28,99,0,99
1975,2,Békés,0.07436034,28,67,0,67,4.37746269,28,67,0,67
1975,2,Csongrád-Csanád,0.39397321,28,48,0,48,4.96625000,28,48,0,48
1975,2,Fejér,0.70196049,28,47,0,47,9.07361702,28,47,0,47
1975,2,Győr-Moson-Sopron,0.58168155,28,48,0,48,4.81187500,28,48,0,48
1975,2,Hajdú-Bihar,-0.18969780,28,78,0,78,5.64153846,28,78,0,78
1975,2,Heves,-0.55144481,28,44,0,44,4.80409091,28,44,0,44
1975,2,Jász-Nagykun-Szolnok,0.12280987,28,68,0,68,4.00235294,28,68,0,68
1975,2,Komárom-Esztergom,0.29429803,28,29,0,29,2.23068966,28,29,0,29
1975,2,Nógrád,-1.20209184,28,28,0,28,6.77678571,28,28,0,28
1975,2,Pest,0.22943810,28,75,0,75,6.02946667,28,75,0,75
1975,2,Somogy,1.22098980,28,70,0,70,9.09800000,28,70,0,70
1975,2,Szabolcs-Szatmár-Bereg,-0.52393360,28,71,0,71,8.41746479,28,71,0,71
1975,2,Tolna,1.10488372,28,43,0,43,8.21441860,28,43,0,43
1975,2,Vas,0.43591721,28,44,0,44,8.83272727,28,44,0,44
1975,2,Veszprém,0.60405423,28,54,0,54,6.70703704,28,54,0,54
1975,2,Zala,0.88496753,28,44,0,44,12.51750000,28,44,0,44
1975,3,Baranya,7.93935484,31,54,0,54,30.11481481,31,54,0,54
1975,3,Borsod-Abaúj-Zemplén,6.65909602,31,86,0,86,52.33151163,31,86,0,86
1975,3,Bács-Kiskun,8.26518736,31,99,0,99,25.07181818,31,99,0,99
1975,3,Békés,8.49933558,31,67,0,67,26.87014925,31,67,0,67
1975,3,Csongrád-Csanád,8.53969086,31,48,0,48,29.91062500,31,48,0,48
1975,3,Fejér,7.41188058,31,47,0,47,36.84638298,31,47,0,47
1975,3,Győr-Moson-Sopron,6.50623656,31,48,0,48,42.76791667,31,48,0,48
1975,3,Hajdú-Bihar,8.14538048,31,78,0,78,33.11384615,31,78,0,78
1975,3,Heves,7.11132698,31,44,0,44,59.83363636,31,44,0,44
1975,3,Jász-Nagykun-Szolnok,8.01328273,31,68,0,68,31.63352941,31,68,0,68
1975,3,Komárom-Esztergom,7.07441602,31,29,0,29,40.80482759,31,29,0,29
1975,3,Nógrád,6.15459677,31,28,0,28,52.98214286,31,28,0,28
1975,3,Pest,7.53663226,31,75,0,75,31.45213333,31,75,0,75
1975,3,Somogy,7.41612903,31,70,0,70,36.28714286,31,70,0,70
1975,3,Szabolcs-Szatmár-Bereg,7.83866879,31,71,0,71,29.46507042,31,71,0,71
1975,3,Tolna,7.95873968,31,43,0,43,25.09627907,31,43,0,43
1975,3,Vas,6.00317449,31,44,0,44,55.42181818,31,44,0,44
1975,3,Veszprém,6.76257467,31,54,0,54,42.90129630,31,54,0,54
1975,3,Zala,6.75080645,31,44,0,44,47.02340909,31,44,0,44
1975,4,Baranya,10.08488272,30,54,0,54,64.49148148,30,54,0,54
1975,4,Borsod-Abaúj-Zemplén,9.60277519,30,86,0,86,50.85244186,30,86,0,86
1975,4,Bács-Kiskun,10.31632323,30,99,0,99,41.47484848,30,99,0,99
1975,4,Békés,10.40119403,30,67,0,67,32.60164179,30,67,0,67
1975,4,Csongrád-Csanád,10.41143750,30,48,0,48,25.85958333,30,48,0,48
1975,4,Fejér,9.86402128,30,47,0,47,35.52765957,30,47,0,47
1975,4,Győr-Moson-Sopron,9.32612500,30,48,0,48,22.89562500,30,48,0,48
1975,4,Hajdú-Bihar,10.47649573,30,78,0,78,30.56833333,30,78,0,78
1975,4,Heves,9.66127273,30,44,0,44,55.74795455,30,44,0,44
1975,4,Jász-Nagykun-Szolnok,10.33243137,30,68,0,68,32.45794118,30,68,0,68
1975,4,Komárom-Esztergom,9.22405747,30,29,0,29,31.61724138,30,29,0,29
1975,4,Nógrád,8.77438095,30,28,0,28,53.28535714,30,28,0,28
1975,4,Pest,9.92884000,30,75,0,75,42.63893333,30,75,0,75
1975,4,Somogy,9.85290000,30,70,0,70,42.39714286,30,70,0,70
1975,4,Szabolcs-Szatmár-Bereg,10.49914085,30,71,0,71,37.89619718,30,71,0,71
1975,4,Tolna,10.23458140,30,43,0,43,50.85186047,30,43,0,43
1975,4,Vas,9.25912121,30,44,0,44,17.74159091,30,44,0,44
1975,4,Veszprém,9.34003704,30,54,0,54,26.80240741,30,54,0,54
1975,4,Zala,9.58291667,30,44,0,44,26.47159091,30,44,0,44
1975,5,Baranya,16.81673835,31,54,0,54,117.45759259,31,54,0,54
1975,5,Borsod-Abaúj-Zemplén,16.48741560,31,86,0,86,60.53406977,31,86,0,86
1975,5,Bács-Kiskun,17.27760834,31,99,0,99,87.82474747,31,99,0,99
1975,5,Békés,17.63325469,31,67,0,67,80.84164179,31,67,0,67
1975,5,Csongrád-Csanád,17.55246640,31,48,0,48,96.13312500,31,48,0,48
1975,5,Fejér,16.79118051,31,47,0,47,89.71106383,31,47,0,47
1975,5,Győr-Moson-Sopron,16.22610887,31,48,0,48,83.08729167,31,48,0,48
1975,5,Hajdú-Bihar,17.59017370,31,78,0,78,78.14500000,31,78,0,78
1975,5,Heves,16.62756598,31,44,0,44,63.50750000,31,44,0,44
1975,5,Jász-Nagykun-Szolnok,17.55159393,31,68,0,68,79.50073529,31,68,0,68
1975,5,Komárom-Esztergom,16.30022247,31,29,0,29,74.53103448,31,29,0,29
1975,5,Nógrád,15.66388249,31,28,0,28,75.33357143,31,28,0,28
1975,5,Pest,16.94600430,31,75,0,75,67.37840000,31,75,0,75
1975,5,Somogy,16.52335023,31,70,0,70,109.06171429,31,70,0,70
1975,5,Szabolcs-Szatmár-Bereg,17.33099955,31,71,0,71,67.26267606,31,71,0,71
1975,5,Tolna,17.08028507,31,43,0,43,106.66000000,31,43,0,43
1975,5,Vas,15.88493402,31,44,0,44,55.16750000,31,44,0,44
1975,5,Veszprém,16.00091398,31,54,0,54,106.19203704,31,54,0,54
1975,5,Zala,15.98531525,31,44,0,44,73.65272727,31,44,0,44
1975,6,Baranya,17.91419753,30,54,0,54,102.92166667,30,54,0,54
1975,6,Borsod-Abaúj-Zemplén,18.27260465,30,86,0,86,113.64267442,30,86,0,86
1975,6,Bács-Kiskun,18.73387879,30,99,0,99,124.37585859,30,99,0,99
1975,6,Békés,19.40733831,30,67,0,67,118.35552239,30,67,0,67
1975,6,Csongrád-Csanád,19.08332639,30,48,0,48,128.25270833,30,48,0,48
1975,6,Fejér,18.03902837,30,47,0,47,84.13787234,30,47,0,47
1975,6,Győr-Moson-Sopron,17.43138889,30,48,0,48,121.52916667,30,48,0,48
1975,6,Hajdú-Bihar,19.43424359,30,78,0,78,115.36846154,30,78,0,78
1975,6,Heves,18.35369697,30,44,0,44,85.72113636,30,44,0,44
1975,6,Jász-Nagykun-Szolnok,19.21196569,30,68,0,68,105.40235294,30,68,0,68
1975,6,Komárom-Esztergom,17.51583908,30,29,0,29,89.37310345,30,29,0,29
1975,6,Nógrád,17.22005952,30,28,0,28,84.37607143,30,28,0,28
1975,6,Pest,18.37743556,30,75,0,75,84.73800000,30,75,0,75
1975,6,Somogy,17.45462381,30,70,0,70,109.78400000,30,70,0,70
1975,6,Szabolcs-Szatmár-Bereg,19.18634742,30,71,0,71,94.24760563,30,71,0,71
1975,6,Tolna,18.23620930,30,43,0,43,93.47372093,30,43,0,43
1975,6,Vas,16.95185606,30,44,0,44,142.62045455,30,44,0,44
1975,6,Veszprém,17.21741358,30,54,0,54,108.90037037,30,54,0,54
1975,6,Zala,16.95018182,30,44,0,44,127.44590909,30,44,0,44
1975,7,Baranya,20.22041816,31,54,0,54,65.84407407,31,54,0,54
1975,7,Borsod-Abaúj-Zemplén,19.95717929,31,86,0,86,95.75500000,31,86,0,86
1975,7,Bács-Kiskun,20.89457478,31,99,0,99,86.59303030,31,99,0,99
1975,7,Békés,21.23775638,31,67,0,67,113.25313433,31,67,0,67
1975,7,Csongrád-Csanád,21.28215054,31,48,0,48,98.96708333,31,48,0,48
1975,7,Fejér,20.47498970,31,47,0,47,94.17085106,31,47,0,47
1975,7,Győr-Moson-Sopron,20.13573925,31,48,0,48,115.99000000,31,48,0,48
1975,7,Hajdú-Bihar,21.13735318,31,78,0,78,66.92012821,31,78,0,78
1975,7,Heves,20.13883431,31,44,0,44,80.43954545,31,44,0,44
1975,7,Jász-Nagykun-Szolnok,21.10729602,31,68,0,68,82.93485294,31,68,0,68
1975,7,Komárom-Esztergom,19.86140156,31,29,0,29,126.32793103,31,29,0,29
1975,7,Nógrád,18.92358295,31,28,0,28,107.54928571,31,28,0,28
1975,7,Pest,20.51344946,31,75,0,75,96.44840000,31,75,0,75
1975,7,Somogy,20.08555760,31,70,0,70,87.18071429,31,70,0,70
1975,7,Szabolcs-Szatmár-Bereg,20.98723308,31,71,0,71,86.82873239,31,71,0,71
1975,7,Tolna,20.55007502,31,43,0,43,77.65325581,31,43,0,43
1975,7,Vas,19.72230205,31,44,0,44,127.17727273,31,44,0,44
1975,7,Veszprém,19.86936081,31,54,0,54,118.47814815,31,54,0,54
1975,7,Zala,19.77506598,31,44,0,44,129.77022727,31,44,0,44
1975,8,Baranya,19.20706093,31,54,0,54,123.28370370,31,54,0,54
1975,8,Borsod-Abaúj-Zemplén,19.02316954,31,86,0,86,98.29441860,31,86,0,86
1975,8,Bács-Kiskun,19.69155425,31,99,0,99,109.30383838,31,99,0,99
1975,8,Békés,20.19622051,31,67,0,67,65.16686567,31,67,0,67
1975,8,Csongrád-Csanád,20.16066532,31,48,0,48,95.92250000,31,48,0,48
1975,8,Fejér,19.52358270,31,47,0,47,91.44744681,31,47,0,47
1975,8,Győr-Moson-Sopron,19.26449597,31,48,0,48,49.18083333,31,48,0,48
1975,8,Hajdú-Bihar,20.15322994,31,78,0,78,74.85179487,31,78,0,78
1975,8,Heves,19.23288856,31,44,0,44,82.79318182,31,44,0,44
1975,8,Jász-Nagykun-Szolnok,20.17771822,31,68,0,68,73.26352941,31,68,0,68
1975,8,Komárom-Esztergom,18.96527253,31,29,0,29,74.39103448,31,29,0,29
1975,8,Nógrád,18.00934332,31,28,0,28,61.57785714,31,28,0,28
1975,8,Pest,19.54045591,31,75,0,75,90.53200000,31,75,0,75
1975,8,Somogy,19.03341935,31,70,0,70,117.58514286,31,70,0,70
1975,8,Szabolcs-Szatmár-Bereg,19.82396184,31,71,0,71,91.19859155,31,71,0,71
1975,8,Tolna,19.42105776,31,43,0,43,118.54767442,31,43,0,43
1975,8,Vas,18.89342375,31,44,0,44,65.21204545,31,44,0,44
1975,8,Veszprém,19.03590800,31,54,0,54,76.35018519,31,54,0,54
1975,8,Zala,18.92847507,31,44,0,44,91.46272727,31,44,0,44
1975,9,Baranya,18.16148765,30,54,0,54,31.75944444,30,54,0,54
1975,9,Borsod-Abaúj-Zemplén,16.84567829,30,86,0,86,38.57255814,30,86,0,86
1975,9,Bács-Kiskun,18.16404714,30,99,0,99,33.79646465,30,99,0,99
1975,9,Békés,18.55853234,30,67,0,67,45.32910448,30,67,0,67
1975,9,Csongrád-Csanád,18.67976389,30,48,0,48,43.32395833,30,48,0,48
1975,9,Fejér,17.62670213,30,47,0,47,40.91595745,30,47,0,47
1975,9,Győr-Moson-Sopron,17.61279861,30,48,0,48,31.35333333,30,48,0,48
1975,9,Hajdú-Bihar,18.02759402,30,78,0,78,29.98410256,30,78,0,78
1975,9,Heves,17.27286364,30,44,0,44,34.09772727,30,44,0,44
1975,9,Jász-Nagykun-Szolnok,18.16475000,30,68,0,68,43.93029412,30,68,0,68
1975,9,Komárom-Esztergom,17.45724138,30,29,0,29,45.85379310,30,29,0,29
1975,9,Nógrád,16.29491667,30,28,0,28,42.69000000,30,28,0,28
1975,9,Pest,17.51858667,30,75,0,75,31.20173333,30,75,0,75
1975,9,Somogy,17.73118095,30,70,0,70,40.70185714,30,70,0,70
1975,9,Szabolcs-Szatmár-Bereg,17.37692019,30,71,0,71,36.11591549,30,71,0,71
1975,9,Tolna,18.10175194,30,43,0,43,39.58395349,30,43,0,43
1975,9,Vas,17.18308333,30,44,0,44,46.28704545,30,44,0,44
1975,9,Veszprém,17.36071605,30,54,0,54,56.17277778,30,54,0,54
1975,9,Zala,17.46303030,30,44,0,44,54.13659091,30,44,0,44
1975,10,Baranya,10.16327957,31,54,0,54,74.17574074,31,54,0,54
1975,10,Borsod-Abaúj-Zemplén,9.85999625,31,86,0,86,56.85441860,31,86,0,86
1975,10,Bács-Kiskun,10.51260345,31,99,0,99,37.31989899,31,99,0,99
1975,10,Békés,10.83044295,31,67,0,67,20.55432836,31,67,0,67
1975,10,Csongrád-Csanád,10.78678763,31,48,0,48,24.40312500,31,48,0,48
1975,10,Fejér,10.08588195,31,47,0,47,51.19042553,31,47,0,47
1975,10,Győr-Moson-Sopron,9.54383737,31,48,0,48,58.07000000,31,48,0,48
1975,10,Hajdú-Bihar,10.69389578,31,78,0,78,32.64820513,31,78,0,78
1975,10,Heves,10.11102639,31,44,0,44,43.79431818,31,44,0,44
1975,10,Jász-Nagykun-Szolnok,10.76318311,31,68,0,68,26.90073529,31,68,0,68
1975,10,Komárom-Esztergom,9.53601780,31,29,0,29,52.74862069,31,29,0,29
1975,10,Nógrád,8.88834101,31,28,0,28,50.24035714,31,28,0,28
1975,10,Pest,10.15106667,31,75,0,75,43.92320000,31,75,0,75
1975,10,Somogy,9.76947465,31,70,0,70,70.40428571,31,70,0,70
1975,10,Szabolcs-Szatmár-Bereg,10.32323035,31,71,0,71,62.65366197,31,71,0,71
1975,10,Tolna,10.29431358,31,43,0,43,64.34186047,31,43,0,43
1975,10,Vas,9.23737537,31,44,0,44,66.92750000,31,44,0,44
1975,10,Veszprém,9.54602151,31,54,0,54,65.82166667,31,54,0,54
1975,10,Zala,9.55925220,31,44,0,44,66.07886364,31,44,0,44
1975,11,Baranya,3.50535185,30,54,0,54,32.43333333,30,54,0,54
1975,11,Borsod-Abaúj-Zemplén,1.92082558,30,86,0,86,10.69500000,30,86,0,86
1975,11,Bács-Kiskun,3.66293939,30,99,0,99,16.47454545,30,99,0,99
1975,11,Békés,3.53784080,30,67,0,67,11.14164179,30,67,0,67
1975,11,Csongrád-Csanád,3.89445833,30,48,0,48,12.18854167,30,48,0,48
1975,11,Fejér,3.14139716,30,47,0,47,21.43425532,30,47,0,47
1975,11,Győr-Moson-Sopron,3.36365278,30,48,0,48,24.17708333,30,48,0,48
1975,11,Hajdú-Bihar,2.68059402,30,78,0,78,10.91243590,30,78,0,78
1975,11,Heves,2.34550758,30,44,0,44,14.66522727,30,44,0,44
1975,11,Jász-Nagykun-Szolnok,3.13325000,30,68,0,68,8.45426471,30,68,0,68
1975,11,Komárom-Esztergom,2.88650575,30,29,0,29,23.15862069,30,29,0,29
1975,11,Nógrád,1.76783333,30,28,0,28,20.57464286,30,28,0,28
1975,11,Pest,2.91700889,30,75,0,75,17.27693333,30,75,0,75
1975,11,Somogy,3.56309048,30,70,0,70,29.37642857,30,70,0,70
1975,11,Szabolcs-Szatmár-Bereg,2.31259624,30,71,0,71,9.53549296,30,71,0,71
1975,11,Tolna,3.43790698,30,43,0,43,21.57534884,30,43,0,43
1975,11,Vas,3.29573485,30,44,0,44,27.87272727,30,44,0,44
1975,11,Veszprém,3.07359259,30,54,0,54,22.76851852,30,54,0,54
1975,11,Zala,3.63978030,30,44,0,44,24.03340909,30,44,0,44
1975,12,Baranya,0.60900836,31,54,0,54,9.75962963,31,54,0,54
1975,12,Borsod-Abaúj-Zemplén,-1.04600150,31,86,0,86,45.04255814,31,86,0,86
1975,12,Bács-Kiskun,0.63546106,31,99,0,99,15.89252525,31,99,0,99
1975,12,Békés,-0.14105922,31,67,0,67,14.51253731,31,67,0,67
1975,12,Csongrád-Csanád,0.52527554,31,48,0,48,10.91312500,31,48,0,48
1975,12,Fejér,0.43606040,31,47,0,47,30.60723404,31,47,0,47
1975,12,Győr-Moson-Sopron,0.63831989,31,48,0,48,36.84604167,31,48,0,48
1975,12,Hajdú-Bihar,-0.62502481,31,78,0,78,31.03961538,31,78,0,78
1975,12,Heves,-0.48718475,31,44,0,44,40.81681818,31,44,0,44
1975,12,Jász-Nagykun-Szolnok,-0.10121442,31,68,0,68,26.41573529,31,68,0,68
1975,12,Komárom-Esztergom,0.21030033,31,29,0,29,38.57517241,31,29,0,29
1975,12,Nógrád,-0.73800691,31,28,0,28,38.93785714,31,28,0,28
1975,12,Pest,0.22056344,31,75,0,75,34.76106667,31,75,0,75
1975,12,Somogy,0.42545622,31,70,0,70,25.82871429,31,70,0,70
1975,12,Szabolcs-Szatmár-Bereg,-0.82830077,31,71,0,71,46.04323944,31,71,0,71
1975,12,Tolna,0.57308327,31,43,0,43,14.35511628,31,43,0,43
1975,12,Vas,0.00825513,31,44,0,44,31.03431818,31,44,0,44
1975,12,Veszprém,0.14142174,31,54,0,54,32.51907407,31,54,0,54
1975,12,Zala,0.15722874,31,44,0,44,32.82954545,31,44,0,44
1976,1,Baranya,0.53104540,31,54,0,54,40.90574074,31,54,0,54
1976,1,Borsod-Abaúj-Zemplén,-1.79936984,31,86,0,86,23.76372093,31,86,0,86
1976,1,Bács-Kiskun,0.33203975,31,99,0,99,37.49010101,31,99,0,99
1976,1,Békés,-0.97997111,31,67,0,67,43.39283582,31,67,0,67
1976,1,Csongrád-Csanád,-0.18359543,31,48,0,48,37.87770833,31,48,0,48
1976,1,Fejér,0.28536719,31,47,0,47,38.72000000,31,47,0,47
1976,1,Győr-Moson-Sopron,0.87288306,31,48,0,48,79.91770833,31,48,0,48
1976,1,Hajdú-Bihar,-1.32971050,31,78,0,78,37.33333333,31,78,0,78
1976,1,Heves,-1.14983871,31,44,0,44,30.07318182,31,44,0,44
1976,1,Jász-Nagykun-Szolnok,-0.43997628,31,68,0,68,31.98808824,31,68,0,68
1976,1,Komárom-Esztergom,-0.08986652,31,29,0,29,66.19724138,31,29,0,29
1976,1,Nógrád,-1.44542627,31,28,0,28,39.99714286,31,28,0,28
1976,1,Pest,-0.24489892,31,75,0,75,45.36426667,31,75,0,75
1976,1,Somogy,0.53159447,31,70,0,70,37.06357143,31,70,0,70
1976,1,Szabolcs-Szatmár-Bereg,-2.05733303,31,71,0,71,49.28549296,31,71,0,71
1976,1,Tolna,0.56553638,31,43,0,43,36.02000000,31,43,0,43
1976,1,Vas,0.34052786,31,44,0,44,50.92318182,31,44,0,44
1976,1,Veszprém,0.15817802,31,54,0,54,67.62703704,31,54,0,54
1976,1,Zala,0.48208944,31,44,0,44,23.63045455,31,44,0,44
1976,2,Baranya,-0.28819923,29,54,0,54,5.28629630,29,54,0,54
1976,2,Borsod-Abaúj-Zemplén,-1.72440257,29,86,0,86,1.32779070,29,86,0,86
1976,2,Bács-Kiskun,-0.67758272,29,99,0,99,2.80161616,29,99,0,99
1976,2,Békés,-2.26569223,29,67,0,67,1.27686567,29,67,0,67
1976,2,Csongrád-Csanád,-1.34465517,29,48,0,48,1.89166667,29,48,0,48
1976,2,Fejér,-0.77473221,29,47,0,47,5.98446809,29,47,0,47
1976,2,Győr-Moson-Sopron,-0.33523707,29,48,0,48,13.84687500,29,48,0,48
1976,2,Hajdú-Bihar,-2.08617153,29,78,0,78,0.76358974,29,78,0,78
1976,2,Heves,-1.21141066,29,44,0,44,1.98045455,29,44,0,44
1976,2,Jász-Nagykun-Szolnok,-1.72552738,29,68,0,68,1.42088235,29,68,0,68
1976,2,Komárom-Esztergom,-0.84080856,29,29,0,29,7.15689655,29,29,0,29
1976,2,Nógrád,-1.46245074,29,28,0,28,4.54714286,29,28,0,28
1976,2,Pest,-1.01713103,29,75,0,75,3.41320000,29,75,0,75
1976,2,Somogy,-0.56351724,29,70,0,70,8.06900000,29,70,0,70
1976,2,Szabolcs-Szatmár-Bereg,-2.64294318,29,71,0,71,0.22563380,29,71,0,71
1976,2,Tolna,-0.57342422,29,43,0,43,5.97418605,29,43,0,43
1976,2,Vas,-0.49076803,29,44,0,44,14.69113636,29,44,0,44
1976,2,Veszprém,-0.95630268,29,54,0,54,10.45296296,29,54,0,54
1976,2,Zala,-0.47268809,29,44,0,44,10.86454545,29,44,0,44
1976,3,Baranya,2.28766428,31,54,0,54,39.22277778,31,54,0,54
1976,3,Borsod-Abaúj-Zemplén,0.97205551,31,86,0,86,34.69441860,31,86,0,86
1976,3,Bács-Kiskun,2.28222548,31,99,0,99,42.65343434,31,99,0,99
1976,3,Békés,2.32307655,31,67,0,67,43.49194030,31,67,0,67
1976,3,Csongrád-Csanád,2.44473118,31,48,0,48,45.89041667,31,48,0,48
1976,3,Fejér,1.99383665,31,47,0,47,30.11170213,31,47,0,47
1976,3,Győr-Moson-Sopron,2.51547043,31,48,0,48,6.52354167,31,48,0,48
1976,3,Hajdú-Bihar,1.88195203,31,78,0,78,36.55756410,31,78,0,78
1976,3,Heves,1.29345308,31,44,0,44,34.74954545,31,44,0,44
1976,3,Jász-Nagykun-Szolnok,1.96343454,31,68,0,68,39.50294118,31,68,0,68
1976,3,Komárom-Esztergom,1.83325918,31,29,0,29,13.06551724,31,29,0,29
1976,3,Nógrád,0.72124424,31,28,0,28,18.71464286,31,28,0,28
1976,3,Pest,1.93331613,31,75,0,75,29.05826667,31,75,0,75
1976,3,Somogy,1.95622581,31,70,0,70,43.28128571,31,70,0,70
1976,3,Szabolcs-Szatmár-Bereg,1.40493866,31,71,0,71,40.47830986,31,71,0,71
1976,3,Tolna,2.12249062,31,43,0,43,40.82209302,31,43,0,43
1976,3,Vas,2.03479472,31,44,0,44,15.23590909,31,44,0,44
1976,3,Veszprém,1.92811828,31,54,0,54,21.85185185,31,54,0,54
1976,3,Zala,1.98818182,31,44,0,44,29.38681818,31,44,0,44
1976,4,Baranya,11.07285185,30,54,0,54,47.96944444,30,54,0,54
1976,4,Borsod-Abaúj-Zemplén,10.36877907,30,86,0,86,40.10406977,30,86,0,86
1976,4,Bács-Kiskun,11.55222559,30,99,0,99,50.94929293,30,99,0,99
1976,4,Békés,11.65777114,30,67,0,67,35.64985075,30,67,0,67
1976,4,Csongrád-Csanád,11.73667361,30,48,0,48,52.69270833,30,48,0,48
1976,4,Fejér,11.02064539,30,47,0,47,55.79872340,30,47,0,47
1976,4,Győr-Moson-Sopron,10.51153472,30,48,0,48,39.85125000,30,48,0,48
1976,4,Hajdú-Bihar,11.36870085,30,78,0,78,26.37205128,30,78,0,78
1976,4,Heves,10.57981061,30,44,0,44,55.05636364,30,44,0,44
1976,4,Jász-Nagykun-Szolnok,11.48451961,30,68,0,68,34.88147059,30,68,0,68
1976,4,Komárom-Esztergom,10.63537931,30,29,0,29,45.14586207,30,29,0,29
1976,4,Nógrád,9.51819048,30,28,0,28,69.70785714,30,28,0,28
1976,4,Pest,11.11598667,30,75,0,75,59.39040000,30,75,0,75
1976,4,Somogy,10.61596190,30,70,0,70,59.77671429,30,70,0,70
1976,4,Szabolcs-Szatmár-Bereg,11.29484977,30,71,0,71,29.07563380,30,71,0,71
1976,4,Tolna,11.21271318,30,43,0,43,50.16790698,30,43,0,43
1976,4,Vas,9.90933333,30,44,0,44,46.71886364,30,44,0,44
1976,4,Veszprém,10.29766049,30,54,0,54,55.15629630,30,54,0,54
1976,4,Zala,10.17773485,30,44,0,44,80.68772727,30,44,0,44
1976,5,Baranya,15.17338710,31,54,0,54,41.76555556,31,54,0,54
1976,5,Borsod-Abaúj-Zemplén,14.01006002,31,86,0,86,97.43906977,31,86,0,86
1976,5,Bács-Kiskun,15.54184751,31,99,0,99,43.25686869,31,99,0,99
1976,5,Békés,15.60879153,31,67,0,67,53.17895522,31,67,0,67
1976,5,Csongrád-Csanád,15.61793683,31,48,0,48,53.50520833,31,48,0,48
1976,5,Fejér,15.08414550,31,47,0,47,27.45787234,31,47,0,47
1976,5,Győr-Moson-Sopron,14.92888441,31,48,0,48,41.20833333,31,48,0,48
1976,5,Hajdú-Bihar,15.23573615,31,78,0,78,51.06538462,31,78,0,78
1976,5,Heves,14.43585044,31,44,0,44,44.71909091,31,44,0,44
1976,5,Jász-Nagykun-Szolnok,15.52409393,31,68,0,68,51.02205882,31,68,0,68
1976,5,Komárom-Esztergom,14.60766407,31,29,0,29,33.55034483,31,29,0,29
1976,5,Nógrád,13.54141705,31,28,0,28,42.66642857,31,28,0,28
1976,5,Pest,15.04699785,31,75,0,75,26.42480000,31,75,0,75
1976,5,Somogy,14.89734101,31,70,0,70,42.21914286,31,70,0,70
1976,5,Szabolcs-Szatmár-Bereg,14.72213539,31,71,0,71,63.11929577,31,71,0,71
1976,5,Tolna,15.42540135,31,43,0,43,40.53186047,31,43,0,43
1976,5,Vas,14.39981672,31,44,0,44,69.64181818,31,44,0,44
1976,5,Veszprém,14.52872162,31,54,0,54,44.37666667,31,54,0,54
1976,5,Zala,14.49118768,31,44,0,44,75.29727273,31,44,0,44
1976,6,Baranya,17.93966667,30,54,0,54,67.23648148,30,54,0,54
1976,6,Borsod-Abaúj-Zemplén,17.18347287,30,86,0,86,32.02534884,30,86,0,86
1976,6,Bács-Kiskun,18.39168013,30,99,0,99,37.12505051,30,99,0,99
1976,6,Békés,18.24032836,30,67,0,67,42.63328358,30,67,0,67
1976,6,Csongrád-Csanád,18.29518056,30,48,0,48,34.37937500,30,48,0,48
1976,6,Fejér,18.34749645,30,47,0,47,36.39851064,30,47,0,47
1976,6,Győr-Moson-Sopron,18.43330556,30,48,0,48,29.01854167,30,48,0,48
1976,6,Hajdú-Bihar,18.13360684,30,78,0,78,41.88230769,30,78,0,78
1976,6,Heves,17.60000758,30,44,0,44,27.05886364,30,44,0,44
1976,6,Jász-Nagykun-Szolnok,18.35685294,30,68,0,68,31.69941176,30,68,0,68
1976,6,Komárom-Esztergom,17.88729885,30,29,0,29,32.74310345,30,29,0,29
1976,6,Nógrád,16.93897619,30,28,0,28,28.38857143,30,28,0,28
1976,6,Pest,18.25257778,30,75,0,75,31.38706667,30,75,0,75
1976,6,Somogy,17.96563333,30,70,0,70,61.52785714,30,70,0,70
1976,6,Szabolcs-Szatmár-Bereg,17.67633333,30,71,0,71,45.31507042,30,71,0,71
1976,6,Tolna,18.32531783,30,43,0,43,45.38860465,30,43,0,43
1976,6,Vas,17.92500000,30,44,0,44,28.28931818,30,44,0,44
1976,6,Veszprém,17.92950000,30,54,0,54,37.25000000,30,54,0,54
1976,6,Zala,17.75103030,30,44,0,44,34.58931818,30,44,0,44
1976,7,Baranya,21.02596177,31,54,0,54,53.58907407,31,54,0,54
1976,7,Borsod-Abaúj-Zemplén,20.36622281,31,86,0,86,49.12569767,31,86,0,86
1976,7,Bács-Kiskun,21.55833170,31,99,0,99,60.81929293,31,99,0,99
1976,7,Békés,21.70753009,31,67,0,67,31.32537313,31,67,0,67
1976,7,Csongrád-Csanád,21.70679435,31,48,0,48,47.98208333,31,48,0,48
1976,7,Fejér,21.21737131,31,47,0,47,55.57319149,31,47,0,47
1976,7,Győr-Moson-Sopron,21.01961694,31,48,0,48,47.81875000,31,48,0,48
1976,7,Hajdú-Bihar,21.45705542,31,78,0,78,38.96858974,31,78,0,78
1976,7,Heves,20.99355572,31,44,0,44,67.73068182,31,44,0,44
1976,7,Jász-Nagykun-Szolnok,21.81457780,31,68,0,68,42.42602941,31,68,0,68
1976,7,Komárom-Esztergom,20.68618465,31,29,0,29,57.03275862,31,29,0,29
1976,7,Nógrád,20.00660138,31,28,0,28,70.38107143,31,28,0,28
1976,7,Pest,21.44085591,31,75,0,75,66.24853333,31,75,0,75
1976,7,Somogy,20.70256221,31,70,0,70,63.99771429,31,70,0,70
1976,7,Szabolcs-Szatmár-Bereg,21.01953657,31,71,0,71,45.73183099,31,71,0,71
1976,7,Tolna,21.26592648,31,43,0,43,56.59813953,31,43,0,43
1976,7,Vas,20.57906158,31,44,0,44,58.94909091,31,44,0,44
1976,7,Veszprém,20.58173835,31,54,0,54,58.19037037,31,54,0,54
1976,7,Zala,20.40484604,31,44,0,44,67.25818182,31,44,0,44
1976,8,Baranya,17.13003584,31,54,0,54,55.44296296,31,54,0,54
1976,8,Borsod-Abaúj-Zemplén,16.71717179,31,86,0,86,29.85953488,31,86,0,86
1976,8,Bács-Kiskun,17.67978495,31,99,0,99,27.25777778,31,99,0,99
1976,8,Békés,17.87575831,31,67,0,67,67.60820896,31,67,0,67
1976,8,Csongrád-Csanád,18.11311828,31,48,0,48,53.05125000,31,48,0,48
1976,8,Fejér,17.34501716,31,47,0,47,34.43468085,31,47,0,47
1976,8,Győr-Moson-Sopron,17.00574597,31,48,0,48,46.98729167,31,48,0,48
1976,8,Hajdú-Bihar,17.76462779,31,78,0,78,35.20435897,31,78,0,78
1976,8,Heves,16.90777859,31,44,0,44,47.48750000,31,44,0,44
1976,8,Jász-Nagykun-Szolnok,17.99200190,31,68,0,68,29.77588235,31,68,0,68
1976,8,Komárom-Esztergom,16.68363737,31,29,0,29,37.13068966,31,29,0,29
1976,8,Nógrád,15.73905530,31,28,0,28,44.93571429,31,28,0,28
1976,8,Pest,17.35874839,31,75,0,75,29.48840000,31,75,0,75
1976,8,Somogy,16.84001843,31,70,0,70,34.85442857,31,70,0,70
1976,8,Szabolcs-Szatmár-Bereg,17.45901863,31,71,0,71,26.21084507,31,71,0,71
1976,8,Tolna,17.41577644,31,43,0,43,39.73255814,31,43,0,43
1976,8,Vas,16.44253666,31,44,0,44,58.40795455,31,44,0,44
1976,8,Veszprém,16.76950418,31,54,0,54,55.65611111,31,54,0,54
1976,8,Zala,16.45857038,31,44,0,44,33.58409091,31,44,0,44
1976,9,Baranya,14.65314198,30,54,0,54,83.22000000,30,54,0,54
1976,9,Borsod-Abaúj-Zemplén,14.31229070,30,86,0,86,114.19174419,30,86,0,86
1976,9,Bács-Kiskun,14.97019192,30,99,0,99,74.39292929,30,99,0,99
1976,9,Békés,15.50532836,30,67,0,67,73.41388060,30,67,0,67
1976,9,Csongrád-Csanád,15.53023611,30,48,0,48,65.03020833,30,48,0,48
1976,9,Fejér,14.35351773,30,47,0,47,102.29021277,30,47,0,47
1976,9,Győr-Moson-Sopron,14.03290278,30,48,0,48,70.08729167,30,48,0,48
1976,9,Hajdú-Bihar,15.24585043,30,78,0,78,107.92910256,30,78,0,78
1976,9,Heves,14.31600758,30,44,0,44,97.44863636,30,44,0,44
1976,9,Jász-Nagykun-Szolnok,15.27350980,30,68,0,68,79.27867647,30,68,0,68
1976,9,Komárom-Esztergom,13.88435632,30,29,0,29,117.09862069,30,29,0,29
1976,9,Nógrád,13.17051190,30,28,0,28,122.02892857,30,28,0,28
1976,9,Pest,14.31196444,30,75,0,75,111.76440000,30,75,0,75
1976,9,Somogy,14.41420952,30,70,0,70,92.91314286,30,70,0,70
1976,9,Szabolcs-Szatmár-Bereg,14.97245540,30,71,0,71,107.91718310,30,71,0,71
1976,9,Tolna,14.75447287,30,43,0,43,90.36302326,30,43,0,43
1976,9,Vas,13.91656061,30,44,0,44,56.41454545,30,44,0,44
1976,9,Veszprém,13.97085185,30,54,0,54,81.20666667,30,54,0,54
1976,9,Zala,14.23218182,30,44,0,44,80.21931818,30,44,0,44
1976,10,Baranya,11.13458184,31,54,0,54,57.44166667,31,54,0,54
1976,10,Borsod-Abaúj-Zemplén,10.16497374,31,86,0,86,64.23337209,31,86,0,86
1976,10,Bács-Kiskun,11.64274356,31,99,0,99,55.74080808,31,99,0,99
1976,10,Békés,12.01112181,31,67,0,67,36.47522388,31,67,0,67
1976,10,Csongrád-Csanád,12.22993952,31,48,0,48,33.30229167,31,48,0,48
1976,10,Fejér,11.10832533,31,47,0,47,58.48425532,31,47,0,47
1976,10,Győr-Moson-Sopron,11.01622984,31,48,0,48,34.58729167,31,48,0,48
1976,10,Hajdú-Bihar,11.19820099,31,78,0,78,44.36743590,31,78,0,78
1976,10,Heves,10.73200880,31,44,0,44,80.04818182,31,44,0,44
1976,10,Jász-Nagykun-Szolnok,11.59415085,31,68,0,68,52.29691176,31,68,0,68
1976,10,Komárom-Esztergom,11.11087875,31,29,0,29,44.14620690,31,29,0,29
1976,10,Nógrád,9.82366359,31,28,0,28,74.89178571,31,28,0,28
1976,10,Pest,11.07465376,31,75,0,75,74.47653333,31,75,0,75
1976,10,Somogy,10.92097696,31,70,0,70,48.50600000,31,70,0,70
1976,10,Szabolcs-Szatmár-Bereg,10.79870059,31,71,0,71,41.53521127,31,71,0,71
1976,10,Tolna,11.36108027,31,43,0,43,62.69930233,31,43,0,43
1976,10,Vas,10.60577713,31,44,0,44,43.97136364,31,44,0,44
1976,10,Veszprém,10.86426523,31,54,0,54,43.45388889,31,54,0,54
1976,10,Zala,10.85421554,31,44,0,44,49.17795455,31,44,0,44
1976,11,Baranya,7.14797531,30,54,0,54,41.55814815,30,54,0,54
1976,11,Borsod-Abaúj-Zemplén,5.53529070,30,86,0,86,41.27337209,30,86,0,86
1976,11,Bács-Kiskun,6.88503030,30,99,0,99,27.09535354,30,99,0,99
1976,11,Békés,6.64595522,30,67,0,67,23.09746269,30,67,0,67
1976,11,Csongrád-Csanád,7.05633333,30,48,0,48,20.31708333,30,48,0,48
1976,11,Fejér,6.38707092,30,47,0,47,43.93851064,30,47,0,47
1976,11,Győr-Moson-Sopron,6.22354167,30,48,0,48,63.59854167,30,48,0,48
1976,11,Hajdú-Bihar,6.31269658,30,78,0,78,35.63884615,30,78,0,78
1976,11,Heves,5.79037879,30,44,0,44,30.75454545,30,44,0,44
1976,11,Jász-Nagykun-Szolnok,6.42218137,30,68,0,68,24.82132353,30,68,0,68
1976,11,Komárom-Esztergom,6.04771264,30,29,0,29,58.41172414,30,29,0,29
1976,11,Nógrád,5.14245238,30,28,0,28,40.34035714,30,28,0,28
1976,11,Pest,6.15624889,30,75,0,75,40.26666667,30,75,0,75
1976,11,Somogy,6.90624286,30,70,0,70,51.59014286,30,70,0,70
1976,11,Szabolcs-Szatmár-Bereg,6.04430047,30,71,0,71,45.49605634,30,71,0,71
1976,11,Tolna,6.90218605,30,43,0,43,37.80767442,30,43,0,43
1976,11,Vas,6.02734091,30,44,0,44,58.11068182,30,44,0,44
1976,11,Veszprém,6.07961728,30,54,0,54,58.80666667,30,54,0,54
1976,11,Zala,6.46122727,30,44,0,44,57.42590909,30,44,0,44
1976,12,Baranya,0.66707288,31,54,0,54,97.93907407,31,54,0,54
1976,12,Borsod-Abaúj-Zemplén,-0.62994374,31,86,0,86,89.01686047,31,86,0,86
1976,12,Bács-Kiskun,0.45204627,31,99,0,99,91.11595960,31,99,0,99
1976,12,Békés,0.50567164,31,67,0,67,68.61179104,31,67,0,67
1976,12,Csongrád-Csanád,0.54688844,31,48,0,48,72.02145833,31,48,0,48
1976,12,Fejér,0.07660947,31,47,0,47,94.15957447,31,47,0,47
1976,12,Győr-Moson-Sopron,0.33279570,31,48,0,48,71.17312500,31,48,0,48
1976,12,Hajdú-Bihar,0.22843672,31,78,0,78,66.55512821,31,78,0,78
1976,12,Heves,-0.78031525,31,44,0,44,101.27386364,31,44,0,44
1976,12,Jász-Nagykun-Szolnok,0.11077799,31,68,0,68,80.61161765,31,68,0,68
1976,12,Komárom-Esztergom,-0.32536151,31,29,0,29,105.68551724,31,29,0,29
1976,12,Nógrád,-1.28945853,31,28,0,28,113.60392857,31,28,0,28
1976,12,Pest,-0.23969892,31,75,0,75,102.27480000,31,75,0,75
1976,12,Somogy,0.50689401,31,70,0,70,107.40657143,31,70,0,70
1976,12,Szabolcs-Szatmár-Bereg,0.12702408,31,71,0,71,62.54591549,31,71,0,71
1976,12,Tolna,0.52231058,31,43,0,43,94.83604651,31,43,0,43
1976,12,Vas,0.07630499,31,44,0,44,75.36954545,31,44,0,44
1976,12,Veszprém,-0.05645759,31,54,0,54,97.38129630,31,54,0,54
1976,12,Zala,0.33557185,31,44,0,44,92.93068182,31,44,0,44
1977,1,Baranya,1.24304659,31,54,0,54,54.83592593,31,54,0,54
1977,1,Borsod-Abaúj-Zemplén,-2.06447487,31,86,0,86,73.84313953,31,86,0,86
1977,1,Bács-Kiskun,0.65101988,31,99,0,99,28.83010101,31,99,0,99
1977,1,Békés,-0.31106885,31,67,0,67,60.60970149,31,67,0,67
1977,1,Csongrád-Csanád,0.67907930,31,48,0,48,41.20875000,31,48,0,48
1977,1,Fejér,-0.30681537,31,47,0,47,40.68191489,31,47,0,47
1977,1,Győr-Moson-Sopron,0.06827957,31,48,0,48,55.24791667,31,48,0,48
1977,1,Hajdú-Bihar,-1.13696030,31,78,0,78,62.38807692,31,78,0,78
1977,1,Heves,-1.49634164,31,44,0,44,64.59931818,31,44,0,44
1977,1,Jász-Nagykun-Szolnok,-0.74703510,31,68,0,68,53.37044118,31,68,0,68
1977,1,Komárom-Esztergom,-0.76284761,31,29,0,29,60.30551724,31,29,0,29
1977,1,Nógrád,-1.83577189,31,28,0,28,73.14357143,31,28,0,28
1977,1,Pest,-0.83273548,31,75,0,75,44.74906667,31,75,0,75
1977,1,Somogy,0.98539631,31,70,0,70,64.09128571,31,70,0,70
1977,1,Szabolcs-Szatmár-Bereg,-1.20624716,31,71,0,71,64.12746479,31,71,0,71
1977,1,Tolna,0.94525881,31,43,0,43,36.72232558,31,43,0,43
1977,1,Vas,0.25158358,31,44,0,44,62.79409091,31,44,0,44
1977,1,Veszprém,-0.19567503,31,54,0,54,58.36148148,31,54,0,54
1977,1,Zala,0.93608504,31,44,0,44,68.81954545,31,44,0,44
1977,2,Baranya,5.13230820,28,54,0,54,54.47796296,28,54,0,54
1977,2,Borsod-Abaúj-Zemplén,2.80679402,28,86,0,86,77.95430233,28,86,0,86
1977,2,Bács-Kiskun,4.90246032,28,99,0,99,69.33161616,28,99,0,99
1977,2,Békés,4.81767591,28,67,0,67,53.97671642,28,67,0,67
1977,2,Csongrád-Csanád,4.99498512,28,48,0,48,59.10500000,28,48,0,48
1977,2,Fejér,3.83309271,28,47,0,47,57.83000000,28,47,0,47
1977,2,Győr-Moson-Sopron,3.77984375,28,48,0,48,69.93229167,28,48,0,48
1977,2,Hajdú-Bihar,4.32270147,28,78,0,78,58.23256410,28,78,0,78
1977,2,Heves,2.98797078,28,44,0,44,74.13977273,28,44,0,44
1977,2,Jász-Nagykun-Szolnok,4.33158613,28,68,0,68,55.53882353,28,68,0,68
1977,2,Komárom-Esztergom,3.43267241,28,29,0,29,63.72379310,28,29,0,29
1977,2,Nógrád,2.10610969,28,28,0,28,71.71678571,28,28,0,28
1977,2,Pest,3.54490476,28,75,0,75,63.49480000,28,75,0,75
1977,2,Somogy,4.60844388,28,70,0,70,50.71000000,28,70,0,70
1977,2,Szabolcs-Szatmár-Bereg,4.06304829,28,71,0,71,69.37704225,28,71,0,71
1977,2,Tolna,4.81791528,28,43,0,43,63.02279070,28,43,0,43
1977,2,Vas,3.96663149,28,44,0,44,56.72931818,28,44,0,44
1977,2,Veszprém,3.72652116,28,54,0,54,64.36203704,28,54,0,54
1977,2,Zala,4.46168019,28,44,0,44,49.33727273,28,44,0,44
1977,3,Baranya,9.18218041,31,54,0,54,43.24444444,31,54,0,54
1977,3,Borsod-Abaúj-Zemplén,6.92173668,31,86,0,86,46.39813953,31,86,0,86
1977,3,Bács-Kiskun,8.80042033,31,99,0,99,43.06343434,31,99,0,99
1977,3,Békés,8.28827155,31,67,0,67,45.84059701,31,67,0,67
1977,3,Csongrád-Csanád,8.63709677,31,48,0,48,39.64895833,31,48,0,48
1977,3,Fejér,8.37303363,31,47,0,47,59.00659574,31,47,0,47
1977,3,Győr-Moson-Sopron,8.57010081,31,48,0,48,58.69541667,31,48,0,48
1977,3,Hajdú-Bihar,7.95181555,31,78,0,78,48.88166667,31,78,0,78
1977,3,Heves,7.39042522,31,44,0,44,48.78022727,31,44,0,44
1977,3,Jász-Nagykun-Szolnok,8.27358159,31,68,0,68,49.14647059,31,68,0,68
1977,3,Komárom-Esztergom,8.08540601,31,29,0,29,68.73896552,31,29,0,29
1977,3,Nógrád,6.71503456,31,28,0,28,47.42285714,31,28,0,28
1977,3,Pest,8.17001290,31,75,0,75,55.67760000,31,75,0,75
1977,3,Somogy,8.82612442,31,70,0,70,51.64571429,31,70,0,70
1977,3,Szabolcs-Szatmár-Bereg,7.62796002,31,71,0,71,59.52169014,31,71,0,71
1977,3,Tolna,8.90794449,31,43,0,43,47.01651163,31,43,0,43
1977,3,Vas,8.16294721,31,44,0,44,46.34477273,31,44,0,44
1977,3,Veszprém,8.26607527,31,54,0,54,67.46685185,31,54,0,54
1977,3,Zala,8.43879765,31,44,0,44,43.96772727,31,44,0,44
1977,4,Baranya,9.06896296,30,54,0,54,36.74722222,30,54,0,54
1977,4,Borsod-Abaúj-Zemplén,8.29562016,30,86,0,86,55.66034884,30,86,0,86
1977,4,Bács-Kiskun,9.22930640,30,99,0,99,31.50121212,30,99,0,99
1977,4,Békés,9.21325373,30,67,0,67,73.84358209,30,67,0,67
1977,4,Csongrád-Csanád,9.20000694,30,48,0,48,64.02458333,30,48,0,48
1977,4,Fejér,8.64087234,30,47,0,47,36.52085106,30,47,0,47
1977,4,Győr-Moson-Sopron,8.46813194,30,48,0,48,47.79729167,30,48,0,48
1977,4,Hajdú-Bihar,9.16318803,30,78,0,78,61.01705128,30,78,0,78
1977,4,Heves,8.32250758,30,44,0,44,48.38477273,30,44,0,44
1977,4,Jász-Nagykun-Szolnok,9.13999020,30,68,0,68,41.04294118,30,68,0,68
1977,4,Komárom-Esztergom,8.15095402,30,29,0,29,47.10241379,30,29,0,29
1977,4,Nógrád,7.34203571,30,28,0,28,33.57964286,30,28,0,28
1977,4,Pest,8.68461778,30,75,0,75,31.50866667,30,75,0,75
1977,4,Somogy,8.66319524,30,70,0,70,48.76342857,30,70,0,70
1977,4,Szabolcs-Szatmár-Bereg,9.16023005,30,71,0,71,59.34704225,30,71,0,71
1977,4,Tolna,9.08091473,30,43,0,43,34.15348837,30,43,0,43
1977,4,Vas,8.18835606,30,44,0,44,47.67863636,30,44,0,44
1977,4,Veszprém,8.11767284,30,54,0,54,53.36537037,30,54,0,54
1977,4,Zala,8.42375000,30,44,0,44,49.78931818,30,44,0,44
1977,5,Baranya,15.98073477,31,54,0,54,47.04537037,31,54,0,54
1977,5,Borsod-Abaúj-Zemplén,14.99944111,31,86,0,86,37.64313953,31,86,0,86
1977,5,Bács-Kiskun,16.26725318,31,99,0,99,48.38828283,31,99,0,99
1977,5,Békés,16.69847376,31,67,0,67,22.26985075,31,67,0,67
1977,5,Csongrád-Csanád,16.46763441,31,48,0,48,38.62291667,31,48,0,48
1977,5,Fejér,15.60684969,31,47,0,47,37.20127660,31,47,0,47
1977,5,Győr-Moson-Sopron,15.03268817,31,48,0,48,32.13270833,31,48,0,48
1977,5,Hajdú-Bihar,16.34153433,31,78,0,78,23.54602564,31,78,0,78
1977,5,Heves,15.26576246,31,44,0,44,40.32954545,31,44,0,44
1977,5,Jász-Nagykun-Szolnok,16.38815939,31,68,0,68,22.62088235,31,68,0,68
1977,5,Komárom-Esztergom,14.98655172,31,29,0,29,37.37827586,31,29,0,29
1977,5,Nógrád,14.24316820,31,28,0,28,48.85428571,31,28,0,28
1977,5,Pest,15.65446882,31,75,0,75,40.20066667,31,75,0,75
1977,5,Somogy,15.72727650,31,70,0,70,28.45200000,31,70,0,70
1977,5,Szabolcs-Szatmár-Bereg,16.08203544,31,71,0,71,28.82633803,31,71,0,71
1977,5,Tolna,16.14336084,31,43,0,43,44.56860465,31,43,0,43
1977,5,Vas,14.79576979,31,44,0,44,22.99522727,31,44,0,44
1977,5,Veszprém,14.95658901,31,54,0,54,24.66333333,31,54,0,54
1977,5,Zala,15.17629032,31,44,0,44,18.76318182,31,44,0,44
1977,6,Baranya,19.33622840,30,54,0,54,91.29314815,30,54,0,54
1977,6,Borsod-Abaúj-Zemplén,18.30462403,30,86,0,86,55.84825581,30,86,0,86
1977,6,Bács-Kiskun,19.60924916,30,99,0,99,51.08212121,30,99,0,99
1977,6,Békés,19.56888060,30,67,0,67,43.63074627,30,67,0,67
1977,6,Csongrád-Csanád,19.66697917,30,48,0,48,56.61937500,30,48,0,48
1977,6,Fejér,19.17488652,30,47,0,47,40.98425532,30,47,0,47
1977,6,Győr-Moson-Sopron,18.97250694,30,48,0,48,38.64541667,30,48,0,48
1977,6,Hajdú-Bihar,19.35905556,30,78,0,78,51.30243590,30,78,0,78
1977,6,Heves,18.62296970,30,44,0,44,45.01227273,30,44,0,44
1977,6,Jász-Nagykun-Szolnok,19.52992647,30,68,0,68,37.31323529,30,68,0,68
1977,6,Komárom-Esztergom,18.57070115,30,29,0,29,31.58517241,30,29,0,29
1977,6,Nógrád,17.61560714,30,28,0,28,39.70714286,30,28,0,28
1977,6,Pest,19.10648000,30,75,0,75,38.02586667,30,75,0,75
1977,6,Somogy,19.17384286,30,70,0,70,82.64271429,30,70,0,70
1977,6,Szabolcs-Szatmár-Bereg,19.12809859,30,71,0,71,54.33014085,30,71,0,71
1977,6,Tolna,19.55173643,30,43,0,43,64.04813953,30,43,0,43
1977,6,Vas,18.63906818,30,44,0,44,64.18863636,30,44,0,44
1977,6,Veszprém,18.70725309,30,54,0,54,49.01444444,30,54,0,54
1977,6,Zala,18.82040152,30,44,0,44,67.54977273,30,44,0,44
1977,7,Baranya,19.68228793,31,54,0,54,52.85759259,31,54,0,54
1977,7,Borsod-Abaúj-Zemplén,18.58926857,31,86,0,86,80.81406977,31,86,0,86
1977,7,Bács-Kiskun,20.24945259,31,99,0,99,44.04292929,31,99,0,99
1977,7,Békés,20.37828599,31,67,0,67,64.68000000,31,67,0,67
1977,7,Csongrád-Csanád,20.53778226,31,48,0,48,41.37187500,31,48,0,48
1977,7,Fejér,19.54786548,31,47,0,47,39.70297872,31,47,0,47
1977,7,Győr-Moson-Sopron,19.44679435,31,48,0,48,47.04229167,31,48,0,48
1977,7,Hajdú-Bihar,20.09417287,31,78,0,78,73.53358974,31,78,0,78
1977,7,Heves,18.97734604,31,44,0,44,64.20522727,31,44,0,44
1977,7,Jász-Nagykun-Szolnok,20.24474383,31,68,0,68,48.01720588,31,68,0,68
1977,7,Komárom-Esztergom,18.72132369,31,29,0,29,54.27620690,31,29,0,29
1977,7,Nógrád,17.83959677,31,28,0,28,61.80178571,31,28,0,28
1977,7,Pest,19.55038280,31,75,0,75,53.58293333,31,75,0,75
1977,7,Somogy,19.49017512,31,70,0,70,62.43042857,31,70,0,70
1977,7,Szabolcs-Szatmár-Bereg,19.65883235,31,71,0,71,87.09563380,31,71,0,71
1977,7,Tolna,19.91886722,31,43,0,43,43.81279070,31,43,0,43
1977,7,Vas,19.14703812,31,44,0,44,73.45704545,31,44,0,44
1977,7,Veszprém,19.13171446,31,54,0,54,48.54685185,31,54,0,54
1977,7,Zala,19.17316716,31,44,0,44,84.92750000,31,44,0,44
1977,8,Baranya,19.35955197,31,54,0,54,31.16259259,31,54,0,54
1977,8,Borsod-Abaúj-Zemplén,17.67731058,31,86,0,86,75.46081395,31,86,0,86
1977,8,Bács-Kiskun,19.63820137,31,99,0,99,38.34878788,31,99,0,99
1977,8,Békés,19.46664420,31,67,0,67,46.66835821,31,67,0,67
1977,8,Csongrád-Csanád,20.00960349,31,48,0,48,48.90666667,31,48,0,48
1977,8,Fejér,18.97912148,31,47,0,47,38.53127660,31,47,0,47
1977,8,Győr-Moson-Sopron,18.61600134,31,48,0,48,65.26229167,31,48,0,48
1977,8,Hajdú-Bihar,18.80090571,31,78,0,78,60.53076923,31,78,0,78
1977,8,Heves,18.08863636,31,44,0,44,62.53613636,31,44,0,44
1977,8,Jász-Nagykun-Szolnok,19.29593928,31,68,0,68,57.30323529,31,68,0,68
1977,8,Komárom-Esztergom,18.11701891,31,29,0,29,56.80724138,31,29,0,29
1977,8,Nógrád,16.99565668,31,28,0,28,68.70678571,31,28,0,28
1977,8,Pest,18.71317849,31,75,0,75,41.77346667,31,75,0,75
1977,8,Somogy,18.97213825,31,70,0,70,43.91442857,31,70,0,70
1977,8,Szabolcs-Szatmár-Bereg,18.36056792,31,71,0,71,88.53521127,31,71,0,71
1977,8,Tolna,19.46339085,31,43,0,43,36.36279070,31,43,0,43
1977,8,Vas,18.30904692,31,44,0,44,75.88840909,31,44,0,44
1977,8,Veszprém,18.57320191,31,54,0,54,67.95925926,31,54,0,54
1977,8,Zala,18.49071114,31,44,0,44,60.60636364,31,44,0,44
1977,9,Baranya,13.59166667,30,54,0,54,38.16592593,30,54,0,54
1977,9,Borsod-Abaúj-Zemplén,12.82304264,30,86,0,86,35.36930233,30,86,0,86
1977,9,Bács-Kiskun,13.86265657,30,99,0,99,37.81373737,30,99,0,99
1977,9,Békés,14.24542786,30,67,0,67,40.70776119,30,67,0,67
1977,9,Csongrád-Csanád,14.30021528,30,48,0,48,45.06395833,30,48,0,48
1977,9,Fejér,13.55939007,30,47,0,47,34.08361702,30,47,0,47
1977,9,Győr-Moson-Sopron,13.68679167,30,48,0,48,25.63083333,30,48,0,48
1977,9,Hajdú-Bihar,13.77530769,30,78,0,78,36.57576923,30,78,0,78
1977,9,Heves,13.04491667,30,44,0,44,32.44704545,30,44,0,44
1977,9,Jász-Nagykun-Szolnok,13.95700490,30,68,0,68,34.31161765,30,68,0,68
1977,9,Komárom-Esztergom,13.05764368,30,29,0,29,40.00724138,30,29,0,29
1977,9,Nógrád,12.16102381,30,28,0,28,28.36000000,30,28,0,28
1977,9,Pest,13.39764889,30,75,0,75,28.83506667,30,75,0,75
1977,9,Somogy,13.36760476,30,70,0,70,48.10857143,30,70,0,70
1977,9,Szabolcs-Szatmár-Bereg,13.45790141,30,71,0,71,37.39718310,30,71,0,71
1977,9,Tolna,13.80155039,30,43,0,43,35.16767442,30,43,0,43
1977,9,Vas,13.26248485,30,44,0,44,34.95340909,30,44,0,44
1977,9,Veszprém,13.27365432,30,54,0,54,40.50500000,30,54,0,54
1977,9,Zala,13.16466667,30,44,0,44,47.90477273,30,44,0,44
1977,10,Baranya,11.33004182,31,54,0,54,22.10555556,31,54,0,54
1977,10,Borsod-Abaúj-Zemplén,10.22139910,31,86,0,86,16.93511628,31,86,0,86
1977,10,Bács-Kiskun,11.50107201,31,99,0,99,9.87313131,31,99,0,99
1977,10,Békés,11.46482908,31,67,0,67,9.19417910,31,67,0,67
1977,10,Csongrád-Csanád,11.76385081,31,48,0,48,6.71854167,31,48,0,48
1977,10,Fejér,11.10213452,31,47,0,47,12.01489362,31,47,0,47
1977,10,Győr-Moson-Sopron,10.73390457,31,48,0,48,10.18500000,31,48,0,48
1977,10,Hajdú-Bihar,11.04112903,31,78,0,78,15.16076923,31,78,0,78
1977,10,Heves,10.91667889,31,44,0,44,17.29659091,31,44,0,44
1977,10,Jász-Nagykun-Szolnok,11.41408444,31,68,0,68,9.52852941,31,68,0,68
1977,10,Komárom-Esztergom,10.88869855,31,29,0,29,14.22310345,31,29,0,29
1977,10,Nógrád,9.74473502,31,28,0,28,18.14821429,31,28,0,28
1977,10,Pest,11.20931183,31,75,0,75,17.91186667,31,75,0,75
1977,10,Somogy,10.92161751,31,70,0,70,22.79914286,31,70,0,70
1977,10,Szabolcs-Szatmár-Bereg,10.53637892,31,71,0,71,15.85859155,31,71,0,71
1977,10,Tolna,11.57830458,31,43,0,43,13.52930233,31,43,0,43
1977,10,Vas,10.32590176,31,44,0,44,10.43931818,31,44,0,44
1977,10,Veszprém,10.64447431,31,54,0,54,13.80944444,31,54,0,54
1977,10,Zala,10.64137830,31,44,0,44,16.26613636,31,44,0,44
1977,11,Baranya,5.67935185,30,54,0,54,127.28000000,30,54,0,54
1977,11,Borsod-Abaúj-Zemplén,4.18473643,30,86,0,86,51.64046512,30,86,0,86
1977,11,Bács-Kiskun,5.64430303,30,99,0,99,79.97727273,30,99,0,99
1977,11,Békés,5.37677612,30,67,0,67,82.52716418,30,67,0,67
1977,11,Csongrád-Csanád,5.78474306,30,48,0,48,75.04229167,30,48,0,48
1977,11,Fejér,5.20155319,30,47,0,47,65.92255319,30,47,0,47
1977,11,Győr-Moson-Sopron,5.45143056,30,48,0,48,39.30729167,30,48,0,48
1977,11,Hajdú-Bihar,4.96219658,30,78,0,78,69.45576923,30,78,0,78
1977,11,Heves,4.36095455,30,44,0,44,53.29772727,30,44,0,44
1977,11,Jász-Nagykun-Szolnok,5.14718627,30,68,0,68,58.58132353,30,68,0,68
1977,11,Komárom-Esztergom,5.04674713,30,29,0,29,55.87931034,30,29,0,29
1977,11,Nógrád,3.89353571,30,28,0,28,53.04785714,30,28,0,28
1977,11,Pest,5.01453778,30,75,0,75,58.41066667,30,75,0,75
1977,11,Somogy,5.68171429,30,70,0,70,114.63485714,30,70,0,70
1977,11,Szabolcs-Szatmár-Bereg,4.85693897,30,71,0,71,67.69873239,30,71,0,71
1977,11,Tolna,5.79722481,30,43,0,43,97.29790698,30,43,0,43
1977,11,Vas,5.20645455,30,44,0,44,40.06727273,30,44,0,44
1977,11,Veszprém,5.31232099,30,54,0,54,63.44018519,30,54,0,54
1977,11,Zala,5.63346970,30,44,0,44,75.49954545,30,44,0,44
1977,12,Baranya,-1.49154122,31,54,0,54,36.78037037,31,54,0,54
1977,12,Borsod-Abaúj-Zemplén,-3.00074269,31,86,0,86,27.09360465,31,86,0,86
1977,12,Bács-Kiskun,-1.75697621,31,99,0,99,29.21565657,31,99,0,99
1977,12,Békés,-2.71974964,31,67,0,67,36.98791045,31,67,0,67
1977,12,Csongrád-Csanád,-2.07092742,31,48,0,48,32.96000000,31,48,0,48
1977,12,Fejér,-1.40286891,31,47,0,47,25.37936170,31,47,0,47
1977,12,Győr-Moson-Sopron,-0.73362231,31,48,0,48,21.27041667,31,48,0,48
1977,12,Hajdú-Bihar,-3.11976013,31,78,0,78,36.45794872,31,78,0,78
1977,12,Heves,-2.53732405,31,44,0,44,26.38772727,31,44,0,44
1977,12,Jász-Nagykun-Szolnok,-2.40466319,31,68,0,68,28.19926471,31,68,0,68
1977,12,Komárom-Esztergom,-1.57438265,31,29,0,29,22.51379310,31,29,0,29
1977,12,Nógrád,-2.85913594,31,28,0,28,20.38035714,31,28,0,28
1977,12,Pest,-1.93451183,31,75,0,75,24.85706667,31,75,0,75
1977,12,Somogy,-1.13527189,31,70,0,70,36.33842857,31,70,0,70
1977,12,Szabolcs-Szatmár-Bereg,-3.28124035,31,71,0,71,37.49915493,31,71,0,71
1977,12,Tolna,-1.33551388,31,43,0,43,28.21767442,31,43,0,43
1977,12,Vas,-0.95903959,31,44,0,44,28.49863636,31,44,0,44
1977,12,Veszprém,-1.40706691,31,54,0,54,33.02425926,31,54,0,54
1977,12,Zala,-0.85008065,31,44,0,44,40.86386364,31,44,0,44
1978,1,Baranya,0.12956392,31,54,0,54,15.90574074,31,54,0,54
1978,1,Borsod-Abaúj-Zemplén,-1.51245311,31,86,0,86,21.21883721,31,86,0,86
1978,1,Bács-Kiskun,-0.09471489,31,99,0,99,11.55585859,31,99,0,99
1978,1,Békés,-0.43871931,31,67,0,67,18.43761194,31,67,0,67
1978,1,Csongrád-Csanád,-0.09541667,31,48,0,48,12.57979167,31,48,0,48
1978,1,Fejér,-0.21385724,31,47,0,47,17.93978723,31,47,0,47
1978,1,Győr-Moson-Sopron,0.37745968,31,48,0,48,13.16062500,31,48,0,48
1978,1,Hajdú-Bihar,-0.91435484,31,78,0,78,25.66179487,31,78,0,78
1978,1,Heves,-1.05383431,31,44,0,44,22.43181818,31,44,0,44
1978,1,Jász-Nagykun-Szolnok,-0.51272296,31,68,0,68,14.21176471,31,68,0,68
1978,1,Komárom-Esztergom,-0.37471635,31,29,0,29,14.84724138,31,29,0,29
1978,1,Nógrád,-1.50028802,31,28,0,28,25.92285714,31,28,0,28
1978,1,Pest,-0.62638280,31,75,0,75,23.19093333,31,75,0,75
1978,1,Somogy,0.13156221,31,70,0,70,15.47185714,31,70,0,70
1978,1,Szabolcs-Szatmár-Bereg,-1.76812812,31,71,0,71,23.33478873,31,71,0,71
1978,1,Tolna,0.16957239,31,43,0,43,11.73302326,31,43,0,43
1978,1,Vas,-0.22044721,31,44,0,44,12.23227273,31,44,0,44
1978,1,Veszprém,-0.38375149,31,54,0,54,10.25722222,31,54,0,54
1978,1,Zala,-0.06214809,31,44,0,44,12.77477273,31,44,0,44
1978,2,Baranya,0.42634259,28,54,0,54,40.33166667,28,54,0,54
1978,2,Borsod-Abaúj-Zemplén,-1.26061462,28,86,0,86,23.25453488,28,86,0,86
1978,2,Bács-Kiskun,0.21344156,28,99,0,99,27.09212121,28,99,0,99
1978,2,Békés,0.13294776,28,67,0,67,40.98850746,28,67,0,67
1978,2,Csongrád-Csanád,0.43059524,28,48,0,48,35.09145833,28,48,0,48
1978,2,Fejér,-0.35979483,28,47,0,47,29.98765957,28,47,0,47
1978,2,Győr-Moson-Sopron,-0.58636161,28,48,0,48,37.38458333,28,48,0,48
1978,2,Hajdú-Bihar,-0.33798993,28,78,0,78,35.21000000,28,78,0,78
1978,2,Heves,-0.99055195,28,44,0,44,26.70068182,28,44,0,44
1978,2,Jász-Nagykun-Szolnok,-0.29356092,28,68,0,68,29.73073529,28,68,0,68
1978,2,Komárom-Esztergom,-0.91193350,28,29,0,29,32.67448276,28,29,0,29
1978,2,Nógrád,-1.70207908,28,28,0,28,25.73321429,28,28,0,28
1978,2,Pest,-0.67722857,28,75,0,75,28.03000000,28,75,0,75
1978,2,Somogy,0.23071939,28,70,0,70,39.19728571,28,70,0,70
1978,2,Szabolcs-Szatmár-Bereg,-0.34117203,28,71,0,71,35.81957746,28,71,0,71
1978,2,Tolna,0.33594684,28,43,0,43,30.04139535,28,43,0,43
1978,2,Vas,-0.44547078,28,44,0,44,32.25204545,28,44,0,44
1978,2,Veszprém,-0.60294974,28,54,0,54,32.68074074,28,54,0,54
1978,2,Zala,0.13550325,28,44,0,44,39.75500000,28,44,0,44
1978,3,Baranya,7.25111111,31,54,0,54,35.88833333,31,54,0,54
1978,3,Borsod-Abaúj-Zemplén,5.48533008,31,86,0,86,15.49697674,31,86,0,86
1978,3,Bács-Kiskun,6.89355165,31,99,0,99,31.28232323,31,99,0,99
1978,3,Békés,6.59574868,31,67,0,67,37.58268657,31,67,0,67
1978,3,Csongrád-Csanád,6.94497984,31,48,0,48,33.98687500,31,48,0,48
1978,3,Fejér,6.42378174,31,47,0,47,29.18510638,31,47,0,47
1978,3,Győr-Moson-Sopron,6.29463710,31,48,0,48,34.61000000,31,48,0,48
1978,3,Hajdú-Bihar,6.24855252,31,78,0,78,28.93333333,31,78,0,78
1978,3,Heves,5.77391496,31,44,0,44,18.96795455,31,44,0,44
1978,3,Jász-Nagykun-Szolnok,6.53480076,31,68,0,68,23.57897059,31,68,0,68
1978,3,Komárom-Esztergom,5.96197998,31,29,0,29,33.10551724,31,29,0,29
1978,3,Nógrád,5.02925115,31,28,0,28,25.05785714,31,28,0,28
1978,3,Pest,6.36258495,31,75,0,75,27.71560000,31,75,0,75
1978,3,Somogy,6.81472811,31,70,0,70,36.99171429,31,70,0,70
1978,3,Szabolcs-Szatmár-Bereg,6.07013630,31,71,0,71,20.58619718,31,71,0,71
1978,3,Tolna,6.96281320,31,43,0,43,28.73395349,31,43,0,43
1978,3,Vas,6.20708944,31,44,0,44,32.80636364,31,44,0,44
1978,3,Veszprém,6.03888292,31,54,0,54,31.87925926,31,54,0,54
1978,3,Zala,6.61380499,31,44,0,44,37.99454545,31,44,0,44
1978,4,Baranya,9.48968519,30,54,0,54,54.80481481,30,54,0,54
1978,4,Borsod-Abaúj-Zemplén,8.56885271,30,86,0,86,61.25302326,30,86,0,86
1978,4,Bács-Kiskun,9.86438721,30,99,0,99,51.48777778,30,99,0,99
1978,4,Békés,10.13424876,30,67,0,67,41.46014925,30,67,0,67
1978,4,Csongrád-Csanád,10.13415278,30,48,0,48,41.50312500,30,48,0,48
1978,4,Fejér,9.24760284,30,47,0,47,47.66765957,30,47,0,47
1978,4,Győr-Moson-Sopron,8.78188889,30,48,0,48,41.38604167,30,48,0,48
1978,4,Hajdú-Bihar,9.85641880,30,78,0,78,43.63717949,30,78,0,78
1978,4,Heves,8.87989394,30,44,0,44,55.29750000,30,44,0,44
1978,4,Jász-Nagykun-Szolnok,9.78615686,30,68,0,68,41.39294118,30,68,0,68
1978,4,Komárom-Esztergom,8.53190805,30,29,0,29,54.54655172,30,29,0,29
1978,4,Nógrád,7.79966667,30,28,0,28,67.54928571,30,28,0,28
1978,4,Pest,9.33470222,30,75,0,75,49.51493333,30,75,0,75
1978,4,Somogy,9.03446667,30,70,0,70,53.82328571,30,70,0,70
1978,4,Szabolcs-Szatmár-Bereg,9.52665258,30,71,0,71,54.47183099,30,71,0,71
1978,4,Tolna,9.54434884,30,43,0,43,47.25906977,30,43,0,43
1978,4,Vas,8.50615152,30,44,0,44,43.64727273,30,44,0,44
1978,4,Veszprém,8.48971605,30,54,0,54,55.23907407,30,54,0,54
1978,4,Zala,8.73295455,30,44,0,44,71.15272727,30,44,0,44
1978,5,Baranya,13.58512545,31,54,0,54,101.71611111,31,54,0,54
1978,5,Borsod-Abaúj-Zemplén,12.74674419,31,86,0,86,127.89162791,31,86,0,86
1978,5,Bács-Kiskun,13.76318671,31,99,0,99,91.29666667,31,99,0,99
1978,5,Békés,13.77906596,31,67,0,67,72.69119403,31,67,0,67
1978,5,Csongrád-Csanád,13.94086022,31,48,0,48,106.49854167,31,48,0,48
1978,5,Fejér,13.43814688,31,47,0,47,69.90319149,31,47,0,47
1978,5,Győr-Moson-Sopron,13.21263441,31,48,0,48,94.20395833,31,48,0,48
1978,5,Hajdú-Bihar,13.66191067,31,78,0,78,91.37346154,31,78,0,78
1978,5,Heves,12.74129765,31,44,0,44,128.51750000,31,44,0,44
1978,5,Jász-Nagykun-Szolnok,13.68865275,31,68,0,68,105.47323529,31,68,0,68
1978,5,Komárom-Esztergom,12.78942158,31,29,0,29,61.01862069,31,29,0,29
1978,5,Nógrád,11.87612903,31,28,0,28,86.42928571,31,28,0,28
1978,5,Pest,13.20058065,31,75,0,75,88.32626667,31,75,0,75
1978,5,Somogy,13.57364055,31,70,0,70,88.35742857,31,70,0,70
1978,5,Szabolcs-Szatmár-Bereg,13.45062699,31,71,0,71,104.93915493,31,71,0,71
1978,5,Tolna,13.79120030,31,43,0,43,75.46534884,31,43,0,43
1978,5,Vas,13.03436217,31,44,0,44,121.56454545,31,44,0,44
1978,5,Veszprém,12.89230585,31,54,0,54,93.30907407,31,54,0,54
1978,5,Zala,13.16916422,31,44,0,44,111.58659091,31,44,0,44
1978,6,Baranya,17.91870988,30,54,0,54,70.40962963,30,54,0,54
1978,6,Borsod-Abaúj-Zemplén,16.77825194,30,86,0,86,88.46744186,30,86,0,86
1978,6,Bács-Kiskun,18.12377441,30,99,0,99,100.30010101,30,99,0,99
1978,6,Békés,17.98337811,30,67,0,67,120.65164179,30,67,0,67
1978,6,Csongrád-Csanád,18.27020139,30,48,0,48,134.34333333,30,48,0,48
1978,6,Fejér,17.78324823,30,47,0,47,79.00297872,30,47,0,47
1978,6,Győr-Moson-Sopron,17.42098611,30,48,0,48,42.13416667,30,48,0,48
1978,6,Hajdú-Bihar,17.75699145,30,78,0,78,81.58500000,30,78,0,78
1978,6,Heves,17.01343182,30,44,0,44,87.10068182,30,44,0,44
1978,6,Jász-Nagykun-Szolnok,17.90825490,30,68,0,68,94.90661765,30,68,0,68
1978,6,Komárom-Esztergom,17.17456322,30,29,0,29,51.07034483,30,29,0,29
1978,6,Nógrád,16.29230952,30,28,0,28,100.68392857,30,28,0,28
1978,6,Pest,17.60575111,30,75,0,75,83.71440000,30,75,0,75
1978,6,Somogy,17.61360000,30,70,0,70,97.22257143,30,70,0,70
1978,6,Szabolcs-Szatmár-Bereg,17.36613146,30,71,0,71,80.99126761,30,71,0,71
1978,6,Tolna,18.03802326,30,43,0,43,114.44093023,30,43,0,43
1978,6,Vas,16.93538636,30,44,0,44,87.55818182,30,44,0,44
1978,6,Veszprém,17.20209877,30,54,0,54,76.92962963,30,54,0,54
1978,6,Zala,17.27093182,30,44,0,44,86.53431818,30,44,0,44
1978,7,Baranya,18.64692354,31,54,0,54,63.98629630,31,54,0,54
1978,7,Borsod-Abaúj-Zemplén,17.61200675,31,86,0,86,81.38058140,31,86,0,86
1978,7,Bács-Kiskun,19.02250570,31,99,0,99,64.28686869,31,99,0,99
1978,7,Békés,19.11949446,31,67,0,67,76.22238806,31,67,0,67
1978,7,Csongrád-Csanád,19.38271505,31,48,0,48,59.09166667,31,48,0,48
1978,7,Fejér,18.45759094,31,47,0,47,82.63680851,31,47,0,47
1978,7,Győr-Moson-Sopron,18.19641801,31,48,0,48,42.07770833,31,48,0,48
1978,7,Hajdú-Bihar,18.72064103,31,78,0,78,92.06448718,31,78,0,78
1978,7,Heves,17.77026393,31,44,0,44,78.30772727,31,44,0,44
1978,7,Jász-Nagykun-Szolnok,18.83900854,31,68,0,68,82.31352941,31,68,0,68
1978,7,Komárom-Esztergom,17.71008899,31,29,0,29,59.18482759,31,29,0,29
1978,7,Nógrád,16.84237327,31,28,0,28,79.96535714,31,28,0,28
1978,7,Pest,18.37661505,31,75,0,75,77.03893333,31,75,0,75
1978,7,Somogy,18.30546544,31,70,0,70,86.99028571,31,70,0,70
1978,7,Szabolcs-Szatmár-Bereg,18.33631531,31,71,0,71,98.40042254,31,71,0,71
1978,7,Tolna,18.75598650,31,43,0,43,64.37697674,31,43,0,43
1978,7,Vas,17.65893695,31,44,0,44,100.99136364,31,44,0,44
1978,7,Veszprém,17.80577658,31,54,0,54,93.01833333,31,54,0,54
1978,7,Zala,17.95464076,31,44,0,44,104.40409091,31,44,0,44
1978,8,Baranya,18.49890681,31,54,0,54,32.86759259,31,54,0,54
1978,8,Borsod-Abaúj-Zemplén,16.75891598,31,86,0,86,52.73244186,31,86,0,86
1978,8,Bács-Kiskun,18.48149234,31,99,0,99,35.11929293,31,99,0,99
1978,8,Békés,18.57247954,31,67,0,67,48.10940299,31,67,0,67
1978,8,Csongrád-Csanád,18.82368952,31,48,0,48,47.21937500,31,48,0,48
1978,8,Fejér,18.01599863,31,47,0,47,31.37744681,31,47,0,47
1978,8,Győr-Moson-Sopron,18.10051747,31,48,0,48,18.73166667,31,48,0,48
1978,8,Hajdú-Bihar,18.05838710,31,78,0,78,45.14423077,31,78,0,78
1978,8,Heves,17.12614370,31,44,0,44,41.48090909,31,44,0,44
1978,8,Jász-Nagykun-Szolnok,18.30853890,31,68,0,68,34.55014706,31,68,0,68
1978,8,Komárom-Esztergom,17.40855395,31,29,0,29,35.21827586,31,29,0,29
1978,8,Nógrád,16.10323733,31,28,0,28,34.50607143,31,28,0,28
1978,8,Pest,17.71282151,31,75,0,75,33.03946667,31,75,0,75
1978,8,Somogy,17.82500461,31,70,0,70,24.45785714,31,70,0,70
1978,8,Szabolcs-Szatmár-Bereg,17.48416629,31,71,0,71,60.38422535,31,71,0,71
1978,8,Tolna,18.44599400,31,43,0,43,22.17860465,31,43,0,43
1978,8,Vas,17.48175953,31,44,0,44,29.12272727,31,44,0,44
1978,8,Veszprém,17.77848268,31,54,0,54,37.13537037,31,54,0,54
1978,8,Zala,17.33204545,31,44,0,44,35.73818182,31,44,0,44
1978,9,Baranya,14.82156790,30,54,0,54,25.69555556,30,54,0,54
1978,9,Borsod-Abaúj-Zemplén,13.22572868,30,86,0,86,29.52453488,30,86,0,86
1978,9,Bács-Kiskun,14.62529630,30,99,0,99,32.95696970,30,99,0,99
1978,9,Békés,14.53620398,30,67,0,67,51.37940299,30,67,0,67
1978,9,Csongrád-Csanád,14.70380556,30,48,0,48,39.84812500,30,48,0,48
1978,9,Fejér,14.56429078,30,47,0,47,33.76893617,30,47,0,47
1978,9,Győr-Moson-Sopron,14.78290972,30,48,0,48,40.14125000,30,48,0,48
1978,9,Hajdú-Bihar,13.99497009,30,78,0,78,28.95025641,30,78,0,78
1978,9,Heves,13.68976515,30,44,0,44,30.06613636,30,44,0,44
1978,9,Jász-Nagykun-Szolnok,14.61587745,30,68,0,68,24.93926471,30,68,0,68
1978,9,Komárom-Esztergom,13.96326437,30,29,0,29,39.64413793,30,29,0,29
1978,9,Nógrád,12.84197619,30,28,0,28,22.64142857,30,28,0,28
1978,9,Pest,14.17124000,30,75,0,75,34.27720000,30,75,0,75
1978,9,Somogy,14.46984762,30,70,0,70,40.26728571,30,70,0,70
1978,9,Szabolcs-Szatmár-Bereg,13.37192488,30,71,0,71,32.59126761,30,71,0,71
1978,9,Tolna,14.86957364,30,43,0,43,44.73325581,30,43,0,43
1978,9,Vas,14.33176515,30,44,0,44,49.62159091,30,44,0,44
1978,9,Veszprém,14.33033951,30,54,0,54,37.05240741,30,54,0,54
1978,9,Zala,14.26045455,30,44,0,44,45.84090909,30,44,0,44
1978,10,Baranya,10.73958184,31,54,0,54,15.97629630,31,54,0,54
1978,10,Borsod-Abaúj-Zemplén,9.90493248,31,86,0,86,16.55302326,31,86,0,86
1978,10,Bács-Kiskun,10.83433692,31,99,0,99,6.69494949,31,99,0,99
1978,10,Békés,10.72221955,31,67,0,67,9.95313433,31,67,0,67
1978,10,Csongrád-Csanád,10.87476478,31,48,0,48,3.20520833,31,48,0,48
1978,10,Fejér,10.54077557,31,47,0,47,30.96191489,31,47,0,47
1978,10,Győr-Moson-Sopron,10.25662634,31,48,0,48,22.18395833,31,48,0,48
1978,10,Hajdú-Bihar,10.43674938,31,78,0,78,11.95641026,31,78,0,78
1978,10,Heves,10.29584311,31,44,0,44,12.04113636,31,44,0,44
1978,10,Jász-Nagykun-Szolnok,10.72706831,31,68,0,68,6.17750000,31,68,0,68
1978,10,Komárom-Esztergom,10.18382647,31,29,0,29,29.67034483,31,29,0,29
1978,10,Nógrád,9.37958525,31,28,0,28,27.29392857,31,28,0,28
1978,10,Pest,10.59147527,31,75,0,75,19.72760000,31,75,0,75
1978,10,Somogy,10.20643318,31,70,0,70,28.59314286,31,70,0,70
1978,10,Szabolcs-Szatmár-Bereg,10.05201726,31,71,0,71,14.97830986,31,71,0,71
1978,10,Tolna,10.82216804,31,43,0,43,17.13441860,31,43,0,43
1978,10,Vas,9.77608504,31,44,0,44,17.87204545,31,44,0,44
1978,10,Veszprém,10.15217443,31,54,0,54,21.58722222,31,54,0,54
1978,10,Zala,9.90619501,31,44,0,44,24.32022727,31,44,0,44
1978,11,Baranya,1.47091975,30,54,0,54,11.70870370,30,54,0,54
1978,11,Borsod-Abaúj-Zemplén,1.63015116,30,86,0,86,25.70418605,30,86,0,86
1978,11,Bács-Kiskun,1.67114141,30,99,0,99,7.37282828,30,99,0,99
1978,11,Békés,1.85552736,30,67,0,67,23.14074627,30,67,0,67
1978,11,Csongrád-Csanád,1.79667361,30,48,0,48,11.88437500,30,48,0,48
1978,11,Fejér,1.66934752,30,47,0,47,13.34638298,30,47,0,47
1978,11,Győr-Moson-Sopron,1.60287500,30,48,0,48,21.97333333,30,48,0,48
1978,11,Hajdú-Bihar,1.73175641,30,78,0,78,29.63961538,30,78,0,78
1978,11,Heves,1.65311364,30,44,0,44,26.33363636,30,44,0,44
1978,11,Jász-Nagykun-Szolnok,1.97109804,30,68,0,68,20.05264706,30,68,0,68
1978,11,Komárom-Esztergom,1.49049425,30,29,0,29,17.54241379,30,29,0,29
1978,11,Nógrád,1.24772619,30,28,0,28,20.74214286,30,28,0,28
1978,11,Pest,1.68367556,30,75,0,75,13.64626667,30,75,0,75
1978,11,Somogy,1.51065238,30,70,0,70,17.99971429,30,70,0,70
1978,11,Szabolcs-Szatmár-Bereg,1.74669484,30,71,0,71,24.63774648,30,71,0,71
1978,11,Tolna,1.65509302,30,43,0,43,10.51558140,30,43,0,43
1978,11,Vas,1.08663636,30,44,0,44,22.99340909,30,44,0,44
1978,11,Veszprém,1.29172840,30,54,0,54,16.73259259,30,54,0,54
1978,11,Zala,1.20964394,30,44,0,44,23.14227273,30,44,0,44
1978,12,Baranya,1.78466547,31,54,0,54,68.39092593,31,54,0,54
1978,12,Borsod-Abaúj-Zemplén,-0.75785071,31,86,0,86,38.34465116,31,86,0,86
1978,12,Bács-Kiskun,1.35925057,31,99,0,99,69.97414141,31,99,0,99
1978,12,Békés,1.25705344,31,67,0,67,70.67761194,31,67,0,67
1978,12,Csongrád-Csanád,1.42486559,31,48,0,48,79.90625000,31,48,0,48
1978,12,Fejér,1.00558682,31,47,0,47,37.56765957,31,47,0,47
1978,12,Győr-Moson-Sopron,0.85764785,31,48,0,48,25.73833333,31,48,0,48
1978,12,Hajdú-Bihar,0.54794872,31,78,0,78,53.37935897,31,78,0,78
1978,12,Heves,-0.26609238,31,44,0,44,32.46613636,31,44,0,44
1978,12,Jász-Nagykun-Szolnok,0.73101518,31,68,0,68,45.69279412,31,68,0,68
1978,12,Komárom-Esztergom,0.61662959,31,29,0,29,30.99586207,31,29,0,29
1978,12,Nógrád,-0.71126728,31,28,0,28,35.28785714,31,28,0,28
1978,12,Pest,0.42216774,31,75,0,75,36.21320000,31,75,0,75
1978,12,Somogy,1.63662212,31,70,0,70,50.47485714,31,70,0,70
1978,12,Szabolcs-Szatmár-Bereg,0.12909132,31,71,0,71,58.52647887,31,71,0,71
1978,12,Tolna,1.77204801,31,43,0,43,68.95720930,31,43,0,43
1978,12,Vas,0.09007331,31,44,0,44,22.15909091,31,44,0,44
1978,12,Veszprém,0.85765233,31,54,0,54,33.52148148,31,54,0,54
1978,12,Zala,0.67592375,31,44,0,44,34.12840909,31,44,0,44
1979,1,Baranya,-1.85415173,31,54,0,54,86.39444444,31,54,0,54
1979,1,Borsod-Abaúj-Zemplén,-4.06962491,31,86,0,86,87.57941860,31,86,0,86
1979,1,Bács-Kiskun,-2.34491039,31,99,0,99,57.88969697,31,99,0,99
1979,1,Békés,-2.73105441,31,67,0,67,66.38477612,31,67,0,67
1979,1,Csongrád-Csanád,-2.30802419,31,48,0,48,52.21708333,31,48,0,48
1979,1,Fejér,-3.17299931,31,47,0,47,72.04319149,31,47,0,47
1979,1,Győr-Moson-Sopron,-3.68287634,31,48,0,48,62.45145833,31,48,0,48
1979,1,Hajdú-Bihar,-3.27073201,31,78,0,78,82.42628205,31,78,0,78
1979,1,Heves,-3.85219208,31,44,0,44,92.86340909,31,44,0,44
1979,1,Jász-Nagykun-Szolnok,-3.05237192,31,68,0,68,67.45911765,31,68,0,68
1979,1,Komárom-Esztergom,-3.99070078,31,29,0,29,75.56586207,31,29,0,29
1979,1,Nógrád,-4.75796083,31,28,0,28,88.91642857,31,28,0,28
1979,1,Pest,-3.45395269,31,75,0,75,70.30640000,31,75,0,75
1979,1,Somogy,-2.21080184,31,70,0,70,91.29171429,31,70,0,70
1979,1,Szabolcs-Szatmár-Bereg,-3.48837801,31,71,0,71,93.40084507,31,71,0,71
1979,1,Tolna,-2.02481620,31,43,0,43,72.05790698,31,43,0,43
1979,1,Vas,-3.53473607,31,44,0,44,63.15431818,31,44,0,44
1979,1,Veszprém,-3.51784946,31,54,0,54,83.89666667,31,54,0,54
1979,1,Zala,-2.78119501,31,44,0,44,70.93409091,31,44,0,44
1979,2,Baranya,1.83819444,28,54,0,54,65.90222222,28,54,0,54
1979,2,Borsod-Abaúj-Zemplén,0.11708056,28,86,0,86,30.83662791,28,86,0,86
1979,2,Bács-Kiskun,2.00911255,28,99,0,99,42.22050505,28,99,0,99
1979,2,Békés,2.13086887,28,67,0,67,29.68611940,28,67,0,67
1979,2,Csongrád-Csanád,2.25080357,28,48,0,48,30.85708333,28,48,0,48
1979,2,Fejér,1.33468085,28,47,0,47,49.72872340,28,47,0,47
1979,2,Győr-Moson-Sopron,1.19843750,28,48,0,48,40.92791667,28,48,0,48
1979,2,Hajdú-Bihar,1.36213370,28,78,0,78,29.73512821,28,78,0,78
1979,2,Heves,0.67280844,28,44,0,44,33.38795455,28,44,0,44
1979,2,Jász-Nagykun-Szolnok,1.55330882,28,68,0,68,24.87632353,28,68,0,68
1979,2,Komárom-Esztergom,1.02685961,28,29,0,29,33.77068966,28,29,0,29
1979,2,Nógrád,0.01840561,28,28,0,28,47.20857143,28,28,0,28
1979,2,Pest,1.19009524,28,75,0,75,39.28986667,28,75,0,75
1979,2,Somogy,1.40393367,28,70,0,70,85.18485714,28,70,0,70
1979,2,Szabolcs-Szatmár-Bereg,0.81392354,28,71,0,71,36.89535211,28,71,0,71
1979,2,Tolna,1.76818106,28,43,0,43,65.55046512,28,43,0,43
1979,2,Vas,0.77857143,28,44,0,44,48.64181818,28,44,0,44
1979,2,Veszprém,0.79614418,28,54,0,54,45.18055556,28,54,0,54
1979,2,Zala,1.08534091,28,44,0,44,64.01500000,28,44,0,44
1979,3,Baranya,8.20317802,31,54,0,54,43.33870370,31,54,0,54
1979,3,Borsod-Abaúj-Zemplén,5.95039010,31,86,0,86,51.99593023,31,86,0,86
1979,3,Bács-Kiskun,8.14223200,31,99,0,99,31.54545455,31,99,0,99
1979,3,Békés,7.82102070,31,67,0,67,36.26000000,31,67,0,67
1979,3,Csongrád-Csanád,8.23147177,31,48,0,48,32.43458333,31,48,0,48
1979,3,Fejér,7.45336307,31,47,0,47,28.21297872,31,47,0,47
1979,3,Győr-Moson-Sopron,7.08544355,31,48,0,48,41.49041667,31,48,0,48
1979,3,Hajdú-Bihar,7.17500000,31,78,0,78,47.45500000,31,78,0,78
1979,3,Heves,6.36239736,31,44,0,44,46.74909091,31,44,0,44
1979,3,Jász-Nagykun-Szolnok,7.57215370,31,68,0,68,37.30338235,31,68,0,68
1979,3,Komárom-Esztergom,6.98416018,31,29,0,29,44.05448276,31,29,0,29
1979,3,Nógrád,5.52169355,31,28,0,28,52.55357143,31,28,0,28
1979,3,Pest,7.18889892,31,75,0,75,37.01573333,31,75,0,75
1979,3,Somogy,7.84673733,31,70,0,70,37.97571429,31,70,0,70
1979,3,Szabolcs-Szatmár-Bereg,6.65533394,31,71,0,71,63.79211268,31,71,0,71
1979,3,Tolna,8.13529632,31,43,0,43,28.91348837,31,43,0,43
1979,3,Vas,6.90024927,31,44,0,44,31.87068182,31,44,0,44
1979,3,Veszprém,7.11490442,31,54,0,54,37.36462963,31,54,0,54
1979,3,Zala,7.40604106,31,44,0,44,41.80750000,31,44,0,44
1979,4,Baranya,9.21425309,30,54,0,54,37.88407407,30,54,0,54
1979,4,Borsod-Abaúj-Zemplén,8.39175969,30,86,0,86,59.11081395,30,86,0,86
1979,4,Bács-Kiskun,9.48119192,30,99,0,99,38.01434343,30,99,0,99
1979,4,Békés,9.50861692,30,67,0,67,36.70985075,30,67,0,67
1979,4,Csongrád-Csanád,9.52568056,30,48,0,48,24.38416667,30,48,0,48
1979,4,Fejér,9.11797872,30,47,0,47,46.44787234,30,47,0,47
1979,4,Győr-Moson-Sopron,8.76544444,30,48,0,48,83.64083333,30,48,0,48
1979,4,Hajdú-Bihar,9.44642308,30,78,0,78,35.06384615,30,78,0,78
1979,4,Heves,8.52600000,30,44,0,44,59.97818182,30,44,0,44
1979,4,Jász-Nagykun-Szolnok,9.44075980,30,68,0,68,34.41955882,30,68,0,68
1979,4,Komárom-Esztergom,8.59126437,30,29,0,29,60.45965517,30,29,0,29
1979,4,Nógrád,7.48830952,30,28,0,28,60.95500000,30,28,0,28
1979,4,Pest,9.03298667,30,75,0,75,46.31080000,30,75,0,75
1979,4,Somogy,8.97918095,30,70,0,70,40.09771429,30,70,0,70
1979,4,Szabolcs-Szatmár-Bereg,9.35386385,30,71,0,71,38.77394366,30,71,0,71
1979,4,Tolna,9.38511628,30,43,0,43,47.38744186,30,43,0,43
1979,4,Vas,8.43684848,30,44,0,44,85.19659091,30,44,0,44
1979,4,Veszprém,8.62224074,30,54,0,54,61.11962963,30,54,0,54
1979,4,Zala,8.71947727,30,44,0,44,62.25840909,30,44,0,44
1979,5,Baranya,16.37266428,31,54,0,54,12.26462963,31,54,0,54
1979,5,Borsod-Abaúj-Zemplén,15.74671418,31,86,0,86,24.44988372,31,86,0,86
1979,5,Bács-Kiskun,16.88086673,31,99,0,99,19.74191919,31,99,0,99
1979,5,Békés,16.98766009,31,67,0,67,37.61686567,31,67,0,67
1979,5,Csongrád-Csanád,16.99673387,31,48,0,48,26.93750000,31,48,0,48
1979,5,Fejér,16.26093342,31,47,0,47,15.01042553,31,47,0,47
1979,5,Győr-Moson-Sopron,15.58351478,31,48,0,48,30.19729167,31,48,0,48
1979,5,Hajdú-Bihar,16.89640199,31,78,0,78,29.58141026,31,78,0,78
1979,5,Heves,15.96572581,31,44,0,44,21.47590909,31,44,0,44
1979,5,Jász-Nagykun-Szolnok,16.90119070,31,68,0,68,22.41926471,31,68,0,68
1979,5,Komárom-Esztergom,15.52398220,31,29,0,29,20.33655172,31,29,0,29
1979,5,Nógrád,14.91428571,31,28,0,28,15.92750000,31,28,0,28
1979,5,Pest,16.31212903,31,75,0,75,17.22600000,31,75,0,75
1979,5,Somogy,15.97317512,31,70,0,70,14.39600000,31,70,0,70
1979,5,Szabolcs-Szatmár-Bereg,16.66107224,31,71,0,71,38.60873239,31,71,0,71
1979,5,Tolna,16.71696174,31,43,0,43,13.83023256,31,43,0,43
1979,5,Vas,15.12727273,31,44,0,44,26.57795455,31,44,0,44
1979,5,Veszprém,15.43219833,31,54,0,54,24.85611111,31,54,0,54
1979,5,Zala,15.42559384,31,44,0,44,27.21250000,31,44,0,44
1979,6,Baranya,21.00254321,30,54,0,54,84.50814815,30,54,0,54
1979,6,Borsod-Abaúj-Zemplén,20.70051163,30,86,0,86,85.93325581,30,86,0,86
1979,6,Bács-Kiskun,21.54385859,30,99,0,99,84.27747475,30,99,0,99
1979,6,Békés,21.73503980,30,67,0,67,64.70313433,30,67,0,67
1979,6,Csongrád-Csanád,21.75642361,30,48,0,48,79.42458333,30,48,0,48
1979,6,Fejér,20.95615603,30,47,0,47,95.69936170,30,47,0,47
1979,6,Győr-Moson-Sopron,20.09013889,30,48,0,48,96.87562500,30,48,0,48
1979,6,Hajdú-Bihar,21.70115812,30,78,0,78,76.32564103,30,78,0,78
1979,6,Heves,20.99951515,30,44,0,44,94.28386364,30,44,0,44
1979,6,Jász-Nagykun-Szolnok,21.77430392,30,68,0,68,62.48264706,30,68,0,68
1979,6,Komárom-Esztergom,20.09545977,30,29,0,29,93.80862069,30,29,0,29
1979,6,Nógrád,19.99583333,30,28,0,28,95.53357143,30,28,0,28
1979,6,Pest,21.13383111,30,75,0,75,86.73306667,30,75,0,75
1979,6,Somogy,20.62759524,30,70,0,70,133.33771429,30,70,0,70
1979,6,Szabolcs-Szatmár-Bereg,21.44496714,30,71,0,71,66.03619718,30,71,0,71
1979,6,Tolna,21.26141860,30,43,0,43,107.39976744,30,43,0,43
1979,6,Vas,19.63749242,30,44,0,44,136.48954545,30,44,0,44
1979,6,Veszprém,20.02432716,30,54,0,54,134.31203704,30,54,0,54
1979,6,Zala,19.96093939,30,44,0,44,153.67590909,30,44,0,44
1979,7,Baranya,18.13821386,31,54,0,54,74.08018519,31,54,0,54
1979,7,Borsod-Abaúj-Zemplén,17.25938110,31,86,0,86,64.18627907,31,86,0,86
1979,7,Bács-Kiskun,18.84141740,31,99,0,99,53.87292929,31,99,0,99
1979,7,Békés,18.85519499,31,67,0,67,46.52537313,31,67,0,67
1979,7,Csongrád-Csanád,19.05520833,31,48,0,48,43.71062500,31,48,0,48
1979,7,Fejér,18.37255319,31,47,0,47,35.31170213,31,47,0,47
1979,7,Győr-Moson-Sopron,17.75369624,31,48,0,48,60.79458333,31,48,0,48
1979,7,Hajdú-Bihar,18.42504963,31,78,0,78,71.81641026,31,78,0,78
1979,7,Heves,17.77786657,31,44,0,44,41.05750000,31,44,0,44
1979,7,Jász-Nagykun-Szolnok,18.84577324,31,68,0,68,48.14338235,31,68,0,68
1979,7,Komárom-Esztergom,17.40705228,31,29,0,29,43.12655172,31,29,0,29
1979,7,Nógrád,16.69858295,31,28,0,28,30.46750000,31,28,0,28
1979,7,Pest,18.35966022,31,75,0,75,42.73333333,31,75,0,75
1979,7,Somogy,18.07555760,31,70,0,70,90.06528571,31,70,0,70
1979,7,Szabolcs-Szatmár-Bereg,17.94856883,31,71,0,71,108.87985915,31,71,0,71
1979,7,Tolna,18.54635409,31,43,0,43,69.85860465,31,43,0,43
1979,7,Vas,17.46022727,31,44,0,44,98.47613636,31,44,0,44
1979,7,Veszprém,17.66683990,31,54,0,54,59.04574074,31,54,0,54
1979,7,Zala,17.74451613,31,44,0,44,97.58636364,31,44,0,44
1979,8,Baranya,18.74460573,31,54,0,54,52.39537037,31,54,0,54
1979,8,Borsod-Abaúj-Zemplén,18.12861590,31,86,0,86,73.24197674,31,86,0,86
1979,8,Bács-Kiskun,19.23238840,31,99,0,99,48.64545455,31,99,0,99
1979,8,Békés,19.36789119,31,67,0,67,46.45223881,31,67,0,67
1979,8,Csongrád-Csanád,19.58315860,31,48,0,48,54.22625000,31,48,0,48
1979,8,Fejér,18.75582018,31,47,0,47,42.74765957,31,47,0,47
1979,8,Győr-Moson-Sopron,18.22048387,31,48,0,48,73.67916667,31,48,0,48
1979,8,Hajdú-Bihar,18.92862283,31,78,0,78,49.59717949,31,78,0,78
1979,8,Heves,18.46999267,31,44,0,44,74.57022727,31,44,0,44
1979,8,Jász-Nagykun-Szolnok,19.36431214,31,68,0,68,41.66029412,31,68,0,68
1979,8,Komárom-Esztergom,18.02753059,31,29,0,29,48.35241379,31,29,0,29
1979,8,Nógrád,17.31312212,31,28,0,28,62.64321429,31,28,0,28
1979,8,Pest,18.79160860,31,75,0,75,48.04240000,31,75,0,75
1979,8,Somogy,18.18062673,31,70,0,70,61.34657143,31,70,0,70
1979,8,Szabolcs-Szatmár-Bereg,18.60659246,31,71,0,71,82.12830986,31,71,0,71
1979,8,Tolna,18.92474869,31,43,0,43,44.37488372,31,43,0,43
1979,8,Vas,17.57178152,31,44,0,44,88.45886364,31,44,0,44
1979,8,Veszprém,18.05845878,31,54,0,54,70.31203704,31,54,0,54
1979,8,Zala,17.63740469,31,44,0,44,72.29500000,31,44,0,44
1979,9,Baranya,15.98396914,30,54,0,54,37.66629630,30,54,0,54
1979,9,Borsod-Abaúj-Zemplén,15.95531008,30,86,0,86,9.90360465,30,86,0,86
1979,9,Bács-Kiskun,16.49611111,30,99,0,99,17.11616162,30,99,0,99
1979,9,Békés,17.32300498,30,67,0,67,26.05029851,30,67,0,67
1979,9,Csongrád-Csanád,17.14727778,30,48,0,48,28.70937500,30,48,0,48
1979,9,Fejér,15.94223404,30,47,0,47,24.33829787,30,47,0,47
1979,9,Győr-Moson-Sopron,15.40973611,30,48,0,48,23.48291667,30,48,0,48
1979,9,Hajdú-Bihar,16.98575214,30,78,0,78,3.57115385,30,78,0,78
1979,9,Heves,16.18352273,30,44,0,44,10.34750000,30,44,0,44
1979,9,Jász-Nagykun-Szolnok,17.07746078,30,68,0,68,6.48455882,30,68,0,68
1979,9,Komárom-Esztergom,15.52586207,30,29,0,29,16.35413793,30,29,0,29
1979,9,Nógrád,14.87404762,30,28,0,28,16.62714286,30,28,0,28
1979,9,Pest,16.19211556,30,75,0,75,16.14840000,30,75,0,75
1979,9,Somogy,15.33944762,30,70,0,70,43.83214286,30,70,0,70
1979,9,Szabolcs-Szatmár-Bereg,16.40799061,30,71,0,71,6.78112676,30,71,0,71
1979,9,Tolna,16.20194574,30,43,0,43,38.86372093,30,43,0,43
1979,9,Vas,14.84663636,30,44,0,44,26.72886364,30,44,0,44
1979,9,Veszprém,15.27619753,30,54,0,54,25.67018519,30,54,0,54
1979,9,Zala,14.82136364,30,44,0,44,32.88113636,30,44,0,44
1979,10,Baranya,9.36146953,31,54,0,54,32.54407407,31,54,0,54
1979,10,Borsod-Abaúj-Zemplén,7.55135409,31,86,0,86,23.82534884,31,86,0,86
1979,10,Bács-Kiskun,9.38442164,31,99,0,99,24.34616162,31,99,0,99
1979,10,Békés,9.43842080,31,67,0,67,24.71343284,31,67,0,67
1979,10,Csongrád-Csanád,9.69909274,31,48,0,48,22.67791667,31,48,0,48
1979,10,Fejér,8.69155113,31,47,0,47,20.12957447,31,47,0,47
1979,10,Győr-Moson-Sopron,8.79427419,31,48,0,48,15.17395833,31,48,0,48
1979,10,Hajdú-Bihar,8.63500000,31,78,0,78,26.04435897,31,78,0,78
1979,10,Heves,8.29028592,31,44,0,44,21.53090909,31,44,0,44
1979,10,Jász-Nagykun-Szolnok,8.99046490,31,68,0,68,25.27279412,31,68,0,68
1979,10,Komárom-Esztergom,8.58494994,31,29,0,29,13.67931034,31,29,0,29
1979,10,Nógrád,7.15115207,31,28,0,28,22.06928571,31,28,0,28
1979,10,Pest,8.63821505,31,75,0,75,17.76480000,31,75,0,75
1979,10,Somogy,8.78146083,31,70,0,70,38.59514286,31,70,0,70
1979,10,Szabolcs-Szatmár-Bereg,8.19491140,31,71,0,71,15.03140845,31,71,0,71
1979,10,Tolna,9.31036009,31,43,0,43,31.44720930,31,43,0,43
1979,10,Vas,8.43643695,31,44,0,44,24.21204545,31,44,0,44
1979,10,Veszprém,8.59134409,31,54,0,54,21.30462963,31,54,0,54
1979,10,Zala,8.65745601,31,44,0,44,35.48431818,31,44,0,44
1979,11,Baranya,5.43464815,30,54,0,54,63.42537037,30,54,0,54
1979,11,Borsod-Abaúj-Zemplén,3.93278295,30,86,0,86,66.66279070,30,86,0,86
1979,11,Bács-Kiskun,5.54085185,30,99,0,99,52.36949495,30,99,0,99
1979,11,Békés,5.64417910,30,67,0,67,40.32283582,30,67,0,67
1979,11,Csongrád-Csanád,5.73345139,30,48,0,48,47.23437500,30,48,0,48
1979,11,Fejér,5.03573050,30,47,0,47,76.30340426,30,47,0,47
1979,11,Győr-Moson-Sopron,4.96647222,30,48,0,48,90.11458333,30,48,0,48
1979,11,Hajdú-Bihar,5.13181197,30,78,0,78,33.65141026,30,78,0,78
1979,11,Heves,4.28939394,30,44,0,44,78.83954545,30,44,0,44
1979,11,Jász-Nagykun-Szolnok,5.28035784,30,68,0,68,50.93470588,30,68,0,68
1979,11,Komárom-Esztergom,4.70988506,30,29,0,29,100.77827586,30,29,0,29
1979,11,Nógrád,3.84313095,30,28,0,28,94.34535714,30,28,0,28
1979,11,Pest,4.88497333,30,75,0,75,77.18026667,30,75,0,75
1979,11,Somogy,5.27751429,30,70,0,70,83.00371429,30,70,0,70
1979,11,Szabolcs-Szatmár-Bereg,4.79658216,30,71,0,71,41.00985915,30,71,0,71
1979,11,Tolna,5.51117829,30,43,0,43,57.89093023,30,43,0,43
1979,11,Vas,4.90308333,30,44,0,44,81.66886364,30,44,0,44
1979,11,Veszprém,4.75427160,30,54,0,54,114.75907407,30,54,0,54
1979,11,Zala,5.08004545,30,44,0,44,97.15477273,30,44,0,44
1979,12,Baranya,4.37854839,31,54,0,54,74.89277778,31,54,0,54
1979,12,Borsod-Abaúj-Zemplén,1.91903226,31,86,0,86,39.04825581,31,86,0,86
1979,12,Bács-Kiskun,4.15046595,31,99,0,99,62.73606061,31,99,0,99
1979,12,Békés,3.75199326,31,67,0,67,53.25134328,31,67,0,67
1979,12,Csongrád-Csanád,4.11080645,31,48,0,48,59.97000000,31,48,0,48
1979,12,Fejér,3.86365820,31,47,0,47,53.49680851,31,47,0,47
1979,12,Győr-Moson-Sopron,3.98169355,31,48,0,48,36.77708333,31,48,0,48
1979,12,Hajdú-Bihar,3.12604632,31,78,0,78,32.15064103,31,78,0,78
1979,12,Heves,2.43429619,31,44,0,44,45.22204545,31,44,0,44
1979,12,Jász-Nagykun-Szolnok,3.43611006,31,68,0,68,43.74985294,31,68,0,68
1979,12,Komárom-Esztergom,3.57160178,31,29,0,29,44.98931034,31,29,0,29
1979,12,Nógrád,2.12017281,31,28,0,28,52.22285714,31,28,0,28
1979,12,Pest,3.36929892,31,75,0,75,49.92093333,31,75,0,75
1979,12,Somogy,4.15207373,31,70,0,70,83.56971429,31,70,0,70
1979,12,Szabolcs-Szatmár-Bereg,2.78351204,31,71,0,71,34.51014085,31,71,0,71
1979,12,Tolna,4.47147037,31,43,0,43,78.99511628,31,43,0,43
1979,12,Vas,3.29454545,31,44,0,44,36.14113636,31,44,0,44
1979,12,Veszprém,3.80776583,31,54,0,54,45.20388889,31,54,0,54
1979,12,Zala,3.52677419,31,44,0,44,61.10636364,31,44,0,44
1980,1,Baranya,-3.38341099,31,54,0,54,28.51092593,31,54,0,54
1980,1,Borsod-Abaúj-Zemplén,-5.47702926,31,86,0,86,26.93953488,31,86,0,86
1980,1,Bács-Kiskun,-3.82985011,31,99,0,99,21.89787879,31,99,0,99
1980,1,Békés,-3.99679827,31,67,0,67,17.33955224,31,67,0,67
1980,1,Csongrád-Csanád,-3.99208333,31,48,0,48,14.65833333,31,48,0,48
1980,1,Fejér,-4.07155800,31,47,0,47,33.82446809,31,47,0,47
1980,1,Győr-Moson-Sopron,-3.43561828,31,48,0,48,32.36791667,31,48,0,48
1980,1,Hajdú-Bihar,-4.31680314,31,78,0,78,28.05923077,31,78,0,78
1980,1,Heves,-5.05691349,31,44,0,44,37.86795455,31,44,0,44
1980,1,Jász-Nagykun-Szolnok,-4.23124763,31,68,0,68,28.47044118,31,68,0,68
1980,1,Komárom-Esztergom,-4.29210234,31,29,0,29,42.22137931,31,29,0,29
1980,1,Nógrád,-5.58678571,31,28,0,28,47.34464286,31,28,0,28
1980,1,Pest,-4.45982796,31,75,0,75,42.66106667,31,75,0,75
1980,1,Somogy,-3.42112903,31,70,0,70,31.52400000,31,70,0,70
1980,1,Szabolcs-Szatmár-Bereg,-4.80045888,31,71,0,71,25.02774648,31,71,0,71
1980,1,Tolna,-3.47450863,31,43,0,43,26.25930233,31,43,0,43
1980,1,Vas,-3.42101173,31,44,0,44,32.51318182,31,44,0,44
1980,1,Veszprém,-3.89374552,31,54,0,54,35.44203704,31,54,0,54
1980,1,Zala,-3.30066716,31,44,0,44,28.32454545,31,44,0,44
1980,2,Baranya,2.08883780,29,54,0,54,36.78592593,29,54,0,54
1980,2,Borsod-Abaúj-Zemplén,-0.23947474,29,86,0,86,20.05290698,29,86,0,86
1980,2,Bács-Kiskun,1.42216301,29,99,0,99,22.25303030,29,99,0,99
1980,2,Békés,1.00510036,29,67,0,67,14.59776119,29,67,0,67
1980,2,Csongrád-Csanád,1.09124282,29,48,0,48,15.87708333,29,48,0,48
1980,2,Fejér,1.49912693,29,47,0,47,16.76085106,29,47,0,47
1980,2,Győr-Moson-Sopron,1.97396552,29,48,0,48,18.18250000,29,48,0,48
1980,2,Hajdú-Bihar,0.95251547,29,78,0,78,17.85320513,29,78,0,78
1980,2,Heves,0.03112853,29,44,0,44,21.54000000,29,44,0,44
1980,2,Jász-Nagykun-Szolnok,0.88330629,29,68,0,68,16.44029412,29,68,0,68
1980,2,Komárom-Esztergom,1.36557669,29,29,0,29,23.64551724,29,29,0,29
1980,2,Nógrád,-0.48503695,29,28,0,28,23.07464286,29,28,0,28
1980,2,Pest,0.87801379,29,75,0,75,20.71346667,29,75,0,75
1980,2,Somogy,2.01333005,29,70,0,70,27.97328571,29,70,0,70
1980,2,Szabolcs-Szatmár-Bereg,0.69060223,29,71,0,71,20.07281690,29,71,0,71
1980,2,Tolna,1.95927025,29,43,0,43,26.11372093,29,43,0,43
1980,2,Vas,1.75460031,29,44,0,44,12.71613636,29,44,0,44
1980,2,Veszprém,1.63986590,29,54,0,54,18.51444444,29,54,0,54
1980,2,Zala,1.85708464,29,44,0,44,18.38227273,29,44,0,44
1980,3,Baranya,5.17326762,31,54,0,54,19.48500000,31,54,0,54
1980,3,Borsod-Abaúj-Zemplén,3.22845461,31,86,0,86,46.16604651,31,86,0,86
1980,3,Bács-Kiskun,4.98769306,31,99,0,99,29.95030303,31,99,0,99
1980,3,Békés,5.17428984,31,67,0,67,42.00582090,31,67,0,67
1980,3,Csongrád-Csanád,5.31613575,31,48,0,48,44.96250000,31,48,0,48
1980,3,Fejér,4.61695264,31,47,0,47,25.80127660,31,47,0,47
1980,3,Győr-Moson-Sopron,4.43602151,31,48,0,48,25.49833333,31,48,0,48
1980,3,Hajdú-Bihar,4.40009098,31,78,0,78,44.96743590,31,78,0,78
1980,3,Heves,3.70458944,31,44,0,44,44.78636364,31,44,0,44
1980,3,Jász-Nagykun-Szolnok,4.65807400,31,68,0,68,40.26397059,31,68,0,68
1980,3,Komárom-Esztergom,4.07350389,31,29,0,29,29.14793103,31,29,0,29
1980,3,Nógrád,3.05187788,31,28,0,28,41.55500000,31,28,0,28
1980,3,Pest,4.30338925,31,75,0,75,34.64973333,31,75,0,75
1980,3,Somogy,4.97390323,31,70,0,70,19.80442857,31,70,0,70
1980,3,Szabolcs-Szatmár-Bereg,3.92559291,31,71,0,71,53.89704225,31,71,0,71
1980,3,Tolna,5.05575394,31,43,0,43,21.40581395,31,43,0,43
1980,3,Vas,4.28269062,31,44,0,44,21.77022727,31,44,0,44
1980,3,Veszprém,4.28844086,31,54,0,54,21.39574074,31,54,0,54
1980,3,Zala,4.72197214,31,44,0,44,22.03500000,31,44,0,44
1980,4,Baranya,7.74832716,30,54,0,54,83.59888889,30,54,0,54
1980,4,Borsod-Abaúj-Zemplén,7.72931008,30,86,0,86,54.66186047,30,86,0,86
1980,4,Bács-Kiskun,8.27682828,30,99,0,99,65.18313131,30,99,0,99
1980,4,Békés,8.64881592,30,67,0,67,67.15328358,30,67,0,67
1980,4,Csongrád-Csanád,8.46074306,30,48,0,48,64.99104167,30,48,0,48
1980,4,Fejér,7.87209929,30,47,0,47,48.63468085,30,47,0,47
1980,4,Győr-Moson-Sopron,7.48709722,30,48,0,48,53.59541667,30,48,0,48
1980,4,Hajdú-Bihar,8.89165812,30,78,0,78,54.29076923,30,78,0,78
1980,4,Heves,7.77630303,30,44,0,44,47.95295455,30,44,0,44
1980,4,Jász-Nagykun-Szolnok,8.69719608,30,68,0,68,54.51617647,30,68,0,68
1980,4,Komárom-Esztergom,7.28133333,30,29,0,29,50.07068966,30,29,0,29
1980,4,Nógrád,6.65453571,30,28,0,28,56.95750000,30,28,0,28
1980,4,Pest,7.98344000,30,75,0,75,54.36306667,30,75,0,75
1980,4,Somogy,7.69219048,30,70,0,70,72.72128571,30,70,0,70
1980,4,Szabolcs-Szatmár-Bereg,8.90536150,30,71,0,71,46.25647887,30,71,0,71
1980,4,Tolna,8.02368992,30,43,0,43,65.73209302,30,43,0,43
1980,4,Vas,7.33616667,30,44,0,44,41.32454545,30,44,0,44
1980,4,Veszprém,7.33369753,30,54,0,54,53.67425926,30,54,0,54
1980,4,Zala,7.62768182,30,44,0,44,61.12068182,30,44,0,44
1980,5,Baranya,12.86817204,31,54,0,54,98.13018519,31,54,0,54
1980,5,Borsod-Abaúj-Zemplén,12.01982371,31,86,0,86,59.35034884,31,86,0,86
1980,5,Bács-Kiskun,13.14931248,31,99,0,99,68.90676768,31,99,0,99
1980,5,Békés,13.35053442,31,67,0,67,82.19164179,31,67,0,67
1980,5,Csongrád-Csanád,13.24205645,31,48,0,48,55.81666667,31,48,0,48
1980,5,Fejér,12.87492793,31,47,0,47,45.60617021,31,47,0,47
1980,5,Győr-Moson-Sopron,12.35399866,31,48,0,48,35.90583333,31,48,0,48
1980,5,Hajdú-Bihar,13.24026882,31,78,0,78,77.68128205,31,78,0,78
1980,5,Heves,12.35806452,31,44,0,44,59.04977273,31,44,0,44
1980,5,Jász-Nagykun-Szolnok,13.14737666,31,68,0,68,76.17044118,31,68,0,68
1980,5,Komárom-Esztergom,12.17983315,31,29,0,29,47.40620690,31,29,0,29
1980,5,Nógrád,11.48855991,31,28,0,28,47.92107143,31,28,0,28
1980,5,Pest,12.78691183,31,75,0,75,46.79253333,31,75,0,75
1980,5,Somogy,12.64829493,31,70,0,70,100.92871429,31,70,0,70
1980,5,Szabolcs-Szatmár-Bereg,12.95569287,31,71,0,71,73.35788732,31,71,0,71
1980,5,Tolna,13.15828957,31,43,0,43,79.36209302,31,43,0,43
1980,5,Vas,12.02044721,31,44,0,44,38.75636364,31,44,0,44
1980,5,Veszprém,12.03310036,31,54,0,54,51.57518519,31,54,0,54
1980,5,Zala,12.16343109,31,44,0,44,65.49363636,31,44,0,44
1980,6,Baranya,18.36280864,30,54,0,54,73.85240741,30,54,0,54
1980,6,Borsod-Abaúj-Zemplén,16.84098062,30,86,0,86,126.89453488,30,86,0,86
1980,6,Bács-Kiskun,18.63426936,30,99,0,99,82.07545455,30,99,0,99
1980,6,Békés,18.38447264,30,67,0,67,71.29343284,30,67,0,67
1980,6,Csongrád-Csanád,18.74534722,30,48,0,48,69.06333333,30,48,0,48
1980,6,Fejér,18.08260284,30,47,0,47,63.81914894,30,47,0,47
1980,6,Győr-Moson-Sopron,17.59429861,30,48,0,48,101.90479167,30,48,0,48
1980,6,Hajdú-Bihar,17.98852991,30,78,0,78,99.53794872,30,78,0,78
1980,6,Heves,17.33081061,30,44,0,44,100.73704545,30,44,0,44
1980,6,Jász-Nagykun-Szolnok,18.28774020,30,68,0,68,93.24558824,30,68,0,68
1980,6,Komárom-Esztergom,17.17857471,30,29,0,29,73.80103448,30,29,0,29
1980,6,Nógrád,16.31261905,30,28,0,28,91.93071429,30,28,0,28
1980,6,Pest,17.77435111,30,75,0,75,78.92613333,30,75,0,75
1980,6,Somogy,17.95314762,30,70,0,70,86.35500000,30,70,0,70
1980,6,Szabolcs-Szatmár-Bereg,17.51033803,30,71,0,71,111.70647887,30,71,0,71
1980,6,Tolna,18.56702326,30,43,0,43,78.47930233,30,43,0,43
1980,6,Vas,17.14871970,30,44,0,44,118.64886364,30,44,0,44
1980,6,Veszprém,17.38144444,30,54,0,54,85.95888889,30,54,0,54
1980,6,Zala,17.26356061,30,44,0,44,98.74840909,30,44,0,44
1980,7,Baranya,18.91966547,31,54,0,54,38.02574074,31,54,0,54
1980,7,Borsod-Abaúj-Zemplén,18.09998125,31,86,0,86,108.16674419,31,86,0,86
1980,7,Bács-Kiskun,19.52292603,31,99,0,99,37.87727273,31,99,0,99
1980,7,Békés,19.32003852,31,67,0,67,93.05268657,31,67,0,67
1980,7,Csongrád-Csanád,19.83042339,31,48,0,48,29.91625000,31,48,0,48
1980,7,Fejér,18.81532601,31,47,0,47,51.09659574,31,47,0,47
1980,7,Győr-Moson-Sopron,18.47205645,31,48,0,48,80.32583333,31,48,0,48
1980,7,Hajdú-Bihar,19.09373449,31,78,0,78,139.56423077,31,78,0,78
1980,7,Heves,18.07197214,31,44,0,44,64.38681818,31,44,0,44
1980,7,Jász-Nagykun-Szolnok,19.18066888,31,68,0,68,71.95691176,31,68,0,68
1980,7,Komárom-Esztergom,18.00743048,31,29,0,29,65.48379310,31,29,0,29
1980,7,Nógrád,17.10192396,31,28,0,28,38.07142857,31,28,0,28
1980,7,Pest,18.67245591,31,75,0,75,48.85466667,31,75,0,75
1980,7,Somogy,18.60528111,31,70,0,70,49.68671429,31,70,0,70
1980,7,Szabolcs-Szatmár-Bereg,18.81699682,31,71,0,71,170.44239437,31,71,0,71
1980,7,Tolna,19.23276069,31,43,0,43,39.29720930,31,43,0,43
1980,7,Vas,18.10558651,31,44,0,44,101.89204545,31,44,0,44
1980,7,Veszprém,18.17510753,31,54,0,54,79.79592593,31,54,0,54
1980,7,Zala,18.15925953,31,44,0,44,65.07772727,31,44,0,44
1980,8,Baranya,19.20212067,31,54,0,54,55.73592593,31,54,0,54
1980,8,Borsod-Abaúj-Zemplén,17.86177419,31,86,0,86,70.32244186,31,86,0,86
1980,8,Bács-Kiskun,19.67438579,31,99,0,99,40.04464646,31,99,0,99
1980,8,Békés,19.72583052,31,67,0,67,28.81343284,31,67,0,67
1980,8,Csongrád-Csanád,20.12866263,31,48,0,48,35.23229167,31,48,0,48
1980,8,Fejér,19.15224434,31,47,0,47,53.72936170,31,47,0,47
1980,8,Győr-Moson-Sopron,19.01892473,31,48,0,48,59.17395833,31,48,0,48
1980,8,Hajdú-Bihar,19.16732010,31,78,0,78,47.92102564,31,78,0,78
1980,8,Heves,18.36296188,31,44,0,44,37.26181818,31,44,0,44
1980,8,Jász-Nagykun-Szolnok,19.60638994,31,68,0,68,45.24558824,31,68,0,68
1980,8,Komárom-Esztergom,18.35196885,31,29,0,29,43.03206897,31,29,0,29
1980,8,Nógrád,17.16607143,31,28,0,28,30.82785714,31,28,0,28
1980,8,Pest,18.93463226,31,75,0,75,42.63946667,31,75,0,75
1980,8,Somogy,19.04602304,31,70,0,70,65.08728571,31,70,0,70
1980,8,Szabolcs-Szatmár-Bereg,18.69528851,31,71,0,71,58.23605634,31,71,0,71
1980,8,Tolna,19.42202551,31,43,0,43,52.15209302,31,43,0,43
1980,8,Vas,18.83253666,31,44,0,44,74.31590909,31,44,0,44
1980,8,Veszprém,18.92422342,31,54,0,54,68.86462963,31,54,0,54
1980,8,Zala,18.83599707,31,44,0,44,84.19204545,31,44,0,44
1980,9,Baranya,15.05519136,30,54,0,54,45.78185185,30,54,0,54
1980,9,Borsod-Abaúj-Zemplén,13.82057364,30,86,0,86,46.48313953,30,86,0,86
1980,9,Bács-Kiskun,15.02773401,30,99,0,99,27.61595960,30,99,0,99
1980,9,Békés,15.26640299,30,67,0,67,9.04268657,30,67,0,67
1980,9,Csongrád-Csanád,15.51013194,30,48,0,48,16.22354167,30,48,0,48
1980,9,Fejér,14.70048227,30,47,0,47,34.96957447,30,47,0,47
1980,9,Győr-Moson-Sopron,14.63859722,30,48,0,48,36.11250000,30,48,0,48
1980,9,Hajdú-Bihar,14.70629487,30,78,0,78,12.84717949,30,78,0,78
1980,9,Heves,14.22245455,30,44,0,44,31.75363636,30,44,0,44
1980,9,Jász-Nagykun-Szolnok,15.02831373,30,68,0,68,19.92397059,30,68,0,68
1980,9,Komárom-Esztergom,14.03880460,30,29,0,29,34.09275862,30,29,0,29
1980,9,Nógrád,13.21954762,30,28,0,28,27.16964286,30,28,0,28
1980,9,Pest,14.33032444,30,75,0,75,30.35093333,30,75,0,75
1980,9,Somogy,14.93051905,30,70,0,70,31.51800000,30,70,0,70
1980,9,Szabolcs-Szatmár-Bereg,14.42657746,30,71,0,71,33.75112676,30,71,0,71
1980,9,Tolna,15.04585271,30,43,0,43,47.77209302,30,43,0,43
1980,9,Vas,14.66921970,30,44,0,44,26.86431818,30,44,0,44
1980,9,Veszprém,14.55591975,30,54,0,54,17.87629630,30,54,0,54
1980,9,Zala,14.78719697,30,44,0,44,30.67340909,30,44,0,44
1980,10,Baranya,10.71076464,31,54,0,54,56.43166667,31,54,0,54
1980,10,Borsod-Abaúj-Zemplén,9.88529632,31,86,0,86,73.98127907,31,86,0,86
1980,10,Bács-Kiskun,11.03960248,31,99,0,99,54.20989899,31,99,0,99
1980,10,Békés,11.72760231,31,67,0,67,63.60388060,31,67,0,67
1980,10,Csongrád-Csanád,11.72746640,31,48,0,48,54.01854167,31,48,0,48
1980,10,Fejér,10.21783116,31,47,0,47,60.43255319,31,47,0,47
1980,10,Győr-Moson-Sopron,9.99920027,31,48,0,48,75.19645833,31,48,0,48
1980,10,Hajdú-Bihar,11.20761373,31,78,0,78,61.94205128,31,78,0,78
1980,10,Heves,10.09399560,31,44,0,44,68.61090909,31,44,0,44
1980,10,Jász-Nagykun-Szolnok,11.22740038,31,68,0,68,52.07867647,31,68,0,68
1980,10,Komárom-Esztergom,9.62642937,31,29,0,29,78.23793103,31,29,0,29
1980,10,Nógrád,8.90417051,31,28,0,28,83.82928571,31,28,0,28
1980,10,Pest,10.15276129,31,75,0,75,65.19520000,31,75,0,75
1980,10,Somogy,10.22860369,31,70,0,70,67.91471429,31,70,0,70
1980,10,Szabolcs-Szatmár-Bereg,10.90776920,31,71,0,71,68.04591549,31,71,0,71
1980,10,Tolna,10.82100525,31,43,0,43,49.14627907,31,43,0,43
1980,10,Vas,9.59159091,31,44,0,44,97.51022727,31,44,0,44
1980,10,Veszprém,9.81750896,31,54,0,54,76.27518519,31,54,0,54
1980,10,Zala,9.82008798,31,44,0,44,85.06613636,31,44,0,44
1980,11,Baranya,4.15453704,30,54,0,54,162.08111111,30,54,0,54
1980,11,Borsod-Abaúj-Zemplén,1.86679070,30,86,0,86,95.08604651,30,86,0,86
1980,11,Bács-Kiskun,3.91229293,30,99,0,99,133.71393939,30,99,0,99
1980,11,Békés,4.05632338,30,67,0,67,109.86298507,30,67,0,67
1980,11,Csongrád-Csanád,4.27484722,30,48,0,48,111.49875000,30,48,0,48
1980,11,Fejér,3.20129787,30,47,0,47,142.27574468,30,47,0,47
1980,11,Győr-Moson-Sopron,2.59793750,30,48,0,48,113.30104167,30,48,0,48
1980,11,Hajdú-Bihar,3.20255128,30,78,0,78,102.38679487,30,78,0,78
1980,11,Heves,2.20115152,30,44,0,44,113.53681818,30,44,0,44
1980,11,Jász-Nagykun-Szolnok,3.22382353,30,68,0,68,104.05544118,30,68,0,68
1980,11,Komárom-Esztergom,2.71401149,30,29,0,29,141.05655172,30,29,0,29
1980,11,Nógrád,1.64317857,30,28,0,28,113.22321429,30,28,0,28
1980,11,Pest,2.81822667,30,75,0,75,131.04280000,30,75,0,75
1980,11,Somogy,3.61546190,30,70,0,70,151.42814286,30,70,0,70
1980,11,Szabolcs-Szatmár-Bereg,2.83527700,30,71,0,71,102.86084507,30,71,0,71
1980,11,Tolna,3.96091473,30,43,0,43,155.02813953,30,43,0,43
1980,11,Vas,2.24657576,30,44,0,44,101.59409091,30,44,0,44
1980,11,Veszprém,2.92417284,30,54,0,54,126.75129630,30,54,0,54
1980,11,Zala,2.84333333,30,44,0,44,117.69977273,30,44,0,44
1980,12,Baranya,-0.10141577,31,54,0,54,50.49370370,31,54,0,54
1980,12,Borsod-Abaúj-Zemplén,-2.10642911,31,86,0,86,27.11418605,31,86,0,86
1980,12,Bács-Kiskun,-0.23866406,31,99,0,99,33.79969697,31,99,0,99
1980,12,Békés,-0.63828599,31,67,0,67,20.68507463,31,67,0,67
1980,12,Csongrád-Csanád,-0.19089382,31,48,0,48,22.19208333,31,48,0,48
1980,12,Fejér,-0.26656143,31,47,0,47,29.93957447,31,47,0,47
1980,12,Győr-Moson-Sopron,-0.08183468,31,48,0,48,14.45395833,31,48,0,48
1980,12,Hajdú-Bihar,-0.97107527,31,78,0,78,24.64679487,31,78,0,78
1980,12,Heves,-1.56318182,31,44,0,44,30.98431818,31,44,0,44
1980,12,Jász-Nagykun-Szolnok,-0.78569734,31,68,0,68,29.37455882,31,68,0,68
1980,12,Komárom-Esztergom,-0.75042269,31,29,0,29,24.71241379,31,29,0,29
1980,12,Nógrád,-1.84459677,31,28,0,28,32.41821429,31,28,0,28
1980,12,Pest,-0.63402151,31,75,0,75,31.51186667,31,75,0,75
1980,12,Somogy,-0.21190323,31,70,0,70,42.19842857,31,70,0,70
1980,12,Szabolcs-Szatmár-Bereg,-0.98507497,31,71,0,71,27.50323944,31,71,0,71
1980,12,Tolna,0.07001500,31,43,0,43,38.88186047,31,43,0,43
1980,12,Vas,-0.57560117,31,44,0,44,16.09886364,31,44,0,44
1980,12,Veszprém,-0.33452210,31,54,0,54,20.45833333,31,54,0,54
1980,12,Zala,-0.59825513,31,44,0,44,28.08386364,31,44,0,44
1981,1,Baranya,-2.38892473,31,54,0,54,40.69462963,31,54,0,54
1981,1,Borsod-Abaúj-Zemplén,-4.10939235,31,86,0,86,15.85639535,31,86,0,86
1981,1,Bács-Kiskun,-2.91231346,31,99,0,99,21.51404040,31,99,0,99
1981,1,Békés,-3.90329321,31,67,0,67,33.19208955,31,67,0,67
1981,1,Csongrád-Csanád,-3.50312500,31,48,0,48,25.74020833,31,48,0,48
1981,1,Fejér,-2.75012354,31,47,0,47,13.23872340,31,47,0,47
1981,1,Győr-Moson-Sopron,-2.24799731,31,48,0,48,23.72854167,31,48,0,48
1981,1,Hajdú-Bihar,-3.90516129,31,78,0,78,30.53948718,31,78,0,78
1981,1,Heves,-4.02010264,31,44,0,44,17.45909091,31,44,0,44
1981,1,Jász-Nagykun-Szolnok,-3.45677419,31,68,0,68,15.92014706,31,68,0,68
1981,1,Komárom-Esztergom,-3.31845384,31,29,0,29,25.42482759,31,29,0,29
1981,1,Nógrád,-4.93574885,31,28,0,28,28.71642857,31,28,0,28
1981,1,Pest,-3.30094194,31,75,0,75,21.64080000,31,75,0,75
1981,1,Somogy,-2.42940092,31,70,0,70,29.20671429,31,70,0,70
1981,1,Szabolcs-Szatmár-Bereg,-4.20127669,31,71,0,71,34.70239437,31,71,0,71
1981,1,Tolna,-2.39123031,31,43,0,43,23.66976744,31,43,0,43
1981,1,Vas,-2.67507331,31,44,0,44,12.55795455,31,44,0,44
1981,1,Veszprém,-2.79713262,31,54,0,54,14.94018519,31,54,0,54
1981,1,Zala,-2.55754399,31,44,0,44,15.59477273,31,44,0,44
1981,2,Baranya,1.20941138,28,54,0,54,31.87462963,28,54,0,54
1981,2,Borsod-Abaúj-Zemplén,-0.83937292,28,86,0,86,4.95697674,28,86,0,86
1981,2,Bács-Kiskun,1.18501443,28,99,0,99,17.66464646,28,99,0,99
1981,2,Békés,0.17229211,28,67,0,67,26.12910448,28,67,0,67
1981,2,Csongrád-Csanád,0.79747024,28,48,0,48,24.19270833,28,48,0,48
1981,2,Fejér,1.26372340,28,47,0,47,12.12468085,28,47,0,47
1981,2,Győr-Moson-Sopron,1.22308780,28,48,0,48,13.76125000,28,48,0,48
1981,2,Hajdú-Bihar,-0.03500458,28,78,0,78,15.47051282,28,78,0,78
1981,2,Heves,-0.23486201,28,44,0,44,6.10159091,28,44,0,44
1981,2,Jász-Nagykun-Szolnok,0.28144433,28,68,0,68,13.03647059,28,68,0,68
1981,2,Komárom-Esztergom,0.84546798,28,29,0,29,13.82862069,28,29,0,29
1981,2,Nógrád,-0.44140306,28,28,0,28,8.15392857,28,28,0,28
1981,2,Pest,0.67957143,28,75,0,75,9.45200000,28,75,0,75
1981,2,Somogy,1.07751020,28,70,0,70,23.52600000,28,70,0,70
1981,2,Szabolcs-Szatmár-Bereg,-0.20185111,28,71,0,71,13.76323944,28,71,0,71
1981,2,Tolna,1.41838870,28,43,0,43,15.24488372,28,43,0,43
1981,2,Vas,0.44969968,28,44,0,44,20.22954545,28,44,0,44
1981,2,Veszprém,0.80032407,28,54,0,54,11.38518519,28,54,0,54
1981,2,Zala,0.67767045,28,44,0,44,21.45136364,28,44,0,44
1981,3,Baranya,8.75470729,31,54,0,54,47.84925926,31,54,0,54
1981,3,Borsod-Abaúj-Zemplén,6.72542761,31,86,0,86,26.17290698,31,86,0,86
1981,3,Bács-Kiskun,8.52003584,31,99,0,99,30.70111111,31,99,0,99
1981,3,Békés,8.14520944,31,67,0,67,51.22656716,31,67,0,67
1981,3,Csongrád-Csanád,8.44920699,31,48,0,48,40.55229167,31,48,0,48
1981,3,Fejér,8.01146191,31,47,0,47,28.99382979,31,47,0,47
1981,3,Győr-Moson-Sopron,8.20885081,31,48,0,48,30.74562500,31,48,0,48
1981,3,Hajdú-Bihar,7.85062035,31,78,0,78,43.72474359,31,78,0,78
1981,3,Heves,7.23900293,31,44,0,44,30.07568182,31,44,0,44
1981,3,Jász-Nagykun-Szolnok,8.13247154,31,68,0,68,30.16338235,31,68,0,68
1981,3,Komárom-Esztergom,7.78755284,31,29,0,29,36.67827586,31,29,0,29
1981,3,Nógrád,6.49967742,31,28,0,28,36.03535714,31,28,0,28
1981,3,Pest,7.94926882,31,75,0,75,30.24400000,31,75,0,75
1981,3,Somogy,8.36213364,31,70,0,70,35.24328571,31,70,0,70
1981,3,Szabolcs-Szatmár-Bereg,7.36661517,31,71,0,71,40.35760563,31,71,0,71
1981,3,Tolna,8.62441860,31,43,0,43,28.88302326,31,43,0,43
1981,3,Vas,7.67986070,31,44,0,44,31.90772727,31,44,0,44
1981,3,Veszprém,7.83479092,31,54,0,54,33.10944444,31,54,0,54
1981,3,Zala,7.94556452,31,44,0,44,35.27477273,31,44,0,44
1981,4,Baranya,10.34289506,30,54,0,54,23.65333333,30,54,0,54
1981,4,Borsod-Abaúj-Zemplén,8.75908527,30,86,0,86,18.03011628,30,86,0,86
1981,4,Bács-Kiskun,10.26709764,30,99,0,99,15.06525253,30,99,0,99
1981,4,Békés,9.97681592,30,67,0,67,27.94029851,30,67,0,67
1981,4,Csongrád-Csanád,10.26802778,30,48,0,48,20.28979167,30,48,0,48
1981,4,Fejér,9.88956028,30,47,0,47,8.79468085,30,47,0,47
1981,4,Győr-Moson-Sopron,9.63844444,30,48,0,48,13.07770833,30,48,0,48
1981,4,Hajdú-Bihar,9.55585470,30,78,0,78,21.13897436,30,78,0,78
1981,4,Heves,8.95656818,30,44,0,44,16.54477273,30,44,0,44
1981,4,Jász-Nagykun-Szolnok,9.79157353,30,68,0,68,15.06647059,30,68,0,68
1981,4,Komárom-Esztergom,9.21063218,30,29,0,29,13.97862069,30,29,0,29
1981,4,Nógrád,7.99402381,30,28,0,28,11.15607143,30,28,0,28
1981,4,Pest,9.65814222,30,75,0,75,12.81733333,30,75,0,75
1981,4,Somogy,10.01517619,30,70,0,70,17.66500000,30,70,0,70
1981,4,Szabolcs-Szatmár-Bereg,9.45452582,30,71,0,71,21.03957746,30,71,0,71
1981,4,Tolna,10.42522481,30,43,0,43,12.05186047,30,43,0,43
1981,4,Vas,9.51359848,30,44,0,44,12.58750000,30,44,0,44
1981,4,Veszprém,9.58933333,30,54,0,54,14.59203704,30,54,0,54
1981,4,Zala,9.69607576,30,44,0,44,14.61227273,30,44,0,44
1981,5,Baranya,15.55120072,31,54,0,54,44.93222222,31,54,0,54
1981,5,Borsod-Abaúj-Zemplén,14.96948237,31,86,0,86,41.22802326,31,86,0,86
1981,5,Bács-Kiskun,15.77804171,31,99,0,99,28.12454545,31,99,0,99
1981,5,Békés,15.80388541,31,67,0,67,39.60000000,31,67,0,67
1981,5,Csongrád-Csanád,15.81102823,31,48,0,48,22.38645833,31,48,0,48
1981,5,Fejér,15.38597804,31,47,0,47,44.12510638,31,47,0,47
1981,5,Győr-Moson-Sopron,15.22950941,31,48,0,48,46.12270833,31,48,0,48
1981,5,Hajdú-Bihar,15.79233251,31,78,0,78,22.59217949,31,78,0,78
1981,5,Heves,15.03107038,31,44,0,44,31.10568182,31,44,0,44
1981,5,Jász-Nagykun-Szolnok,15.85740038,31,68,0,68,33.13779412,31,68,0,68
1981,5,Komárom-Esztergom,14.91337041,31,29,0,29,40.59620690,31,29,0,29
1981,5,Nógrád,13.97768433,31,28,0,28,39.31571429,31,28,0,28
1981,5,Pest,15.27188817,31,75,0,75,42.52626667,31,75,0,75
1981,5,Somogy,15.27644240,31,70,0,70,54.74157143,31,70,0,70
1981,5,Szabolcs-Szatmár-Bereg,15.60749659,31,71,0,71,35.06535211,31,71,0,71
1981,5,Tolna,15.68446362,31,43,0,43,33.83000000,31,43,0,43
1981,5,Vas,14.67593109,31,44,0,44,57.85159091,31,44,0,44
1981,5,Veszprém,14.86827360,31,54,0,54,49.45037037,31,54,0,54
1981,5,Zala,14.66066716,31,44,0,44,65.11522727,31,44,0,44
1981,6,Baranya,19.56718519,30,54,0,54,128.88962963,30,54,0,54
1981,6,Borsod-Abaúj-Zemplén,19.22297287,30,86,0,86,88.29581395,30,86,0,86
1981,6,Bács-Kiskun,20.10977778,30,99,0,99,115.93393939,30,99,0,99
1981,6,Békés,20.51996517,30,67,0,67,63.31477612,30,67,0,67
1981,6,Csongrád-Csanád,20.36234722,30,48,0,48,96.68625000,30,48,0,48
1981,6,Fejér,19.47090071,30,47,0,47,117.15595745,30,47,0,47
1981,6,Győr-Moson-Sopron,19.14472222,30,48,0,48,84.65770833,30,48,0,48
1981,6,Hajdú-Bihar,20.29891453,30,78,0,78,52.32269231,30,78,0,78
1981,6,Heves,19.48453788,30,44,0,44,70.56022727,30,44,0,44
1981,6,Jász-Nagykun-Szolnok,20.38052941,30,68,0,68,53.87470588,30,68,0,68
1981,6,Komárom-Esztergom,18.82116092,30,29,0,29,91.93689655,30,29,0,29
1981,6,Nógrád,18.30063095,30,28,0,28,83.71142857,30,28,0,28
1981,6,Pest,19.55347556,30,75,0,75,99.21853333,30,75,0,75
1981,6,Somogy,19.16836190,30,70,0,70,138.26200000,30,70,0,70
1981,6,Szabolcs-Szatmár-Bereg,19.89912207,30,71,0,71,53.95845070,30,71,0,71
1981,6,Tolna,19.78886822,30,43,0,43,107.94093023,30,43,0,43
1981,6,Vas,18.56943939,30,44,0,44,134.57727273,30,44,0,44
1981,6,Veszprém,18.90345062,30,54,0,54,109.43092593,30,54,0,54
1981,6,Zala,18.60601515,30,44,0,44,147.56068182,30,44,0,44
1981,7,Baranya,19.77576464,31,54,0,54,41.97611111,31,54,0,54
1981,7,Borsod-Abaúj-Zemplén,19.06401725,31,86,0,86,99.10918605,31,86,0,86
1981,7,Bács-Kiskun,20.29187032,31,99,0,99,38.29434343,31,99,0,99
1981,7,Békés,20.24077034,31,67,0,67,68.53522388,31,67,0,67
1981,7,Csongrád-Csanád,20.40049731,31,48,0,48,43.95604167,31,48,0,48
1981,7,Fejér,19.68488675,31,47,0,47,42.97234043,31,47,0,47
1981,7,Győr-Moson-Sopron,19.58995296,31,48,0,48,32.88979167,31,48,0,48
1981,7,Hajdú-Bihar,20.14846154,31,78,0,78,104.40564103,31,78,0,78
1981,7,Heves,19.32761730,31,44,0,44,71.09727273,31,44,0,44
1981,7,Jász-Nagykun-Szolnok,20.20837761,31,68,0,68,72.48823529,31,68,0,68
1981,7,Komárom-Esztergom,18.85342603,31,29,0,29,45.16068966,31,29,0,29
1981,7,Nógrád,18.21854839,31,28,0,28,41.57535714,31,28,0,28
1981,7,Pest,19.65032688,31,75,0,75,43.09640000,31,75,0,75
1981,7,Somogy,19.56333180,31,70,0,70,62.41014286,31,70,0,70
1981,7,Szabolcs-Szatmár-Bereg,19.88547478,31,71,0,71,110.86197183,31,71,0,71
1981,7,Tolna,20.05414104,31,43,0,43,43.61255814,31,43,0,43
1981,7,Vas,19.24627566,31,44,0,44,49.66136364,31,44,0,44
1981,7,Veszprém,19.30964755,31,54,0,54,43.54722222,31,54,0,54
1981,7,Zala,19.17362903,31,44,0,44,51.27000000,31,44,0,44
1981,8,Baranya,19.83958781,31,54,0,54,39.12944444,31,54,0,54
1981,8,Borsod-Abaúj-Zemplén,18.32078020,31,86,0,86,49.07290698,31,86,0,86
1981,8,Bács-Kiskun,19.86472792,31,99,0,99,46.16010101,31,99,0,99
1981,8,Békés,20.09337506,31,67,0,67,42.32641791,31,67,0,67
1981,8,Csongrád-Csanád,20.27010753,31,48,0,48,42.87708333,31,48,0,48
1981,8,Fejér,19.39208648,31,47,0,47,43.94148936,31,47,0,47
1981,8,Győr-Moson-Sopron,19.40135081,31,48,0,48,62.99166667,31,48,0,48
1981,8,Hajdú-Bihar,19.47554177,31,78,0,78,28.53794872,31,78,0,78
1981,8,Heves,18.85936950,31,44,0,44,40.14068182,31,44,0,44
1981,8,Jász-Nagykun-Szolnok,19.91035104,31,68,0,68,40.89558824,31,68,0,68
1981,8,Komárom-Esztergom,18.64180200,31,29,0,29,66.25689655,31,29,0,29
1981,8,Nógrád,17.65376728,31,28,0,28,51.37607143,31,28,0,28
1981,8,Pest,19.26132043,31,75,0,75,39.95066667,31,75,0,75
1981,8,Somogy,19.20310138,31,70,0,70,36.66671429,31,70,0,70
1981,8,Szabolcs-Szatmár-Bereg,18.82331213,31,71,0,71,51.96253521,31,71,0,71
1981,8,Tolna,19.76138785,31,43,0,43,44.47325581,31,43,0,43
1981,8,Vas,18.92057918,31,44,0,44,40.91590909,31,44,0,44
1981,8,Veszprém,19.13248507,31,54,0,54,48.72129630,31,54,0,54
1981,8,Zala,18.73914223,31,44,0,44,38.41136364,31,44,0,44
1981,9,Baranya,16.76235185,30,54,0,54,76.62185185,30,54,0,54
1981,9,Borsod-Abaúj-Zemplén,15.65881008,30,86,0,86,54.64744186,30,86,0,86
1981,9,Bács-Kiskun,16.80114141,30,99,0,99,55.84646465,30,99,0,99
1981,9,Békés,17.30520398,30,67,0,67,73.34970149,30,67,0,67
1981,9,Csongrád-Csanád,17.32192361,30,48,0,48,71.00041667,30,48,0,48
1981,9,Fejér,16.36204255,30,47,0,47,40.96936170,30,47,0,47
1981,9,Győr-Moson-Sopron,16.07785417,30,48,0,48,80.77208333,30,48,0,48
1981,9,Hajdú-Bihar,16.70982051,30,78,0,78,51.73294872,30,78,0,78
1981,9,Heves,16.04646212,30,44,0,44,62.98931818,30,44,0,44
1981,9,Jász-Nagykun-Szolnok,16.93335294,30,68,0,68,67.78323529,30,68,0,68
1981,9,Komárom-Esztergom,15.93449425,30,29,0,29,50.69379310,30,29,0,29
1981,9,Nógrád,15.09172619,30,28,0,28,60.45321429,30,28,0,28
1981,9,Pest,16.30852444,30,75,0,75,58.55480000,30,75,0,75
1981,9,Somogy,16.64465238,30,70,0,70,80.32100000,30,70,0,70
1981,9,Szabolcs-Szatmár-Bereg,16.21099531,30,71,0,71,59.02084507,30,71,0,71
1981,9,Tolna,16.76648837,30,43,0,43,58.26883721,30,43,0,43
1981,9,Vas,15.91740152,30,44,0,44,106.18818182,30,44,0,44
1981,9,Veszprém,16.08278395,30,54,0,54,70.46833333,30,54,0,54
1981,9,Zala,16.29118939,30,44,0,44,87.40772727,30,44,0,44
1981,10,Baranya,12.50428913,31,54,0,54,43.59796296,31,54,0,54
1981,10,Borsod-Abaúj-Zemplén,10.66001875,31,86,0,86,48.55720930,31,86,0,86
1981,10,Bács-Kiskun,12.28164549,31,99,0,99,31.47323232,31,99,0,99
1981,10,Békés,12.63748195,31,67,0,67,32.23373134,31,67,0,67
1981,10,Csongrád-Csanád,12.71598790,31,48,0,48,27.73250000,31,48,0,48
1981,10,Fejér,11.54638984,31,47,0,47,19.48468085,31,47,0,47
1981,10,Győr-Moson-Sopron,10.93442876,31,48,0,48,45.22520833,31,48,0,48
1981,10,Hajdú-Bihar,11.98249380,31,78,0,78,52.27076923,31,78,0,78
1981,10,Heves,10.89675953,31,44,0,44,31.78386364,31,44,0,44
1981,10,Jász-Nagykun-Szolnok,12.11896584,31,68,0,68,25.73235294,31,68,0,68
1981,10,Komárom-Esztergom,11.04194661,31,29,0,29,19.30482759,31,29,0,29
1981,10,Nógrád,9.81006912,31,28,0,28,31.22214286,31,28,0,28
1981,10,Pest,11.26755699,31,75,0,75,25.28240000,31,75,0,75
1981,10,Somogy,12.22638710,31,70,0,70,27.72885714,31,70,0,70
1981,10,Szabolcs-Szatmár-Bereg,11.53421172,31,71,0,71,65.93957746,31,71,0,71
1981,10,Tolna,12.44053263,31,43,0,43,31.89767442,31,43,0,43
1981,10,Vas,10.83648827,31,44,0,44,52.32363636,31,44,0,44
1981,10,Veszprém,11.25752091,31,54,0,54,28.78444444,31,54,0,54
1981,10,Zala,11.82469208,31,44,0,44,37.44227273,31,44,0,44
1981,11,Baranya,4.72924691,30,54,0,54,52.46240741,30,54,0,54
1981,11,Borsod-Abaúj-Zemplén,2.79526744,30,86,0,86,20.36011628,30,86,0,86
1981,11,Bács-Kiskun,4.65003030,30,99,0,99,26.87222222,30,99,0,99
1981,11,Békés,4.13950746,30,67,0,67,18.05611940,30,67,0,67
1981,11,Csongrád-Csanád,4.55747222,30,48,0,48,16.86812500,30,48,0,48
1981,11,Fejér,4.39028369,30,47,0,47,43.96659574,30,47,0,47
1981,11,Győr-Moson-Sopron,4.80763194,30,48,0,48,42.18354167,30,48,0,48
1981,11,Hajdú-Bihar,3.43776068,30,78,0,78,18.94756410,30,78,0,78
1981,11,Heves,3.47908333,30,44,0,44,17.40522727,30,44,0,44
1981,11,Jász-Nagykun-Szolnok,4.38045588,30,68,0,68,7.43558824,30,68,0,68
1981,11,Komárom-Esztergom,4.15611494,30,29,0,29,61.50206897,30,29,0,29
1981,11,Nógrád,3.06021429,30,28,0,28,30.18464286,30,28,0,28
1981,11,Pest,4.25602667,30,75,0,75,24.45813333,30,75,0,75
1981,11,Somogy,4.63262381,30,70,0,70,48.13442857,30,70,0,70
1981,11,Szabolcs-Szatmár-Bereg,2.90654460,30,71,0,71,28.27746479,30,71,0,71
1981,11,Tolna,4.81255814,30,43,0,43,44.19790698,30,43,0,43
1981,11,Vas,4.40255303,30,44,0,44,26.52909091,30,44,0,44
1981,11,Veszprém,4.41167901,30,54,0,54,54.52037037,30,54,0,54
1981,11,Zala,4.38962879,30,44,0,44,29.50909091,30,44,0,44
1981,12,Baranya,0.38345281,31,54,0,54,120.13500000,31,54,0,54
1981,12,Borsod-Abaúj-Zemplén,-1.50378095,31,86,0,86,95.87802326,31,86,0,86
1981,12,Bács-Kiskun,-0.08100684,31,99,0,99,117.09141414,31,99,0,99
1981,12,Békés,0.56479056,31,67,0,67,112.33865672,31,67,0,67
1981,12,Csongrád-Csanád,0.23389113,31,48,0,48,121.46958333,31,48,0,48
1981,12,Fejér,-0.53382292,31,47,0,47,101.01893617,31,47,0,47
1981,12,Győr-Moson-Sopron,-0.11649194,31,48,0,48,46.14062500,31,48,0,48
1981,12,Hajdú-Bihar,-0.04815136,31,78,0,78,104.67128205,31,78,0,78
1981,12,Heves,-1.63041056,31,44,0,44,108.09454545,31,44,0,44
1981,12,Jász-Nagykun-Szolnok,-0.29525142,31,68,0,68,104.69132353,31,68,0,68
1981,12,Komárom-Esztergom,-0.99508343,31,29,0,29,85.94551724,31,29,0,29
1981,12,Nógrád,-2.38679724,31,28,0,28,100.80714286,31,28,0,28
1981,12,Pest,-1.08121720,31,75,0,75,99.60213333,31,75,0,75
1981,12,Somogy,0.45247005,31,70,0,70,111.85228571,31,70,0,70
1981,12,Szabolcs-Szatmár-Bereg,-0.35564743,31,71,0,71,109.06943662,31,71,0,71
1981,12,Tolna,0.34063016,31,43,0,43,110.45744186,31,43,0,43
1981,12,Vas,-0.35071848,31,44,0,44,71.50340909,31,44,0,44
1981,12,Veszprém,-0.45613501,31,54,0,54,97.79685185,31,54,0,54
1981,12,Zala,0.23027859,31,44,0,44,104.58181818,31,44,0,44
1982,1,Baranya,-2.66954600,31,54,0,54,21.80388889,31,54,0,54
1982,1,Borsod-Abaúj-Zemplén,-5.82174044,31,86,0,86,27.55895349,31,86,0,86
1982,1,Bács-Kiskun,-3.52218964,31,99,0,99,28.36767677,31,99,0,99
1982,1,Békés,-5.06707752,31,67,0,67,48.33089552,31,67,0,67
1982,1,Csongrád-Csanád,-3.73539651,31,48,0,48,32.26250000,31,48,0,48
1982,1,Fejér,-3.93459849,31,47,0,47,46.40255319,31,47,0,47
1982,1,Győr-Moson-Sopron,-3.37595430,31,48,0,48,52.46354167,31,48,0,48
1982,1,Hajdú-Bihar,-5.79076096,31,78,0,78,49.30974359,31,78,0,78
1982,1,Heves,-5.43549853,31,44,0,44,28.46977273,31,44,0,44
1982,1,Jász-Nagykun-Szolnok,-5.13835389,31,68,0,68,39.46132353,31,68,0,68
1982,1,Komárom-Esztergom,-4.28104561,31,29,0,29,60.40275862,31,29,0,29
1982,1,Nógrád,-5.86034562,31,28,0,28,41.19785714,31,28,0,28
1982,1,Pest,-4.76212043,31,75,0,75,42.22626667,31,75,0,75
1982,1,Somogy,-2.81317051,31,70,0,70,31.83957143,31,70,0,70
1982,1,Szabolcs-Szatmár-Bereg,-5.93062699,31,71,0,71,35.65943662,31,71,0,71
1982,1,Tolna,-2.94363091,31,43,0,43,32.86465116,31,43,0,43
1982,1,Vas,-3.41899560,31,44,0,44,43.41545455,31,44,0,44
1982,1,Veszprém,-3.63154122,31,54,0,54,50.41481481,31,54,0,54
1982,1,Zala,-3.04412023,31,44,0,44,31.24795455,31,44,0,44
1982,2,Baranya,-0.55613757,28,54,0,54,12.76907407,28,54,0,54
1982,2,Borsod-Abaúj-Zemplén,-2.93989203,28,86,0,86,6.62918605,28,86,0,86
1982,2,Bács-Kiskun,-0.92230880,28,99,0,99,16.68555556,28,99,0,99
1982,2,Békés,-2.47192964,28,67,0,67,12.78089552,28,67,0,67
1982,2,Csongrád-Csanád,-1.30559524,28,48,0,48,14.94958333,28,48,0,48
1982,2,Fejér,-1.09647416,28,47,0,47,15.48829787,28,47,0,47
1982,2,Győr-Moson-Sopron,-1.10554315,28,48,0,48,12.73770833,28,48,0,48
1982,2,Hajdú-Bihar,-3.10521062,28,78,0,78,7.04794872,28,78,0,78
1982,2,Heves,-2.04585227,28,44,0,44,5.86681818,28,44,0,44
1982,2,Jász-Nagykun-Szolnok,-1.99107668,28,68,0,68,11.65132353,28,68,0,68
1982,2,Komárom-Esztergom,-1.35318966,28,29,0,29,12.21103448,28,29,0,29
1982,2,Nógrád,-2.33738520,28,28,0,28,5.33714286,28,28,0,28
1982,2,Pest,-1.37375238,28,75,0,75,11.60946667,28,75,0,75
1982,2,Somogy,-0.93421939,28,70,0,70,10.86642857,28,70,0,70
1982,2,Szabolcs-Szatmár-Bereg,-3.35557847,28,71,0,71,9.99760563,28,71,0,71
1982,2,Tolna,-0.72232558,28,43,0,43,17.48023256,28,43,0,43
1982,2,Vas,-1.49711039,28,44,0,44,15.29136364,28,44,0,44
1982,2,Veszprém,-1.44841270,28,54,0,54,14.84074074,28,54,0,54
1982,2,Zala,-1.29770292,28,44,0,44,11.30477273,28,44,0,44
1982,3,Baranya,5.75081243,31,54,0,54,48.29185185,31,54,0,54
1982,3,Borsod-Abaúj-Zemplén,4.37916729,31,86,0,86,21.93186047,31,86,0,86
1982,3,Bács-Kiskun,5.57292929,31,99,0,99,35.57111111,31,99,0,99
1982,3,Békés,5.21565238,31,67,0,67,31.04805970,31,67,0,67
1982,3,Csongrád-Csanád,5.37271505,31,48,0,48,35.69500000,31,48,0,48
1982,3,Fejér,5.40223747,31,47,0,47,36.32106383,31,47,0,47
1982,3,Győr-Moson-Sopron,5.55206317,31,48,0,48,26.54750000,31,48,0,48
1982,3,Hajdú-Bihar,5.13602151,31,78,0,78,26.19025641,31,78,0,78
1982,3,Heves,4.70703079,31,44,0,44,26.77363636,31,44,0,44
1982,3,Jász-Nagykun-Szolnok,5.35880455,31,68,0,68,27.26176471,31,68,0,68
1982,3,Komárom-Esztergom,5.15741935,31,29,0,29,30.06241379,31,29,0,29
1982,3,Nógrád,3.91519585,31,28,0,28,26.53428571,31,28,0,28
1982,3,Pest,5.30902796,31,75,0,75,35.63400000,31,75,0,75
1982,3,Somogy,5.72730415,31,70,0,70,47.64042857,31,70,0,70
1982,3,Szabolcs-Szatmár-Bereg,4.98398910,31,71,0,71,21.57943662,31,71,0,71
1982,3,Tolna,5.75999250,31,43,0,43,44.56372093,31,43,0,43
1982,3,Vas,5.11829179,31,44,0,44,27.89545455,31,44,0,44
1982,3,Veszprém,5.29119474,31,54,0,54,38.65166667,31,54,0,54
1982,3,Zala,5.25294721,31,44,0,44,35.38750000,31,44,0,44
1982,4,Baranya,7.93018519,30,54,0,54,37.76092593,30,54,0,54
1982,4,Borsod-Abaúj-Zemplén,7.11843798,30,86,0,86,28.93965116,30,86,0,86
1982,4,Bács-Kiskun,8.14249158,30,99,0,99,36.41939394,30,99,0,99
1982,4,Békés,8.10380597,30,67,0,67,46.31731343,30,67,0,67
1982,4,Csongrád-Csanád,8.10704167,30,48,0,48,38.17125000,30,48,0,48
1982,4,Fejér,8.11931915,30,47,0,47,21.71063830,30,47,0,47
1982,4,Győr-Moson-Sopron,8.20115278,30,48,0,48,8.82166667,30,48,0,48
1982,4,Hajdú-Bihar,7.93902991,30,78,0,78,56.62935897,30,78,0,78
1982,4,Heves,7.42774242,30,44,0,44,31.51704545,30,44,0,44
1982,4,Jász-Nagykun-Szolnok,8.13507843,30,68,0,68,45.84426471,30,68,0,68
1982,4,Komárom-Esztergom,7.77400000,30,29,0,29,8.75310345,30,29,0,29
1982,4,Nógrád,6.56222619,30,28,0,28,14.81178571,30,28,0,28
1982,4,Pest,8.03898667,30,75,0,75,17.47480000,30,75,0,75
1982,4,Somogy,8.03682857,30,70,0,70,30.61471429,30,70,0,70
1982,4,Szabolcs-Szatmár-Bereg,7.90946479,30,71,0,71,48.22211268,30,71,0,71
1982,4,Tolna,8.16420155,30,43,0,43,38.91209302,30,43,0,43
1982,4,Vas,7.84598485,30,44,0,44,14.97750000,30,44,0,44
1982,4,Veszprém,7.85470370,30,54,0,54,20.27203704,30,54,0,54
1982,4,Zala,7.93510606,30,44,0,44,19.32340909,30,44,0,44
1982,5,Baranya,16.18835125,31,54,0,54,30.54055556,31,54,0,54
1982,5,Borsod-Abaúj-Zemplén,15.34384471,31,86,0,86,44.42104651,31,86,0,86
1982,5,Bács-Kiskun,16.82656566,31,99,0,99,21.20909091,31,99,0,99
1982,5,Békés,17.21087626,31,67,0,67,35.06119403,31,67,0,67
1982,5,Csongrád-Csanád,17.27422043,31,48,0,48,20.88166667,31,48,0,48
1982,5,Fejér,16.00235415,31,47,0,47,46.20851064,31,47,0,47
1982,5,Győr-Moson-Sopron,15.37314516,31,48,0,48,49.48708333,31,48,0,48
1982,5,Hajdú-Bihar,16.63215467,31,78,0,78,32.84897436,31,78,0,78
1982,5,Heves,15.76513930,31,44,0,44,30.93750000,31,44,0,44
1982,5,Jász-Nagykun-Szolnok,16.81900854,31,68,0,68,22.10176471,31,68,0,68
1982,5,Komárom-Esztergom,15.27961068,31,29,0,29,46.77931034,31,29,0,29
1982,5,Nógrád,14.55382488,31,28,0,28,43.36071429,31,28,0,28
1982,5,Pest,16.07378495,31,75,0,75,47.82760000,31,75,0,75
1982,5,Somogy,15.57263594,31,70,0,70,44.90328571,31,70,0,70
1982,5,Szabolcs-Szatmár-Bereg,16.03272149,31,71,0,71,41.44647887,31,71,0,71
1982,5,Tolna,16.47374344,31,43,0,43,28.38674419,31,43,0,43
1982,5,Vas,14.87498534,31,44,0,44,79.39931818,31,44,0,44
1982,5,Veszprém,15.14872760,31,54,0,54,58.51000000,31,54,0,54
1982,5,Zala,14.92030792,31,44,0,44,68.77454545,31,44,0,44
1982,6,Baranya,19.80000000,30,54,0,54,104.73888889,30,54,0,54
1982,6,Borsod-Abaúj-Zemplén,18.34977907,30,86,0,86,91.57313953,30,86,0,86
1982,6,Bács-Kiskun,19.86649495,30,99,0,99,79.05454545,30,99,0,99
1982,6,Békés,19.97170647,30,67,0,67,86.27850746,30,67,0,67
1982,6,Csongrád-Csanád,20.08279861,30,48,0,48,82.21083333,30,48,0,48
1982,6,Fejér,19.27356028,30,47,0,47,56.55851064,30,47,0,47
1982,6,Győr-Moson-Sopron,18.99420139,30,48,0,48,82.57708333,30,48,0,48
1982,6,Hajdú-Bihar,19.36958974,30,78,0,78,90.35166667,30,78,0,78
1982,6,Heves,18.94906818,30,44,0,44,45.89159091,30,44,0,44
1982,6,Jász-Nagykun-Szolnok,19.85905882,30,68,0,68,47.51632353,30,68,0,68
1982,6,Komárom-Esztergom,18.55224138,30,29,0,29,50.72931034,30,29,0,29
1982,6,Nógrád,17.83952381,30,28,0,28,42.53821429,30,28,0,28
1982,6,Pest,19.27300000,30,75,0,75,38.67413333,30,75,0,75
1982,6,Somogy,19.29719524,30,70,0,70,91.51357143,30,70,0,70
1982,6,Szabolcs-Szatmár-Bereg,18.83561033,30,71,0,71,118.32126761,30,71,0,71
1982,6,Tolna,19.84471318,30,43,0,43,76.30674419,30,43,0,43
1982,6,Vas,18.57523485,30,44,0,44,71.03022727,30,44,0,44
1982,6,Veszprém,18.88798765,30,54,0,54,69.69148148,30,54,0,54
1982,6,Zala,18.75467424,30,44,0,44,72.73590909,30,44,0,44
1982,7,Baranya,20.48639188,31,54,0,54,120.41944444,31,54,0,54
1982,7,Borsod-Abaúj-Zemplén,19.71923106,31,86,0,86,81.06232558,31,86,0,86
1982,7,Bács-Kiskun,21.03693060,31,99,0,99,115.48282828,31,99,0,99
1982,7,Békés,20.98822340,31,67,0,67,88.95447761,31,67,0,67
1982,7,Csongrád-Csanád,21.15284274,31,48,0,48,97.99645833,31,48,0,48
1982,7,Fejér,20.64523679,31,47,0,47,113.46872340,31,47,0,47
1982,7,Győr-Moson-Sopron,20.49567204,31,48,0,48,99.03916667,31,48,0,48
1982,7,Hajdú-Bihar,20.74511580,31,78,0,78,62.05064103,31,78,0,78
1982,7,Heves,20.37458944,31,44,0,44,68.08863636,31,44,0,44
1982,7,Jász-Nagykun-Szolnok,21.18208729,31,68,0,68,65.86970588,31,68,0,68
1982,7,Komárom-Esztergom,20.06155729,31,29,0,29,87.38965517,31,29,0,29
1982,7,Nógrád,19.38950461,31,28,0,28,58.55357143,31,28,0,28
1982,7,Pest,20.87591398,31,75,0,75,91.57266667,31,75,0,75
1982,7,Somogy,20.40213364,31,70,0,70,119.71485714,31,70,0,70
1982,7,Szabolcs-Szatmár-Bereg,20.31115856,31,71,0,71,77.42492958,31,71,0,71
1982,7,Tolna,20.83796699,31,43,0,43,143.68744186,31,43,0,43
1982,7,Vas,20.06956745,31,44,0,44,138.63704545,31,44,0,44
1982,7,Veszprém,20.11137993,31,54,0,54,125.70111111,31,54,0,54
1982,7,Zala,20.13220674,31,44,0,44,143.17250000,31,44,0,44
1982,8,Baranya,19.99282557,31,54,0,54,70.11185185,31,54,0,54
1982,8,Borsod-Abaúj-Zemplén,19.80347337,31,86,0,86,36.99488372,31,86,0,86
1982,8,Bács-Kiskun,20.58586510,31,99,0,99,42.71020202,31,99,0,99
1982,8,Békés,21.07302841,31,67,0,67,36.99731343,31,67,0,67
1982,8,Csongrád-Csanád,21.00045027,31,48,0,48,38.66041667,31,48,0,48
1982,8,Fejér,20.09732327,31,47,0,47,74.81106383,31,47,0,47
1982,8,Győr-Moson-Sopron,19.67868952,31,48,0,48,109.18375000,31,48,0,48
1982,8,Hajdú-Bihar,20.72889578,31,78,0,78,28.84397436,31,78,0,78
1982,8,Heves,20.23291789,31,44,0,44,32.18204545,31,44,0,44
1982,8,Jász-Nagykun-Szolnok,21.12758539,31,68,0,68,32.60823529,31,68,0,68
1982,8,Komárom-Esztergom,19.44443826,31,29,0,29,72.30379310,31,29,0,29
1982,8,Nógrád,18.94466590,31,28,0,28,37.73928571,31,28,0,28
1982,8,Pest,20.27596559,31,75,0,75,49.95826667,31,75,0,75
1982,8,Somogy,19.62080645,31,70,0,70,91.75814286,31,70,0,70
1982,8,Szabolcs-Szatmár-Bereg,20.13413903,31,71,0,71,60.16464789,31,71,0,71
1982,8,Tolna,20.19972993,31,43,0,43,53.68465116,31,43,0,43
1982,8,Vas,19.14689150,31,44,0,44,130.25204545,31,44,0,44
1982,8,Veszprém,19.53835723,31,54,0,54,101.08962963,31,54,0,54
1982,8,Zala,19.22112170,31,44,0,44,104.55613636,31,44,0,44
1982,9,Baranya,19.24830247,30,54,0,54,18.43740741,30,54,0,54
1982,9,Borsod-Abaúj-Zemplén,18.21165116,30,86,0,86,46.22837209,30,86,0,86
1982,9,Bács-Kiskun,19.29540404,30,99,0,99,20.44979798,30,99,0,99
1982,9,Békés,19.66544279,30,67,0,67,31.72194030,30,67,0,67
1982,9,Csongrád-Csanád,19.69050000,30,48,0,48,20.38708333,30,48,0,48
1982,9,Fejér,18.66782979,30,47,0,47,19.40936170,30,47,0,47
1982,9,Győr-Moson-Sopron,17.97625694,30,48,0,48,29.56750000,30,48,0,48
1982,9,Hajdú-Bihar,19.09800427,30,78,0,78,37.45833333,30,78,0,78
1982,9,Heves,18.97152273,30,44,0,44,19.20409091,30,44,0,44
1982,9,Jász-Nagykun-Szolnok,19.57849510,30,68,0,68,23.08897059,30,68,0,68
1982,9,Komárom-Esztergom,18.27852874,30,29,0,29,12.20931034,30,29,0,29
1982,9,Nógrád,17.78165476,30,28,0,28,22.18285714,30,28,0,28
1982,9,Pest,18.88410667,30,75,0,75,16.39826667,30,75,0,75
1982,9,Somogy,18.53968095,30,70,0,70,21.59228571,30,70,0,70
1982,9,Szabolcs-Szatmár-Bereg,18.19539437,30,71,0,71,41.47000000,30,71,0,71
1982,9,Tolna,19.16527907,30,43,0,43,18.95325581,30,43,0,43
1982,9,Vas,17.55397727,30,44,0,44,42.82159091,30,44,0,44
1982,9,Veszprém,18.06211728,30,54,0,54,17.29129630,30,54,0,54
1982,9,Zala,17.85570455,30,44,0,44,41.22318182,30,44,0,44
1982,10,Baranya,12.30079450,31,54,0,54,34.49851852,31,54,0,54
1982,10,Borsod-Abaúj-Zemplén,10.91756939,31,86,0,86,36.83883721,31,86,0,86
1982,10,Bács-Kiskun,12.30956012,31,99,0,99,39.37191919,31,99,0,99
1982,10,Békés,12.48692826,31,67,0,67,43.03597015,31,67,0,67
1982,10,Csongrád-Csanád,12.71988575,31,48,0,48,36.66937500,31,48,0,48
1982,10,Fejér,11.62756349,31,47,0,47,40.70425532,31,47,0,47
1982,10,Győr-Moson-Sopron,11.08911962,31,48,0,48,71.58270833,31,48,0,48
1982,10,Hajdú-Bihar,11.74258065,31,78,0,78,28.03487179,31,78,0,78
1982,10,Heves,11.41047654,31,44,0,44,33.40113636,31,44,0,44
1982,10,Jász-Nagykun-Szolnok,12.12634725,31,68,0,68,27.55852941,31,68,0,68
1982,10,Komárom-Esztergom,11.22939933,31,29,0,29,37.41344828,31,29,0,29
1982,10,Nógrád,10.58024194,31,28,0,28,26.32750000,31,28,0,28
1982,10,Pest,11.60191398,31,75,0,75,28.28733333,31,75,0,75
1982,10,Somogy,11.62198618,31,70,0,70,51.06700000,31,70,0,70
1982,10,Szabolcs-Szatmár-Bereg,11.07347569,31,71,0,71,45.17239437,31,71,0,71
1982,10,Tolna,12.21774194,31,43,0,43,45.56558140,31,43,0,43
1982,10,Vas,10.46962610,31,44,0,44,117.92477273,31,44,0,44
1982,10,Veszprém,10.98862605,31,54,0,54,55.72500000,31,54,0,54
1982,10,Zala,11.05164223,31,44,0,44,109.14500000,31,44,0,44
1982,11,Baranya,5.74170988,30,54,0,54,32.99777778,30,54,0,54
1982,11,Borsod-Abaúj-Zemplén,3.81944186,30,86,0,86,23.02186047,30,86,0,86
1982,11,Bács-Kiskun,5.31597643,30,99,0,99,26.21838384,30,99,0,99
1982,11,Békés,4.92789552,30,67,0,67,14.32746269,30,67,0,67
1982,11,Csongrád-Csanád,5.18192361,30,48,0,48,18.68937500,30,48,0,48
1982,11,Fejér,4.99952482,30,47,0,47,34.99851064,30,47,0,47
1982,11,Győr-Moson-Sopron,5.46372917,30,48,0,48,36.15500000,30,48,0,48
1982,11,Hajdú-Bihar,4.46595299,30,78,0,78,15.40243590,30,78,0,78
1982,11,Heves,4.32334848,30,44,0,44,28.00931818,30,44,0,44
1982,11,Jász-Nagykun-Szolnok,4.75711765,30,68,0,68,21.53823529,30,68,0,68
1982,11,Komárom-Esztergom,5.12518391,30,29,0,29,32.39724138,30,29,0,29
1982,11,Nógrád,3.84273810,30,28,0,28,32.03214286,30,28,0,28
1982,11,Pest,4.68828444,30,75,0,75,26.37400000,30,75,0,75
1982,11,Somogy,5.71687143,30,70,0,70,41.71600000,30,70,0,70
1982,11,Szabolcs-Szatmár-Bereg,3.99025352,30,71,0,71,15.88619718,30,71,0,71
1982,11,Tolna,5.61443411,30,43,0,43,33.00697674,30,43,0,43
1982,11,Vas,5.10925758,30,44,0,44,43.35227273,30,44,0,44
1982,11,Veszprém,5.20833951,30,54,0,54,44.68500000,30,54,0,54
1982,11,Zala,5.54285606,30,44,0,44,44.03227273,30,44,0,44
1982,12,Baranya,3.65733572,31,54,0,54,77.96055556,31,54,0,54
1982,12,Borsod-Abaúj-Zemplén,2.24286947,31,86,0,86,44.09976744,31,86,0,86
1982,12,Bács-Kiskun,3.59814598,31,99,0,99,47.10090909,31,99,0,99
1982,12,Békés,3.66601830,31,67,0,67,29.08850746,31,67,0,67
1982,12,Csongrád-Csanád,3.64893145,31,48,0,48,34.03104167,31,48,0,48
1982,12,Fejér,3.02506520,31,47,0,47,74.21063830,31,47,0,47
1982,12,Győr-Moson-Sopron,2.85088710,31,48,0,48,85.28812500,31,48,0,48
1982,12,Hajdú-Bihar,3.39372208,31,78,0,78,29.10884615,31,78,0,78
1982,12,Heves,2.34898827,31,44,0,44,42.55000000,31,44,0,44
1982,12,Jász-Nagykun-Szolnok,3.39791746,31,68,0,68,29.22794118,31,68,0,68
1982,12,Komárom-Esztergom,2.57642937,31,29,0,29,87.40241379,31,29,0,29
1982,12,Nógrád,1.60740783,31,28,0,28,52.56678571,31,28,0,28
1982,12,Pest,2.81798280,31,75,0,75,53.78106667,31,75,0,75
1982,12,Somogy,3.69062673,31,70,0,70,88.06557143,31,70,0,70
1982,12,Szabolcs-Szatmár-Bereg,3.16874602,31,71,0,71,33.93845070,31,71,0,71
1982,12,Tolna,3.62930233,31,43,0,43,70.74744186,31,43,0,43
1982,12,Vas,2.75410557,31,44,0,44,95.98045455,31,44,0,44
1982,12,Veszprém,2.73524492,31,54,0,54,108.00148148,31,54,0,54
1982,12,Zala,3.40612170,31,44,0,44,102.82636364,31,44,0,44
1983,1,Baranya,3.76268220,31,54,0,54,31.00351852,31,54,0,54
1983,1,Borsod-Abaúj-Zemplén,1.42686797,31,86,0,86,16.95488372,31,86,0,86
1983,1,Bács-Kiskun,3.71709677,31,99,0,99,21.28515152,31,99,0,99
1983,1,Békés,2.74685123,31,67,0,67,24.87492537,31,67,0,67
1983,1,Csongrád-Csanád,3.38967070,31,48,0,48,20.60937500,31,48,0,48
1983,1,Fejér,3.59190803,31,47,0,47,34.11276596,31,47,0,47
1983,1,Győr-Moson-Sopron,4.08573925,31,48,0,48,41.76666667,31,48,0,48
1983,1,Hajdú-Bihar,2.34404467,31,78,0,78,29.26782051,31,78,0,78
1983,1,Heves,2.17820381,31,44,0,44,11.25386364,31,44,0,44
1983,1,Jász-Nagykun-Szolnok,3.01745256,31,68,0,68,16.17102941,31,68,0,68
1983,1,Komárom-Esztergom,3.47011123,31,29,0,29,43.36482759,31,29,0,29
1983,1,Nógrád,1.91020737,31,28,0,28,13.46714286,31,28,0,28
1983,1,Pest,3.16916129,31,75,0,75,19.96773333,31,75,0,75
1983,1,Somogy,3.28779724,31,70,0,70,27.77228571,31,70,0,70
1983,1,Szabolcs-Szatmár-Bereg,1.99461608,31,71,0,71,33.29070423,31,71,0,71
1983,1,Tolna,3.85974494,31,43,0,43,32.24325581,31,43,0,43
1983,1,Vas,2.86985337,31,44,0,44,24.23000000,31,44,0,44
1983,1,Veszprém,3.23493429,31,54,0,54,40.22074074,31,54,0,54
1983,1,Zala,2.54272727,31,44,0,44,21.54340909,31,44,0,44
1983,2,Baranya,-0.44680556,28,54,0,54,49.50129630,28,54,0,54
1983,2,Borsod-Abaúj-Zemplén,-1.04676080,28,86,0,86,49.20918605,28,86,0,86
1983,2,Bács-Kiskun,-0.02085498,28,99,0,99,32.73030303,28,99,0,99
1983,2,Békés,0.11964286,28,67,0,67,30.06582090,28,67,0,67
1983,2,Csongrád-Csanád,0.17731399,28,48,0,48,20.79083333,28,48,0,48
1983,2,Fejér,-0.96680851,28,47,0,47,60.49957447,28,47,0,47
1983,2,Győr-Moson-Sopron,-1.32894345,28,48,0,48,62.26437500,28,48,0,48
1983,2,Hajdú-Bihar,-0.13721612,28,78,0,78,45.19051282,28,78,0,78
1983,2,Heves,-0.91831169,28,44,0,44,53.82568182,28,44,0,44
1983,2,Jász-Nagykun-Szolnok,-0.01886029,28,68,0,68,44.93514706,28,68,0,68
1983,2,Komárom-Esztergom,-1.51034483,28,29,0,29,58.35344828,28,29,0,29
1983,2,Nógrád,-1.86704082,28,28,0,28,48.38035714,28,28,0,28
1983,2,Pest,-0.70305714,28,75,0,75,47.64253333,28,75,0,75
1983,2,Somogy,-0.92929082,28,70,0,70,68.25900000,28,70,0,70
1983,2,Szabolcs-Szatmár-Bereg,-0.27894869,28,71,0,71,45.56661972,28,71,0,71
1983,2,Tolna,-0.52730066,28,43,0,43,54.64697674,28,43,0,43
1983,2,Vas,-1.42562500,28,44,0,44,58.06568182,28,44,0,44
1983,2,Veszprém,-1.50977513,28,54,0,54,74.23925926,28,54,0,54
1983,2,Zala,-1.27681818,28,44,0,44,64.25000000,28,44,0,44
1983,3,Baranya,7.34857826,31,54,0,54,51.22351852,31,54,0,54
1983,3,Borsod-Abaúj-Zemplén,5.81803451,31,86,0,86,48.69523256,31,86,0,86
1983,3,Bács-Kiskun,7.41281199,31,99,0,99,30.95737374,31,99,0,99
1983,3,Békés,6.99675494,31,67,0,67,18.09238806,31,67,0,67
1983,3,Csongrád-Csanád,7.28528226,31,48,0,48,18.14979167,31,48,0,48
1983,3,Fejér,6.69460535,31,47,0,47,39.36234043,31,47,0,47
1983,3,Győr-Moson-Sopron,6.45201613,31,48,0,48,23.36187500,31,48,0,48
1983,3,Hajdú-Bihar,6.73973945,31,78,0,78,24.54641026,31,78,0,78
1983,3,Heves,6.14599707,31,44,0,44,41.54636364,31,44,0,44
1983,3,Jász-Nagykun-Szolnok,6.92515180,31,68,0,68,23.81514706,31,68,0,68
1983,3,Komárom-Esztergom,6.05783092,31,29,0,29,32.27034483,31,29,0,29
1983,3,Nógrád,5.25046083,31,28,0,28,53.71678571,31,28,0,28
1983,3,Pest,6.59869247,31,75,0,75,37.19746667,31,75,0,75
1983,3,Somogy,6.83486175,31,70,0,70,55.45928571,31,70,0,70
1983,3,Szabolcs-Szatmár-Bereg,6.32466152,31,71,0,71,35.19338028,31,71,0,71
1983,3,Tolna,7.28603151,31,43,0,43,46.35604651,31,43,0,43
1983,3,Vas,6.18365836,31,44,0,44,43.16886364,31,44,0,44
1983,3,Veszprém,6.30077061,31,54,0,54,40.31092593,31,54,0,54
1983,3,Zala,6.37564516,31,44,0,44,52.66568182,31,44,0,44
1983,4,Baranya,12.98944444,30,54,0,54,21.48833333,30,54,0,54
1983,4,Borsod-Abaúj-Zemplén,11.46121705,30,86,0,86,44.81709302,30,86,0,86
1983,4,Bács-Kiskun,13.23402694,30,99,0,99,25.43090909,30,99,0,99
1983,4,Békés,13.09785075,30,67,0,67,32.58835821,30,67,0,67
1983,4,Csongrád-Csanád,13.28465278,30,48,0,48,31.65062500,30,48,0,48
1983,4,Fejér,12.42987234,30,47,0,47,16.99893617,30,47,0,47
1983,4,Győr-Moson-Sopron,12.21663194,30,48,0,48,23.10437500,30,48,0,48
1983,4,Hajdú-Bihar,12.78479915,30,78,0,78,47.21807692,30,78,0,78
1983,4,Heves,11.83609848,30,44,0,44,33.82113636,30,44,0,44
1983,4,Jász-Nagykun-Szolnok,12.85500490,30,68,0,68,35.98279412,30,68,0,68
1983,4,Komárom-Esztergom,12.09059770,30,29,0,29,20.59275862,30,29,0,29
1983,4,Nógrád,10.73985714,30,28,0,28,35.87285714,30,28,0,28
1983,4,Pest,12.40714667,30,75,0,75,24.71026667,30,75,0,75
1983,4,Somogy,12.59704286,30,70,0,70,22.94600000,30,70,0,70
1983,4,Szabolcs-Szatmár-Bereg,12.53500000,30,71,0,71,62.31887324,30,71,0,71
1983,4,Tolna,13.11265891,30,43,0,43,23.32116279,30,43,0,43
1983,4,Vas,11.77842424,30,44,0,44,32.39204545,30,44,0,44
1983,4,Veszprém,12.10083333,30,54,0,54,24.19629630,30,54,0,54
1983,4,Zala,12.20452273,30,44,0,44,28.11704545,30,44,0,44
1983,5,Baranya,17.25535842,31,54,0,54,48.57296296,31,54,0,54
1983,5,Borsod-Abaúj-Zemplén,16.57113278,31,86,0,86,58.71313953,31,86,0,86
1983,5,Bács-Kiskun,17.73853372,31,99,0,99,43.84222222,31,99,0,99
1983,5,Békés,18.07506018,31,67,0,67,52.24208955,31,67,0,67
1983,5,Csongrád-Csanád,17.99893817,31,48,0,48,44.61458333,31,48,0,48
1983,5,Fejér,16.93317776,31,47,0,47,72.64617021,31,47,0,47
1983,5,Győr-Moson-Sopron,16.27651882,31,48,0,48,68.95687500,31,48,0,48
1983,5,Hajdú-Bihar,17.83379239,31,78,0,78,43.24820513,31,78,0,78
1983,5,Heves,16.68919355,31,44,0,44,61.62068182,31,44,0,44
1983,5,Jász-Nagykun-Szolnok,17.87375237,31,68,0,68,45.35911765,31,68,0,68
1983,5,Komárom-Esztergom,16.29846496,31,29,0,29,65.91103448,31,29,0,29
1983,5,Nógrád,15.42194700,31,28,0,28,55.92821429,31,28,0,28
1983,5,Pest,17.03541505,31,75,0,75,53.49866667,31,75,0,75
1983,5,Somogy,16.95065899,31,70,0,70,60.53685714,31,70,0,70
1983,5,Szabolcs-Szatmár-Bereg,17.53075420,31,71,0,71,59.84239437,31,71,0,71
1983,5,Tolna,17.47230308,31,43,0,43,53.80255814,31,43,0,43
1983,5,Vas,15.87754399,31,44,0,44,73.30136364,31,44,0,44
1983,5,Veszprém,16.23829152,31,54,0,54,74.68203704,31,54,0,54
1983,5,Zala,16.24336510,31,44,0,44,72.48409091,31,44,0,44
1983,6,Baranya,18.28980864,30,54,0,54,58.87851852,30,54,0,54
1983,6,Borsod-Abaúj-Zemplén,17.81946124,30,86,0,86,56.66453488,30,86,0,86
1983,6,Bács-Kiskun,18.90667677,30,99,0,99,54.05222222,30,99,0,99
1983,6,Békés,19.00848259,30,67,0,67,69.20223881,30,67,0,67
1983,6,Csongrád-Csanád,19.05131250,30,48,0,48,52.14458333,30,48,0,48
1983,6,Fejér,18.44202837,30,47,0,47,45.09106383,30,47,0,47
1983,6,Győr-Moson-Sopron,18.43163194,30,48,0,48,46.33604167,30,48,0,48
1983,6,Hajdú-Bihar,18.83875641,30,78,0,78,77.60423077,30,78,0,78
1983,6,Heves,18.34302273,30,44,0,44,69.82204545,30,44,0,44
1983,6,Jász-Nagykun-Szolnok,19.10794118,30,68,0,68,57.62470588,30,68,0,68
1983,6,Komárom-Esztergom,17.94004598,30,29,0,29,51.92827586,30,29,0,29
1983,6,Nógrád,17.39823810,30,28,0,28,76.85214286,30,28,0,28
1983,6,Pest,18.65178667,30,75,0,75,57.59573333,30,75,0,75
1983,6,Somogy,18.11399524,30,70,0,70,46.64700000,30,70,0,70
1983,6,Szabolcs-Szatmár-Bereg,18.46307042,30,71,0,71,71.69676056,30,71,0,71
1983,6,Tolna,18.61703101,30,43,0,43,50.15604651,30,43,0,43
1983,6,Vas,17.91571212,30,44,0,44,45.79318182,30,44,0,44
1983,6,Veszprém,17.94533951,30,54,0,54,37.16333333,30,54,0,54
1983,6,Zala,17.85226515,30,44,0,44,47.56818182,30,44,0,44
1983,7,Baranya,22.34104540,31,54,0,54,36.86185185,31,54,0,54
1983,7,Borsod-Abaúj-Zemplén,21.09653788,31,86,0,86,38.57872093,31,86,0,86
1983,7,Bács-Kiskun,23.06322255,31,99,0,99,39.96343434,31,99,0,99
1983,7,Békés,22.65789600,31,67,0,67,31.59850746,31,67,0,67
1983,7,Csongrád-Csanád,22.96014113,31,48,0,48,34.00833333,31,48,0,48
1983,7,Fejér,22.67269732,31,47,0,47,17.95489362,31,47,0,47
1983,7,Győr-Moson-Sopron,22.65116263,31,48,0,48,24.10500000,31,48,0,48
1983,7,Hajdú-Bihar,22.22612076,31,78,0,78,29.31641026,31,78,0,78
1983,7,Heves,21.97431818,31,44,0,44,33.08454545,31,44,0,44
1983,7,Jász-Nagykun-Szolnok,22.84784156,31,68,0,68,26.08735294,31,68,0,68
1983,7,Komárom-Esztergom,21.86790879,31,29,0,29,20.00896552,31,29,0,29
1983,7,Nógrád,21.12582949,31,28,0,28,16.60392857,31,28,0,28
1983,7,Pest,22.77376344,31,75,0,75,17.79080000,31,75,0,75
1983,7,Somogy,22.33043318,31,70,0,70,28.99757143,31,70,0,70
1983,7,Szabolcs-Szatmár-Bereg,21.56777374,31,71,0,71,33.25605634,31,71,0,71
1983,7,Tolna,22.84609902,31,43,0,43,47.45325581,31,43,0,43
1983,7,Vas,22.41994135,31,44,0,44,43.50568182,31,44,0,44
1983,7,Veszprém,22.25020311,31,54,0,54,29.23574074,31,54,0,54
1983,7,Zala,22.10098240,31,44,0,44,33.07227273,31,44,0,44
1983,8,Baranya,20.41084827,31,54,0,54,48.06870370,31,54,0,54
1983,8,Borsod-Abaúj-Zemplén,19.58132408,31,86,0,86,50.76813953,31,86,0,86
1983,8,Bács-Kiskun,20.78508961,31,99,0,99,31.45373737,31,99,0,99
1983,8,Békés,20.94511796,31,67,0,67,41.65059701,31,67,0,67
1983,8,Csongrád-Csanád,21.16918011,31,48,0,48,40.95541667,31,48,0,48
1983,8,Fejér,20.36091970,31,47,0,47,46.24617021,31,47,0,47
1983,8,Győr-Moson-Sopron,20.21837366,31,48,0,48,35.56187500,31,48,0,48
1983,8,Hajdú-Bihar,20.61621175,31,78,0,78,28.51782051,31,78,0,78
1983,8,Heves,20.17313050,31,44,0,44,33.77068182,31,44,0,44
1983,8,Jász-Nagykun-Szolnok,21.11991461,31,68,0,68,29.46250000,31,68,0,68
1983,8,Komárom-Esztergom,19.68355951,31,29,0,29,43.85827586,31,29,0,29
1983,8,Nógrád,18.88415899,31,28,0,28,28.51142857,31,28,0,28
1983,8,Pest,20.41953978,31,75,0,75,25.94373333,31,75,0,75
1983,8,Somogy,20.20329493,31,70,0,70,52.04528571,31,70,0,70
1983,8,Szabolcs-Szatmár-Bereg,19.91156747,31,71,0,71,39.42732394,31,71,0,71
1983,8,Tolna,20.55440360,31,43,0,43,42.68813953,31,43,0,43
1983,8,Vas,19.92601173,31,44,0,44,50.44522727,31,44,0,44
1983,8,Veszprém,19.96612306,31,54,0,54,53.67518519,31,54,0,54
1983,8,Zala,19.97186217,31,44,0,44,67.42386364,31,44,0,44
1983,9,Baranya,16.01711111,30,54,0,54,52.90537037,30,54,0,54
1983,9,Borsod-Abaúj-Zemplén,15.61709302,30,86,0,86,61.15081395,30,86,0,86
1983,9,Bács-Kiskun,16.27488552,30,99,0,99,59.17070707,30,99,0,99
1983,9,Békés,16.56114925,30,67,0,67,66.96537313,30,67,0,67
1983,9,Csongrád-Csanád,16.55823611,30,48,0,48,59.70604167,30,48,0,48
1983,9,Fejér,16.17061702,30,47,0,47,26.88957447,30,47,0,47
1983,9,Győr-Moson-Sopron,16.02286806,30,48,0,48,49.36541667,30,48,0,48
1983,9,Hajdú-Bihar,16.37329915,30,78,0,78,50.80397436,30,78,0,78
1983,9,Heves,16.05170455,30,44,0,44,43.84318182,30,44,0,44
1983,9,Jász-Nagykun-Szolnok,16.82821078,30,68,0,68,53.55617647,30,68,0,68
1983,9,Komárom-Esztergom,15.69751724,30,29,0,29,43.89310345,30,29,0,29
1983,9,Nógrád,14.84467857,30,28,0,28,37.75071429,30,28,0,28
1983,9,Pest,16.11615556,30,75,0,75,40.09106667,30,75,0,75
1983,9,Somogy,15.82912381,30,70,0,70,53.25042857,30,70,0,70
1983,9,Szabolcs-Szatmár-Bereg,15.74804225,30,71,0,71,43.84802817,30,71,0,71
1983,9,Tolna,16.20106977,30,43,0,43,43.61279070,30,43,0,43
1983,9,Vas,15.61631061,30,44,0,44,71.87159091,30,44,0,44
1983,9,Veszprém,15.83946914,30,54,0,54,50.69629630,30,54,0,54
1983,9,Zala,15.60266667,30,44,0,44,79.68431818,30,44,0,44
1983,10,Baranya,10.98280167,31,54,0,54,32.22037037,31,54,0,54
1983,10,Borsod-Abaúj-Zemplén,8.71140285,31,86,0,86,27.76616279,31,86,0,86
1983,10,Bács-Kiskun,10.69632454,31,99,0,99,21.38909091,31,99,0,99
1983,10,Békés,10.25920558,31,67,0,67,24.45791045,31,67,0,67
1983,10,Csongrád-Csanád,10.64325941,31,48,0,48,17.02770833,31,48,0,48
1983,10,Fejér,10.40844887,31,47,0,47,38.36085106,31,47,0,47
1983,10,Győr-Moson-Sopron,10.45521505,31,48,0,48,41.88895833,31,48,0,48
1983,10,Hajdú-Bihar,9.63889578,31,78,0,78,22.50089744,31,78,0,78
1983,10,Heves,9.44344575,31,44,0,44,24.89340909,31,44,0,44
1983,10,Jász-Nagykun-Szolnok,10.33925522,31,68,0,68,24.87882353,31,68,0,68
1983,10,Komárom-Esztergom,10.09726363,31,29,0,29,40.15103448,31,29,0,29
1983,10,Nógrád,8.52382488,31,28,0,28,33.72892857,31,28,0,28
1983,10,Pest,10.12884731,31,75,0,75,31.60373333,31,75,0,75
1983,10,Somogy,10.48466820,31,70,0,70,46.84371429,31,70,0,70
1983,10,Szabolcs-Szatmár-Bereg,9.09546115,31,71,0,71,22.57464789,31,71,0,71
1983,10,Tolna,10.95122281,31,43,0,43,24.98325581,31,43,0,43
1983,10,Vas,10.12090909,31,44,0,44,64.43409091,31,44,0,44
1983,10,Veszprém,10.23440860,31,54,0,54,51.15833333,31,54,0,54
1983,10,Zala,10.21465543,31,44,0,44,58.67250000,31,44,0,44
1983,11,Baranya,2.24514198,30,54,0,54,12.98037037,30,54,0,54
1983,11,Borsod-Abaúj-Zemplén,0.58805426,30,86,0,86,29.87616279,30,86,0,86
1983,11,Bács-Kiskun,1.91287879,30,99,0,99,18.41262626,30,99,0,99
1983,11,Békés,1.33509950,30,67,0,67,18.86567164,30,67,0,67
1983,11,Csongrád-Csanád,1.67000000,30,48,0,48,15.76562500,30,48,0,48
1983,11,Fejér,1.81853191,30,47,0,47,33.94872340,30,47,0,47
1983,11,Győr-Moson-Sopron,2.12782639,30,48,0,48,40.88833333,30,48,0,48
1983,11,Hajdú-Bihar,1.02489316,30,78,0,78,36.27551282,30,78,0,78
1983,11,Heves,1.09912121,30,44,0,44,32.70113636,30,44,0,44
1983,11,Jász-Nagykun-Szolnok,1.52875980,30,68,0,68,32.55779412,30,68,0,68
1983,11,Komárom-Esztergom,1.71957471,30,29,0,29,50.13000000,30,29,0,29
1983,11,Nógrád,0.46138095,30,28,0,28,30.79071429,30,28,0,28
1983,11,Pest,1.67724000,30,75,0,75,36.70573333,30,75,0,75
1983,11,Somogy,2.01111905,30,70,0,70,20.16528571,30,70,0,70
1983,11,Szabolcs-Szatmár-Bereg,0.57807981,30,71,0,71,43.70690141,30,71,0,71
1983,11,Tolna,2.12590698,30,43,0,43,15.52255814,30,43,0,43
1983,11,Vas,1.72062879,30,44,0,44,34.58909091,30,44,0,44
1983,11,Veszprém,1.87819753,30,54,0,54,37.07388889,30,54,0,54
1983,11,Zala,1.76010606,30,44,0,44,22.88136364,30,44,0,44
1983,12,Baranya,0.78407407,31,54,0,54,13.81611111,31,54,0,54
1983,12,Borsod-Abaúj-Zemplén,-2.01028132,31,86,0,86,5.58534884,31,86,0,86
1983,12,Bács-Kiskun,0.14559466,31,99,0,99,10.65757576,31,99,0,99
1983,12,Békés,-0.42515166,31,67,0,67,10.74179104,31,67,0,67
1983,12,Csongrád-Csanád,0.04354167,31,48,0,48,10.12062500,31,48,0,48
1983,12,Fejér,-0.11134523,31,47,0,47,13.08191489,31,47,0,47
1983,12,Győr-Moson-Sopron,0.66206317,31,48,0,48,22.67395833,31,48,0,48
1983,12,Hajdú-Bihar,-1.02787014,31,78,0,78,8.81371795,31,78,0,78
1983,12,Heves,-1.14554985,31,44,0,44,6.90863636,31,44,0,44
1983,12,Jász-Nagykun-Szolnok,-0.51314516,31,68,0,68,5.65852941,31,68,0,68
1983,12,Komárom-Esztergom,-0.19115684,31,29,0,29,14.43517241,31,29,0,29
1983,12,Nógrád,-1.53299539,31,28,0,28,10.94035714,31,28,0,28
1983,12,Pest,-0.36202581,31,75,0,75,9.18520000,31,75,0,75
1983,12,Somogy,0.72305530,31,70,0,70,13.25114286,31,70,0,70
1983,12,Szabolcs-Szatmár-Bereg,-1.24697410,31,71,0,71,10.02788732,31,71,0,71
1983,12,Tolna,0.56696174,31,43,0,43,15.19302326,31,43,0,43
1983,12,Vas,0.41747067,31,44,0,44,24.31750000,31,44,0,44
1983,12,Veszprém,0.25422342,31,54,0,54,15.48481481,31,54,0,54
1983,12,Zala,0.53706012,31,44,0,44,16.31727273,31,44,0,44
1984,1,Baranya,0.14054958,31,54,0,54,110.88629630,31,54,0,54
1984,1,Borsod-Abaúj-Zemplén,-1.21027757,31,86,0,86,36.11534884,31,86,0,86
1984,1,Bács-Kiskun,0.12234604,31,99,0,99,53.97909091,31,99,0,99
1984,1,Békés,0.03491574,31,67,0,67,65.45492537,31,67,0,67
1984,1,Csongrád-Csanád,0.22510081,31,48,0,48,58.20166667,31,48,0,48
1984,1,Fejér,-0.14903912,31,47,0,47,59.41106383,31,47,0,47
1984,1,Győr-Moson-Sopron,0.54978495,31,48,0,48,36.47729167,31,48,0,48
1984,1,Hajdú-Bihar,-0.23720844,31,78,0,78,51.64076923,31,78,0,78
1984,1,Heves,-0.80749267,31,44,0,44,50.64227273,31,44,0,44
1984,1,Jász-Nagykun-Szolnok,0.03870493,31,68,0,68,56.16911765,31,68,0,68
1984,1,Komárom-Esztergom,-0.16393771,31,29,0,29,55.40413793,31,29,0,29
1984,1,Nógrád,-1.35726959,31,28,0,28,48.32321429,31,28,0,28
1984,1,Pest,-0.31009032,31,75,0,75,53.22746667,31,75,0,75
1984,1,Somogy,0.14029954,31,70,0,70,119.93400000,31,70,0,70
1984,1,Szabolcs-Szatmár-Bereg,-0.55452067,31,71,0,71,45.33197183,31,71,0,71
1984,1,Tolna,0.21993998,31,43,0,43,80.49511628,31,43,0,43
1984,1,Vas,-0.03490469,31,44,0,44,45.95386364,31,44,0,44
1984,1,Veszprém,0.03467742,31,54,0,54,56.48944444,31,54,0,54
1984,1,Zala,-0.00276393,31,44,0,44,83.23068182,31,44,0,44
1984,2,Baranya,0.30620051,29,54,0,54,22.79777778,29,54,0,54
1984,2,Borsod-Abaúj-Zemplén,-0.14085806,29,86,0,86,20.54686047,29,86,0,86
1984,2,Bács-Kiskun,0.74659004,29,99,0,99,24.02666667,29,99,0,99
1984,2,Békés,0.58970664,29,67,0,67,23.09477612,29,67,0,67
1984,2,Csongrád-Csanád,0.72771552,29,48,0,48,21.89729167,29,48,0,48
1984,2,Fejér,0.43880411,29,47,0,47,27.95787234,29,47,0,47
1984,2,Győr-Moson-Sopron,0.45558908,29,48,0,48,36.46395833,29,48,0,48
1984,2,Hajdú-Bihar,0.45392573,29,78,0,78,18.38987179,29,78,0,78
1984,2,Heves,-0.03892633,29,44,0,44,23.38704545,29,44,0,44
1984,2,Jász-Nagykun-Szolnok,0.68901116,29,68,0,68,13.43397059,29,68,0,68
1984,2,Komárom-Esztergom,0.32749108,29,29,0,29,27.37931034,29,29,0,29
1984,2,Nógrád,-0.68980296,29,28,0,28,31.23392857,29,28,0,28
1984,2,Pest,0.40434943,29,75,0,75,19.92360000,29,75,0,75
1984,2,Somogy,0.03981281,29,70,0,70,35.78785714,29,70,0,70
1984,2,Szabolcs-Szatmár-Bereg,0.47100049,29,71,0,71,17.42183099,29,71,0,71
1984,2,Tolna,0.38147554,29,43,0,43,24.09976744,29,43,0,43
1984,2,Vas,-0.17849530,29,44,0,44,44.79431818,29,44,0,44
1984,2,Veszprém,-0.12637292,29,54,0,54,36.47166667,29,54,0,54
1984,2,Zala,-0.03326803,29,44,0,44,42.76522727,29,44,0,44
1984,3,Baranya,4.86688172,31,54,0,54,24.44907407,31,54,0,54
1984,3,Borsod-Abaúj-Zemplén,3.57190923,31,86,0,86,36.72872093,31,86,0,86
1984,3,Bács-Kiskun,5.06882698,31,99,0,99,26.87363636,31,99,0,99
1984,3,Békés,4.73866153,31,67,0,67,21.29492537,31,67,0,67
1984,3,Csongrád-Csanád,4.94266129,31,48,0,48,24.19541667,31,48,0,48
1984,3,Fejér,4.70969801,31,47,0,47,20.24446809,31,47,0,47
1984,3,Győr-Moson-Sopron,4.23284946,31,48,0,48,26.18729167,31,48,0,48
1984,3,Hajdú-Bihar,4.45213813,31,78,0,78,22.52051282,31,78,0,78
1984,3,Heves,3.86439883,31,44,0,44,21.69272727,31,44,0,44
1984,3,Jász-Nagykun-Szolnok,4.76671727,31,68,0,68,20.71352941,31,68,0,68
1984,3,Komárom-Esztergom,4.20225806,31,29,0,29,25.57137931,31,29,0,29
1984,3,Nógrád,2.97406682,31,28,0,28,23.68357143,31,28,0,28
1984,3,Pest,4.55301505,31,75,0,75,22.40306667,31,75,0,75
1984,3,Somogy,4.68145161,31,70,0,70,20.22071429,31,70,0,70
1984,3,Szabolcs-Szatmár-Bereg,4.22740572,31,71,0,71,42.10873239,31,71,0,71
1984,3,Tolna,4.98477119,31,43,0,43,21.57302326,31,43,0,43
1984,3,Vas,3.95353372,31,44,0,44,25.85613636,31,44,0,44
1984,3,Veszprém,4.03677419,31,54,0,54,21.72462963,31,54,0,54
1984,3,Zala,4.39299120,31,44,0,44,24.71590909,31,44,0,44
1984,4,Baranya,9.90697531,30,54,0,54,55.75648148,30,54,0,54
1984,4,Borsod-Abaúj-Zemplén,9.89069380,30,86,0,86,14.55709302,30,86,0,86
1984,4,Bács-Kiskun,10.39027609,30,99,0,99,41.14222222,30,99,0,99
1984,4,Békés,10.75749254,30,67,0,67,16.57492537,30,67,0,67
1984,4,Csongrád-Csanád,10.68624306,30,48,0,48,30.53729167,30,48,0,48
1984,4,Fejér,9.73526950,30,47,0,47,45.55659574,30,47,0,47
1984,4,Győr-Moson-Sopron,9.22276389,30,48,0,48,37.83958333,30,48,0,48
1984,4,Hajdú-Bihar,10.79673504,30,78,0,78,15.62192308,30,78,0,78
1984,4,Heves,9.87837121,30,44,0,44,23.82545455,30,44,0,44
1984,4,Jász-Nagykun-Szolnok,10.68297549,30,68,0,68,17.37205882,30,68,0,68
1984,4,Komárom-Esztergom,9.32187356,30,29,0,29,41.93724138,30,29,0,29
1984,4,Nógrád,8.58736905,30,28,0,28,32.35285714,30,28,0,28
1984,4,Pest,10.07270667,30,75,0,75,35.81173333,30,75,0,75
1984,4,Somogy,9.33756190,30,70,0,70,57.41900000,30,70,0,70
1984,4,Szabolcs-Szatmár-Bereg,10.93677465,30,71,0,71,13.91971831,30,71,0,71
1984,4,Tolna,10.00434884,30,43,0,43,45.64488372,30,43,0,43
1984,4,Vas,8.79044697,30,44,0,44,39.99659091,30,44,0,44
1984,4,Veszprém,8.93371605,30,54,0,54,54.87759259,30,54,0,54
1984,4,Zala,9.00571212,30,44,0,44,45.43590909,30,44,0,44
1984,5,Baranya,14.48676225,31,54,0,54,87.43240741,31,54,0,54
1984,5,Borsod-Abaúj-Zemplén,14.42213803,31,86,0,86,120.86744186,31,86,0,86
1984,5,Bács-Kiskun,15.31158358,31,99,0,99,96.66909091,31,99,0,99
1984,5,Békés,15.81356765,31,67,0,67,94.10820896,31,67,0,67
1984,5,Csongrád-Csanád,15.72736559,31,48,0,48,91.81375000,31,48,0,48
1984,5,Fejér,14.81806452,31,47,0,47,103.83276596,31,47,0,47
1984,5,Győr-Moson-Sopron,14.30721774,31,48,0,48,79.29812500,31,48,0,48
1984,5,Hajdú-Bihar,15.58847808,31,78,0,78,89.14846154,31,78,0,78
1984,5,Heves,14.38381965,31,44,0,44,144.96022727,31,44,0,44
1984,5,Jász-Nagykun-Szolnok,15.49266603,31,68,0,68,92.84000000,31,68,0,68
1984,5,Komárom-Esztergom,14.31967742,31,29,0,29,110.84689655,31,29,0,29
1984,5,Nógrád,13.41349078,31,28,0,28,160.62464286,31,28,0,28
1984,5,Pest,14.73461075,31,75,0,75,123.99413333,31,75,0,75
1984,5,Somogy,14.24423963,31,70,0,70,86.13128571,31,70,0,70
1984,5,Szabolcs-Szatmár-Bereg,15.43278964,31,71,0,71,97.63535211,31,71,0,71
1984,5,Tolna,14.92460615,31,43,0,43,92.88744186,31,43,0,43
1984,5,Vas,13.63159824,31,44,0,44,73.97704545,31,44,0,44
1984,5,Veszprém,13.99768220,31,54,0,54,96.62037037,31,54,0,54
1984,5,Zala,13.79819648,31,44,0,44,75.69909091,31,44,0,44
1984,6,Baranya,17.43285185,30,54,0,54,83.95666667,30,54,0,54
1984,6,Borsod-Abaúj-Zemplén,16.26821318,30,86,0,86,69.00941860,30,86,0,86
1984,6,Bács-Kiskun,17.71359259,30,99,0,99,65.36757576,30,99,0,99
1984,6,Békés,17.61321891,30,67,0,67,43.96417910,30,67,0,67
1984,6,Csongrád-Csanád,17.79456944,30,48,0,48,61.12958333,30,48,0,48
1984,6,Fejér,17.31609220,30,47,0,47,48.39425532,30,47,0,47
1984,6,Győr-Moson-Sopron,17.12484028,30,48,0,48,37.13187500,30,48,0,48
1984,6,Hajdú-Bihar,17.31119658,30,78,0,78,59.76576923,30,78,0,78
1984,6,Heves,16.56973485,30,44,0,44,40.71204545,30,44,0,44
1984,6,Jász-Nagykun-Szolnok,17.57451471,30,68,0,68,42.48676471,30,68,0,68
1984,6,Komárom-Esztergom,16.57263218,30,29,0,29,39.23620690,30,29,0,29
1984,6,Nógrád,15.58311905,30,28,0,28,56.74000000,30,28,0,28
1984,6,Pest,17.03991111,30,75,0,75,43.83000000,30,75,0,75
1984,6,Somogy,17.02480952,30,70,0,70,85.38657143,30,70,0,70
1984,6,Szabolcs-Szatmár-Bereg,16.84697183,30,71,0,71,63.94098592,30,71,0,71
1984,6,Tolna,17.56730233,30,43,0,43,71.84651163,30,43,0,43
1984,6,Vas,16.87423485,30,44,0,44,52.92340909,30,44,0,44
1984,6,Veszprém,16.80185185,30,54,0,54,56.57888889,30,54,0,54
1984,6,Zala,16.79517424,30,44,0,44,81.37045455,30,44,0,44
1984,7,Baranya,18.65783154,31,54,0,54,40.14907407,31,54,0,54
1984,7,Borsod-Abaúj-Zemplén,17.68271193,31,86,0,86,43.09174419,31,86,0,86
1984,7,Bács-Kiskun,19.27612252,31,99,0,99,16.80323232,31,99,0,99
1984,7,Békés,19.13345691,31,67,0,67,17.47552239,31,67,0,67
1984,7,Csongrád-Csanád,19.25520833,31,48,0,48,27.20229167,31,48,0,48
1984,7,Fejér,18.69683596,31,47,0,47,16.06319149,31,47,0,47
1984,7,Győr-Moson-Sopron,18.54444892,31,48,0,48,29.82354167,31,48,0,48
1984,7,Hajdú-Bihar,18.78330025,31,78,0,78,32.80525641,31,78,0,78
1984,7,Heves,18.15163490,31,44,0,44,16.10068182,31,44,0,44
1984,7,Jász-Nagykun-Szolnok,19.21592979,31,68,0,68,13.85352941,31,68,0,68
1984,7,Komárom-Esztergom,18.03976641,31,29,0,29,18.46862069,31,29,0,29
1984,7,Nógrád,17.00717742,31,28,0,28,11.32571429,31,28,0,28
1984,7,Pest,18.76160860,31,75,0,75,11.95133333,31,75,0,75
1984,7,Somogy,18.47070507,31,70,0,70,52.42485714,31,70,0,70
1984,7,Szabolcs-Szatmár-Bereg,18.30320309,31,71,0,71,53.10633803,31,71,0,71
1984,7,Tolna,18.84705176,31,43,0,43,26.58279070,31,43,0,43
1984,7,Vas,18.15798387,31,44,0,44,50.82909091,31,44,0,44
1984,7,Veszprém,18.18792712,31,54,0,54,31.59277778,31,54,0,54
1984,7,Zala,18.22602639,31,44,0,44,67.47750000,31,44,0,44
1984,8,Baranya,19.01947431,31,54,0,54,72.74037037,31,54,0,54
1984,8,Borsod-Abaúj-Zemplén,18.61838710,31,86,0,86,60.62546512,31,86,0,86
1984,8,Bács-Kiskun,19.68060606,31,99,0,99,39.38848485,31,99,0,99
1984,8,Békés,20.15282138,31,67,0,67,38.89522388,31,67,0,67
1984,8,Csongrád-Csanád,20.15702285,31,48,0,48,41.04041667,31,48,0,48
1984,8,Fejér,19.29336994,31,47,0,47,60.58063830,31,47,0,47
1984,8,Győr-Moson-Sopron,18.91287634,31,48,0,48,55.99729167,31,48,0,48
1984,8,Hajdú-Bihar,19.74014888,31,78,0,78,61.51769231,31,78,0,78
1984,8,Heves,19.11584311,31,44,0,44,38.49363636,31,44,0,44
1984,8,Jász-Nagykun-Szolnok,20.10150854,31,68,0,68,42.49500000,31,68,0,68
1984,8,Komárom-Esztergom,18.72959956,31,29,0,29,63.97586207,31,29,0,29
1984,8,Nógrád,17.95578341,31,28,0,28,40.14642857,31,28,0,28
1984,8,Pest,19.38161720,31,75,0,75,43.09240000,31,75,0,75
1984,8,Somogy,18.65040092,31,70,0,70,58.62028571,31,70,0,70
1984,8,Szabolcs-Szatmár-Bereg,19.22684689,31,71,0,71,64.27239437,31,71,0,71
1984,8,Tolna,19.33283571,31,43,0,43,63.28767442,31,43,0,43
1984,8,Vas,18.39920088,31,44,0,44,57.34636364,31,44,0,44
1984,8,Veszprém,18.66535245,31,54,0,54,70.65870370,31,54,0,54
1984,8,Zala,18.28609238,31,44,0,44,49.82204545,31,44,0,44
1984,9,Baranya,16.54319753,30,54,0,54,67.97351852,30,54,0,54
1984,9,Borsod-Abaúj-Zemplén,15.23437597,30,86,0,86,92.51941860,30,86,0,86
1984,9,Bács-Kiskun,16.81538721,30,99,0,99,53.23727273,30,99,0,99
1984,9,Békés,17.50217413,30,67,0,67,69.98716418,30,67,0,67
1984,9,Csongrád-Csanád,17.47958333,30,48,0,48,57.23187500,30,48,0,48
1984,9,Fejér,15.99531915,30,47,0,47,82.48085106,30,47,0,47
1984,9,Győr-Moson-Sopron,15.21425000,30,48,0,48,88.84437500,30,48,0,48
1984,9,Hajdú-Bihar,16.62291453,30,78,0,78,80.44833333,30,78,0,78
1984,9,Heves,15.69075000,30,44,0,44,97.45454545,30,44,0,44
1984,9,Jász-Nagykun-Szolnok,17.01894118,30,68,0,68,84.49441176,30,68,0,68
1984,9,Komárom-Esztergom,15.41475862,30,29,0,29,95.36172414,30,29,0,29
1984,9,Nógrád,14.57653571,30,28,0,28,92.25892857,30,28,0,28
1984,9,Pest,15.90061778,30,75,0,75,75.10653333,30,75,0,75
1984,9,Somogy,15.90187619,30,70,0,70,98.73257143,30,70,0,70
1984,9,Szabolcs-Szatmár-Bereg,15.80138967,30,71,0,71,87.49000000,30,71,0,71
1984,9,Tolna,16.56296899,30,43,0,43,66.24511628,30,43,0,43
1984,9,Vas,14.76253030,30,44,0,44,109.59659091,30,44,0,44
1984,9,Veszprém,15.30021605,30,54,0,54,115.86574074,30,54,0,54
1984,9,Zala,15.37230303,30,44,0,44,114.35250000,30,44,0,44
1984,10,Baranya,12.39126045,31,54,0,54,84.55833333,31,54,0,54
1984,10,Borsod-Abaúj-Zemplén,11.30270068,31,86,0,86,41.29244186,31,86,0,86
1984,10,Bács-Kiskun,12.43261649,31,99,0,99,46.81646465,31,99,0,99
1984,10,Békés,12.66935002,31,67,0,67,40.88194030,31,67,0,67
1984,10,Csongrád-Csanád,12.74739247,31,48,0,48,33.63937500,31,48,0,48
1984,10,Fejér,11.83231984,31,47,0,47,57.58659574,31,47,0,47
1984,10,Győr-Moson-Sopron,11.31432124,31,48,0,48,26.09000000,31,48,0,48
1984,10,Hajdú-Bihar,12.22906948,31,78,0,78,31.01897436,31,78,0,78
1984,10,Heves,11.53207478,31,44,0,44,49.33500000,31,44,0,44
1984,10,Jász-Nagykun-Szolnok,12.32359583,31,68,0,68,28.40750000,31,68,0,68
1984,10,Komárom-Esztergom,11.40617353,31,29,0,29,38.49551724,31,29,0,29
1984,10,Nógrád,10.51432028,31,28,0,28,55.20071429,31,28,0,28
1984,10,Pest,11.65210323,31,75,0,75,48.92253333,31,75,0,75
1984,10,Somogy,12.01662673,31,70,0,70,66.41714286,31,70,0,70
1984,10,Szabolcs-Szatmár-Bereg,12.07470241,31,71,0,71,32.85464789,31,71,0,71
1984,10,Tolna,12.44153788,31,43,0,43,77.89232558,31,43,0,43
1984,10,Vas,11.10170821,31,44,0,44,28.66750000,31,44,0,44
1984,10,Veszprém,11.62600358,31,54,0,54,37.12814815,31,54,0,54
1984,10,Zala,11.71923754,31,44,0,44,39.98636364,31,44,0,44
1984,11,Baranya,5.26353086,30,54,0,54,38.62777778,30,54,0,54
1984,11,Borsod-Abaúj-Zemplén,4.10800000,30,86,0,86,44.16953488,30,86,0,86
1984,11,Bács-Kiskun,5.20721886,30,99,0,99,36.73434343,30,99,0,99
1984,11,Békés,5.24181095,30,67,0,67,37.57701493,30,67,0,67
1984,11,Csongrád-Csanád,5.57429167,30,48,0,48,32.55895833,30,48,0,48
1984,11,Fejér,4.84775887,30,47,0,47,58.43255319,30,47,0,47
1984,11,Győr-Moson-Sopron,5.07914583,30,48,0,48,61.24083333,30,48,0,48
1984,11,Hajdú-Bihar,4.82589316,30,78,0,78,40.34500000,30,78,0,78
1984,11,Heves,4.42003030,30,44,0,44,45.86340909,30,44,0,44
1984,11,Jász-Nagykun-Szolnok,4.90379412,30,68,0,68,42.97235294,30,68,0,68
1984,11,Komárom-Esztergom,4.88539080,30,29,0,29,58.02862069,30,29,0,29
1984,11,Nógrád,3.88092857,30,28,0,28,45.96214286,30,28,0,28
1984,11,Pest,4.65089778,30,75,0,75,49.31840000,30,75,0,75
1984,11,Somogy,5.02850000,30,70,0,70,55.48600000,30,70,0,70
1984,11,Szabolcs-Szatmár-Bereg,4.46087793,30,71,0,71,46.92760563,30,71,0,71
1984,11,Tolna,5.08398450,30,43,0,43,41.77116279,30,43,0,43
1984,11,Vas,4.67287879,30,44,0,44,49.26363636,30,44,0,44
1984,11,Veszprém,4.71427778,30,54,0,54,62.34425926,30,54,0,54
1984,11,Zala,5.00173485,30,44,0,44,56.75227273,30,44,0,44
1984,12,Baranya,-0.01689964,31,54,0,54,38.91462963,31,54,0,54
1984,12,Borsod-Abaúj-Zemplén,-2.26752813,31,86,0,86,21.50848837,31,86,0,86
1984,12,Bács-Kiskun,-0.54004562,31,99,0,99,40.59353535,31,99,0,99
1984,12,Békés,-1.39546943,31,67,0,67,41.18597015,31,67,0,67
1984,12,Csongrád-Csanád,-0.94206989,31,48,0,48,41.30833333,31,48,0,48
1984,12,Fejér,-0.35586136,31,47,0,47,34.07595745,31,47,0,47
1984,12,Győr-Moson-Sopron,0.24538306,31,48,0,48,25.02416667,31,48,0,48
1984,12,Hajdú-Bihar,-1.77354839,31,78,0,78,39.23615385,31,78,0,78
1984,12,Heves,-1.74346041,31,44,0,44,23.10340909,31,44,0,44
1984,12,Jász-Nagykun-Szolnok,-1.29831594,31,68,0,68,36.18926471,31,68,0,68
1984,12,Komárom-Esztergom,-0.50553949,31,29,0,29,22.14551724,31,29,0,29
1984,12,Nógrád,-1.98087558,31,28,0,28,16.60857143,31,28,0,28
1984,12,Pest,-0.90760000,31,75,0,75,28.03373333,31,75,0,75
1984,12,Somogy,0.11660829,31,70,0,70,53.47271429,31,70,0,70
1984,12,Szabolcs-Szatmár-Bereg,-2.06584734,31,71,0,71,38.08000000,31,71,0,71
1984,12,Tolna,-0.17321080,31,43,0,43,47.82906977,31,43,0,43
1984,12,Vas,0.04960411,31,44,0,44,32.26340909,31,44,0,44
1984,12,Veszprém,-0.30511350,31,54,0,54,38.41555556,31,54,0,54
1984,12,Zala,0.33335777,31,44,0,44,41.69181818,31,44,0,44
1985,1,Baranya,-5.61840502,31,54,0,54,26.77444444,31,54,0,54
1985,1,Borsod-Abaúj-Zemplén,-7.13443361,31,86,0,86,27.75523256,31,86,0,86
1985,1,Bács-Kiskun,-6.12778104,31,99,0,99,26.55222222,31,99,0,99
1985,1,Békés,-7.23456428,31,67,0,67,25.57731343,31,67,0,67
1985,1,Csongrád-Csanád,-6.96471774,31,48,0,48,27.19770833,31,48,0,48
1985,1,Fejér,-5.68554564,31,47,0,47,12.73595745,31,47,0,47
1985,1,Győr-Moson-Sopron,-5.79529570,31,48,0,48,11.38833333,31,48,0,48
1985,1,Hajdú-Bihar,-6.69066998,31,78,0,78,28.36461538,31,78,0,78
1985,1,Heves,-6.73091642,31,44,0,44,25.94840909,31,44,0,44
1985,1,Jász-Nagykun-Szolnok,-6.68334915,31,68,0,68,28.99441176,31,68,0,68
1985,1,Komárom-Esztergom,-6.04580645,31,29,0,29,12.55206897,31,29,0,29
1985,1,Nógrád,-7.24140553,31,28,0,28,19.04892857,31,28,0,28
1985,1,Pest,-6.25286882,31,75,0,75,17.11466667,31,75,0,75
1985,1,Somogy,-5.55962673,31,70,0,70,18.95814286,31,70,0,70
1985,1,Szabolcs-Szatmár-Bereg,-6.67923217,31,71,0,71,35.10901408,31,71,0,71
1985,1,Tolna,-5.54169542,31,43,0,43,22.42558140,31,43,0,43
1985,1,Vas,-5.92224340,31,44,0,44,15.48250000,31,44,0,44
1985,1,Veszprém,-5.77275388,31,54,0,54,14.03296296,31,54,0,54
1985,1,Zala,-5.70201613,31,44,0,44,14.41272727,31,44,0,44
1985,2,Baranya,-4.47062831,28,54,0,54,59.56240741,28,54,0,54
1985,2,Borsod-Abaúj-Zemplén,-7.96762874,28,86,0,86,19.45825581,28,86,0,86
1985,2,Bács-Kiskun,-5.16976551,28,99,0,99,44.31343434,28,99,0,99
1985,2,Békés,-6.80093817,28,67,0,67,31.60328358,28,67,0,67
1985,2,Csongrád-Csanád,-5.81668155,28,48,0,48,39.83083333,28,48,0,48
1985,2,Fejér,-4.73464286,28,47,0,47,39.25191489,28,47,0,47
1985,2,Győr-Moson-Sopron,-3.40623512,28,48,0,48,30.58604167,28,48,0,48
1985,2,Hajdú-Bihar,-7.59974817,28,78,0,78,22.71474359,28,78,0,78
1985,2,Heves,-6.81283279,28,44,0,44,18.52181818,28,44,0,44
1985,2,Jász-Nagykun-Szolnok,-6.50733193,28,68,0,68,21.69117647,28,68,0,68
1985,2,Komárom-Esztergom,-4.63322660,28,29,0,29,28.19206897,28,29,0,29
1985,2,Nógrád,-6.31029337,28,28,0,28,24.61785714,28,28,0,28
1985,2,Pest,-5.43218095,28,75,0,75,30.25120000,28,75,0,75
1985,2,Somogy,-4.46319388,28,70,0,70,52.53242857,28,70,0,70
1985,2,Szabolcs-Szatmár-Bereg,-7.88619718,28,71,0,71,30.28915493,28,71,0,71
1985,2,Tolna,-4.58947674,28,43,0,43,53.79139535,28,43,0,43
1985,2,Vas,-3.44394481,28,44,0,44,20.12477273,28,44,0,44
1985,2,Veszprém,-4.29789021,28,54,0,54,35.77444444,28,54,0,54
1985,2,Zala,-4.02244318,28,44,0,44,33.99454545,28,44,0,44
1985,3,Baranya,4.09560335,31,54,0,54,60.58685185,31,54,0,54
1985,3,Borsod-Abaúj-Zemplén,3.85517254,31,86,0,86,46.43069767,31,86,0,86
1985,3,Bács-Kiskun,4.25764744,31,99,0,99,42.87656566,31,99,0,99
1985,3,Békés,4.63432836,31,67,0,67,38.21194030,31,67,0,67
1985,3,Csongrád-Csanád,4.49172043,31,48,0,48,38.40666667,31,48,0,48
1985,3,Fejér,4.05213452,31,47,0,47,43.59702128,31,47,0,47
1985,3,Győr-Moson-Sopron,3.97399866,31,48,0,48,56.89708333,31,48,0,48
1985,3,Hajdú-Bihar,4.64047146,31,78,0,78,40.68987179,31,78,0,78
1985,3,Heves,3.92386364,31,44,0,44,54.83000000,31,44,0,44
1985,3,Jász-Nagykun-Szolnok,4.41635199,31,68,0,68,47.85794118,31,68,0,68
1985,3,Komárom-Esztergom,3.99338154,31,29,0,29,38.70896552,31,29,0,29
1985,3,Nógrád,3.34730415,31,28,0,28,51.77107143,31,28,0,28
1985,3,Pest,4.06703656,31,75,0,75,45.28586667,31,75,0,75
1985,3,Somogy,3.94971889,31,70,0,70,64.71271429,31,70,0,70
1985,3,Szabolcs-Szatmár-Bereg,4.56277601,31,71,0,71,36.93450704,31,71,0,71
1985,3,Tolna,4.02043511,31,43,0,43,59.28046512,31,43,0,43
1985,3,Vas,3.54990469,31,44,0,44,95.68272727,31,44,0,44
1985,3,Veszprém,3.58513740,31,54,0,54,64.43518519,31,54,0,54
1985,3,Zala,3.96848974,31,44,0,44,85.72181818,31,44,0,44
1985,4,Baranya,10.77512963,30,54,0,54,46.27944444,30,54,0,54
1985,4,Borsod-Abaúj-Zemplén,9.96443798,30,86,0,86,45.63069767,30,86,0,86
1985,4,Bács-Kiskun,11.21690236,30,99,0,99,25.52646465,30,99,0,99
1985,4,Békés,11.04916418,30,67,0,67,45.02044776,30,67,0,67
1985,4,Csongrád-Csanád,11.33409722,30,48,0,48,37.57958333,30,48,0,48
1985,4,Fejér,10.69278014,30,47,0,47,20.09212766,30,47,0,47
1985,4,Győr-Moson-Sopron,10.43007639,30,48,0,48,23.44229167,30,48,0,48
1985,4,Hajdú-Bihar,10.82456410,30,78,0,78,42.42730769,30,78,0,78
1985,4,Heves,10.20554545,30,44,0,44,26.78818182,30,44,0,44
1985,4,Jász-Nagykun-Szolnok,11.12489216,30,68,0,68,30.39000000,30,68,0,68
1985,4,Komárom-Esztergom,10.15331034,30,29,0,29,25.77655172,30,29,0,29
1985,4,Nógrád,9.16341667,30,28,0,28,25.01892857,30,28,0,28
1985,4,Pest,10.68925778,30,75,0,75,16.16613333,30,75,0,75
1985,4,Somogy,10.52381429,30,70,0,70,46.35214286,30,70,0,70
1985,4,Szabolcs-Szatmár-Bereg,10.71176526,30,71,0,71,43.68647887,30,71,0,71
1985,4,Tolna,11.00310078,30,43,0,43,32.52093023,30,43,0,43
1985,4,Vas,10.07727273,30,44,0,44,45.43931818,30,44,0,44
1985,4,Veszprém,10.36529630,30,54,0,54,40.15240741,30,54,0,54
1985,4,Zala,10.24906061,30,44,0,44,58.05704545,30,44,0,44
1985,5,Baranya,16.56487455,31,54,0,54,73.12296296,31,54,0,54
1985,5,Borsod-Abaúj-Zemplén,15.57974119,31,86,0,86,98.13465116,31,86,0,86
1985,5,Bács-Kiskun,17.01068100,31,99,0,99,92.30989899,31,99,0,99
1985,5,Békés,17.00664901,31,67,0,67,91.99850746,31,67,0,67
1985,5,Csongrád-Csanád,17.29902554,31,48,0,48,79.53604167,31,48,0,48
1985,5,Fejér,16.34947152,31,47,0,47,88.53765957,31,47,0,47
1985,5,Győr-Moson-Sopron,16.04306452,31,48,0,48,93.18395833,31,48,0,48
1985,5,Hajdú-Bihar,16.69315964,31,78,0,78,115.43230769,31,78,0,78
1985,5,Heves,15.70450880,31,44,0,44,138.12818182,31,44,0,44
1985,5,Jász-Nagykun-Szolnok,16.73334440,31,68,0,68,120.28661765,31,68,0,68
1985,5,Komárom-Esztergom,15.69389321,31,29,0,29,108.40862069,31,29,0,29
1985,5,Nógrád,14.66308756,31,28,0,28,127.74392857,31,28,0,28
1985,5,Pest,16.15284731,31,75,0,75,99.33493333,31,75,0,75
1985,5,Somogy,16.15965438,31,70,0,70,80.57714286,31,70,0,70
1985,5,Szabolcs-Szatmár-Bereg,16.34423444,31,71,0,71,106.13676056,31,71,0,71
1985,5,Tolna,16.75246812,31,43,0,43,80.78116279,31,43,0,43
1985,5,Vas,15.52230205,31,44,0,44,112.69340909,31,44,0,44
1985,5,Veszprém,15.73244325,31,54,0,54,97.10925926,31,54,0,54
1985,5,Zala,15.71513930,31,44,0,44,97.35818182,31,44,0,44
1985,6,Baranya,16.61762346,30,54,0,54,73.35703704,30,54,0,54
1985,6,Borsod-Abaúj-Zemplén,15.51603101,30,86,0,86,93.50325581,30,86,0,86
1985,6,Bács-Kiskun,16.77893603,30,99,0,99,54.56646465,30,99,0,99
1985,6,Békés,16.49820398,30,67,0,67,53.93402985,30,67,0,67
1985,6,Csongrád-Csanád,16.82406250,30,48,0,48,49.50354167,30,48,0,48
1985,6,Fejér,16.32041135,30,47,0,47,75.71425532,30,47,0,47
1985,6,Győr-Moson-Sopron,16.21536111,30,48,0,48,73.73104167,30,48,0,48
1985,6,Hajdú-Bihar,16.41868803,30,78,0,78,60.29294872,30,78,0,78
1985,6,Heves,15.76923485,30,44,0,44,77.77909091,30,44,0,44
1985,6,Jász-Nagykun-Szolnok,16.57047549,30,68,0,68,50.34970588,30,68,0,68
1985,6,Komárom-Esztergom,15.62691954,30,29,0,29,70.08000000,30,29,0,29
1985,6,Nógrád,14.89526190,30,28,0,28,73.20250000,30,28,0,28
1985,6,Pest,16.07053333,30,75,0,75,59.51320000,30,75,0,75
1985,6,Somogy,16.35419048,30,70,0,70,91.38314286,30,70,0,70
1985,6,Szabolcs-Szatmár-Bereg,16.22732864,30,71,0,71,70.70436620,30,71,0,71
1985,6,Tolna,16.68571318,30,43,0,43,73.58534884,30,43,0,43
1985,6,Vas,15.99521970,30,44,0,44,83.48704545,30,44,0,44
1985,6,Veszprém,15.96537037,30,54,0,54,81.34018519,30,54,0,54
1985,6,Zala,16.18801515,30,44,0,44,88.04068182,30,44,0,44
1985,7,Baranya,20.70036440,31,54,0,54,47.25481481,31,54,0,54
1985,7,Borsod-Abaúj-Zemplén,19.27292948,31,86,0,86,47.92186047,31,86,0,86
1985,7,Bács-Kiskun,21.16822418,31,99,0,99,45.21767677,31,99,0,99
1985,7,Békés,20.94355802,31,67,0,67,38.45865672,31,67,0,67
1985,7,Csongrád-Csanád,21.21059812,31,48,0,48,49.18520833,31,48,0,48
1985,7,Fejér,20.47330817,31,47,0,47,41.69191489,31,47,0,47
1985,7,Győr-Moson-Sopron,20.40209677,31,48,0,48,48.96229167,31,48,0,48
1985,7,Hajdú-Bihar,20.52344500,31,78,0,78,55.61371795,31,78,0,78
1985,7,Heves,19.80428152,31,44,0,44,41.12431818,31,44,0,44
1985,7,Jász-Nagykun-Szolnok,20.88808349,31,68,0,68,51.52352941,31,68,0,68
1985,7,Komárom-Esztergom,19.89042269,31,29,0,29,35.60206897,31,29,0,29
1985,7,Nógrád,18.94867512,31,28,0,28,30.56250000,31,28,0,28
1985,7,Pest,20.51965591,31,75,0,75,34.87106667,31,75,0,75
1985,7,Somogy,20.39601382,31,70,0,70,56.36800000,31,70,0,70
1985,7,Szabolcs-Szatmár-Bereg,19.97159473,31,71,0,71,54.81507042,31,71,0,71
1985,7,Tolna,20.92794449,31,43,0,43,44.45627907,31,43,0,43
1985,7,Vas,19.99206745,31,44,0,44,64.80272727,31,44,0,44
1985,7,Veszprém,20.08550777,31,54,0,54,50.15796296,31,54,0,54
1985,7,Zala,19.98953812,31,44,0,44,67.76977273,31,44,0,44
1985,8,Baranya,20.16921147,31,54,0,54,53.56722222,31,54,0,54
1985,8,Borsod-Abaúj-Zemplén,19.38304576,31,86,0,86,111.62267442,31,86,0,86
1985,8,Bács-Kiskun,20.71224177,31,99,0,99,61.87848485,31,99,0,99
1985,8,Békés,21.08155513,31,67,0,67,64.38000000,31,67,0,67
1985,8,Csongrád-Csanád,21.17593414,31,48,0,48,71.88625000,31,48,0,48
1985,8,Fejér,19.73956760,31,47,0,47,68.50978723,31,47,0,47
1985,8,Győr-Moson-Sopron,19.39274866,31,48,0,48,91.60229167,31,48,0,48
1985,8,Hajdú-Bihar,20.71443342,31,78,0,78,73.86000000,31,78,0,78
1985,8,Heves,19.85774927,31,44,0,44,81.15000000,31,44,0,44
1985,8,Jász-Nagykun-Szolnok,20.97627135,31,68,0,68,60.54705882,31,68,0,68
1985,8,Komárom-Esztergom,19.10241379,31,29,0,29,88.97793103,31,29,0,29
1985,8,Nógrád,18.44798387,31,28,0,28,84.70607143,31,28,0,28
1985,8,Pest,20.06006882,31,75,0,75,65.89280000,31,75,0,75
1985,8,Somogy,19.50544700,31,70,0,70,66.71228571,31,70,0,70
1985,8,Szabolcs-Szatmár-Bereg,20.18764652,31,71,0,71,87.35830986,31,71,0,71
1985,8,Tolna,20.12816204,31,43,0,43,60.89116279,31,43,0,43
1985,8,Vas,19.21532258,31,44,0,44,77.56545455,31,44,0,44
1985,8,Veszprém,19.32672640,31,54,0,54,103.43259259,31,54,0,54
1985,8,Zala,19.22516129,31,44,0,44,67.76545455,31,44,0,44
1985,9,Baranya,16.26608025,30,54,0,54,23.01574074,30,54,0,54
1985,9,Borsod-Abaúj-Zemplén,14.40408915,30,86,0,86,11.45953488,30,86,0,86
1985,9,Bács-Kiskun,16.09713468,30,99,0,99,11.24080808,30,99,0,99
1985,9,Békés,15.78707960,30,67,0,67,11.69089552,30,67,0,67
1985,9,Csongrád-Csanád,16.17737500,30,48,0,48,10.75395833,30,48,0,48
1985,9,Fejér,15.67356738,30,47,0,47,13.21723404,30,47,0,47
1985,9,Győr-Moson-Sopron,15.76047917,30,48,0,48,19.94729167,30,48,0,48
1985,9,Hajdú-Bihar,15.19295726,30,78,0,78,17.26064103,30,78,0,78
1985,9,Heves,15.01946970,30,44,0,44,5.61613636,30,44,0,44
1985,9,Jász-Nagykun-Szolnok,15.87200490,30,68,0,68,11.02073529,30,68,0,68
1985,9,Komárom-Esztergom,15.17649425,30,29,0,29,16.00206897,30,29,0,29
1985,9,Nógrád,14.09683333,30,28,0,28,5.85607143,30,28,0,28
1985,9,Pest,15.53079111,30,75,0,75,11.79933333,30,75,0,75
1985,9,Somogy,15.80105714,30,70,0,70,27.16342857,30,70,0,70
1985,9,Szabolcs-Szatmár-Bereg,14.42070423,30,71,0,71,22.33873239,30,71,0,71
1985,9,Tolna,16.17167442,30,43,0,43,18.14604651,30,43,0,43
1985,9,Vas,15.76646970,30,44,0,44,30.65409091,30,44,0,44
1985,9,Veszprém,15.61635185,30,54,0,54,25.42962963,30,54,0,54
1985,9,Zala,15.64988636,30,44,0,44,31.36136364,30,44,0,44
1985,10,Baranya,10.01200717,31,54,0,54,14.97703704,31,54,0,54
1985,10,Borsod-Abaúj-Zemplén,8.80653038,31,86,0,86,9.30290698,31,86,0,86
1985,10,Bács-Kiskun,10.12507983,31,99,0,99,18.30919192,31,99,0,99
1985,10,Békés,10.20987963,31,67,0,67,9.66611940,31,67,0,67
1985,10,Csongrád-Csanád,10.32577285,31,48,0,48,12.78083333,31,48,0,48
1985,10,Fejér,9.60035690,31,47,0,47,15.01148936,31,47,0,47
1985,10,Győr-Moson-Sopron,9.39151210,31,48,0,48,16.13625000,31,48,0,48
1985,10,Hajdú-Bihar,9.62335815,31,78,0,78,10.32935897,31,78,0,78
1985,10,Heves,9.32209677,31,44,0,44,7.86909091,31,44,0,44
1985,10,Jász-Nagykun-Szolnok,10.01841082,31,68,0,68,7.39000000,31,68,0,68
1985,10,Komárom-Esztergom,9.27294772,31,29,0,29,19.84137931,31,29,0,29
1985,10,Nógrád,8.20044931,31,28,0,28,8.74535714,31,28,0,28
1985,10,Pest,9.64999140,31,75,0,75,11.98160000,31,75,0,75
1985,10,Somogy,9.55117512,31,70,0,70,17.24671429,31,70,0,70
1985,10,Szabolcs-Szatmár-Bereg,9.04149478,31,71,0,71,18.21535211,31,71,0,71
1985,10,Tolna,10.12143286,31,43,0,43,15.12255814,31,43,0,43
1985,10,Vas,9.17225806,31,44,0,44,13.93522727,31,44,0,44
1985,10,Veszprém,9.35774194,31,54,0,54,24.11574074,31,54,0,54
1985,10,Zala,9.30717009,31,44,0,44,15.24772727,31,44,0,44
1985,11,Baranya,3.36118519,30,54,0,54,118.88981481,30,54,0,54
1985,11,Borsod-Abaúj-Zemplén,2.44416279,30,86,0,86,86.05802326,30,86,0,86
1985,11,Bács-Kiskun,3.91111111,30,99,0,99,104.24545455,30,99,0,99
1985,11,Békés,4.50350746,30,67,0,67,84.94686567,30,67,0,67
1985,11,Csongrád-Csanád,4.38177778,30,48,0,48,93.89666667,30,48,0,48
1985,11,Fejér,3.27973759,30,47,0,47,111.75744681,30,47,0,47
1985,11,Győr-Moson-Sopron,2.64688194,30,48,0,48,120.59854167,30,48,0,48
1985,11,Hajdú-Bihar,3.80553419,30,78,0,78,87.41487179,30,78,0,78
1985,11,Heves,2.72674242,30,44,0,44,108.11704545,30,44,0,44
1985,11,Jász-Nagykun-Szolnok,3.89165686,30,68,0,68,104.53647059,30,68,0,68
1985,11,Komárom-Esztergom,2.84851724,30,29,0,29,118.74586207,30,29,0,29
1985,11,Nógrád,1.99277381,30,28,0,28,97.29071429,30,28,0,28
1985,11,Pest,3.19652444,30,75,0,75,112.84386667,30,75,0,75
1985,11,Somogy,3.27990952,30,70,0,70,133.02771429,30,70,0,70
1985,11,Szabolcs-Szatmár-Bereg,3.32652113,30,71,0,71,83.83084507,30,71,0,71
1985,11,Tolna,3.57623256,30,43,0,43,110.49255814,30,43,0,43
1985,11,Vas,2.40612879,30,44,0,44,131.41363636,30,44,0,44
1985,11,Veszprém,2.87295679,30,54,0,54,135.97796296,30,54,0,54
1985,11,Zala,2.85427273,30,44,0,44,132.16613636,30,44,0,44
1985,12,Baranya,5.36930108,31,54,0,54,56.44907407,31,54,0,54
1985,12,Borsod-Abaúj-Zemplén,1.87172168,31,86,0,86,23.38790698,31,86,0,86
1985,12,Bács-Kiskun,4.77131639,31,99,0,99,38.54959596,31,99,0,99
1985,12,Békés,3.98506018,31,67,0,67,34.85253731,31,67,0,67
1985,12,Csongrád-Csanád,4.64448925,31,48,0,48,30.83062500,31,48,0,48
1985,12,Fejér,4.12601922,31,47,0,47,60.94404255,31,47,0,47
1985,12,Győr-Moson-Sopron,3.56594086,31,48,0,48,71.25208333,31,48,0,48
1985,12,Hajdú-Bihar,3.09908189,31,78,0,78,39.18435897,31,78,0,78
1985,12,Heves,2.41010264,31,44,0,44,21.40113636,31,44,0,44
1985,12,Jász-Nagykun-Szolnok,3.59606262,31,68,0,68,34.98882353,31,68,0,68
1985,12,Komárom-Esztergom,3.65835373,31,29,0,29,55.30758621,31,29,0,29
1985,12,Nógrád,1.90298387,31,28,0,28,16.48785714,31,28,0,28
1985,12,Pest,3.50704086,31,75,0,75,35.12613333,31,75,0,75
1985,12,Somogy,4.93946544,31,70,0,70,74.10542857,31,70,0,70
1985,12,Szabolcs-Szatmár-Bereg,2.29542935,31,71,0,71,52.19309859,31,71,0,71
1985,12,Tolna,5.20639910,31,43,0,43,57.94906977,31,43,0,43
1985,12,Vas,3.62074047,31,44,0,44,77.06522727,31,44,0,44
1985,12,Veszprém,4.10767622,31,54,0,54,81.96074074,31,54,0,54
1985,12,Zala,4.35278592,31,44,0,44,81.25659091,31,44,0,44
1986,1,Baranya,0.76391278,31,54,0,54,56.42425926,31,54,0,54
1986,1,Borsod-Abaúj-Zemplén,-1.43540135,31,86,0,86,48.37197674,31,86,0,86
1986,1,Bács-Kiskun,0.50832845,31,99,0,99,38.19181818,31,99,0,99
1986,1,Békés,-0.06339913,31,67,0,67,46.45567164,31,67,0,67
1986,1,Csongrád-Csanád,0.40594086,31,48,0,48,38.74520833,31,48,0,48
1986,1,Fejér,0.11612217,31,47,0,47,50.41446809,31,47,0,47
1986,1,Győr-Moson-Sopron,0.20253360,31,48,0,48,46.34104167,31,48,0,48
1986,1,Hajdú-Bihar,-0.45478908,31,78,0,78,57.51256410,31,78,0,78
1986,1,Heves,-1.16664223,31,44,0,44,54.48818182,31,44,0,44
1986,1,Jász-Nagykun-Szolnok,-0.17252372,31,68,0,68,49.93058824,31,68,0,68
1986,1,Komárom-Esztergom,-0.37024472,31,29,0,29,66.95000000,31,29,0,29
1986,1,Nógrád,-1.90994240,31,28,0,28,61.76357143,31,28,0,28
1986,1,Pest,-0.47629247,31,75,0,75,58.41880000,31,75,0,75
1986,1,Somogy,0.66603687,31,70,0,70,45.65942857,31,70,0,70
1986,1,Szabolcs-Szatmár-Bereg,-0.55275784,31,71,0,71,60.06464789,31,71,0,71
1986,1,Tolna,0.79996999,31,43,0,43,38.53813953,31,43,0,43
1986,1,Vas,0.05669355,31,44,0,44,36.59363636,31,44,0,44
1986,1,Veszprém,0.08424731,31,54,0,54,52.66055556,31,54,0,54
1986,1,Zala,0.40487537,31,44,0,44,42.17409091,31,44,0,44
1986,2,Baranya,-3.67353175,28,54,0,54,79.98462963,28,54,0,54
1986,2,Borsod-Abaúj-Zemplén,-3.87048173,28,86,0,86,41.17046512,28,86,0,86
1986,2,Bács-Kiskun,-3.27681457,28,99,0,99,63.18555556,28,99,0,99
1986,2,Békés,-2.56716418,28,67,0,67,65.94402985,28,67,0,67
1986,2,Csongrád-Csanád,-2.92206101,28,48,0,48,76.32104167,28,48,0,48
1986,2,Fejér,-4.04692249,28,47,0,47,53.09489362,28,47,0,47
1986,2,Győr-Moson-Sopron,-4.80162202,28,48,0,48,48.21750000,28,48,0,48
1986,2,Hajdú-Bihar,-2.70921245,28,78,0,78,56.44833333,28,78,0,78
1986,2,Heves,-3.75278409,28,44,0,44,50.71636364,28,44,0,44
1986,2,Jász-Nagykun-Szolnok,-3.03811975,28,68,0,68,54.73882353,28,68,0,68
1986,2,Komárom-Esztergom,-4.52386700,28,29,0,29,50.38000000,28,29,0,29
1986,2,Nógrád,-4.80130102,28,28,0,28,50.01785714,28,28,0,28
1986,2,Pest,-3.77189048,28,75,0,75,50.81746667,28,75,0,75
1986,2,Somogy,-4.26109694,28,70,0,70,69.98071429,28,70,0,70
1986,2,Szabolcs-Szatmár-Bereg,-2.53389839,28,71,0,71,42.00774648,28,71,0,71
1986,2,Tolna,-3.76519934,28,43,0,43,70.21186047,28,43,0,43
1986,2,Vas,-4.88511364,28,44,0,44,65.22863636,28,44,0,44
1986,2,Veszprém,-4.89529762,28,54,0,54,61.81185185,28,54,0,54
1986,2,Zala,-4.45809253,28,44,0,44,64.96250000,28,44,0,44
1986,3,Baranya,3.20665472,31,54,0,54,42.89740741,31,54,0,54
1986,3,Borsod-Abaúj-Zemplén,3.50253563,31,86,0,86,15.61069767,31,86,0,86
1986,3,Bács-Kiskun,3.56047572,31,99,0,99,32.05939394,31,99,0,99
1986,3,Békés,4.06715936,31,67,0,67,35.66567164,31,67,0,67
1986,3,Csongrád-Csanád,3.78844758,31,48,0,48,34.82812500,31,48,0,48
1986,3,Fejér,2.91466712,31,47,0,47,47.79148936,31,47,0,47
1986,3,Győr-Moson-Sopron,2.91833333,31,48,0,48,24.74104167,31,48,0,48
1986,3,Hajdú-Bihar,4.37533912,31,78,0,78,21.06910256,31,78,0,78
1986,3,Heves,3.26553519,31,44,0,44,21.92386364,31,44,0,44
1986,3,Jász-Nagykun-Szolnok,3.83390417,31,68,0,68,27.90147059,31,68,0,68
1986,3,Komárom-Esztergom,2.75781980,31,29,0,29,32.74655172,31,29,0,29
1986,3,Nógrád,2.40486175,31,28,0,28,22.81928571,31,28,0,28
1986,3,Pest,3.22009892,31,75,0,75,33.32946667,31,75,0,75
1986,3,Somogy,2.75781567,31,70,0,70,56.91471429,31,70,0,70
1986,3,Szabolcs-Szatmár-Bereg,4.55920036,31,71,0,71,18.42591549,31,71,0,71
1986,3,Tolna,3.18655664,31,43,0,43,43.11813953,31,43,0,43
1986,3,Vas,2.53050587,31,44,0,44,43.25977273,31,44,0,44
1986,3,Veszprém,2.49753883,31,54,0,54,50.43370370,31,54,0,54
1986,3,Zala,2.60727273,31,44,0,44,57.05068182,31,44,0,44
1986,4,Baranya,12.52045062,30,54,0,54,37.67981481,30,54,0,54
1986,4,Borsod-Abaúj-Zemplén,11.68529070,30,86,0,86,26.59500000,30,86,0,86
1986,4,Bács-Kiskun,13.08380135,30,99,0,99,32.02161616,30,99,0,99
1986,4,Békés,13.17344279,30,67,0,67,32.26343284,30,67,0,67
1986,4,Csongrád-Csanád,13.32846528,30,48,0,48,30.81291667,30,48,0,48
1986,4,Fejér,12.30934752,30,47,0,47,36.54914894,30,47,0,47
1986,4,Győr-Moson-Sopron,11.88992361,30,48,0,48,28.34812500,30,48,0,48
1986,4,Hajdú-Bihar,12.82202137,30,78,0,78,27.59371795,30,78,0,78
1986,4,Heves,11.93237121,30,44,0,44,27.65931818,30,44,0,44
1986,4,Jász-Nagykun-Szolnok,12.92161275,30,68,0,68,26.70808824,30,68,0,68
1986,4,Komárom-Esztergom,11.91566667,30,29,0,29,27.10758621,30,29,0,29
1986,4,Nógrád,10.61913095,30,28,0,28,35.52321429,30,28,0,28
1986,4,Pest,12.40333333,30,75,0,75,37.24400000,30,75,0,75
1986,4,Somogy,11.89266190,30,70,0,70,54.14714286,30,70,0,70
1986,4,Szabolcs-Szatmár-Bereg,12.55453991,30,71,0,71,38.68676056,30,71,0,71
1986,4,Tolna,12.76237209,30,43,0,43,43.92279070,30,43,0,43
1986,4,Vas,11.20561364,30,44,0,44,45.37795455,30,44,0,44
1986,4,Veszprém,11.65600000,30,54,0,54,50.78277778,30,54,0,54
1986,4,Zala,11.35094697,30,44,0,44,56.83340909,30,44,0,44
1986,5,Baranya,17.92307646,31,54,0,54,55.74962963,31,54,0,54
1986,5,Borsod-Abaúj-Zemplén,16.49886347,31,86,0,86,68.44267442,31,86,0,86
1986,5,Bács-Kiskun,18.14498860,31,99,0,99,52.29545455,31,99,0,99
1986,5,Békés,18.21198363,31,67,0,67,47.84567164,31,67,0,67
1986,5,Csongrád-Csanád,18.30875000,31,48,0,48,46.51041667,31,48,0,48
1986,5,Fejér,17.55461222,31,47,0,47,47.29191489,31,47,0,47
1986,5,Győr-Moson-Sopron,17.25077285,31,48,0,48,56.65291667,31,48,0,48
1986,5,Hajdú-Bihar,17.92941274,31,78,0,78,56.92448718,31,78,0,78
1986,5,Heves,17.15848240,31,44,0,44,37.96590909,31,44,0,44
1986,5,Jász-Nagykun-Szolnok,18.00970588,31,68,0,68,53.90867647,31,68,0,68
1986,5,Komárom-Esztergom,17.01562848,31,29,0,29,49.85275862,31,29,0,29
1986,5,Nógrád,16.11167051,31,28,0,28,44.22321429,31,28,0,28
1986,5,Pest,17.53311828,31,75,0,75,34.10960000,31,75,0,75
1986,5,Somogy,17.60177419,31,70,0,70,41.42100000,31,70,0,70
1986,5,Szabolcs-Szatmár-Bereg,17.28333485,31,71,0,71,61.05323944,31,71,0,71
1986,5,Tolna,18.01900225,31,43,0,43,42.36883721,31,43,0,43
1986,5,Vas,16.96725073,31,44,0,44,74.55386364,31,44,0,44
1986,5,Veszprém,17.04956392,31,54,0,54,46.15574074,31,54,0,54
1986,5,Zala,17.22491935,31,44,0,44,49.62522727,31,44,0,44
1986,6,Baranya,18.25075309,30,54,0,54,88.82240741,30,54,0,54
1986,6,Borsod-Abaúj-Zemplén,17.97412016,30,86,0,86,61.01290698,30,86,0,86
1986,6,Bács-Kiskun,18.92947138,30,99,0,99,82.51818182,30,99,0,99
1986,6,Békés,19.18762687,30,67,0,67,60.25313433,30,67,0,67
1986,6,Csongrád-Csanád,19.18763889,30,48,0,48,66.01041667,30,48,0,48
1986,6,Fejér,18.21253191,30,47,0,47,82.13127660,30,47,0,47
1986,6,Győr-Moson-Sopron,17.90536111,30,48,0,48,63.08895833,30,48,0,48
1986,6,Hajdú-Bihar,19.05397009,30,78,0,78,51.12166667,30,78,0,78
1986,6,Heves,18.19664394,30,44,0,44,77.30136364,30,44,0,44
1986,6,Jász-Nagykun-Szolnok,19.07447059,30,68,0,68,60.55088235,30,68,0,68
1986,6,Komárom-Esztergom,17.50220690,30,29,0,29,89.66103448,30,29,0,29
1986,6,Nógrád,17.19066667,30,28,0,28,83.01857143,30,28,0,28
1986,6,Pest,18.38620000,30,75,0,75,68.84466667,30,75,0,75
1986,6,Somogy,17.85578571,30,70,0,70,103.33128571,30,70,0,70
1986,6,Szabolcs-Szatmár-Bereg,18.74265728,30,71,0,71,63.29929577,30,71,0,71
1986,6,Tolna,18.53204651,30,43,0,43,96.81046512,30,43,0,43
1986,6,Vas,17.56912121,30,44,0,44,81.44022727,30,44,0,44
1986,6,Veszprém,17.55693210,30,54,0,54,88.99018519,30,54,0,54
1986,6,Zala,17.44850758,30,44,0,44,94.23750000,30,44,0,44
1986,7,Baranya,19.55041219,31,54,0,54,38.81740741,31,54,0,54
1986,7,Borsod-Abaúj-Zemplén,19.11466992,31,86,0,86,45.21918605,31,86,0,86
1986,7,Bács-Kiskun,20.13976865,31,99,0,99,41.37555556,31,99,0,99
1986,7,Békés,20.33646606,31,67,0,67,81.37298507,31,67,0,67
1986,7,Csongrád-Csanád,20.39761425,31,48,0,48,61.72291667,31,48,0,48
1986,7,Fejér,19.72008922,31,47,0,47,14.83127660,31,47,0,47
1986,7,Győr-Moson-Sopron,19.30224462,31,48,0,48,27.18125000,31,48,0,48
1986,7,Hajdú-Bihar,20.17516956,31,78,0,78,56.02666667,31,78,0,78
1986,7,Heves,19.21006598,31,44,0,44,41.25613636,31,44,0,44
1986,7,Jász-Nagykun-Szolnok,20.21890892,31,68,0,68,50.50691176,31,68,0,68
1986,7,Komárom-Esztergom,18.88845384,31,29,0,29,15.40793103,31,29,0,29
1986,7,Nógrád,18.15684332,31,28,0,28,32.75107143,31,28,0,28
1986,7,Pest,19.72906237,31,75,0,75,22.70813333,31,75,0,75
1986,7,Somogy,19.31572811,31,70,0,70,31.55400000,31,70,0,70
1986,7,Szabolcs-Szatmár-Bereg,19.76233985,31,71,0,71,56.00718310,31,71,0,71
1986,7,Tolna,19.89001500,31,43,0,43,31.71860465,31,43,0,43
1986,7,Vas,18.83807185,31,44,0,44,60.10090909,31,44,0,44
1986,7,Veszprém,18.94173238,31,54,0,54,32.30666667,31,54,0,54
1986,7,Zala,18.86700880,31,44,0,44,55.40659091,31,44,0,44
1986,8,Baranya,21.33765830,31,54,0,54,69.26944444,31,54,0,54
1986,8,Borsod-Abaúj-Zemplén,20.35963241,31,86,0,86,50.42127907,31,86,0,86
1986,8,Bács-Kiskun,21.51097426,31,99,0,99,46.10595960,31,99,0,99
1986,8,Békés,21.89965816,31,67,0,67,50.78611940,31,67,0,67
1986,8,Csongrád-Csanád,21.96747312,31,48,0,48,46.56479167,31,48,0,48
1986,8,Fejér,21.00221688,31,47,0,47,36.84936170,31,47,0,47
1986,8,Győr-Moson-Sopron,20.21990591,31,48,0,48,92.61625000,31,48,0,48
1986,8,Hajdú-Bihar,21.56409429,31,78,0,78,49.59846154,31,78,0,78
1986,8,Heves,20.49770528,31,44,0,44,42.67409091,31,44,0,44
1986,8,Jász-Nagykun-Szolnok,21.65491935,31,68,0,68,38.58911765,31,68,0,68
1986,8,Komárom-Esztergom,20.11332592,31,29,0,29,53.62862069,31,29,0,29
1986,8,Nógrád,19.09646313,31,28,0,28,33.98964286,31,28,0,28
1986,8,Pest,20.84875699,31,75,0,75,32.58866667,31,75,0,75
1986,8,Somogy,20.83569585,31,70,0,70,63.73528571,31,70,0,70
1986,8,Szabolcs-Szatmár-Bereg,21.11314403,31,71,0,71,78.25633803,31,71,0,71
1986,8,Tolna,21.34627907,31,43,0,43,42.79674419,31,43,0,43
1986,8,Vas,19.79063050,31,44,0,44,105.88363636,31,44,0,44
1986,8,Veszprém,20.40055556,31,54,0,54,71.49129630,31,54,0,54
1986,8,Zala,20.13764663,31,44,0,44,82.25818182,31,44,0,44
1986,9,Baranya,15.90454938,30,54,0,54,6.08500000,30,54,0,54
1986,9,Borsod-Abaúj-Zemplén,15.07773256,30,86,0,86,1.15220930,30,86,0,86
1986,9,Bács-Kiskun,16.19078114,30,99,0,99,0.59979798,30,99,0,99
1986,9,Békés,16.86479602,30,67,0,67,0.33626866,30,67,0,67
1986,9,Csongrád-Csanád,16.68951389,30,48,0,48,0.59520833,30,48,0,48
1986,9,Fejér,15.68035461,30,47,0,47,1.69085106,30,47,0,47
1986,9,Győr-Moson-Sopron,14.90466667,30,48,0,48,19.01916667,30,48,0,48
1986,9,Hajdú-Bihar,16.09696581,30,78,0,78,0.06525641,30,78,0,78
1986,9,Heves,15.64696970,30,44,0,44,0.19750000,30,44,0,44
1986,9,Jász-Nagykun-Szolnok,16.61380882,30,68,0,68,0.03985294,30,68,0,68
1986,9,Komárom-Esztergom,15.02668966,30,29,0,29,5.94965517,30,29,0,29
1986,9,Nógrád,14.26479762,30,28,0,28,2.08250000,30,28,0,28
1986,9,Pest,15.76944000,30,75,0,75,0.87640000,30,75,0,75
1986,9,Somogy,15.33555714,30,70,0,70,10.04871429,30,70,0,70
1986,9,Szabolcs-Szatmár-Bereg,15.27745070,30,71,0,71,0.35422535,30,71,0,71
1986,9,Tolna,16.07494574,30,43,0,43,2.34720930,30,43,0,43
1986,9,Vas,14.62314394,30,44,0,44,29.50568182,30,44,0,44
1986,9,Veszprém,15.04202469,30,54,0,54,10.32037037,30,54,0,54
1986,9,Zala,14.73484848,30,44,0,44,23.33659091,30,44,0,44
1986,10,Baranya,10.80638590,31,54,0,54,54.51481481,31,54,0,54
1986,10,Borsod-Abaúj-Zemplén,8.88566392,31,86,0,86,17.40186047,31,86,0,86
1986,10,Bács-Kiskun,10.36509286,31,99,0,99,19.90414141,31,99,0,99
1986,10,Békés,10.30133365,31,67,0,67,12.75880597,31,67,0,67
1986,10,Csongrád-Csanád,10.60313172,31,48,0,48,10.14250000,31,48,0,48
1986,10,Fejér,9.81741249,31,47,0,47,31.42021277,31,47,0,47
1986,10,Győr-Moson-Sopron,9.96782930,31,48,0,48,37.56500000,31,48,0,48
1986,10,Hajdú-Bihar,9.68643507,31,78,0,78,14.07782051,31,78,0,78
1986,10,Heves,9.55857038,31,44,0,44,16.99363636,31,44,0,44
1986,10,Jász-Nagykun-Szolnok,10.27279412,31,68,0,68,11.45514706,31,68,0,68
1986,10,Komárom-Esztergom,9.59084538,31,29,0,29,30.13965517,31,29,0,29
1986,10,Nógrád,8.22320276,31,28,0,28,23.02750000,31,28,0,28
1986,10,Pest,9.99269677,31,75,0,75,18.30653333,31,75,0,75
1986,10,Somogy,10.02835484,31,70,0,70,57.81142857,31,70,0,70
1986,10,Szabolcs-Szatmár-Bereg,9.00506134,31,71,0,71,23.40887324,31,71,0,71
1986,10,Tolna,10.50819205,31,43,0,43,41.89116279,31,43,0,43
1986,10,Vas,9.73002933,31,44,0,44,42.11000000,31,44,0,44
1986,10,Veszprém,9.97348865,31,54,0,54,32.24203704,31,54,0,54
1986,10,Zala,9.74566716,31,44,0,44,58.41477273,31,44,0,44
1986,11,Baranya,5.30204321,30,54,0,54,11.38018519,30,54,0,54
1986,11,Borsod-Abaúj-Zemplén,3.33718217,30,86,0,86,8.70500000,30,86,0,86
1986,11,Bács-Kiskun,4.92267677,30,99,0,99,13.06767677,30,99,0,99
1986,11,Békés,4.72408458,30,67,0,67,5.15955224,30,67,0,67
1986,11,Csongrád-Csanád,5.08631250,30,48,0,48,4.60541667,30,48,0,48
1986,11,Fejér,4.51882979,30,47,0,47,10.75978723,30,47,0,47
1986,11,Győr-Moson-Sopron,4.99247917,30,48,0,48,24.42229167,30,48,0,48
1986,11,Hajdú-Bihar,4.15997009,30,78,0,78,5.50307692,30,78,0,78
1986,11,Heves,3.82514394,30,44,0,44,8.76636364,30,44,0,44
1986,11,Jász-Nagykun-Szolnok,4.39147549,30,68,0,68,6.10514706,30,68,0,68
1986,11,Komárom-Esztergom,4.40341379,30,29,0,29,13.53586207,30,29,0,29
1986,11,Nógrád,3.37690476,30,28,0,28,11.45178571,30,28,0,28
1986,11,Pest,4.29660889,30,75,0,75,13.53080000,30,75,0,75
1986,11,Somogy,5.27124762,30,70,0,70,11.10871429,30,70,0,70
1986,11,Szabolcs-Szatmár-Bereg,3.80392958,30,71,0,71,7.60084507,30,71,0,71
1986,11,Tolna,5.02710853,30,43,0,43,14.10348837,30,43,0,43
1986,11,Vas,4.87579545,30,44,0,44,28.04227273,30,44,0,44
1986,11,Veszprém,4.86748148,30,54,0,54,15.75592593,30,54,0,54
1986,11,Zala,5.12724242,30,44,0,44,21.16681818,30,44,0,44
1986,12,Baranya,-0.49298686,31,54,0,54,32.86444444,31,54,0,54
1986,12,Borsod-Abaúj-Zemplén,-3.46037134,31,86,0,86,30.84651163,31,86,0,86
1986,12,Bács-Kiskun,-0.81519387,31,99,0,99,27.46767677,31,99,0,99
1986,12,Békés,-1.52778045,31,67,0,67,34.04865672,31,67,0,67
1986,12,Csongrád-Csanád,-1.18969758,31,48,0,48,31.90541667,31,48,0,48
1986,12,Fejér,-0.62065889,31,47,0,47,31.31574468,31,47,0,47
1986,12,Győr-Moson-Sopron,-0.37233871,31,48,0,48,39.44145833,31,48,0,48
1986,12,Hajdú-Bihar,-2.21654673,31,78,0,78,35.22679487,31,78,0,78
1986,12,Heves,-2.75288856,31,44,0,44,31.67022727,31,44,0,44
1986,12,Jász-Nagykun-Szolnok,-1.59694023,31,68,0,68,33.02191176,31,68,0,68
1986,12,Komárom-Esztergom,-1.01596218,31,29,0,29,47.59172414,31,29,0,29
1986,12,Nógrád,-3.13130184,31,28,0,28,38.49928571,31,28,0,28
1986,12,Pest,-1.47419785,31,75,0,75,38.26773333,31,75,0,75
1986,12,Somogy,-0.34209217,31,70,0,70,29.16857143,31,70,0,70
1986,12,Szabolcs-Szatmár-Bereg,-2.81837347,31,71,0,71,44.61281690,31,71,0,71
1986,12,Tolna,-0.39585146,31,43,0,43,25.35581395,31,43,0,43
1986,12,Vas,-1.06895894,31,44,0,44,26.06545455,31,44,0,44
1986,12,Veszprém,-0.65354839,31,54,0,54,31.32462963,31,54,0,54
1986,12,Zala,-0.70315982,31,44,0,44,29.95272727,31,44,0,44
1987,1,Baranya,-4.16817204,31,54,0,54,95.49666667,31,54,0,54
1987,1,Borsod-Abaúj-Zemplén,-6.77124906,31,86,0,86,54.45290698,31,86,0,86
1987,1,Bács-Kiskun,-4.54440860,31,99,0,99,89.36525253,31,99,0,99
1987,1,Békés,-5.07299470,31,67,0,67,77.59462687,31,67,0,67
1987,1,Csongrád-Csanád,-4.74660618,31,48,0,48,86.05916667,31,48,0,48
1987,1,Fejér,-4.85670556,31,47,0,47,72.99574468,31,47,0,47
1987,1,Győr-Moson-Sopron,-5.17815188,31,48,0,48,69.94937500,31,48,0,48
1987,1,Hajdú-Bihar,-5.78822994,31,78,0,78,69.91179487,31,78,0,78
1987,1,Heves,-5.65688416,31,44,0,44,65.81681818,31,44,0,44
1987,1,Jász-Nagykun-Szolnok,-5.18217268,31,68,0,68,72.04941176,31,68,0,68
1987,1,Komárom-Esztergom,-5.39048943,31,29,0,29,70.28206897,31,29,0,29
1987,1,Nógrád,-6.11232719,31,28,0,28,65.40571429,31,28,0,28
1987,1,Pest,-5.05524731,31,75,0,75,71.21026667,31,75,0,75
1987,1,Somogy,-4.55264055,31,70,0,70,80.61071429,31,70,0,70
1987,1,Szabolcs-Szatmár-Bereg,-6.29309859,31,71,0,71,62.50281690,31,71,0,71
1987,1,Tolna,-4.17754689,31,43,0,43,92.40581395,31,43,0,43
1987,1,Vas,-5.16568915,31,44,0,44,64.98090909,31,44,0,44
1987,1,Veszprém,-5.20964158,31,54,0,54,77.85222222,31,54,0,54
1987,1,Zala,-4.89782258,31,44,0,44,63.58454545,31,44,0,44
1987,2,Baranya,0.80115741,28,54,0,54,13.45907407,28,54,0,54
1987,2,Borsod-Abaúj-Zemplén,-1.48729651,28,86,0,86,18.14755814,28,86,0,86
1987,2,Bács-Kiskun,0.26914502,28,99,0,99,12.92727273,28,99,0,99
1987,2,Békés,0.19514925,28,67,0,67,15.93910448,28,67,0,67
1987,2,Csongrád-Csanád,0.43019345,28,48,0,48,14.44375000,28,48,0,48
1987,2,Fejér,-0.07878419,28,47,0,47,18.99170213,28,47,0,47
1987,2,Győr-Moson-Sopron,-0.33746280,28,48,0,48,39.04062500,28,48,0,48
1987,2,Hajdú-Bihar,-0.38518773,28,78,0,78,20.83012821,28,78,0,78
1987,2,Heves,-0.73139610,28,44,0,44,17.43636364,28,44,0,44
1987,2,Jász-Nagykun-Szolnok,-0.36830357,28,68,0,68,22.04044118,28,68,0,68
1987,2,Komárom-Esztergom,-0.34469212,28,29,0,29,29.24275862,28,29,0,29
1987,2,Nógrád,-1.35103316,28,28,0,28,20.63000000,28,28,0,28
1987,2,Pest,-0.25573333,28,75,0,75,23.02666667,28,75,0,75
1987,2,Somogy,0.40027551,28,70,0,70,23.12271429,28,70,0,70
1987,2,Szabolcs-Szatmár-Bereg,-0.73405936,28,71,0,71,25.12309859,28,71,0,71
1987,2,Tolna,0.39073090,28,43,0,43,12.13325581,28,43,0,43
1987,2,Vas,-0.21159903,28,44,0,44,39.48000000,28,44,0,44
1987,2,Veszprém,-0.17939815,28,54,0,54,23.69166667,28,54,0,54
1987,2,Zala,0.28289773,28,44,0,44,37.48727273,28,44,0,44
1987,3,Baranya,0.01775388,31,54,0,54,59.58203704,31,54,0,54
1987,3,Borsod-Abaúj-Zemplén,-0.82837959,31,86,0,86,61.12976744,31,86,0,86
1987,3,Bács-Kiskun,0.49638645,31,99,0,99,44.23939394,31,99,0,99
1987,3,Békés,0.32644680,31,67,0,67,52.52970149,31,67,0,67
1987,3,Csongrád-Csanád,0.48381720,31,48,0,48,42.90812500,31,48,0,48
1987,3,Fejér,0.00665752,31,47,0,47,52.12085106,31,47,0,47
1987,3,Győr-Moson-Sopron,-0.15961022,31,48,0,48,45.28625000,31,48,0,48
1987,3,Hajdú-Bihar,0.17830438,31,78,0,78,60.40051282,31,78,0,78
1987,3,Heves,-0.46355572,31,44,0,44,45.44159091,31,44,0,44
1987,3,Jász-Nagykun-Szolnok,0.40047438,31,68,0,68,45.57808824,31,68,0,68
1987,3,Komárom-Esztergom,-0.32393771,31,29,0,29,48.93379310,31,29,0,29
1987,3,Nógrád,-1.24322581,31,28,0,28,33.10821429,31,28,0,28
1987,3,Pest,0.26203441,31,75,0,75,44.66280000,31,75,0,75
1987,3,Somogy,-0.20952074,31,70,0,70,65.23900000,31,70,0,70
1987,3,Szabolcs-Szatmár-Bereg,-0.11957746,31,71,0,71,66.95591549,31,71,0,71
1987,3,Tolna,0.14764441,31,43,0,43,54.69837209,31,43,0,43
1987,3,Vas,-0.42664956,31,44,0,44,64.39886364,31,44,0,44
1987,3,Veszprém,-0.62732975,31,54,0,54,64.88685185,31,54,0,54
1987,3,Zala,-0.13798387,31,44,0,44,81.81045455,31,44,0,44
1987,4,Baranya,10.76158642,30,54,0,54,67.69351852,30,54,0,54
1987,4,Borsod-Abaúj-Zemplén,9.65994186,30,86,0,86,51.40325581,30,86,0,86
1987,4,Bács-Kiskun,10.85517845,30,99,0,99,73.56898990,30,99,0,99
1987,4,Békés,10.78479104,30,67,0,67,54.64447761,30,67,0,67
1987,4,Csongrád-Csanád,10.84187500,30,48,0,48,63.31250000,30,48,0,48
1987,4,Fejér,10.54643262,30,47,0,47,68.74170213,30,47,0,47
1987,4,Győr-Moson-Sopron,10.40838194,30,48,0,48,35.81083333,30,48,0,48
1987,4,Hajdú-Bihar,10.63232051,30,78,0,78,56.39653846,30,78,0,78
1987,4,Heves,9.87021970,30,44,0,44,56.33931818,30,44,0,44
1987,4,Jász-Nagykun-Szolnok,10.72396078,30,68,0,68,64.64426471,30,68,0,68
1987,4,Komárom-Esztergom,9.99989655,30,29,0,29,84.04689655,30,29,0,29
1987,4,Nógrád,8.90720238,30,28,0,28,61.73071429,30,28,0,28
1987,4,Pest,10.34664000,30,75,0,75,78.26573333,30,75,0,75
1987,4,Somogy,10.46130952,30,70,0,70,73.17600000,30,70,0,70
1987,4,Szabolcs-Szatmár-Bereg,10.52439906,30,71,0,71,43.57309859,30,71,0,71
1987,4,Tolna,10.88000000,30,43,0,43,70.73581395,30,43,0,43
1987,4,Vas,10.28509091,30,44,0,44,34.27840909,30,44,0,44
1987,4,Veszprém,10.15581481,30,54,0,54,68.56592593,30,54,0,54
1987,4,Zala,10.44012121,30,44,0,44,68.73159091,30,44,0,44
1987,5,Baranya,13.65836320,31,54,0,54,125.12851852,31,54,0,54
1987,5,Borsod-Abaúj-Zemplén,13.37924231,31,86,0,86,77.48197674,31,86,0,86
1987,5,Bács-Kiskun,14.00997067,31,99,0,99,117.64959596,31,99,0,99
1987,5,Békés,14.43150698,31,67,0,67,107.18701493,31,67,0,67
1987,5,Csongrád-Csanád,14.40079973,31,48,0,48,115.91291667,31,48,0,48
1987,5,Fejér,13.55990391,31,47,0,47,124.31744681,31,47,0,47
1987,5,Győr-Moson-Sopron,13.12325269,31,48,0,48,111.59833333,31,48,0,48
1987,5,Hajdú-Bihar,14.35269231,31,78,0,78,90.38487179,31,78,0,78
1987,5,Heves,13.32029326,31,44,0,44,84.59909091,31,44,0,44
1987,5,Jász-Nagykun-Szolnok,14.26312619,31,68,0,68,100.35588235,31,68,0,68
1987,5,Komárom-Esztergom,13.04710790,31,29,0,29,147.55931034,31,29,0,29
1987,5,Nógrád,12.18299539,31,28,0,28,131.31535714,31,28,0,28
1987,5,Pest,13.49250753,31,75,0,75,116.81173333,31,75,0,75
1987,5,Somogy,13.32229032,31,70,0,70,121.77157143,31,70,0,70
1987,5,Szabolcs-Szatmár-Bereg,14.13511131,31,71,0,71,77.51901408,31,71,0,71
1987,5,Tolna,13.83223556,31,43,0,43,123.58720930,31,43,0,43
1987,5,Vas,12.84521261,31,44,0,44,119.92409091,31,44,0,44
1987,5,Veszprém,12.88624851,31,54,0,54,141.42333333,31,54,0,54
1987,5,Zala,13.02815249,31,44,0,44,113.73272727,31,44,0,44
1987,6,Baranya,18.79937037,30,54,0,54,106.08518519,30,54,0,54
1987,6,Borsod-Abaúj-Zemplén,18.52428295,30,86,0,86,36.84023256,30,86,0,86
1987,6,Bács-Kiskun,19.36084175,30,99,0,99,80.90131313,30,99,0,99
1987,6,Békés,19.75477612,30,67,0,67,59.78089552,30,67,0,67
1987,6,Csongrád-Csanád,19.70475000,30,48,0,48,72.33770833,30,48,0,48
1987,6,Fejér,18.98390780,30,47,0,47,46.21404255,30,47,0,47
1987,6,Győr-Moson-Sopron,18.26356250,30,48,0,48,63.31729167,30,48,0,48
1987,6,Hajdú-Bihar,19.51896154,30,78,0,78,41.81064103,30,78,0,78
1987,6,Heves,18.60478788,30,44,0,44,36.51750000,30,44,0,44
1987,6,Jász-Nagykun-Szolnok,19.50769608,30,68,0,68,62.69117647,30,68,0,68
1987,6,Komárom-Esztergom,18.29970115,30,29,0,29,45.03620690,30,29,0,29
1987,6,Nógrád,17.65577381,30,28,0,28,53.11071429,30,28,0,28
1987,6,Pest,18.89525333,30,75,0,75,48.10920000,30,75,0,75
1987,6,Somogy,18.38997143,30,70,0,70,87.57614286,30,70,0,70
1987,6,Szabolcs-Szatmár-Bereg,19.24004225,30,71,0,71,43.83985915,30,71,0,71
1987,6,Tolna,19.11958140,30,43,0,43,88.81162791,30,43,0,43
1987,6,Vas,17.90024242,30,44,0,44,84.46840909,30,44,0,44
1987,6,Veszprém,18.24586420,30,54,0,54,70.80611111,30,54,0,54
1987,6,Zala,18.04680303,30,44,0,44,88.98454545,30,44,0,44
1987,7,Baranya,22.03681004,31,54,0,54,56.55944444,31,54,0,54
1987,7,Borsod-Abaúj-Zemplén,21.62758065,31,86,0,86,34.32569767,31,86,0,86
1987,7,Bács-Kiskun,22.86405018,31,99,0,99,36.60767677,31,99,0,99
1987,7,Békés,23.39430910,31,67,0,67,24.22970149,31,67,0,67
1987,7,Csongrád-Csanád,23.27644489,31,48,0,48,24.19083333,31,48,0,48
1987,7,Fejér,22.16291695,31,47,0,47,26.95829787,31,47,0,47
1987,7,Győr-Moson-Sopron,21.37793683,31,48,0,48,49.66375000,31,48,0,48
1987,7,Hajdú-Bihar,22.94581059,31,78,0,78,30.42858974,31,78,0,78
1987,7,Heves,21.84852639,31,44,0,44,23.95795455,31,44,0,44
1987,7,Jász-Nagykun-Szolnok,22.95748577,31,68,0,68,24.65779412,31,68,0,68
1987,7,Komárom-Esztergom,21.36301446,31,29,0,29,44.52206897,31,29,0,29
1987,7,Nógrád,20.67731567,31,28,0,28,41.15964286,31,28,0,28
1987,7,Pest,22.22585376,31,75,0,75,35.24920000,31,75,0,75
1987,7,Somogy,21.75194470,31,70,0,70,52.09671429,31,70,0,70
1987,7,Szabolcs-Szatmár-Bereg,22.48656065,31,71,0,71,35.77957746,31,71,0,71
1987,7,Tolna,22.55081020,31,43,0,43,52.24883721,31,43,0,43
1987,7,Vas,21.03914956,31,44,0,44,76.41204545,31,44,0,44
1987,7,Veszprém,21.46255078,31,54,0,54,53.97148148,31,54,0,54
1987,7,Zala,21.19157625,31,44,0,44,70.86045455,31,44,0,44
1987,8,Baranya,18.10681601,31,54,0,54,68.19685185,31,54,0,54
1987,8,Borsod-Abaúj-Zemplén,16.88210803,31,86,0,86,36.64976744,31,86,0,86
1987,8,Bács-Kiskun,18.25096123,31,99,0,99,53.42111111,31,99,0,99
1987,8,Békés,18.69636976,31,67,0,67,33.70925373,31,67,0,67
1987,8,Csongrád-Csanád,18.79439516,31,48,0,48,43.33750000,31,48,0,48
1987,8,Fejér,17.69316404,31,47,0,47,78.84148936,31,47,0,47
1987,8,Győr-Moson-Sopron,17.50883737,31,48,0,48,80.97520833,31,48,0,48
1987,8,Hajdú-Bihar,18.08660463,31,78,0,78,31.57961538,31,78,0,78
1987,8,Heves,17.09754399,31,44,0,44,40.74840909,31,44,0,44
1987,8,Jász-Nagykun-Szolnok,18.29204934,31,68,0,68,35.78926471,31,68,0,68
1987,8,Komárom-Esztergom,16.86402670,31,29,0,29,84.26206897,31,29,0,29
1987,8,Nógrád,15.84231567,31,28,0,28,46.23964286,31,28,0,28
1987,8,Pest,17.44235269,31,75,0,75,58.41520000,31,75,0,75
1987,8,Somogy,17.71097235,31,70,0,70,103.87785714,31,70,0,70
1987,8,Szabolcs-Szatmár-Bereg,17.25408905,31,71,0,71,45.95676056,31,71,0,71
1987,8,Tolna,17.96611403,31,43,0,43,77.31697674,31,43,0,43
1987,8,Vas,17.35792522,31,44,0,44,117.33568182,31,44,0,44
1987,8,Veszprém,17.53172640,31,54,0,54,123.85259259,31,54,0,54
1987,8,Zala,17.50437683,31,44,0,44,155.28636364,31,44,0,44
1987,9,Baranya,18.75720988,30,54,0,54,38.77833333,30,54,0,54
1987,9,Borsod-Abaúj-Zemplén,16.70055039,30,86,0,86,28.26488372,30,86,0,86
1987,9,Bács-Kiskun,18.68588552,30,99,0,99,20.55959596,30,99,0,99
1987,9,Békés,18.73215920,30,67,0,67,16.45865672,30,67,0,67
1987,9,Csongrád-Csanád,19.00347222,30,48,0,48,14.64500000,30,48,0,48
1987,9,Fejér,18.02259574,30,47,0,47,38.37595745,30,47,0,47
1987,9,Győr-Moson-Sopron,17.92605556,30,48,0,48,25.75375000,30,48,0,48
1987,9,Hajdú-Bihar,17.77069658,30,78,0,78,23.86987179,30,78,0,78
1987,9,Heves,17.35887121,30,44,0,44,27.26727273,30,44,0,44
1987,9,Jász-Nagykun-Szolnok,18.44116667,30,68,0,68,24.80470588,30,68,0,68
1987,9,Komárom-Esztergom,17.31274713,30,29,0,29,30.98793103,30,29,0,29
1987,9,Nógrád,16.08102381,30,28,0,28,27.74321429,30,28,0,28
1987,9,Pest,17.68776000,30,75,0,75,28.43640000,30,75,0,75
1987,9,Somogy,18.08849048,30,70,0,70,54.93942857,30,70,0,70
1987,9,Szabolcs-Szatmár-Bereg,16.73422535,30,71,0,71,28.82591549,30,71,0,71
1987,9,Tolna,18.74137209,30,43,0,43,29.39720930,30,43,0,43
1987,9,Vas,17.73512879,30,44,0,44,43.80818182,30,44,0,44
1987,9,Veszprém,17.80802469,30,54,0,54,47.66759259,30,54,0,54
1987,9,Zala,17.75343939,30,44,0,44,64.28818182,30,44,0,44
1987,10,Baranya,11.66360812,31,54,0,54,16.61037037,31,54,0,54
1987,10,Borsod-Abaúj-Zemplén,10.03171793,31,86,0,86,24.88011628,31,86,0,86
1987,10,Bács-Kiskun,11.76261323,31,99,0,99,5.11272727,31,99,0,99
1987,10,Békés,11.51526240,31,67,0,67,13.73014925,31,67,0,67
1987,10,Csongrád-Csanád,11.87993280,31,48,0,48,3.28541667,31,48,0,48
1987,10,Fejér,11.39954015,31,47,0,47,10.64063830,31,47,0,47
1987,10,Győr-Moson-Sopron,11.21149194,31,48,0,48,17.05583333,31,48,0,48
1987,10,Hajdú-Bihar,10.93088503,31,78,0,78,30.23320513,31,78,0,78
1987,10,Heves,10.68993402,31,44,0,44,20.22068182,31,44,0,44
1987,10,Jász-Nagykun-Szolnok,11.30540797,31,68,0,68,18.18544118,31,68,0,68
1987,10,Komárom-Esztergom,11.04199110,31,29,0,29,13.62137931,31,29,0,29
1987,10,Nógrád,9.89541475,31,28,0,28,23.18714286,31,28,0,28
1987,10,Pest,11.15671828,31,75,0,75,12.62906667,31,75,0,75
1987,10,Somogy,11.27281567,31,70,0,70,21.64228571,31,70,0,70
1987,10,Szabolcs-Szatmár-Bereg,10.40103589,31,71,0,71,26.09352113,31,71,0,71
1987,10,Tolna,11.79622656,31,43,0,43,7.61860465,31,43,0,43
1987,10,Vas,10.88502199,31,44,0,44,21.47636364,31,44,0,44
1987,10,Veszprém,11.03770012,31,54,0,54,21.09055556,31,54,0,54
1987,10,Zala,11.20120235,31,44,0,44,29.61545455,31,44,0,44
1987,11,Baranya,5.43654938,30,54,0,54,89.80962963,30,54,0,54
1987,11,Borsod-Abaúj-Zemplén,4.62636047,30,86,0,86,51.03558140,30,86,0,86
1987,11,Bács-Kiskun,5.60375084,30,99,0,99,61.52545455,30,99,0,99
1987,11,Békés,5.78756716,30,67,0,67,51.11223881,30,67,0,67
1987,11,Csongrád-Csanád,5.95444444,30,48,0,48,52.68979167,30,48,0,48
1987,11,Fejér,5.11290071,30,47,0,47,55.92574468,30,47,0,47
1987,11,Győr-Moson-Sopron,5.15621528,30,48,0,48,40.18958333,30,48,0,48
1987,11,Hajdú-Bihar,5.28513248,30,78,0,78,54.45012821,30,78,0,78
1987,11,Heves,4.58506818,30,44,0,44,54.57250000,30,44,0,44
1987,11,Jász-Nagykun-Szolnok,5.35793137,30,68,0,68,62.16264706,30,68,0,68
1987,11,Komárom-Esztergom,4.84381609,30,29,0,29,55.97310345,30,29,0,29
1987,11,Nógrád,3.93800000,30,28,0,28,47.68785714,30,28,0,28
1987,11,Pest,4.95047111,30,75,0,75,52.56133333,30,75,0,75
1987,11,Somogy,5.12036190,30,70,0,70,114.25000000,30,70,0,70
1987,11,Szabolcs-Szatmár-Bereg,5.25895305,30,71,0,71,48.41000000,30,71,0,71
1987,11,Tolna,5.50310853,30,43,0,43,77.20651163,30,43,0,43
1987,11,Vas,4.79181061,30,44,0,44,72.90431818,30,44,0,44
1987,11,Veszprém,4.84770370,30,54,0,54,68.55592593,30,54,0,54
1987,11,Zala,4.79046970,30,44,0,44,93.57590909,30,44,0,44
1987,12,Baranya,1.84560932,31,54,0,54,31.29185185,31,54,0,54
1987,12,Borsod-Abaúj-Zemplén,-0.34513503,31,86,0,86,34.85406977,31,86,0,86
1987,12,Bács-Kiskun,1.87451287,31,99,0,99,28.14151515,31,99,0,99
1987,12,Békés,1.30609533,31,67,0,67,30.05313433,31,67,0,67
1987,12,Csongrád-Csanád,1.78291667,31,48,0,48,24.21687500,31,48,0,48
1987,12,Fejér,1.69632121,31,47,0,47,31.46106383,31,47,0,47
1987,12,Győr-Moson-Sopron,1.90474462,31,48,0,48,45.74416667,31,48,0,48
1987,12,Hajdú-Bihar,0.75148470,31,78,0,78,39.82615385,31,78,0,78
1987,12,Heves,0.58955279,31,44,0,44,32.17204545,31,44,0,44
1987,12,Jász-Nagykun-Szolnok,1.40266129,31,68,0,68,29.08779412,31,68,0,68
1987,12,Komárom-Esztergom,1.10857620,31,29,0,29,36.49379310,31,29,0,29
1987,12,Nógrád,0.00366359,31,28,0,28,33.51142857,31,28,0,28
1987,12,Pest,1.37036989,31,75,0,75,31.38040000,31,75,0,75
1987,12,Somogy,1.63165899,31,70,0,70,26.09885714,31,70,0,70
1987,12,Szabolcs-Szatmár-Bereg,0.31860518,31,71,0,71,50.75647887,31,71,0,71
1987,12,Tolna,2.04706677,31,43,0,43,29.10581395,31,43,0,43
1987,12,Vas,1.42174487,31,44,0,44,26.45522727,31,44,0,44
1987,12,Veszprém,1.38568100,31,54,0,54,30.23574074,31,54,0,54
1987,12,Zala,1.10637097,31,44,0,44,21.55000000,31,44,0,44
1988,1,Baranya,3.21403823,31,54,0,54,36.87870370,31,54,0,54
1988,1,Borsod-Abaúj-Zemplén,1.45572393,31,86,0,86,51.02988372,31,86,0,86
1988,1,Bács-Kiskun,2.82587162,31,99,0,99,37.50484848,31,99,0,99
1988,1,Békés,2.74256620,31,67,0,67,38.63582090,31,67,0,67
1988,1,Csongrád-Csanád,2.79649866,31,48,0,48,42.44270833,31,48,0,48
1988,1,Fejér,2.56684969,31,47,0,47,35.40851064,31,47,0,47
1988,1,Győr-Moson-Sopron,2.61250000,31,48,0,48,26.25479167,31,48,0,48
1988,1,Hajdú-Bihar,2.45630687,31,78,0,78,39.49512821,31,78,0,78
1988,1,Heves,1.48881232,31,44,0,44,48.99136364,31,44,0,44
1988,1,Jász-Nagykun-Szolnok,2.43750474,31,68,0,68,47.71588235,31,68,0,68
1988,1,Komárom-Esztergom,2.10482759,31,29,0,29,27.91620690,31,29,0,29
1988,1,Nógrád,0.87891705,31,28,0,28,41.89500000,31,28,0,28
1988,1,Pest,1.95927312,31,75,0,75,43.56013333,31,75,0,75
1988,1,Somogy,3.20412442,31,70,0,70,42.21214286,31,70,0,70
1988,1,Szabolcs-Szatmár-Bereg,2.39141299,31,71,0,71,51.04436620,31,71,0,71
1988,1,Tolna,3.24870968,31,43,0,43,34.03604651,31,43,0,43
1988,1,Vas,2.42318182,31,44,0,44,37.48318182,31,44,0,44
1988,1,Veszprém,2.69199522,31,54,0,54,32.47925926,31,54,0,54
1988,1,Zala,2.91560117,31,44,0,44,43.14568182,31,44,0,44
1988,2,Baranya,3.21075351,29,54,0,54,44.16685185,29,54,0,54
1988,2,Borsod-Abaúj-Zemplén,1.42112269,29,86,0,86,52.76406977,29,86,0,86
1988,2,Bács-Kiskun,3.23518983,29,99,0,99,45.49828283,29,99,0,99
1988,2,Békés,2.70739063,29,67,0,67,36.91611940,29,67,0,67
1988,2,Csongrád-Csanád,3.00328305,29,48,0,48,39.47854167,29,48,0,48
1988,2,Fejér,2.97084373,29,47,0,47,67.53404255,29,47,0,47
1988,2,Győr-Moson-Sopron,2.98912356,29,48,0,48,76.83062500,29,48,0,48
1988,2,Hajdú-Bihar,2.39214854,29,78,0,78,47.34205128,29,78,0,78
1988,2,Heves,1.77609718,29,44,0,44,50.53340909,29,44,0,44
1988,2,Jász-Nagykun-Szolnok,2.70358012,29,68,0,68,45.21323529,29,68,0,68
1988,2,Komárom-Esztergom,2.45061831,29,29,0,29,85.64103448,29,29,0,29
1988,2,Nógrád,1.31492611,29,28,0,28,51.81071429,29,28,0,28
1988,2,Pest,2.57616092,29,75,0,75,56.75213333,29,75,0,75
1988,2,Somogy,3.15616256,29,70,0,70,64.81771429,29,70,0,70
1988,2,Szabolcs-Szatmár-Bereg,2.50425449,29,71,0,71,51.16394366,29,71,0,71
1988,2,Tolna,3.18003208,29,43,0,43,54.85813953,29,43,0,43
1988,2,Vas,2.84175549,29,44,0,44,60.95522727,29,44,0,44
1988,2,Veszprém,2.64590677,29,54,0,54,80.63129630,29,54,0,54
1988,2,Zala,3.09000000,29,44,0,44,66.80431818,29,44,0,44
1988,3,Baranya,4.97123656,31,54,0,54,57.34166667,31,54,0,54
1988,3,Borsod-Abaúj-Zemplén,3.43432858,31,86,0,86,46.81441860,31,86,0,86
1988,3,Bács-Kiskun,5.07560769,31,99,0,99,55.36535354,31,99,0,99
1988,3,Békés,4.91357727,31,67,0,67,91.52462687,31,67,0,67
1988,3,Csongrád-Csanád,5.05670027,31,48,0,48,74.30687500,31,48,0,48
1988,3,Fejér,4.44520933,31,47,0,47,35.08744681,31,47,0,47
1988,3,Győr-Moson-Sopron,3.97740591,31,48,0,48,52.52270833,31,48,0,48
1988,3,Hajdú-Bihar,4.51706369,31,78,0,78,72.12884615,31,78,0,78
1988,3,Heves,3.60367302,31,44,0,44,51.59250000,31,44,0,44
1988,3,Jász-Nagykun-Szolnok,4.77511860,31,68,0,68,65.97691176,31,68,0,68
1988,3,Komárom-Esztergom,3.64611791,31,29,0,29,41.59896552,31,29,0,29
1988,3,Nógrád,2.68835253,31,28,0,28,47.75392857,31,28,0,28
1988,3,Pest,4.29788817,31,75,0,75,45.42933333,31,75,0,75
1988,3,Somogy,4.88727189,31,70,0,70,46.53500000,31,70,0,70
1988,3,Szabolcs-Szatmár-Bereg,4.26975920,31,71,0,71,67.15309859,31,71,0,71
1988,3,Tolna,4.91480870,31,43,0,43,46.58488372,31,43,0,43
1988,3,Vas,4.04679619,31,44,0,44,39.43431818,31,44,0,44
1988,3,Veszprém,4.01086022,31,54,0,54,42.52277778,31,54,0,54
1988,3,Zala,4.56712610,31,44,0,44,50.34568182,31,44,0,44
1988,4,Baranya,9.79130864,30,54,0,54,51.98703704,30,54,0,54
1988,4,Borsod-Abaúj-Zemplén,9.29098837,30,86,0,86,28.62127907,30,86,0,86
1988,4,Bács-Kiskun,10.21518519,30,99,0,99,28.82686869,30,99,0,99
1988,4,Békés,10.29022388,30,67,0,67,18.40850746,30,67,0,67
1988,4,Csongrád-Csanád,10.34453472,30,48,0,48,17.92291667,30,48,0,48
1988,4,Fejér,9.94027660,30,47,0,47,24.02489362,30,47,0,47
1988,4,Győr-Moson-Sopron,9.92352778,30,48,0,48,12.36541667,30,48,0,48
1988,4,Hajdú-Bihar,10.01814957,30,78,0,78,24.18012821,30,78,0,78
1988,4,Heves,9.52560606,30,44,0,44,21.91795455,30,44,0,44
1988,4,Jász-Nagykun-Szolnok,10.19311765,30,68,0,68,14.96411765,30,68,0,68
1988,4,Komárom-Esztergom,9.55329885,30,29,0,29,23.43517241,30,29,0,29
1988,4,Nógrád,8.50525000,30,28,0,28,22.42250000,30,28,0,28
1988,4,Pest,9.97618667,30,75,0,75,20.88706667,30,75,0,75
1988,4,Somogy,9.70816667,30,70,0,70,45.83828571,30,70,0,70
1988,4,Szabolcs-Szatmár-Bereg,9.80059624,30,71,0,71,36.69422535,30,71,0,71
1988,4,Tolna,10.02263566,30,43,0,43,26.67813953,30,43,0,43
1988,4,Vas,9.45591667,30,44,0,44,20.80727273,30,44,0,44
1988,4,Veszprém,9.66074074,30,54,0,54,22.43129630,30,54,0,54
1988,4,Zala,9.59499242,30,44,0,44,29.90772727,30,44,0,44
1988,5,Baranya,15.79161888,31,54,0,54,45.52796296,31,54,0,54
1988,5,Borsod-Abaúj-Zemplén,15.31736684,31,86,0,86,58.25267442,31,86,0,86
1988,5,Bács-Kiskun,16.13361355,31,99,0,99,41.21404040,31,99,0,99
1988,5,Békés,16.32848339,31,67,0,67,55.35686567,31,67,0,67
1988,5,Csongrád-Csanád,16.31921371,31,48,0,48,43.74062500,31,48,0,48
1988,5,Fejér,15.91381606,31,47,0,47,25.71170213,31,47,0,47
1988,5,Győr-Moson-Sopron,15.92797715,31,48,0,48,33.50937500,31,48,0,48
1988,5,Hajdú-Bihar,16.33109595,31,78,0,78,43.22000000,31,78,0,78
1988,5,Heves,15.55198680,31,44,0,44,72.49431818,31,44,0,44
1988,5,Jász-Nagykun-Szolnok,16.28762334,31,68,0,68,53.16176471,31,68,0,68
1988,5,Komárom-Esztergom,15.49813126,31,29,0,29,53.09275862,31,29,0,29
1988,5,Nógrád,14.70423963,31,28,0,28,80.77392857,31,28,0,28
1988,5,Pest,15.91651183,31,75,0,75,54.84800000,31,75,0,75
1988,5,Somogy,15.64916129,31,70,0,70,30.43700000,31,70,0,70
1988,5,Szabolcs-Szatmár-Bereg,16.08244434,31,71,0,71,55.03211268,31,71,0,71
1988,5,Tolna,16.06778695,31,43,0,43,32.56720930,31,43,0,43
1988,5,Vas,15.22899560,31,44,0,44,56.67613636,31,44,0,44
1988,5,Veszprém,15.34643369,31,54,0,54,39.93907407,31,54,0,54
1988,5,Zala,15.18172287,31,44,0,44,39.21386364,31,44,0,44
1988,6,Baranya,18.15053704,30,54,0,54,35.29814815,30,54,0,54
1988,6,Borsod-Abaúj-Zemplén,17.18792636,30,86,0,86,56.56267442,30,86,0,86
1988,6,Bács-Kiskun,18.62826599,30,99,0,99,49.46060606,30,99,0,99
1988,6,Békés,18.65669652,30,67,0,67,71.83985075,30,67,0,67
1988,6,Csongrád-Csanád,18.77165972,30,48,0,48,61.93895833,30,48,0,48
1988,6,Fejér,18.20865248,30,47,0,47,45.51914894,30,47,0,47
1988,6,Győr-Moson-Sopron,17.82386806,30,48,0,48,49.71125000,30,48,0,48
1988,6,Hajdú-Bihar,18.30914530,30,78,0,78,44.68166667,30,78,0,78
1988,6,Heves,17.57453030,30,44,0,44,66.18181818,30,44,0,44
1988,6,Jász-Nagykun-Szolnok,18.47441667,30,68,0,68,60.77308824,30,68,0,68
1988,6,Komárom-Esztergom,17.40903448,30,29,0,29,45.26655172,30,29,0,29
1988,6,Nógrád,16.76011905,30,28,0,28,62.00857143,30,28,0,28
1988,6,Pest,18.11832889,30,75,0,75,56.89680000,30,75,0,75
1988,6,Somogy,18.03741429,30,70,0,70,36.18185714,30,70,0,70
1988,6,Szabolcs-Szatmár-Bereg,17.80399061,30,71,0,71,59.57549296,30,71,0,71
1988,6,Tolna,18.38032558,30,43,0,43,46.30279070,30,43,0,43
1988,6,Vas,17.47190909,30,44,0,44,57.77568182,30,44,0,44
1988,6,Veszprém,17.63405556,30,54,0,54,47.74000000,30,54,0,54
1988,6,Zala,17.58403030,30,44,0,44,46.31250000,30,44,0,44
1988,7,Baranya,22.10209080,31,54,0,54,36.25055556,31,54,0,54
1988,7,Borsod-Abaúj-Zemplén,20.95961740,31,86,0,86,44.13860465,31,86,0,86
1988,7,Bács-Kiskun,22.62480613,31,99,0,99,36.81444444,31,99,0,99
1988,7,Békés,22.87492537,31,67,0,67,27.41925373,31,67,0,67
1988,7,Csongrád-Csanád,23.04013441,31,48,0,48,22.14708333,31,48,0,48
1988,7,Fejér,22.03159918,31,47,0,47,20.20212766,31,47,0,47
1988,7,Győr-Moson-Sopron,21.57170699,31,48,0,48,22.07229167,31,48,0,48
1988,7,Hajdú-Bihar,22.30515715,31,78,0,78,36.08025641,31,78,0,78
1988,7,Heves,21.50756598,31,44,0,44,32.33136364,31,44,0,44
1988,7,Jász-Nagykun-Szolnok,22.60682638,31,68,0,68,32.72558824,31,68,0,68
1988,7,Komárom-Esztergom,21.18892102,31,29,0,29,17.80068966,31,29,0,29
1988,7,Nógrád,20.54540323,31,28,0,28,28.38178571,31,28,0,28
1988,7,Pest,22.18830108,31,75,0,75,23.33760000,31,75,0,75
1988,7,Somogy,21.64870507,31,70,0,70,36.80985714,31,70,0,70
1988,7,Szabolcs-Szatmár-Bereg,21.76830986,31,71,0,71,51.36000000,31,71,0,71
1988,7,Tolna,22.28813203,31,43,0,43,41.22837209,31,43,0,43
1988,7,Vas,20.96666422,31,44,0,44,57.27250000,31,44,0,44
1988,7,Veszprém,21.31661888,31,54,0,54,31.82611111,31,54,0,54
1988,7,Zala,20.93044721,31,44,0,44,59.72340909,31,44,0,44
1988,8,Baranya,20.68755078,31,54,0,54,50.38833333,31,54,0,54
1988,8,Borsod-Abaúj-Zemplén,19.09767817,31,86,0,86,98.44883721,31,86,0,86
1988,8,Bács-Kiskun,20.79469860,31,99,0,99,41.59757576,31,99,0,99
1988,8,Békés,21.33220510,31,67,0,67,26.97298507,31,67,0,67
1988,8,Csongrád-Csanád,21.48034946,31,48,0,48,23.63000000,31,48,0,48
1988,8,Fejér,20.27603981,31,47,0,47,88.58234043,31,47,0,47
1988,8,Győr-Moson-Sopron,19.90135081,31,48,0,48,100.63041667,31,48,0,48
1988,8,Hajdú-Bihar,20.48368073,31,78,0,78,69.68769231,31,78,0,78
1988,8,Heves,19.66134897,31,44,0,44,93.62659091,31,44,0,44
1988,8,Jász-Nagykun-Szolnok,20.94367647,31,68,0,68,53.00926471,31,68,0,68
1988,8,Komárom-Esztergom,19.34931034,31,29,0,29,111.47620690,31,29,0,29
1988,8,Nógrád,18.44275346,31,28,0,28,77.70964286,31,28,0,28
1988,8,Pest,20.15336344,31,75,0,75,84.16280000,31,75,0,75
1988,8,Somogy,20.06173733,31,70,0,70,83.43628571,31,70,0,70
1988,8,Szabolcs-Szatmár-Bereg,19.70736938,31,71,0,71,77.40112676,31,71,0,71
1988,8,Tolna,20.78425356,31,43,0,43,58.38906977,31,43,0,43
1988,8,Vas,19.69139296,31,44,0,44,92.97204545,31,44,0,44
1988,8,Veszprém,19.90388889,31,54,0,54,100.94592593,31,54,0,54
1988,8,Zala,19.65841642,31,44,0,44,79.06750000,31,44,0,44
1988,9,Baranya,15.97948765,30,54,0,54,55.25037037,30,54,0,54
1988,9,Borsod-Abaúj-Zemplén,14.94929070,30,86,0,86,68.68395349,30,86,0,86
1988,9,Bács-Kiskun,16.09467677,30,99,0,99,47.06848485,30,99,0,99
1988,9,Békés,16.47800498,30,67,0,67,68.88597015,30,67,0,67
1988,9,Csongrád-Csanád,16.63040972,30,48,0,48,48.52375000,30,48,0,48
1988,9,Fejér,15.60817730,30,47,0,47,55.68042553,30,47,0,47
1988,9,Győr-Moson-Sopron,15.43718056,30,48,0,48,76.24687500,30,48,0,48
1988,9,Hajdú-Bihar,15.88131197,30,78,0,78,65.83269231,30,78,0,78
1988,9,Heves,15.27443182,30,44,0,44,61.85772727,30,44,0,44
1988,9,Jász-Nagykun-Szolnok,16.17559804,30,68,0,68,62.75970588,30,68,0,68
1988,9,Komárom-Esztergom,15.10386207,30,29,0,29,76.73448276,30,29,0,29
1988,9,Nógrád,14.28922619,30,28,0,28,66.59857143,30,28,0,28
1988,9,Pest,15.48941333,30,75,0,75,67.92413333,30,75,0,75
1988,9,Somogy,15.67073810,30,70,0,70,73.77257143,30,70,0,70
1988,9,Szabolcs-Szatmár-Bereg,15.31895775,30,71,0,71,74.00661972,30,71,0,71
1988,9,Tolna,16.04030233,30,43,0,43,55.50581395,30,43,0,43
1988,9,Vas,15.19553030,30,44,0,44,83.02704545,30,44,0,44
1988,9,Veszprém,15.31936420,30,54,0,54,66.52333333,30,54,0,54
1988,9,Zala,15.42639394,30,44,0,44,80.52090909,30,44,0,44
1988,10,Baranya,10.41342891,31,54,0,54,56.32722222,31,54,0,54
1988,10,Borsod-Abaúj-Zemplén,8.57374719,31,86,0,86,13.07162791,31,86,0,86
1988,10,Bács-Kiskun,10.17221896,31,99,0,99,22.58929293,31,99,0,99
1988,10,Békés,10.16374579,31,67,0,67,15.66283582,31,67,0,67
1988,10,Csongrád-Csanád,10.44159946,31,48,0,48,17.39437500,31,48,0,48
1988,10,Fejér,9.83041867,31,47,0,47,20.87893617,31,47,0,47
1988,10,Győr-Moson-Sopron,9.98617608,31,48,0,48,21.87333333,31,48,0,48
1988,10,Hajdú-Bihar,9.59201820,31,78,0,78,13.36641026,31,78,0,78
1988,10,Heves,9.33703079,31,44,0,44,11.83318182,31,44,0,44
1988,10,Jász-Nagykun-Szolnok,9.92013757,31,68,0,68,11.70279412,31,68,0,68
1988,10,Komárom-Esztergom,9.62453838,31,29,0,29,11.42724138,31,29,0,29
1988,10,Nógrád,8.23294931,31,28,0,28,12.94142857,31,28,0,28
1988,10,Pest,9.68578495,31,75,0,75,13.90066667,31,75,0,75
1988,10,Somogy,10.10515207,31,70,0,70,65.95357143,31,70,0,70
1988,10,Szabolcs-Szatmár-Bereg,9.03488869,31,71,0,71,15.49197183,31,71,0,71
1988,10,Tolna,10.30144786,31,43,0,43,35.05093023,31,43,0,43
1988,10,Vas,9.81381965,31,44,0,44,53.45250000,31,44,0,44
1988,10,Veszprém,9.90772999,31,54,0,54,31.69111111,31,54,0,54
1988,10,Zala,10.10837243,31,44,0,44,81.13795455,31,44,0,44
1988,11,Baranya,-0.07548765,30,54,0,54,26.47074074,30,54,0,54
1988,11,Borsod-Abaúj-Zemplén,-1.82557752,30,86,0,86,11.67383721,30,86,0,86
1988,11,Bács-Kiskun,-0.65181145,30,99,0,99,26.83595960,30,99,0,99
1988,11,Békés,-1.10165174,30,67,0,67,24.09567164,30,67,0,67
1988,11,Csongrád-Csanád,-0.73182639,30,48,0,48,22.86875000,30,48,0,48
1988,11,Fejér,-0.58505674,30,47,0,47,26.91638298,30,47,0,47
1988,11,Győr-Moson-Sopron,0.49334722,30,48,0,48,22.48291667,30,48,0,48
1988,11,Hajdú-Bihar,-1.30750427,30,78,0,78,18.61602564,30,78,0,78
1988,11,Heves,-1.14918182,30,44,0,44,16.26772727,30,44,0,44
1988,11,Jász-Nagykun-Szolnok,-0.91048529,30,68,0,68,20.57029412,30,68,0,68
1988,11,Komárom-Esztergom,-0.62072414,30,29,0,29,25.02275862,30,29,0,29
1988,11,Nógrád,-1.58714286,30,28,0,28,15.52964286,30,28,0,28
1988,11,Pest,-0.75405333,30,75,0,75,24.18706667,30,75,0,75
1988,11,Somogy,0.11950952,30,70,0,70,30.20342857,30,70,0,70
1988,11,Szabolcs-Szatmár-Bereg,-1.56446009,30,71,0,71,18.08690141,30,71,0,71
1988,11,Tolna,-0.23502326,30,43,0,43,25.71720930,30,43,0,43
1988,11,Vas,0.48521970,30,44,0,44,23.20068182,30,44,0,44
1988,11,Veszprém,0.09344444,30,54,0,54,26.97444444,30,54,0,54
1988,11,Zala,0.31375000,30,44,0,44,25.21772727,30,44,0,44
1988,12,Baranya,1.81192354,31,54,0,54,24.27148148,31,54,0,54
1988,12,Borsod-Abaúj-Zemplén,-0.13555889,31,86,0,86,38.43232558,31,86,0,86
1988,12,Bács-Kiskun,1.96491365,31,99,0,99,36.14656566,31,99,0,99
1988,12,Békés,1.00735676,31,67,0,67,38.59000000,31,67,0,67
1988,12,Csongrád-Csanád,1.72014785,31,48,0,48,36.70062500,31,48,0,48
1988,12,Fejér,1.93214139,31,47,0,47,40.37191489,31,47,0,47
1988,12,Győr-Moson-Sopron,2.29617608,31,48,0,48,50.51645833,31,48,0,48
1988,12,Hajdú-Bihar,0.44206369,31,78,0,78,43.40282051,31,78,0,78
1988,12,Heves,0.53925953,31,44,0,44,48.97681818,31,44,0,44
1988,12,Jász-Nagykun-Szolnok,1.19356736,31,68,0,68,48.55823529,31,68,0,68
1988,12,Komárom-Esztergom,1.61466073,31,29,0,29,53.38103448,31,29,0,29
1988,12,Nógrád,0.44955069,31,28,0,28,54.77250000,31,28,0,28
1988,12,Pest,1.55460215,31,75,0,75,53.99853333,31,75,0,75
1988,12,Somogy,1.73535945,31,70,0,70,25.56342857,31,70,0,70
1988,12,Szabolcs-Szatmár-Bereg,0.25296229,31,71,0,71,53.25056338,31,71,0,71
1988,12,Tolna,2.14018005,31,43,0,43,28.83697674,31,43,0,43
1988,12,Vas,1.38532991,31,44,0,44,29.33886364,31,44,0,44
1988,12,Veszprém,1.58850060,31,54,0,54,36.83944444,31,54,0,54
1988,12,Zala,1.16399560,31,44,0,44,23.60590909,31,44,0,44
1989,1,Baranya,-0.47299283,31,54,0,54,6.87148148,31,54,0,54
1989,1,Borsod-Abaúj-Zemplén,-2.13626782,31,86,0,86,12.26476744,31,86,0,86
1989,1,Bács-Kiskun,-0.53376996,31,99,0,99,4.81181818,31,99,0,99
1989,1,Békés,-1.35805489,31,67,0,67,6.88611940,31,67,0,67
1989,1,Csongrád-Csanád,-0.78374328,31,48,0,48,3.87729167,31,48,0,48
1989,1,Fejér,-0.42159231,31,47,0,47,7.15127660,31,47,0,47
1989,1,Győr-Moson-Sopron,0.12002016,31,48,0,48,12.53104167,31,48,0,48
1989,1,Hajdú-Bihar,-1.74818859,31,78,0,78,12.36820513,31,78,0,78
1989,1,Heves,-1.94322581,31,44,0,44,9.06795455,31,44,0,44
1989,1,Jász-Nagykun-Szolnok,-1.45559772,31,68,0,68,8.70029412,31,68,0,68
1989,1,Komárom-Esztergom,-0.63741935,31,29,0,29,10.79241379,31,29,0,29
1989,1,Nógrád,-1.94288018,31,28,0,28,8.72714286,31,28,0,28
1989,1,Pest,-1.14020215,31,75,0,75,7.85880000,31,75,0,75
1989,1,Somogy,-0.50134562,31,70,0,70,6.14271429,31,70,0,70
1989,1,Szabolcs-Szatmár-Bereg,-1.71612903,31,71,0,71,16.95859155,31,71,0,71
1989,1,Tolna,-0.15565641,31,43,0,43,5.29255814,31,43,0,43
1989,1,Vas,-0.60972874,31,44,0,44,9.31295455,31,44,0,44
1989,1,Veszprém,-0.47637395,31,54,0,54,12.07685185,31,54,0,54
1989,1,Zala,-0.78141496,31,44,0,44,5.93204545,31,44,0,44
1989,2,Baranya,4.43895503,28,54,0,54,31.64166667,28,54,0,54
1989,2,Borsod-Abaúj-Zemplén,1.94455565,28,86,0,86,30.43767442,28,86,0,86
1989,2,Bács-Kiskun,4.55307720,28,99,0,99,25.77060606,28,99,0,99
1989,2,Békés,3.74826759,28,67,0,67,25.20477612,28,67,0,67
1989,2,Csongrád-Csanád,4.42307292,28,48,0,48,23.34000000,28,48,0,48
1989,2,Fejér,3.94312310,28,47,0,47,20.15702128,28,47,0,47
1989,2,Győr-Moson-Sopron,4.32756696,28,48,0,48,14.72604167,28,48,0,48
1989,2,Hajdú-Bihar,3.01773810,28,78,0,78,26.01217949,28,78,0,78
1989,2,Heves,2.57754058,28,44,0,44,25.43500000,28,44,0,44
1989,2,Jász-Nagykun-Szolnok,3.65694853,28,68,0,68,24.75838235,28,68,0,68
1989,2,Komárom-Esztergom,3.68359606,28,29,0,29,15.63275862,28,29,0,29
1989,2,Nógrád,2.08543367,28,28,0,28,21.31857143,28,28,0,28
1989,2,Pest,3.39543810,28,75,0,75,19.88373333,28,75,0,75
1989,2,Somogy,3.97923469,28,70,0,70,35.23642857,28,70,0,70
1989,2,Szabolcs-Szatmár-Bereg,2.32587022,28,71,0,71,24.04676056,28,71,0,71
1989,2,Tolna,4.47363787,28,43,0,43,28.83651163,28,43,0,43
1989,2,Vas,3.76163961,28,44,0,44,15.40522727,28,44,0,44
1989,2,Veszprém,3.72701058,28,54,0,54,20.89314815,28,54,0,54
1989,2,Zala,3.73878247,28,44,0,44,25.42636364,28,44,0,44
1989,3,Baranya,8.92915173,31,54,0,54,49.26166667,31,54,0,54
1989,3,Borsod-Abaúj-Zemplén,6.98151163,31,86,0,86,32.76860465,31,86,0,86
1989,3,Bács-Kiskun,8.71843271,31,99,0,99,36.90313131,31,99,0,99
1989,3,Békés,8.18938373,31,67,0,67,21.32641791,31,67,0,67
1989,3,Csongrád-Csanád,8.78793011,31,48,0,48,19.23125000,31,48,0,48
1989,3,Fejér,8.32531229,31,47,0,47,38.09659574,31,47,0,47
1989,3,Győr-Moson-Sopron,8.33157258,31,48,0,48,23.38479167,31,48,0,48
1989,3,Hajdú-Bihar,7.72209677,31,78,0,78,28.10743590,31,78,0,78
1989,3,Heves,7.37372434,31,44,0,44,35.45068182,31,44,0,44
1989,3,Jász-Nagykun-Szolnok,8.13893264,31,68,0,68,34.03852941,31,68,0,68
1989,3,Komárom-Esztergom,7.87692992,31,29,0,29,30.58586207,31,29,0,29
1989,3,Nógrád,6.63710829,31,28,0,28,40.88178571,31,28,0,28
1989,3,Pest,8.03094194,31,75,0,75,38.67946667,31,75,0,75
1989,3,Somogy,8.62678802,31,70,0,70,44.19185714,31,70,0,70
1989,3,Szabolcs-Szatmár-Bereg,7.45621536,31,71,0,71,23.89126761,31,71,0,71
1989,3,Tolna,8.73655664,31,43,0,43,44.43139535,31,43,0,43
1989,3,Vas,8.16903226,31,44,0,44,32.80636364,31,44,0,44
1989,3,Veszprém,8.16369773,31,54,0,54,30.19944444,31,54,0,54
1989,3,Zala,8.51482405,31,44,0,44,37.97568182,31,44,0,44
1989,4,Baranya,12.68439506,30,54,0,54,74.96037037,30,54,0,54
1989,4,Borsod-Abaúj-Zemplén,12.02680233,30,86,0,86,82.51976744,30,86,0,86
1989,4,Bács-Kiskun,13.05914815,30,99,0,99,78.46505051,30,99,0,99
1989,4,Békés,13.50967662,30,67,0,67,82.85970149,30,67,0,67
1989,4,Csongrád-Csanád,13.47361111,30,48,0,48,93.96687500,30,48,0,48
1989,4,Fejér,12.20420567,30,47,0,47,67.93574468,30,47,0,47
1989,4,Győr-Moson-Sopron,11.41204861,30,48,0,48,63.77770833,30,48,0,48
1989,4,Hajdú-Bihar,13.20575641,30,78,0,78,70.68730769,30,78,0,78
1989,4,Heves,12.22256061,30,44,0,44,52.75954545,30,44,0,44
1989,4,Jász-Nagykun-Szolnok,12.90629902,30,68,0,68,59.92132353,30,68,0,68
1989,4,Komárom-Esztergom,11.63518391,30,29,0,29,56.00862069,30,29,0,29
1989,4,Nógrád,10.97800000,30,28,0,28,50.88142857,30,28,0,28
1989,4,Pest,12.32150222,30,75,0,75,55.22093333,30,75,0,75
1989,4,Somogy,12.07765714,30,70,0,70,77.03171429,30,70,0,70
1989,4,Szabolcs-Szatmár-Bereg,13.04757746,30,71,0,71,102.52295775,30,71,0,71
1989,4,Tolna,12.73443411,30,43,0,43,75.09953488,30,43,0,43
1989,4,Vas,11.02300000,30,44,0,44,61.82136364,30,44,0,44
1989,4,Veszprém,11.53751235,30,54,0,54,73.62981481,30,54,0,54
1989,4,Zala,11.51606061,30,44,0,44,73.55727273,30,44,0,44
1989,5,Baranya,14.62005974,31,54,0,54,105.02000000,31,54,0,54
1989,5,Borsod-Abaúj-Zemplén,14.70142161,31,86,0,86,80.23639535,31,86,0,86
1989,5,Bács-Kiskun,15.42598566,31,99,0,99,56.76191919,31,99,0,99
1989,5,Békés,15.70228695,31,67,0,67,57.08044776,31,67,0,67
1989,5,Csongrád-Csanád,15.65971774,31,48,0,48,40.81125000,31,48,0,48
1989,5,Fejér,15.01673301,31,47,0,47,72.08063830,31,47,0,47
1989,5,Győr-Moson-Sopron,14.61313172,31,48,0,48,71.96520833,31,48,0,48
1989,5,Hajdú-Bihar,15.62287014,31,78,0,78,67.87397436,31,78,0,78
1989,5,Heves,14.94347507,31,44,0,44,65.20204545,31,44,0,44
1989,5,Jász-Nagykun-Szolnok,15.67500000,31,68,0,68,52.38852941,31,68,0,68
1989,5,Komárom-Esztergom,14.50596218,31,29,0,29,65.66172414,31,29,0,29
1989,5,Nógrád,14.14826037,31,28,0,28,66.89321429,31,28,0,28
1989,5,Pest,15.24639140,31,75,0,75,60.85640000,31,75,0,75
1989,5,Somogy,14.37107834,31,70,0,70,95.88942857,31,70,0,70
1989,5,Szabolcs-Szatmár-Bereg,15.38806452,31,71,0,71,89.57929577,31,71,0,71
1989,5,Tolna,15.09840210,31,43,0,43,70.19813953,31,43,0,43
1989,5,Vas,14.20606305,31,44,0,44,87.04272727,31,44,0,44
1989,5,Veszprém,14.22504779,31,54,0,54,72.01518519,31,54,0,54
1989,5,Zala,14.22455279,31,44,0,44,92.49863636,31,44,0,44
1989,6,Baranya,17.16012346,30,54,0,54,83.42629630,30,54,0,54
1989,6,Borsod-Abaúj-Zemplén,16.58410853,30,86,0,86,127.29127907,30,86,0,86
1989,6,Bács-Kiskun,17.61559259,30,99,0,99,93.14171717,30,99,0,99
1989,6,Békés,17.53370647,30,67,0,67,118.93373134,30,67,0,67
1989,6,Csongrád-Csanád,17.82183333,30,48,0,48,110.36479167,30,48,0,48
1989,6,Fejér,17.33753901,30,47,0,47,99.82234043,30,47,0,47
1989,6,Győr-Moson-Sopron,16.85121528,30,48,0,48,54.44250000,30,48,0,48
1989,6,Hajdú-Bihar,17.38982906,30,78,0,78,115.76153846,30,78,0,78
1989,6,Heves,16.72376515,30,44,0,44,142.65818182,30,44,0,44
1989,6,Jász-Nagykun-Szolnok,17.48108333,30,68,0,68,111.17250000,30,68,0,68
1989,6,Komárom-Esztergom,16.71708046,30,29,0,29,92.76206897,30,29,0,29
1989,6,Nógrád,15.86672619,30,28,0,28,155.20071429,30,28,0,28
1989,6,Pest,17.20615111,30,75,0,75,101.71906667,30,75,0,75
1989,6,Somogy,17.01425238,30,70,0,70,63.45228571,30,70,0,70
1989,6,Szabolcs-Szatmár-Bereg,17.25555869,30,71,0,71,124.38422535,30,71,0,71
1989,6,Tolna,17.41171318,30,43,0,43,89.88395349,30,43,0,43
1989,6,Vas,16.44087879,30,44,0,44,80.08772727,30,44,0,44
1989,6,Veszprém,16.67851235,30,54,0,54,73.67111111,30,54,0,54
1989,6,Zala,16.52877273,30,44,0,44,71.02454545,30,44,0,44
1989,7,Baranya,21.21500000,31,54,0,54,45.99129630,31,54,0,54
1989,7,Borsod-Abaúj-Zemplén,19.73154914,31,86,0,86,75.41325581,31,86,0,86
1989,7,Bács-Kiskun,21.44821766,31,99,0,99,29.68525253,31,99,0,99
1989,7,Békés,21.44977371,31,67,0,67,29.59701493,31,67,0,67
1989,7,Csongrád-Csanád,21.73852151,31,48,0,48,18.01854167,31,48,0,48
1989,7,Fejér,20.96296500,31,47,0,47,63.36510638,31,47,0,47
1989,7,Győr-Moson-Sopron,20.84299059,31,48,0,48,63.71604167,31,48,0,48
1989,7,Hajdú-Bihar,20.90949959,31,78,0,78,55.23743590,31,78,0,78
1989,7,Heves,20.05720674,31,44,0,44,69.94136364,31,44,0,44
1989,7,Jász-Nagykun-Szolnok,21.16279412,31,68,0,68,44.83764706,31,68,0,68
1989,7,Komárom-Esztergom,20.14580645,31,29,0,29,60.13000000,31,29,0,29
1989,7,Nógrád,19.06395161,31,28,0,28,73.89964286,31,28,0,28
1989,7,Pest,20.80599140,31,75,0,75,62.12546667,31,75,0,75
1989,7,Somogy,20.95504147,31,70,0,70,68.43685714,31,70,0,70
1989,7,Szabolcs-Szatmár-Bereg,20.67406633,31,71,0,71,67.63676056,31,71,0,71
1989,7,Tolna,21.27584396,31,43,0,43,49.17627907,31,43,0,43
1989,7,Vas,20.41914956,31,44,0,44,99.80295455,31,44,0,44
1989,7,Veszprém,20.56034648,31,54,0,54,78.46777778,31,54,0,54
1989,7,Zala,20.47021261,31,44,0,44,107.41409091,31,44,0,44
1989,8,Baranya,20.11294504,31,54,0,54,104.97055556,31,54,0,54
1989,8,Borsod-Abaúj-Zemplén,18.94459865,31,86,0,86,50.41976744,31,86,0,86
1989,8,Bács-Kiskun,20.42231672,31,99,0,99,85.68979798,31,99,0,99
1989,8,Békés,20.37204141,31,67,0,67,99.84582090,31,67,0,67
1989,8,Csongrád-Csanád,20.70288978,31,48,0,48,88.91479167,31,48,0,48
1989,8,Fejér,19.68721345,31,47,0,47,92.98531915,31,47,0,47
1989,8,Győr-Moson-Sopron,19.36405242,31,48,0,48,77.66645833,31,48,0,48
1989,8,Hajdú-Bihar,20.05631100,31,78,0,78,76.56012821,31,78,0,78
1989,8,Heves,19.12954545,31,44,0,44,68.37750000,31,44,0,44
1989,8,Jász-Nagykun-Szolnok,20.15206357,31,68,0,68,78.77897059,31,68,0,68
1989,8,Komárom-Esztergom,18.85181313,31,29,0,29,86.26965517,31,29,0,29
1989,8,Nógrád,18.05657834,31,28,0,28,80.75500000,31,28,0,28
1989,8,Pest,19.55240430,31,75,0,75,82.05013333,31,75,0,75
1989,8,Somogy,19.61375115,31,70,0,70,122.23857143,31,70,0,70
1989,8,Szabolcs-Szatmár-Bereg,19.83664244,31,71,0,71,64.22408451,31,71,0,71
1989,8,Tolna,20.21093773,31,43,0,43,103.05441860,31,43,0,43
1989,8,Vas,18.94271994,31,44,0,44,127.02431818,31,44,0,44
1989,8,Veszprém,19.19733572,31,54,0,54,112.91296296,31,54,0,54
1989,8,Zala,19.17564516,31,44,0,44,124.17545455,31,44,0,44
1989,9,Baranya,15.88701852,30,54,0,54,28.90370370,30,54,0,54
1989,9,Borsod-Abaúj-Zemplén,15.61628295,30,86,0,86,21.01569767,30,86,0,86
1989,9,Bács-Kiskun,16.27767003,30,99,0,99,25.70454545,30,99,0,99
1989,9,Békés,16.32225373,30,67,0,67,25.37507463,30,67,0,67
1989,9,Csongrád-Csanád,16.45460417,30,48,0,48,34.44145833,30,48,0,48
1989,9,Fejér,16.10610638,30,47,0,47,9.02148936,30,47,0,47
1989,9,Győr-Moson-Sopron,15.58659028,30,48,0,48,34.73625000,30,48,0,48
1989,9,Hajdú-Bihar,16.23228205,30,78,0,78,22.13820513,30,78,0,78
1989,9,Heves,16.08051515,30,44,0,44,28.33681818,30,44,0,44
1989,9,Jász-Nagykun-Szolnok,16.59251471,30,68,0,68,19.83323529,30,68,0,68
1989,9,Komárom-Esztergom,15.63103448,30,29,0,29,19.34241379,30,29,0,29
1989,9,Nógrád,15.10594048,30,28,0,28,29.51178571,30,28,0,28
1989,9,Pest,16.30059111,30,75,0,75,20.15213333,30,75,0,75
1989,9,Somogy,15.54476667,30,70,0,70,26.40871429,30,70,0,70
1989,9,Szabolcs-Szatmár-Bereg,15.84786854,30,71,0,71,20.51676056,30,71,0,71
1989,9,Tolna,16.12958915,30,43,0,43,21.51069767,30,43,0,43
1989,9,Vas,15.20446212,30,44,0,44,49.57590909,30,44,0,44
1989,9,Veszprém,15.42676543,30,54,0,54,20.37685185,30,54,0,54
1989,9,Zala,15.22901515,30,44,0,44,38.82090909,30,44,0,44
1989,10,Baranya,11.27930108,31,54,0,54,39.59592593,31,54,0,54
1989,10,Borsod-Abaúj-Zemplén,9.68699550,31,86,0,86,19.47162791,31,86,0,86
1989,10,Bács-Kiskun,11.38840665,31,99,0,99,35.38181818,31,99,0,99
1989,10,Békés,11.28161290,31,67,0,67,29.74940299,31,67,0,67
1989,10,Csongrád-Csanád,11.56567876,31,48,0,48,27.59833333,31,48,0,48
1989,10,Fejér,11.04050789,31,47,0,47,24.22425532,31,47,0,47
1989,10,Győr-Moson-Sopron,10.93092742,31,48,0,48,20.38583333,31,48,0,48
1989,10,Hajdú-Bihar,10.72369313,31,78,0,78,20.82243590,31,78,0,78
1989,10,Heves,10.32129765,31,44,0,44,13.18318182,31,44,0,44
1989,10,Jász-Nagykun-Szolnok,11.15747628,31,68,0,68,20.26750000,31,68,0,68
1989,10,Komárom-Esztergom,10.93160178,31,29,0,29,21.41344828,31,29,0,29
1989,10,Nógrád,9.53368664,31,28,0,28,11.64464286,31,28,0,28
1989,10,Pest,11.12457204,31,75,0,75,15.67706667,31,75,0,75
1989,10,Somogy,10.75533641,31,70,0,70,23.82942857,31,70,0,70
1989,10,Szabolcs-Szatmár-Bereg,10.29149932,31,71,0,71,18.19985915,31,71,0,71
1989,10,Tolna,11.42418605,31,43,0,43,40.44465116,31,43,0,43
1989,10,Vas,10.48404692,31,44,0,44,12.71795455,31,44,0,44
1989,10,Veszprém,10.96424134,31,54,0,54,21.70907407,31,54,0,54
1989,10,Zala,10.44980205,31,44,0,44,14.76977273,31,44,0,44
1989,11,Baranya,4.30691358,30,54,0,54,46.00666667,30,54,0,54
1989,11,Borsod-Abaúj-Zemplén,2.70390698,30,86,0,86,45.10465116,30,86,0,86
1989,11,Bács-Kiskun,4.27483502,30,99,0,99,63.28888889,30,99,0,99
1989,11,Békés,4.05299005,30,67,0,67,57.43104478,30,67,0,67
1989,11,Csongrád-Csanád,4.35814583,30,48,0,48,78.62000000,30,48,0,48
1989,11,Fejér,3.73381560,30,47,0,47,36.26808511,30,47,0,47
1989,11,Győr-Moson-Sopron,3.50200694,30,48,0,48,19.91187500,30,48,0,48
1989,11,Hajdú-Bihar,3.51941453,30,78,0,78,41.56961538,30,78,0,78
1989,11,Heves,3.03837121,30,44,0,44,45.58590909,30,44,0,44
1989,11,Jász-Nagykun-Szolnok,3.79923529,30,68,0,68,41.29779412,30,68,0,68
1989,11,Komárom-Esztergom,3.34786207,30,29,0,29,28.78724138,30,29,0,29
1989,11,Nógrád,2.31694048,30,28,0,28,45.27250000,30,28,0,28
1989,11,Pest,3.54453333,30,75,0,75,44.49360000,30,75,0,75
1989,11,Somogy,4.01151905,30,70,0,70,36.13285714,30,70,0,70
1989,11,Szabolcs-Szatmár-Bereg,3.12516432,30,71,0,71,39.93676056,30,71,0,71
1989,11,Tolna,4.28096124,30,43,0,43,49.17348837,30,43,0,43
1989,11,Vas,3.20119697,30,44,0,44,21.04590909,30,44,0,44
1989,11,Veszprém,3.48446914,30,54,0,54,29.05500000,30,54,0,54
1989,11,Zala,3.50361364,30,44,0,44,27.29477273,30,44,0,44
1989,12,Baranya,2.31438471,31,54,0,54,13.10500000,31,54,0,54
1989,12,Borsod-Abaúj-Zemplén,-0.54860465,31,86,0,86,4.09558140,31,86,0,86
1989,12,Bács-Kiskun,1.95682633,31,99,0,99,8.72969697,31,99,0,99
1989,12,Békés,1.23498796,31,67,0,67,15.80343284,31,67,0,67
1989,12,Csongrád-Csanád,1.73803091,31,48,0,48,13.50395833,31,48,0,48
1989,12,Fejér,1.59142073,31,47,0,47,8.69702128,31,47,0,47
1989,12,Győr-Moson-Sopron,1.73131720,31,48,0,48,6.30541667,31,48,0,48
1989,12,Hajdú-Bihar,0.71167080,31,78,0,78,11.53705128,31,78,0,78
1989,12,Heves,-0.11368768,31,44,0,44,2.12181818,31,44,0,44
1989,12,Jász-Nagykun-Szolnok,1.15359583,31,68,0,68,6.68147059,31,68,0,68
1989,12,Komárom-Esztergom,1.17922136,31,29,0,29,11.93758621,31,29,0,29
1989,12,Nógrád,-0.63882488,31,28,0,28,3.04750000,31,28,0,28
1989,12,Pest,1.12652903,31,75,0,75,4.45760000,31,75,0,75
1989,12,Somogy,2.38745622,31,70,0,70,15.77557143,31,70,0,70
1989,12,Szabolcs-Szatmár-Bereg,0.43216265,31,71,0,71,10.19267606,31,71,0,71
1989,12,Tolna,2.20585146,31,43,0,43,10.95883721,31,43,0,43
1989,12,Vas,1.92796188,31,44,0,44,14.54477273,31,44,0,44
1989,12,Veszprém,1.87012545,31,54,0,54,13.63629630,31,54,0,54
1989,12,Zala,2.29387097,31,44,0,44,17.12522727,31,44,0,44
1990,1,Baranya,0.04103345,31,54,0,54,19.10777778,31,54,0,54
1990,1,Borsod-Abaúj-Zemplén,-1.40782446,31,86,0,86,13.49837209,31,86,0,86
1990,1,Bács-Kiskun,0.31049202,31,99,0,99,14.99747475,31,99,0,99
1990,1,Békés,-0.23193067,31,67,0,67,11.51791045,31,67,0,67
1990,1,Csongrád-Csanád,0.33890457,31,48,0,48,11.26270833,31,48,0,48
1990,1,Fejér,-0.12562114,31,47,0,47,22.83978723,31,47,0,47
1990,1,Győr-Moson-Sopron,-0.15157930,31,48,0,48,13.89562500,31,48,0,48
1990,1,Hajdú-Bihar,-0.63897436,31,78,0,78,18.29820513,31,78,0,78
1990,1,Heves,-0.97571848,31,44,0,44,14.80681818,31,44,0,44
1990,1,Jász-Nagykun-Szolnok,-0.13687856,31,68,0,68,17.10529412,31,68,0,68
1990,1,Komárom-Esztergom,-0.39464961,31,29,0,29,14.11896552,31,29,0,29
1990,1,Nógrád,-1.54014977,31,28,0,28,9.49928571,31,28,0,28
1990,1,Pest,-0.41163871,31,75,0,75,16.25066667,31,75,0,75
1990,1,Somogy,-0.35227650,31,70,0,70,23.75557143,31,70,0,70
1990,1,Szabolcs-Szatmár-Bereg,-0.93585643,31,71,0,71,22.41098592,31,71,0,71
1990,1,Tolna,0.18594149,31,43,0,43,21.28534884,31,43,0,43
1990,1,Vas,-0.73290323,31,44,0,44,28.87863636,31,44,0,44
1990,1,Veszprém,-0.49311231,31,54,0,54,28.91648148,31,54,0,54
1990,1,Zala,-0.63461877,31,44,0,44,34.45000000,31,44,0,44
1990,2,Baranya,6.21058862,28,54,0,54,25.62833333,28,54,0,54
1990,2,Borsod-Abaúj-Zemplén,3.28587625,28,86,0,86,30.82616279,28,86,0,86
1990,2,Bács-Kiskun,5.66195166,28,99,0,99,18.26838384,28,99,0,99
1990,2,Békés,4.87202559,28,67,0,67,23.63686567,28,67,0,67
1990,2,Csongrád-Csanád,5.54917411,28,48,0,48,19.52208333,28,48,0,48
1990,2,Fejér,5.36420973,28,47,0,47,10.06234043,28,47,0,47
1990,2,Győr-Moson-Sopron,5.49843006,28,48,0,48,23.68937500,28,48,0,48
1990,2,Hajdú-Bihar,4.33153846,28,78,0,78,22.54576923,28,78,0,78
1990,2,Heves,3.92931818,28,44,0,44,28.00295455,28,44,0,44
1990,2,Jász-Nagykun-Szolnok,4.71503151,28,68,0,68,21.78264706,28,68,0,68
1990,2,Komárom-Esztergom,5.15518473,28,29,0,29,21.60034483,28,29,0,29
1990,2,Nógrád,3.23954082,28,28,0,28,27.63428571,28,28,0,28
1990,2,Pest,4.91230476,28,75,0,75,20.58426667,28,75,0,75
1990,2,Somogy,5.97030102,28,70,0,70,17.70957143,28,70,0,70
1990,2,Szabolcs-Szatmár-Bereg,4.04042254,28,71,0,71,27.07056338,28,71,0,71
1990,2,Tolna,5.82581395,28,43,0,43,16.08139535,28,43,0,43
1990,2,Vas,5.56011364,28,44,0,44,10.74272727,28,44,0,44
1990,2,Veszprém,5.53771164,28,54,0,54,10.93203704,28,54,0,54
1990,2,Zala,5.71473214,28,44,0,44,12.46500000,28,44,0,44
1990,3,Baranya,9.20175627,31,54,0,54,32.98648148,31,54,0,54
1990,3,Borsod-Abaúj-Zemplén,7.99448987,31,86,0,86,5.02372093,31,86,0,86
1990,3,Bács-Kiskun,9.42368198,31,99,0,99,17.62787879,31,99,0,99
1990,3,Békés,9.16149254,31,67,0,67,31.99134328,31,67,0,67
1990,3,Csongrád-Csanád,9.44197581,31,48,0,48,27.40208333,31,48,0,48
1990,3,Fejér,8.96875772,31,47,0,47,10.31170213,31,47,0,47
1990,3,Győr-Moson-Sopron,8.80321909,31,48,0,48,16.72354167,31,48,0,48
1990,3,Hajdú-Bihar,8.88952854,31,78,0,78,7.35423077,31,78,0,78
1990,3,Heves,8.51310850,31,44,0,44,11.57113636,31,44,0,44
1990,3,Jász-Nagykun-Szolnok,9.23761385,31,68,0,68,18.61882353,31,68,0,68
1990,3,Komárom-Esztergom,8.53473860,31,29,0,29,10.11655172,31,29,0,29
1990,3,Nógrád,7.57847926,31,28,0,28,11.89750000,31,28,0,28
1990,3,Pest,9.06403441,31,75,0,75,9.54013333,31,75,0,75
1990,3,Somogy,8.90646083,31,70,0,70,29.84400000,31,70,0,70
1990,3,Szabolcs-Szatmár-Bereg,8.51949568,31,71,0,71,12.80760563,31,71,0,71
1990,3,Tolna,9.22648162,31,43,0,43,16.65302326,31,43,0,43
1990,3,Vas,8.49123167,31,44,0,44,24.22590909,31,44,0,44
1990,3,Veszprém,8.67117085,31,54,0,54,16.14574074,31,54,0,54
1990,3,Zala,8.56318182,31,44,0,44,29.17045455,31,44,0,44
1990,4,Baranya,10.38080864,30,54,0,54,47.64888889,30,54,0,54
1990,4,Borsod-Abaúj-Zemplén,9.48855039,30,86,0,86,66.28255814,30,86,0,86
1990,4,Bács-Kiskun,10.83034343,30,99,0,99,42.44525253,30,99,0,99
1990,4,Békés,11.00148259,30,67,0,67,36.64865672,30,67,0,67
1990,4,Csongrád-Csanád,11.08725000,30,48,0,48,23.53791667,30,48,0,48
1990,4,Fejér,10.40260993,30,47,0,47,50.16702128,30,47,0,47
1990,4,Győr-Moson-Sopron,9.59385417,30,48,0,48,58.38791667,30,48,0,48
1990,4,Hajdú-Bihar,10.82932906,30,78,0,78,45.16730769,30,78,0,78
1990,4,Heves,9.78087121,30,44,0,44,54.99340909,30,44,0,44
1990,4,Jász-Nagykun-Szolnok,10.66059804,30,68,0,68,39.08941176,30,68,0,68
1990,4,Komárom-Esztergom,9.60097701,30,29,0,29,54.63068966,30,29,0,29
1990,4,Nógrád,8.72957143,30,28,0,28,66.92321429,30,28,0,28
1990,4,Pest,10.25368444,30,75,0,75,57.05986667,30,75,0,75
1990,4,Somogy,10.14408571,30,70,0,70,50.20314286,30,70,0,70
1990,4,Szabolcs-Szatmár-Bereg,10.89456338,30,71,0,71,49.30239437,30,71,0,71
1990,4,Tolna,10.69427132,30,43,0,43,48.09046512,30,43,0,43
1990,4,Vas,9.39558333,30,44,0,44,63.63772727,30,44,0,44
1990,4,Veszprém,9.65441358,30,54,0,54,55.85055556,30,54,0,54
1990,4,Zala,9.78623485,30,44,0,44,55.20590909,30,44,0,44
1990,5,Baranya,16.64767025,31,54,0,54,44.07981481,31,54,0,54
1990,5,Borsod-Abaúj-Zemplén,15.18432108,31,86,0,86,47.69802326,31,86,0,86
1990,5,Bács-Kiskun,16.94812968,31,99,0,99,31.25414141,31,99,0,99
1990,5,Békés,16.91648050,31,67,0,67,35.62074627,31,67,0,67
1990,5,Csongrád-Csanád,17.01262769,31,48,0,48,34.07500000,31,48,0,48
1990,5,Fejér,16.71512011,31,47,0,47,29.71936170,31,47,0,47
1990,5,Győr-Moson-Sopron,16.30515457,31,48,0,48,20.58770833,31,48,0,48
1990,5,Hajdú-Bihar,16.50179487,31,78,0,78,21.67320513,31,78,0,78
1990,5,Heves,15.67934751,31,44,0,44,46.13977273,31,44,0,44
1990,5,Jász-Nagykun-Szolnok,16.70979602,31,68,0,68,26.99573529,31,68,0,68
1990,5,Komárom-Esztergom,16.02270300,31,29,0,29,20.49206897,31,29,0,29
1990,5,Nógrád,14.86485023,31,28,0,28,45.64928571,31,28,0,28
1990,5,Pest,16.42037849,31,75,0,75,42.86426667,31,75,0,75
1990,5,Somogy,16.35260369,31,70,0,70,54.44485714,31,70,0,70
1990,5,Szabolcs-Szatmár-Bereg,15.85788732,31,71,0,71,31.64070423,31,71,0,71
1990,5,Tolna,16.88991748,31,43,0,43,41.70325581,31,43,0,43
1990,5,Vas,15.79712610,31,44,0,44,54.62068182,31,44,0,44
1990,5,Veszprém,15.93893668,31,54,0,54,35.75703704,31,54,0,54
1990,5,Zala,15.87101906,31,44,0,44,54.17636364,31,44,0,44
1990,6,Baranya,18.37364198,30,54,0,54,74.08018519,30,54,0,54
1990,6,Borsod-Abaúj-Zemplén,17.61377519,30,86,0,86,39.56430233,30,86,0,86
1990,6,Bács-Kiskun,18.98479798,30,99,0,99,55.03222222,30,99,0,99
1990,6,Békés,19.03590547,30,67,0,67,57.88940299,30,67,0,67
1990,6,Csongrád-Csanád,19.19213194,30,48,0,48,59.80312500,30,48,0,48
1990,6,Fejér,18.61943972,30,47,0,47,65.78468085,30,47,0,47
1990,6,Győr-Moson-Sopron,18.22652083,30,48,0,48,84.65458333,30,48,0,48
1990,6,Hajdú-Bihar,18.64092735,30,78,0,78,42.59807692,30,78,0,78
1990,6,Heves,17.92412121,30,44,0,44,43.22159091,30,44,0,44
1990,6,Jász-Nagykun-Szolnok,18.89943627,30,68,0,68,43.94441176,30,68,0,68
1990,6,Komárom-Esztergom,17.85267816,30,29,0,29,80.53137931,30,29,0,29
1990,6,Nógrád,17.00688095,30,28,0,28,70.22607143,30,28,0,28
1990,6,Pest,18.39085333,30,75,0,75,57.86826667,30,75,0,75
1990,6,Somogy,18.11453333,30,70,0,70,70.98000000,30,70,0,70
1990,6,Szabolcs-Szatmár-Bereg,18.11632864,30,71,0,71,44.61352113,30,71,0,71
1990,6,Tolna,18.77348062,30,43,0,43,69.56255814,30,43,0,43
1990,6,Vas,17.57010606,30,44,0,44,103.39000000,30,44,0,44
1990,6,Veszprém,17.87866667,30,54,0,54,96.46111111,30,54,0,54
1990,6,Zala,17.70143939,30,44,0,44,91.32909091,30,44,0,44
1990,7,Baranya,19.97251493,31,54,0,54,38.26500000,31,54,0,54
1990,7,Borsod-Abaúj-Zemplén,19.39001500,31,86,0,86,53.87232558,31,86,0,86
1990,7,Bács-Kiskun,20.65896383,31,99,0,99,42.97151515,31,99,0,99
1990,7,Békés,20.71883486,31,67,0,67,57.46119403,31,67,0,67
1990,7,Csongrád-Csanád,20.89328629,31,48,0,48,51.25604167,31,48,0,48
1990,7,Fejér,19.94037062,31,47,0,47,39.69106383,31,47,0,47
1990,7,Győr-Moson-Sopron,19.45149194,31,48,0,48,36.36979167,31,48,0,48
1990,7,Hajdú-Bihar,20.50549214,31,78,0,78,50.93307692,31,78,0,78
1990,7,Heves,19.59412757,31,44,0,44,35.76295455,31,44,0,44
1990,7,Jász-Nagykun-Szolnok,20.72863378,31,68,0,68,42.03147059,31,68,0,68
1990,7,Komárom-Esztergom,18.99432703,31,29,0,29,35.85551724,31,29,0,29
1990,7,Nógrád,18.53858295,31,28,0,28,34.67678571,31,28,0,28
1990,7,Pest,20.19241720,31,75,0,75,37.58386667,31,75,0,75
1990,7,Somogy,19.57933180,31,70,0,70,48.23657143,31,70,0,70
1990,7,Szabolcs-Szatmár-Bereg,20.19130395,31,71,0,71,53.78098592,31,71,0,71
1990,7,Tolna,20.26894974,31,43,0,43,46.06860465,31,43,0,43
1990,7,Vas,19.09214809,31,44,0,44,51.92477273,31,44,0,44
1990,7,Veszprém,19.13710275,31,54,0,54,40.04592593,31,54,0,54
1990,7,Zala,19.08493402,31,44,0,44,51.59477273,31,44,0,44
1990,8,Baranya,20.76424731,31,54,0,54,22.70314815,31,54,0,54
1990,8,Borsod-Abaúj-Zemplén,19.85363841,31,86,0,86,24.52406977,31,86,0,86
1990,8,Bács-Kiskun,21.10497556,31,99,0,99,20.30060606,31,99,0,99
1990,8,Békés,21.09964853,31,67,0,67,18.70626866,31,67,0,67
1990,8,Csongrád-Csanád,21.15625672,31,48,0,48,21.86041667,31,48,0,48
1990,8,Fejér,20.98540151,31,47,0,47,19.03510638,31,47,0,47
1990,8,Győr-Moson-Sopron,20.71510081,31,48,0,48,18.03937500,31,48,0,48
1990,8,Hajdú-Bihar,20.79182382,31,78,0,78,19.91564103,31,78,0,78
1990,8,Heves,20.50475073,31,44,0,44,29.37568182,31,44,0,44
1990,8,Jász-Nagykun-Szolnok,21.22017078,31,68,0,68,21.32588235,31,68,0,68
1990,8,Komárom-Esztergom,20.30787542,31,29,0,29,21.89241379,31,29,0,29
1990,8,Nógrád,19.42813364,31,28,0,28,20.91928571,31,28,0,28
1990,8,Pest,20.96418925,31,75,0,75,21.77946667,31,75,0,75
1990,8,Somogy,20.40318894,31,70,0,70,13.43571429,31,70,0,70
1990,8,Szabolcs-Szatmár-Bereg,20.08585643,31,71,0,71,30.19929577,31,71,0,71
1990,8,Tolna,21.15468117,31,43,0,43,13.79162791,31,43,0,43
1990,8,Vas,20.14744135,31,44,0,44,40.12000000,31,44,0,44
1990,8,Veszprém,20.50033453,31,54,0,54,23.21944444,31,54,0,54
1990,8,Zala,19.79862903,31,44,0,44,23.50590909,31,44,0,44
1990,9,Baranya,14.21185802,30,54,0,54,66.56425926,30,54,0,54
1990,9,Borsod-Abaúj-Zemplén,13.26167054,30,86,0,86,55.34255814,30,86,0,86
1990,9,Bács-Kiskun,14.38449158,30,99,0,99,57.67313131,30,99,0,99
1990,9,Békés,14.54360199,30,67,0,67,39.52731343,30,67,0,67
1990,9,Csongrád-Csanád,14.59613194,30,48,0,48,44.05875000,30,48,0,48
1990,9,Fejér,14.21488652,30,47,0,47,77.85510638,30,47,0,47
1990,9,Győr-Moson-Sopron,13.92989583,30,48,0,48,58.64250000,30,48,0,48
1990,9,Hajdú-Bihar,14.15526923,30,78,0,78,42.70730769,30,78,0,78
1990,9,Heves,13.44724242,30,44,0,44,52.90545455,30,44,0,44
1990,9,Jász-Nagykun-Szolnok,14.43249510,30,68,0,68,46.51897059,30,68,0,68
1990,9,Komárom-Esztergom,13.64698851,30,29,0,29,63.35000000,30,29,0,29
1990,9,Nógrád,12.62266667,30,28,0,28,57.95250000,30,28,0,28
1990,9,Pest,13.92765333,30,75,0,75,67.06080000,30,75,0,75
1990,9,Somogy,14.06005238,30,70,0,70,104.11357143,30,70,0,70
1990,9,Szabolcs-Szatmár-Bereg,13.76888732,30,71,0,71,51.31985915,30,71,0,71
1990,9,Tolna,14.49485271,30,43,0,43,82.82302326,30,43,0,43
1990,9,Vas,13.57031818,30,44,0,44,76.56681818,30,44,0,44
1990,9,Veszprém,13.85477778,30,54,0,54,79.87203704,30,54,0,54
1990,9,Zala,13.75577273,30,44,0,44,93.78727273,30,44,0,44
1990,10,Baranya,11.47791517,31,54,0,54,39.79018519,31,54,0,54
1990,10,Borsod-Abaúj-Zemplén,9.29124906,31,86,0,86,68.61209302,31,86,0,86
1990,10,Bács-Kiskun,11.17782340,31,99,0,99,46.52464646,31,99,0,99
1990,10,Békés,11.07751083,31,67,0,67,41.50701493,31,67,0,67
1990,10,Csongrád-Csanád,11.49992608,31,48,0,48,36.72208333,31,48,0,48
1990,10,Fejér,10.49244338,31,47,0,47,57.53787234,31,47,0,47
1990,10,Győr-Moson-Sopron,10.49536290,31,48,0,48,62.55354167,31,48,0,48
1990,10,Hajdú-Bihar,10.28176179,31,78,0,78,54.01871795,31,78,0,78
1990,10,Heves,9.83437683,31,44,0,44,79.27613636,31,44,0,44
1990,10,Jász-Nagykun-Szolnok,10.59062619,31,68,0,68,58.88294118,31,68,0,68
1990,10,Komárom-Esztergom,10.38710790,31,29,0,29,71.00862069,31,29,0,29
1990,10,Nógrád,8.83161290,31,28,0,28,79.73857143,31,28,0,28
1990,10,Pest,10.26648602,31,75,0,75,66.95200000,31,75,0,75
1990,10,Somogy,10.73560369,31,70,0,70,64.16042857,31,70,0,70
1990,10,Szabolcs-Szatmár-Bereg,9.80932303,31,71,0,71,50.40014085,31,71,0,71
1990,10,Tolna,11.29674419,31,43,0,43,53.23348837,31,43,0,43
1990,10,Vas,9.95534457,31,44,0,44,72.73522727,31,44,0,44
1990,10,Veszprém,10.43612903,31,54,0,54,59.52685185,31,54,0,54
1990,10,Zala,10.33277126,31,44,0,44,78.86636364,31,44,0,44
1990,11,Baranya,6.02507407,30,54,0,54,67.80648148,30,54,0,54
1990,11,Borsod-Abaúj-Zemplén,5.00782171,30,86,0,86,39.14453488,30,86,0,86
1990,11,Bács-Kiskun,5.92500337,30,99,0,99,53.03505051,30,99,0,99
1990,11,Békés,6.22825871,30,67,0,67,41.64865672,30,67,0,67
1990,11,Csongrád-Csanád,6.27073611,30,48,0,48,43.70041667,30,48,0,48
1990,11,Fejér,5.56144681,30,47,0,47,41.34148936,30,47,0,47
1990,11,Győr-Moson-Sopron,5.76032639,30,48,0,48,38.61312500,30,48,0,48
1990,11,Hajdú-Bihar,5.72294444,30,78,0,78,42.76487179,30,78,0,78
1990,11,Heves,5.10055303,30,44,0,44,32.55772727,30,44,0,44
1990,11,Jász-Nagykun-Szolnok,5.82480392,30,68,0,68,38.64647059,30,68,0,68
1990,11,Komárom-Esztergom,5.52762069,30,29,0,29,47.43655172,30,29,0,29
1990,11,Nógrád,4.72938095,30,28,0,28,45.16750000,30,28,0,28
1990,11,Pest,5.42252444,30,75,0,75,42.75733333,30,75,0,75
1990,11,Somogy,5.98206667,30,70,0,70,66.95642857,30,70,0,70
1990,11,Szabolcs-Szatmár-Bereg,5.40260094,30,71,0,71,39.22633803,30,71,0,71
1990,11,Tolna,6.04186822,30,43,0,43,62.47837209,30,43,0,43
1990,11,Vas,5.25235606,30,44,0,44,59.23431818,30,44,0,44
1990,11,Veszprém,5.51448148,30,54,0,54,49.83814815,30,54,0,54
1990,11,Zala,5.64362121,30,44,0,44,59.78318182,30,44,0,44
1990,12,Baranya,0.61059140,31,54,0,54,33.40888889,31,54,0,54
1990,12,Borsod-Abaúj-Zemplén,-0.54767817,31,86,0,86,41.07069767,31,86,0,86
1990,12,Bács-Kiskun,0.46888889,31,99,0,99,42.54868687,31,99,0,99
1990,12,Békés,0.87705826,31,67,0,67,66.93179104,31,67,0,67
1990,12,Csongrád-Csanád,0.79301075,31,48,0,48,60.02833333,31,48,0,48
1990,12,Fejér,0.05787234,31,47,0,47,35.79893617,31,47,0,47
1990,12,Győr-Moson-Sopron,-0.09096774,31,48,0,48,51.09895833,31,48,0,48
1990,12,Hajdú-Bihar,0.41954094,31,78,0,78,52.28089744,31,78,0,78
1990,12,Heves,-0.49362903,31,44,0,44,44.96090909,31,44,0,44
1990,12,Jász-Nagykun-Szolnok,0.41400854,31,68,0,68,48.53808824,31,68,0,68
1990,12,Komárom-Esztergom,-0.53568409,31,29,0,29,35.45310345,31,29,0,29
1990,12,Nógrád,-1.47562212,31,28,0,28,40.60607143,31,28,0,28
1990,12,Pest,-0.19874839,31,75,0,75,40.37026667,31,75,0,75
1990,12,Somogy,0.32825346,31,70,0,70,46.21300000,31,70,0,70
1990,12,Szabolcs-Szatmár-Bereg,0.13310313,31,71,0,71,50.82788732,31,71,0,71
1990,12,Tolna,0.51729182,31,43,0,43,36.95000000,31,43,0,43
1990,12,Vas,-0.42211144,31,44,0,44,54.98863636,31,44,0,44
1990,12,Veszprém,-0.34219235,31,54,0,54,51.13037037,31,54,0,54
1990,12,Zala,-0.10002933,31,44,0,44,56.18613636,31,44,0,44
1991,1,Baranya,1.14996416,31,54,0,54,19.53222222,31,54,0,54
1991,1,Borsod-Abaúj-Zemplén,-1.25654164,31,86,0,86,4.49267442,31,86,0,86
1991,1,Bács-Kiskun,0.38224829,31,99,0,99,6.36464646,31,99,0,99
1991,1,Békés,0.03025036,31,67,0,67,9.67268657,31,67,0,67
1991,1,Csongrád-Csanád,0.19979167,31,48,0,48,9.24020833,31,48,0,48
1991,1,Fejér,0.08361702,31,47,0,47,2.33914894,31,47,0,47
1991,1,Győr-Moson-Sopron,0.23733199,31,48,0,48,4.84895833,31,48,0,48
1991,1,Hajdú-Bihar,-0.17492556,31,78,0,78,6.46525641,31,78,0,78
1991,1,Heves,-1.03221408,31,44,0,44,3.25454545,31,44,0,44
1991,1,Jász-Nagykun-Szolnok,-0.11874288,31,68,0,68,5.59014706,31,68,0,68
1991,1,Komárom-Esztergom,-0.19122358,31,29,0,29,2.06137931,31,29,0,29
1991,1,Nógrád,-1.72101382,31,28,0,28,1.27857143,31,28,0,28
1991,1,Pest,-0.34395269,31,75,0,75,1.75600000,31,75,0,75
1991,1,Somogy,1.00300922,31,70,0,70,17.53785714,31,70,0,70
1991,1,Szabolcs-Szatmár-Bereg,-0.53378464,31,71,0,71,9.57901408,31,71,0,71
1991,1,Tolna,0.86436609,31,43,0,43,6.47116279,31,43,0,43
1991,1,Vas,0.08145161,31,44,0,44,10.99659091,31,44,0,44
1991,1,Veszprém,0.25017324,31,54,0,54,6.51833333,31,54,0,54
1991,1,Zala,0.57848240,31,44,0,44,21.29545455,31,44,0,44
1991,2,Baranya,-2.59986111,28,54,0,54,27.59259259,28,54,0,54
1991,2,Borsod-Abaúj-Zemplén,-3.91757060,28,86,0,86,60.51558140,28,86,0,86
1991,2,Bács-Kiskun,-3.09147908,28,99,0,99,28.98979798,28,99,0,99
1991,2,Békés,-2.80064499,28,67,0,67,26.50791045,28,67,0,67
1991,2,Csongrád-Csanád,-3.00334077,28,48,0,48,29.58166667,28,48,0,48
1991,2,Fejér,-3.26440729,28,47,0,47,29.22127660,28,47,0,47
1991,2,Győr-Moson-Sopron,-2.60850446,28,48,0,48,18.55541667,28,48,0,48
1991,2,Hajdú-Bihar,-2.73560440,28,78,0,78,41.09717949,28,78,0,78
1991,2,Heves,-3.89639610,28,44,0,44,53.19454545,28,44,0,44
1991,2,Jász-Nagykun-Szolnok,-3.28986870,28,68,0,68,38.35779412,28,68,0,68
1991,2,Komárom-Esztergom,-3.13112069,28,29,0,29,27.34000000,28,29,0,29
1991,2,Nógrád,-4.57750000,28,28,0,28,55.47464286,28,28,0,28
1991,2,Pest,-3.33900000,28,75,0,75,39.36466667,28,75,0,75
1991,2,Somogy,-2.99795408,28,70,0,70,29.03485714,28,70,0,70
1991,2,Szabolcs-Szatmár-Bereg,-2.65038229,28,71,0,71,45.38873239,28,71,0,71
1991,2,Tolna,-2.94928571,28,43,0,43,27.30697674,28,43,0,43
1991,2,Vas,-2.83249188,28,44,0,44,27.66931818,28,44,0,44
1991,2,Veszprém,-3.09828704,28,54,0,54,21.52833333,28,54,0,54
1991,2,Zala,-3.00744318,28,44,0,44,28.81136364,28,44,0,44
1991,3,Baranya,7.72211470,31,54,0,54,26.63555556,31,54,0,54
1991,3,Borsod-Abaúj-Zemplén,6.32670293,31,86,0,86,10.23953488,31,86,0,86
1991,3,Bács-Kiskun,7.42769306,31,99,0,99,27.87595960,31,99,0,99
1991,3,Békés,7.38597015,31,67,0,67,30.11850746,31,67,0,67
1991,3,Csongrád-Csanád,7.42514785,31,48,0,48,32.36604167,31,48,0,48
1991,3,Fejér,6.99212080,31,47,0,47,25.86787234,31,47,0,47
1991,3,Győr-Moson-Sopron,7.01698253,31,48,0,48,25.09916667,31,48,0,48
1991,3,Hajdú-Bihar,7.29890819,31,78,0,78,15.73653846,31,78,0,78
1991,3,Heves,6.48051320,31,44,0,44,16.92681818,31,44,0,44
1991,3,Jász-Nagykun-Szolnok,7.13487666,31,68,0,68,21.41102941,31,68,0,68
1991,3,Komárom-Esztergom,6.87731924,31,29,0,29,22.10172414,31,29,0,29
1991,3,Nógrád,5.69376728,31,28,0,28,17.47428571,31,28,0,28
1991,3,Pest,6.91931613,31,75,0,75,26.53973333,31,75,0,75
1991,3,Somogy,7.24929493,31,70,0,70,25.64557143,31,70,0,70
1991,3,Szabolcs-Szatmár-Bereg,7.24936393,31,71,0,71,11.08380282,31,71,0,71
1991,3,Tolna,7.43577644,31,43,0,43,23.56139535,31,43,0,43
1991,3,Vas,6.73085044,31,44,0,44,23.52590909,31,44,0,44
1991,3,Veszprém,6.66400239,31,54,0,54,29.44333333,31,54,0,54
1991,3,Zala,7.04846041,31,44,0,44,22.71795455,31,44,0,44
1991,4,Baranya,9.07289506,30,54,0,54,39.42055556,30,54,0,54
1991,4,Borsod-Abaúj-Zemplén,8.50061628,30,86,0,86,60.99267442,30,86,0,86
1991,4,Bács-Kiskun,9.23807744,30,99,0,99,45.43878788,30,99,0,99
1991,4,Békés,9.62723881,30,67,0,67,58.14089552,30,67,0,67
1991,4,Csongrád-Csanád,9.50648611,30,48,0,48,63.96312500,30,48,0,48
1991,4,Fejér,8.98603546,30,47,0,47,31.26021277,30,47,0,47
1991,4,Győr-Moson-Sopron,8.96468056,30,48,0,48,19.95062500,30,48,0,48
1991,4,Hajdú-Bihar,9.66195299,30,78,0,78,52.15076923,30,78,0,78
1991,4,Heves,8.45537121,30,44,0,44,53.08045455,30,44,0,44
1991,4,Jász-Nagykun-Szolnok,9.43293627,30,68,0,68,52.80088235,30,68,0,68
1991,4,Komárom-Esztergom,8.53186207,30,29,0,29,30.71275862,30,29,0,29
1991,4,Nógrád,7.22650000,30,28,0,28,36.57035714,30,28,0,28
1991,4,Pest,8.91010222,30,75,0,75,39.26813333,30,75,0,75
1991,4,Somogy,8.85304286,30,70,0,70,33.67071429,30,70,0,70
1991,4,Szabolcs-Szatmár-Bereg,9.61738967,30,71,0,71,46.73211268,30,71,0,71
1991,4,Tolna,9.17670543,30,43,0,43,36.47790698,30,43,0,43
1991,4,Vas,8.46899242,30,44,0,44,29.59863636,30,44,0,44
1991,4,Veszprém,8.61409259,30,54,0,54,29.72574074,30,54,0,54
1991,4,Zala,8.60782576,30,44,0,44,29.81659091,30,44,0,44
1991,5,Baranya,12.32139188,31,54,0,54,88.12962963,31,54,0,54
1991,5,Borsod-Abaúj-Zemplén,12.11858215,31,86,0,86,64.78290698,31,86,0,86
1991,5,Bács-Kiskun,12.79515477,31,99,0,99,91.15989899,31,99,0,99
1991,5,Békés,12.98707752,31,67,0,67,101.19432836,31,67,0,67
1991,5,Csongrád-Csanád,12.95971102,31,48,0,48,101.11208333,31,48,0,48
1991,5,Fejér,12.42688401,31,47,0,47,73.47425532,31,47,0,47
1991,5,Győr-Moson-Sopron,11.85882392,31,48,0,48,93.22750000,31,48,0,48
1991,5,Hajdú-Bihar,12.95729942,31,78,0,78,96.83000000,31,78,0,78
1991,5,Heves,12.01083578,31,44,0,44,70.33181818,31,44,0,44
1991,5,Jász-Nagykun-Szolnok,12.88043169,31,68,0,68,82.37750000,31,68,0,68
1991,5,Komárom-Esztergom,11.79253615,31,29,0,29,73.03689655,31,29,0,29
1991,5,Nógrád,11.04432028,31,28,0,28,59.85250000,31,28,0,28
1991,5,Pest,12.33060645,31,75,0,75,74.12573333,31,75,0,75
1991,5,Somogy,12.16272811,31,70,0,70,81.32328571,31,70,0,70
1991,5,Szabolcs-Szatmár-Bereg,12.86688323,31,71,0,71,97.80070423,31,71,0,71
1991,5,Tolna,12.73641410,31,43,0,43,82.76488372,31,43,0,43
1991,5,Vas,11.52046188,31,44,0,44,91.58840909,31,44,0,44
1991,5,Veszprém,11.52574671,31,54,0,54,76.67370370,31,54,0,54
1991,5,Zala,11.78298387,31,44,0,44,88.41431818,31,44,0,44
1991,6,Baranya,19.17080247,30,54,0,54,27.67555556,30,54,0,54
1991,6,Borsod-Abaúj-Zemplén,17.87694961,30,86,0,86,57.77860465,30,86,0,86
1991,6,Bács-Kiskun,19.38150842,30,99,0,99,32.54919192,30,99,0,99
1991,6,Békés,19.59858209,30,67,0,67,26.38089552,30,67,0,67
1991,6,Csongrád-Csanád,19.58472222,30,48,0,48,25.91020833,30,48,0,48
1991,6,Fejér,18.62332624,30,47,0,47,35.12276596,30,47,0,47
1991,6,Győr-Moson-Sopron,17.76371528,30,48,0,48,67.84145833,30,48,0,48
1991,6,Hajdú-Bihar,19.09557692,30,78,0,78,27.92102564,30,78,0,78
1991,6,Heves,18.13560606,30,44,0,44,56.62227273,30,44,0,44
1991,6,Jász-Nagykun-Szolnok,19.31166176,30,68,0,68,28.88617647,30,68,0,68
1991,6,Komárom-Esztergom,17.81889655,30,29,0,29,50.59724138,30,29,0,29
1991,6,Nógrád,17.08594048,30,28,0,28,70.34392857,30,28,0,28
1991,6,Pest,18.60838667,30,75,0,75,44.49506667,30,75,0,75
1991,6,Somogy,18.55841905,30,70,0,70,38.05528571,30,70,0,70
1991,6,Szabolcs-Szatmár-Bereg,18.61610798,30,71,0,71,60.54971831,30,71,0,71
1991,6,Tolna,19.23095349,30,43,0,43,33.50441860,30,43,0,43
1991,6,Vas,17.37806818,30,44,0,44,100.23318182,30,44,0,44
1991,6,Veszprém,17.74693827,30,54,0,54,53.34277778,30,54,0,54
1991,6,Zala,17.88046970,30,44,0,44,61.29750000,30,44,0,44
1991,7,Baranya,21.77960573,31,54,0,54,139.49203704,31,54,0,54
1991,7,Borsod-Abaúj-Zemplén,21.17180420,31,86,0,86,112.42116279,31,86,0,86
1991,7,Bács-Kiskun,22.42193548,31,99,0,99,121.05464646,31,99,0,99
1991,7,Békés,22.41358209,31,67,0,67,111.38731343,31,67,0,67
1991,7,Csongrád-Csanád,22.61113575,31,48,0,48,109.47458333,31,48,0,48
1991,7,Fejér,22.13402196,31,47,0,47,103.26723404,31,47,0,47
1991,7,Győr-Moson-Sopron,21.42320565,31,48,0,48,101.94270833,31,48,0,48
1991,7,Hajdú-Bihar,22.29533912,31,78,0,78,108.43115385,31,78,0,78
1991,7,Heves,21.45520528,31,44,0,44,132.90704545,31,44,0,44
1991,7,Jász-Nagykun-Szolnok,22.38961101,31,68,0,68,139.96088235,31,68,0,68
1991,7,Komárom-Esztergom,21.30620690,31,29,0,29,96.06896552,31,29,0,29
1991,7,Nógrád,20.34418203,31,28,0,28,138.03785714,31,28,0,28
1991,7,Pest,22.05867097,31,75,0,75,128.72146667,31,75,0,75
1991,7,Somogy,21.74789862,31,70,0,70,131.76085714,31,70,0,70
1991,7,Szabolcs-Szatmár-Bereg,22.02077692,31,71,0,71,108.69380282,31,71,0,71
1991,7,Tolna,22.20704426,31,43,0,43,118.60232558,31,43,0,43
1991,7,Vas,20.92442082,31,44,0,44,120.78863636,31,44,0,44
1991,7,Veszprém,21.26731183,31,54,0,54,114.06370370,31,54,0,54
1991,7,Zala,21.25146628,31,44,0,44,124.44045455,31,44,0,44
1991,8,Baranya,20.03722222,31,54,0,54,69.38537037,31,54,0,54
1991,8,Borsod-Abaúj-Zemplén,19.05876969,31,86,0,86,37.20151163,31,86,0,86
1991,8,Bács-Kiskun,20.31239818,31,99,0,99,80.39060606,31,99,0,99
1991,8,Békés,20.09899374,31,67,0,67,48.33626866,31,67,0,67
1991,8,Csongrád-Csanád,20.45813844,31,48,0,48,54.83479167,31,48,0,48
1991,8,Fejér,20.08675360,31,47,0,47,60.36234043,31,47,0,47
1991,8,Győr-Moson-Sopron,19.96280242,31,48,0,48,18.08562500,31,48,0,48
1991,8,Hajdú-Bihar,19.79679901,31,78,0,78,38.20858974,31,78,0,78
1991,8,Heves,19.31172287,31,44,0,44,43.88977273,31,44,0,44
1991,8,Jász-Nagykun-Szolnok,20.17146110,31,68,0,68,39.37441176,31,68,0,68
1991,8,Komárom-Esztergom,19.49996663,31,29,0,29,34.59689655,31,29,0,29
1991,8,Nógrád,18.24844470,31,28,0,28,66.63464286,31,28,0,28
1991,8,Pest,19.78645591,31,75,0,75,61.59920000,31,75,0,75
1991,8,Somogy,20.09065899,31,70,0,70,53.68942857,31,70,0,70
1991,8,Szabolcs-Szatmár-Bereg,19.67177647,31,71,0,71,53.42718310,31,71,0,71
1991,8,Tolna,20.24268567,31,43,0,43,64.18697674,31,43,0,43
1991,8,Vas,19.62196481,31,44,0,44,34.00250000,31,44,0,44
1991,8,Veszprém,19.85049582,31,54,0,54,35.59907407,31,54,0,54
1991,8,Zala,19.80641496,31,44,0,44,51.21000000,31,44,0,44
1991,9,Baranya,16.86043827,30,54,0,54,44.13481481,30,54,0,54
1991,9,Borsod-Abaúj-Zemplén,15.78560465,30,86,0,86,21.51093023,30,86,0,86
1991,9,Bács-Kiskun,16.83569024,30,99,0,99,21.93696970,30,99,0,99
1991,9,Békés,17.09583085,30,67,0,67,26.90776119,30,67,0,67
1991,9,Csongrád-Csanád,17.21816667,30,48,0,48,22.69208333,30,48,0,48
1991,9,Fejér,16.63787234,30,47,0,47,12.45893617,30,47,0,47
1991,9,Győr-Moson-Sopron,16.66691667,30,48,0,48,31.35604167,30,48,0,48
1991,9,Hajdú-Bihar,16.64650855,30,78,0,78,19.03641026,30,78,0,78
1991,9,Heves,16.12834848,30,44,0,44,13.22295455,30,44,0,44
1991,9,Jász-Nagykun-Szolnok,16.98713725,30,68,0,68,14.19352941,30,68,0,68
1991,9,Komárom-Esztergom,16.27141379,30,29,0,29,13.86068966,30,29,0,29
1991,9,Nógrád,15.00490476,30,28,0,28,10.51357143,30,28,0,28
1991,9,Pest,16.45742667,30,75,0,75,10.09440000,30,75,0,75
1991,9,Somogy,16.71818095,30,70,0,70,52.58171429,30,70,0,70
1991,9,Szabolcs-Szatmár-Bereg,16.11290610,30,71,0,71,25.60126761,30,71,0,71
1991,9,Tolna,16.93988372,30,43,0,43,36.97767442,30,43,0,43
1991,9,Vas,16.27884848,30,44,0,44,53.78409091,30,44,0,44
1991,9,Veszprém,16.46068519,30,54,0,54,23.15148148,30,54,0,54
1991,9,Zala,16.44052273,30,44,0,44,61.71727273,30,44,0,44
1991,10,Baranya,9.38099761,31,54,0,54,110.78388889,31,54,0,54
1991,10,Borsod-Abaúj-Zemplén,8.71737434,31,86,0,86,103.00546512,31,86,0,86
1991,10,Bács-Kiskun,9.84921799,31,99,0,99,85.91939394,31,99,0,99
1991,10,Békés,10.05633125,31,67,0,67,121.09298507,31,67,0,67
1991,10,Csongrád-Csanád,10.28169355,31,48,0,48,97.52750000,31,48,0,48
1991,10,Fejér,9.39803020,31,47,0,47,71.99148936,31,47,0,47
1991,10,Győr-Moson-Sopron,9.03264113,31,48,0,48,36.42062500,31,48,0,48
1991,10,Hajdú-Bihar,9.59376758,31,78,0,78,100.69820513,31,78,0,78
1991,10,Heves,8.85338710,31,44,0,44,108.74204545,31,44,0,44
1991,10,Jász-Nagykun-Szolnok,9.81918880,31,68,0,68,106.92147059,31,68,0,68
1991,10,Komárom-Esztergom,9.01446051,31,29,0,29,50.02241379,31,29,0,29
1991,10,Nógrád,7.78478111,31,28,0,28,72.15357143,31,28,0,28
1991,10,Pest,9.30366882,31,75,0,75,73.73240000,31,75,0,75
1991,10,Somogy,8.99842857,31,70,0,70,101.49585714,31,70,0,70
1991,10,Szabolcs-Szatmár-Bereg,9.31952749,31,71,0,71,91.79253521,31,71,0,71
1991,10,Tolna,9.59397599,31,43,0,43,91.40488372,31,43,0,43
1991,10,Vas,8.41835777,31,44,0,44,52.38181818,31,44,0,44
1991,10,Veszprém,9.01634409,31,54,0,54,70.04740741,31,54,0,54
1991,10,Zala,8.65511730,31,44,0,44,89.73113636,31,44,0,44
1991,11,Baranya,5.87859259,30,54,0,54,71.55537037,30,54,0,54
1991,11,Borsod-Abaúj-Zemplén,4.56891473,30,86,0,86,63.45674419,30,86,0,86
1991,11,Bács-Kiskun,5.86046128,30,99,0,99,49.75505051,30,99,0,99
1991,11,Békés,5.88446269,30,67,0,67,40.39014925,30,67,0,67
1991,11,Csongrád-Csanád,6.06487500,30,48,0,48,40.48812500,30,48,0,48
1991,11,Fejér,5.22997872,30,47,0,47,78.67659574,30,47,0,47
1991,11,Győr-Moson-Sopron,5.15386111,30,48,0,48,105.64666667,30,48,0,48
1991,11,Hajdú-Bihar,5.51655128,30,78,0,78,42.72487179,30,78,0,78
1991,11,Heves,4.70608333,30,44,0,44,75.36477273,30,44,0,44
1991,11,Jász-Nagykun-Szolnok,5.58547549,30,68,0,68,47.58029412,30,68,0,68
1991,11,Komárom-Esztergom,4.97525287,30,29,0,29,99.58206897,30,29,0,29
1991,11,Nógrád,4.10077381,30,28,0,28,81.00035714,30,28,0,28
1991,11,Pest,5.17775111,30,75,0,75,71.22946667,30,75,0,75
1991,11,Somogy,5.44942381,30,70,0,70,104.30614286,30,70,0,70
1991,11,Szabolcs-Szatmár-Bereg,5.33877465,30,71,0,71,38.19760563,30,71,0,71
1991,11,Tolna,5.76038760,30,43,0,43,67.76511628,30,43,0,43
1991,11,Vas,4.81175758,30,44,0,44,117.34500000,30,44,0,44
1991,11,Veszprém,4.98893827,30,54,0,54,105.98314815,30,54,0,54
1991,11,Zala,5.23059848,30,44,0,44,123.72090909,30,44,0,44
1991,12,Baranya,-1.06498208,31,54,0,54,16.88685185,31,54,0,54
1991,12,Borsod-Abaúj-Zemplén,-4.13107652,31,86,0,86,37.02476744,31,86,0,86
1991,12,Bács-Kiskun,-1.76798631,31,99,0,99,21.13343434,31,99,0,99
1991,12,Békés,-3.46473279,31,67,0,67,32.00761194,31,67,0,67
1991,12,Csongrád-Csanád,-2.34041667,31,48,0,48,24.28270833,31,48,0,48
1991,12,Fejér,-1.47804393,31,47,0,47,22.29531915,31,47,0,47
1991,12,Győr-Moson-Sopron,-1.01508065,31,48,0,48,37.92125000,31,48,0,48
1991,12,Hajdú-Bihar,-4.01678660,31,78,0,78,37.25897436,31,78,0,78
1991,12,Heves,-3.64876100,31,44,0,44,30.87227273,31,44,0,44
1991,12,Jász-Nagykun-Szolnok,-3.28819734,31,68,0,68,32.15058824,31,68,0,68
1991,12,Komárom-Esztergom,-1.79894327,31,29,0,29,30.20724138,31,29,0,29
1991,12,Nógrád,-3.68832949,31,28,0,28,28.49321429,31,28,0,28
1991,12,Pest,-2.27236559,31,75,0,75,27.57266667,31,75,0,75
1991,12,Somogy,-1.05620737,31,70,0,70,16.29571429,31,70,0,70
1991,12,Szabolcs-Szatmár-Bereg,-3.77008178,31,71,0,71,40.92521127,31,71,0,71
1991,12,Tolna,-1.12969242,31,43,0,43,17.33790698,31,43,0,43
1991,12,Vas,-1.56750733,31,44,0,44,30.81477273,31,44,0,44
1991,12,Veszprém,-1.39039427,31,54,0,54,27.59129630,31,54,0,54
1991,12,Zala,-1.52952346,31,44,0,44,23.94250000,31,44,0,44
1992,1,Baranya,1.22112306,31,54,0,54,7.83981481,31,54,0,54
1992,1,Borsod-Abaúj-Zemplén,-2.83352963,31,86,0,86,6.73430233,31,86,0,86
1992,1,Bács-Kiskun,0.68513848,31,99,0,99,4.24828283,31,99,0,99
1992,1,Békés,-1.22671642,31,67,0,67,12.68223881,31,67,0,67
1992,1,Csongrád-Csanád,0.07199597,31,48,0,48,4.99125000,31,48,0,48
1992,1,Fejér,0.85865477,31,47,0,47,8.72000000,31,47,0,47
1992,1,Győr-Moson-Sopron,1.28221102,31,48,0,48,19.57208333,31,48,0,48
1992,1,Hajdú-Bihar,-2.14536807,31,78,0,78,10.91576923,31,78,0,78
1992,1,Heves,-1.76953812,31,44,0,44,7.07613636,31,44,0,44
1992,1,Jász-Nagykun-Szolnok,-1.34664611,31,68,0,68,8.37382353,31,68,0,68
1992,1,Komárom-Esztergom,0.58037820,31,29,0,29,19.27068966,31,29,0,29
1992,1,Nógrád,-1.39824885,31,28,0,28,9.65607143,31,28,0,28
1992,1,Pest,-0.07874409,31,75,0,75,9.62546667,31,75,0,75
1992,1,Somogy,1.05919816,31,70,0,70,8.02671429,31,70,0,70
1992,1,Szabolcs-Szatmár-Bereg,-2.57504771,31,71,0,71,16.08929577,31,71,0,71
1992,1,Tolna,1.24663166,31,43,0,43,5.10116279,31,43,0,43
1992,1,Vas,0.82576979,31,44,0,44,11.57613636,31,44,0,44
1992,1,Veszprém,0.66561529,31,54,0,54,14.32370370,31,54,0,54
1992,1,Zala,0.73131965,31,44,0,44,9.70431818,31,44,0,44
1992,2,Baranya,3.50625798,29,54,0,54,28.94055556,29,54,0,54
1992,2,Borsod-Abaúj-Zemplén,0.38788693,29,86,0,86,8.21662791,29,86,0,86
1992,2,Bács-Kiskun,3.11405782,29,99,0,99,14.23515152,29,99,0,99
1992,2,Békés,1.72662892,29,67,0,67,15.72059701,29,67,0,67
1992,2,Csongrád-Csanád,2.80315374,29,48,0,48,15.09458333,29,48,0,48
1992,2,Fejér,3.07631695,29,47,0,47,12.24659574,29,47,0,47
1992,2,Győr-Moson-Sopron,3.26463362,29,48,0,48,19.35208333,29,48,0,48
1992,2,Hajdú-Bihar,0.96765694,29,78,0,78,11.87666667,29,78,0,78
1992,2,Heves,1.33778997,29,44,0,44,6.36977273,29,44,0,44
1992,2,Jász-Nagykun-Szolnok,2.13345335,29,68,0,68,11.87573529,29,68,0,68
1992,2,Komárom-Esztergom,2.76598098,29,29,0,29,15.75206897,29,29,0,29
1992,2,Nógrád,1.08330049,29,28,0,28,4.56714286,29,28,0,28
1992,2,Pest,2.52397241,29,75,0,75,9.29946667,29,75,0,75
1992,2,Somogy,3.38890148,29,70,0,70,27.51042857,29,70,0,70
1992,2,Szabolcs-Szatmár-Bereg,0.36986887,29,71,0,71,14.01070423,29,71,0,71
1992,2,Tolna,3.36362470,29,43,0,43,14.97860465,29,43,0,43
1992,2,Vas,2.94730408,29,44,0,44,21.26613636,29,44,0,44
1992,2,Veszprém,2.80102171,29,54,0,54,30.20648148,29,54,0,54
1992,2,Zala,3.04791536,29,44,0,44,23.51318182,29,44,0,44
1992,3,Baranya,6.28198925,31,54,0,54,35.77851852,31,54,0,54
1992,3,Borsod-Abaúj-Zemplén,4.60714929,31,86,0,86,23.77872093,31,86,0,86
1992,3,Bács-Kiskun,6.20566960,31,99,0,99,10.34111111,31,99,0,99
1992,3,Békés,5.85359653,31,67,0,67,3.26298507,31,67,0,67
1992,3,Csongrád-Csanád,6.32430780,31,48,0,48,2.02750000,31,48,0,48
1992,3,Fejér,5.90608099,31,47,0,47,39.21808511,31,47,0,47
1992,3,Győr-Moson-Sopron,5.60211694,31,48,0,48,62.56520833,31,48,0,48
1992,3,Hajdú-Bihar,5.41197270,31,78,0,78,9.82538462,31,78,0,78
1992,3,Heves,4.91797654,31,44,0,44,27.38000000,31,44,0,44
1992,3,Jász-Nagykun-Szolnok,5.74506167,31,68,0,68,11.88073529,31,68,0,68
1992,3,Komárom-Esztergom,5.58484983,31,29,0,29,53.25000000,31,29,0,29
1992,3,Nógrád,4.21028802,31,28,0,28,51.77464286,31,28,0,28
1992,3,Pest,5.62003441,31,75,0,75,38.62066667,31,75,0,75
1992,3,Somogy,6.05059908,31,70,0,70,53.34757143,31,70,0,70
1992,3,Szabolcs-Szatmár-Bereg,5.31526124,31,71,0,71,14.26070423,31,71,0,71
1992,3,Tolna,6.24356339,31,43,0,43,28.15325581,31,43,0,43
1992,3,Vas,5.40024927,31,44,0,44,63.57363636,31,44,0,44
1992,3,Veszprém,5.60071087,31,54,0,54,55.02444444,31,54,0,54
1992,3,Zala,5.72129032,31,44,0,44,55.67931818,31,44,0,44
1992,4,Baranya,11.70009877,30,54,0,54,35.38203704,30,54,0,54
1992,4,Borsod-Abaúj-Zemplén,10.51181783,30,86,0,86,23.90116279,30,86,0,86
1992,4,Bács-Kiskun,11.97658923,30,99,0,99,18.69848485,30,99,0,99
1992,4,Békés,12.08346766,30,67,0,67,19.36358209,30,67,0,67
1992,4,Csongrád-Csanád,12.21991667,30,48,0,48,19.63645833,30,48,0,48
1992,4,Fejér,11.46529787,30,47,0,47,22.18148936,30,47,0,47
1992,4,Győr-Moson-Sopron,10.58885417,30,48,0,48,28.74750000,30,48,0,48
1992,4,Hajdú-Bihar,11.71874786,30,78,0,78,24.51192308,30,78,0,78
1992,4,Heves,10.91010606,30,44,0,44,7.67272727,30,44,0,44
1992,4,Jász-Nagykun-Szolnok,11.90207353,30,68,0,68,8.39102941,30,68,0,68
1992,4,Komárom-Esztergom,10.74758621,30,29,0,29,33.16620690,30,29,0,29
1992,4,Nógrád,9.83548810,30,28,0,28,13.71785714,30,28,0,28
1992,4,Pest,11.42599111,30,75,0,75,10.79253333,30,75,0,75
1992,4,Somogy,11.31915714,30,70,0,70,35.45028571,30,70,0,70
1992,4,Szabolcs-Szatmár-Bereg,11.31094366,30,71,0,71,34.39873239,30,71,0,71
1992,4,Tolna,11.79649612,30,43,0,43,23.22441860,30,43,0,43
1992,4,Vas,10.44023485,30,44,0,44,36.80840909,30,44,0,44
1992,4,Veszprém,10.80457407,30,54,0,54,38.26148148,30,54,0,54
1992,4,Zala,10.86988636,30,44,0,44,27.20909091,30,44,0,44
1992,5,Baranya,15.94068100,31,54,0,54,38.58462963,31,54,0,54
1992,5,Borsod-Abaúj-Zemplén,14.86033383,31,86,0,86,26.07581395,31,86,0,86
1992,5,Bács-Kiskun,16.37988596,31,99,0,99,20.66383838,31,99,0,99
1992,5,Békés,16.31644198,31,67,0,67,23.98343284,31,67,0,67
1992,5,Csongrád-Csanád,16.50213038,31,48,0,48,19.69145833,31,48,0,48
1992,5,Fejér,15.99500343,31,47,0,47,15.15106383,31,47,0,47
1992,5,Győr-Moson-Sopron,15.54862231,31,48,0,48,16.73791667,31,48,0,48
1992,5,Hajdú-Bihar,16.07066584,31,78,0,78,27.63923077,31,78,0,78
1992,5,Heves,15.39455279,31,44,0,44,26.14181818,31,44,0,44
1992,5,Jász-Nagykun-Szolnok,16.29827799,31,68,0,68,27.89838235,31,68,0,68
1992,5,Komárom-Esztergom,15.46421580,31,29,0,29,18.27172414,31,29,0,29
1992,5,Nógrád,14.42415899,31,28,0,28,27.14928571,31,28,0,28
1992,5,Pest,15.92953548,31,75,0,75,22.47866667,31,75,0,75
1992,5,Somogy,15.51581106,31,70,0,70,38.43300000,31,70,0,70
1992,5,Szabolcs-Szatmár-Bereg,15.60214448,31,71,0,71,29.74408451,31,71,0,71
1992,5,Tolna,16.23794449,31,43,0,43,23.62511628,31,43,0,43
1992,5,Vas,15.04337243,31,44,0,44,34.21931818,31,44,0,44
1992,5,Veszprém,15.16658303,31,54,0,54,25.46537037,31,54,0,54
1992,5,Zala,15.05937683,31,44,0,44,45.44227273,31,44,0,44
1992,6,Baranya,19.64597531,30,54,0,54,112.57925926,30,54,0,54
1992,6,Borsod-Abaúj-Zemplén,19.17341473,30,86,0,86,76.80139535,30,86,0,86
1992,6,Bács-Kiskun,20.16119865,30,99,0,99,112.88010101,30,99,0,99
1992,6,Békés,20.12996020,30,67,0,67,78.94119403,30,67,0,67
1992,6,Csongrád-Csanád,20.23491667,30,48,0,48,114.25875000,30,48,0,48
1992,6,Fejér,20.01998582,30,47,0,47,135.35170213,30,47,0,47
1992,6,Győr-Moson-Sopron,19.35580556,30,48,0,48,86.26312500,30,48,0,48
1992,6,Hajdú-Bihar,20.18658974,30,78,0,78,65.42384615,30,78,0,78
1992,6,Heves,19.46157576,30,44,0,44,55.88204545,30,44,0,44
1992,6,Jász-Nagykun-Szolnok,20.12124020,30,68,0,68,76.75764706,30,68,0,68
1992,6,Komárom-Esztergom,19.44725287,30,29,0,29,96.34379310,30,29,0,29
1992,6,Nógrád,18.68189286,30,28,0,28,63.70428571,30,28,0,28
1992,6,Pest,19.84611111,30,75,0,75,85.58786667,30,75,0,75
1992,6,Somogy,19.33966190,30,70,0,70,100.01171429,30,70,0,70
1992,6,Szabolcs-Szatmár-Bereg,20.10942254,30,71,0,71,70.85450704,30,71,0,71
1992,6,Tolna,20.03789147,30,43,0,43,121.19674419,30,43,0,43
1992,6,Vas,18.71559848,30,44,0,44,85.80886364,30,44,0,44
1992,6,Veszprém,19.22280247,30,54,0,54,94.72166667,30,54,0,54
1992,6,Zala,18.76211364,30,44,0,44,98.09227273,30,44,0,44
1992,7,Baranya,21.10284946,31,54,0,54,42.02722222,31,54,0,54
1992,7,Borsod-Abaúj-Zemplén,20.77137284,31,86,0,86,50.34895349,31,86,0,86
1992,7,Bács-Kiskun,21.87404040,31,99,0,99,30.56343434,31,99,0,99
1992,7,Békés,22.23651420,31,67,0,67,20.65597015,31,67,0,67
1992,7,Csongrád-Csanád,22.15216398,31,48,0,48,26.34395833,31,48,0,48
1992,7,Fejér,21.47927934,31,47,0,47,32.69574468,31,47,0,47
1992,7,Győr-Moson-Sopron,21.37721774,31,48,0,48,43.07687500,31,48,0,48
1992,7,Hajdú-Bihar,22.03545079,31,78,0,78,29.62384615,31,78,0,78
1992,7,Heves,21.43562317,31,44,0,44,28.60363636,31,44,0,44
1992,7,Jász-Nagykun-Szolnok,22.26390417,31,68,0,68,17.20764706,31,68,0,68
1992,7,Komárom-Esztergom,20.84146830,31,29,0,29,50.33310345,31,29,0,29
1992,7,Nógrád,20.31135945,31,28,0,28,47.98857143,31,28,0,28
1992,7,Pest,21.74491183,31,75,0,75,29.17200000,31,75,0,75
1992,7,Somogy,20.92681567,31,70,0,70,35.83757143,31,70,0,70
1992,7,Szabolcs-Szatmár-Bereg,21.83258519,31,71,0,71,47.65788732,31,71,0,71
1992,7,Tolna,21.46364591,31,43,0,43,40.96627907,31,43,0,43
1992,7,Vas,20.99845308,31,44,0,44,32.76931818,31,44,0,44
1992,7,Veszprém,21.01152927,31,54,0,54,53.55333333,31,54,0,54
1992,7,Zala,20.64169355,31,44,0,44,45.72818182,31,44,0,44
1992,8,Baranya,24.49833333,31,54,0,54,17.15481481,31,54,0,54
1992,8,Borsod-Abaúj-Zemplén,23.86203301,31,86,0,86,14.00790698,31,86,0,86
1992,8,Bács-Kiskun,25.06591724,31,99,0,99,14.49141414,31,99,0,99
1992,8,Békés,25.52385171,31,67,0,67,15.32194030,31,67,0,67
1992,8,Csongrád-Csanád,25.60317876,31,48,0,48,7.04645833,31,48,0,48
1992,8,Fejér,24.75353466,31,47,0,47,4.65808511,31,47,0,47
1992,8,Győr-Moson-Sopron,24.57662634,31,48,0,48,4.00687500,31,48,0,48
1992,8,Hajdú-Bihar,25.18991729,31,78,0,78,6.63820513,31,78,0,78
1992,8,Heves,24.54761730,31,44,0,44,9.51136364,31,44,0,44
1992,8,Jász-Nagykun-Szolnok,25.58221063,31,68,0,68,6.05750000,31,68,0,68
1992,8,Komárom-Esztergom,24.10367075,31,29,0,29,1.72206897,31,29,0,29
1992,8,Nógrád,23.01744240,31,28,0,28,4.28750000,31,28,0,28
1992,8,Pest,24.82982366,31,75,0,75,7.67146667,31,75,0,75
1992,8,Somogy,24.01088018,31,70,0,70,11.83085714,31,70,0,70
1992,8,Szabolcs-Szatmár-Bereg,24.58346661,31,71,0,71,8.39507042,31,71,0,71
1992,8,Tolna,24.81906227,31,43,0,43,7.59976744,31,43,0,43
1992,8,Vas,24.17996334,31,44,0,44,8.30840909,31,44,0,44
1992,8,Veszprém,24.42609916,31,54,0,54,4.53148148,31,54,0,54
1992,8,Zala,23.68931085,31,44,0,44,10.66045455,31,44,0,44
1992,9,Baranya,16.73608642,30,54,0,54,25.35611111,30,54,0,54
1992,9,Borsod-Abaúj-Zemplén,14.71137597,30,86,0,86,33.39337209,30,86,0,86
1992,9,Bács-Kiskun,16.36733333,30,99,0,99,32.47181818,30,99,0,99
1992,9,Békés,16.43808458,30,67,0,67,47.05373134,30,67,0,67
1992,9,Csongrád-Csanád,16.79638889,30,48,0,48,43.14062500,30,48,0,48
1992,9,Fejér,16.17987234,30,47,0,47,31.27212766,30,47,0,47
1992,9,Győr-Moson-Sopron,16.33290278,30,48,0,48,45.88458333,30,48,0,48
1992,9,Hajdú-Bihar,15.69411538,30,78,0,78,46.27512821,30,78,0,78
1992,9,Heves,15.30446970,30,44,0,44,31.94750000,30,44,0,44
1992,9,Jász-Nagykun-Szolnok,16.14209804,30,68,0,68,41.24176471,30,68,0,68
1992,9,Komárom-Esztergom,15.85332184,30,29,0,29,35.69344828,30,29,0,29
1992,9,Nógrád,14.13911905,30,28,0,28,39.00071429,30,28,0,28
1992,9,Pest,15.74833778,30,75,0,75,35.35640000,30,75,0,75
1992,9,Somogy,16.23054286,30,70,0,70,46.00442857,30,70,0,70
1992,9,Szabolcs-Szatmár-Bereg,15.19377934,30,71,0,71,71.35380282,30,71,0,71
1992,9,Tolna,16.62275969,30,43,0,43,23.37302326,30,43,0,43
1992,9,Vas,15.99489394,30,44,0,44,58.35613636,30,44,0,44
1992,9,Veszprém,16.16431481,30,54,0,54,43.96185185,30,54,0,54
1992,9,Zala,15.98018182,30,44,0,44,53.67909091,30,44,0,44
1992,10,Baranya,10.40182198,31,54,0,54,141.05500000,31,54,0,54
1992,10,Borsod-Abaúj-Zemplén,8.49509002,31,86,0,86,80.67976744,31,86,0,86
1992,10,Bács-Kiskun,10.36667318,31,99,0,99,108.99010101,31,99,0,99
1992,10,Békés,10.60925373,31,67,0,67,84.93328358,31,67,0,67
1992,10,Csongrád-Csanád,10.82889113,31,48,0,48,93.79500000,31,48,0,48
1992,10,Fejér,9.77398765,31,47,0,47,91.40808511,31,47,0,47
1992,10,Győr-Moson-Sopron,9.27012769,31,48,0,48,76.74708333,31,48,0,48
1992,10,Hajdú-Bihar,9.87913978,31,78,0,78,77.78679487,31,78,0,78
1992,10,Heves,8.92749267,31,44,0,44,70.63477273,31,44,0,44
1992,10,Jász-Nagykun-Szolnok,10.06594402,31,68,0,68,81.73441176,31,68,0,68
1992,10,Komárom-Esztergom,9.30065628,31,29,0,29,67.71793103,31,29,0,29
1992,10,Nógrád,8.02065668,31,28,0,28,62.51178571,31,28,0,28
1992,10,Pest,9.52430108,31,75,0,75,76.03773333,31,75,0,75
1992,10,Somogy,9.97166359,31,70,0,70,158.16028571,31,70,0,70
1992,10,Szabolcs-Szatmár-Bereg,9.53609723,31,71,0,71,86.74901408,31,71,0,71
1992,10,Tolna,10.23295574,31,43,0,43,124.52139535,31,43,0,43
1992,10,Vas,8.94022727,31,44,0,44,131.14204545,31,44,0,44
1992,10,Veszprém,9.43007766,31,54,0,54,113.13962963,31,54,0,54
1992,10,Zala,9.53783724,31,44,0,44,154.22000000,31,44,0,44
1992,11,Baranya,6.63468519,30,54,0,54,103.08759259,30,54,0,54
1992,11,Borsod-Abaúj-Zemplén,3.92399225,30,86,0,86,43.94174419,30,86,0,86
1992,11,Bács-Kiskun,6.22752189,30,99,0,99,61.58606061,30,99,0,99
1992,11,Békés,5.91414925,30,67,0,67,43.30537313,30,67,0,67
1992,11,Csongrád-Csanád,6.36632639,30,48,0,48,45.01395833,30,48,0,48
1992,11,Fejér,5.56659574,30,47,0,47,52.71468085,30,47,0,47
1992,11,Győr-Moson-Sopron,5.19443056,30,48,0,48,77.57791667,30,48,0,48
1992,11,Hajdú-Bihar,5.11032906,30,78,0,78,49.44538462,30,78,0,78
1992,11,Heves,4.57406818,30,44,0,44,43.91750000,30,44,0,44
1992,11,Jász-Nagykun-Szolnok,5.59320098,30,68,0,68,46.41852941,30,68,0,68
1992,11,Komárom-Esztergom,5.02668966,30,29,0,29,46.83655172,30,29,0,29
1992,11,Nógrád,4.06448810,30,28,0,28,40.61607143,30,28,0,28
1992,11,Pest,5.27425778,30,75,0,75,46.38813333,30,75,0,75
1992,11,Somogy,6.17056667,30,70,0,70,92.33528571,30,70,0,70
1992,11,Szabolcs-Szatmár-Bereg,4.59945070,30,71,0,71,63.78070423,30,71,0,71
1992,11,Tolna,6.37162791,30,43,0,43,70.10069767,30,43,0,43
1992,11,Vas,5.04378788,30,44,0,44,89.88477273,30,44,0,44
1992,11,Veszprém,5.43630247,30,54,0,54,67.74148148,30,54,0,54
1992,11,Zala,5.60347727,30,44,0,44,73.11636364,30,44,0,44
1992,12,Baranya,0.32296296,31,54,0,54,54.39074074,31,54,0,54
1992,12,Borsod-Abaúj-Zemplén,-1.54094899,31,86,0,86,25.01813953,31,86,0,86
1992,12,Bács-Kiskun,0.15749756,31,99,0,99,40.73858586,31,99,0,99
1992,12,Békés,-0.33915744,31,67,0,67,22.04462687,31,67,0,67
1992,12,Csongrád-Csanád,-0.01215726,31,48,0,48,33.12916667,31,48,0,48
1992,12,Fejér,0.07181194,31,47,0,47,61.11319149,31,47,0,47
1992,12,Győr-Moson-Sopron,0.53556452,31,48,0,48,72.40312500,31,48,0,48
1992,12,Hajdú-Bihar,-0.76844913,31,78,0,78,17.15487179,31,78,0,78
1992,12,Heves,-1.08407625,31,44,0,44,23.96750000,31,44,0,44
1992,12,Jász-Nagykun-Szolnok,-0.40421727,31,68,0,68,19.95323529,31,68,0,68
1992,12,Komárom-Esztergom,-0.42897664,31,29,0,29,76.16793103,31,29,0,29
1992,12,Nógrád,-1.57834101,31,28,0,28,39.94000000,31,28,0,28
1992,12,Pest,-0.49438280,31,75,0,75,43.86160000,31,75,0,75
1992,12,Somogy,0.64934562,31,70,0,70,54.73871429,31,70,0,70
1992,12,Szabolcs-Szatmár-Bereg,-1.17856883,31,71,0,71,27.01521127,31,71,0,71
1992,12,Tolna,0.41466617,31,43,0,43,54.68279070,31,43,0,43
1992,12,Vas,0.39799853,31,44,0,44,55.20909091,31,44,0,44
1992,12,Veszprém,0.09077061,31,54,0,54,66.46925926,31,54,0,54
1992,12,Zala,0.69671554,31,44,0,44,52.14250000,31,44,0,44
1993,1,Baranya,0.45646953,31,54,0,54,15.88259259,31,54,0,54
1993,1,Borsod-Abaúj-Zemplén,-1.71323706,31,86,0,86,5.75279070,31,86,0,86
1993,1,Bács-Kiskun,-0.20108179,31,99,0,99,14.88939394,31,99,0,99
1993,1,Békés,-1.07565720,31,67,0,67,14.67089552,31,67,0,67
1993,1,Csongrád-Csanád,-0.62808468,31,48,0,48,13.18479167,31,48,0,48
1993,1,Fejér,-0.09880577,31,47,0,47,18.29680851,31,47,0,47
1993,1,Győr-Moson-Sopron,0.60151882,31,48,0,48,25.13687500,31,48,0,48
1993,1,Hajdú-Bihar,-1.21685691,31,78,0,78,8.90025641,31,78,0,78
1993,1,Heves,-1.06569648,31,44,0,44,7.30704545,31,44,0,44
1993,1,Jász-Nagykun-Szolnok,-0.56047913,31,68,0,68,10.01000000,31,68,0,68
1993,1,Komárom-Esztergom,-0.16103448,31,29,0,29,27.53517241,31,29,0,29
1993,1,Nógrád,-1.63542627,31,28,0,28,16.90000000,31,28,0,28
1993,1,Pest,-0.43640000,31,75,0,75,18.02733333,31,75,0,75
1993,1,Somogy,0.44344240,31,70,0,70,11.57200000,31,70,0,70
1993,1,Szabolcs-Szatmár-Bereg,-1.79410268,31,71,0,71,12.48394366,31,71,0,71
1993,1,Tolna,0.28664666,31,43,0,43,13.33767442,31,43,0,43
1993,1,Vas,0.78285191,31,44,0,44,11.65613636,31,44,0,44
1993,1,Veszprém,0.47594982,31,54,0,54,17.88500000,31,54,0,54
1993,1,Zala,0.61571114,31,44,0,44,7.08113636,31,44,0,44
1993,2,Baranya,-1.36859788,28,54,0,54,20.05425926,28,54,0,54
1993,2,Borsod-Abaúj-Zemplén,-2.79476329,28,86,0,86,15.09162791,28,86,0,86
1993,2,Bács-Kiskun,-1.94731241,28,99,0,99,10.20585859,28,99,0,99
1993,2,Békés,-2.95949360,28,67,0,67,14.16492537,28,67,0,67
1993,2,Csongrád-Csanád,-2.22590030,28,48,0,48,11.72812500,28,48,0,48
1993,2,Fejér,-1.87987082,28,47,0,47,9.00808511,28,47,0,47
1993,2,Győr-Moson-Sopron,-1.67666667,28,48,0,48,11.12125000,28,48,0,48
1993,2,Hajdú-Bihar,-3.18055403,28,78,0,78,15.56974359,28,78,0,78
1993,2,Heves,-2.54818182,28,44,0,44,12.22659091,28,44,0,44
1993,2,Jász-Nagykun-Szolnok,-2.41445378,28,68,0,68,12.76338235,28,68,0,68
1993,2,Komárom-Esztergom,-2.23043103,28,29,0,29,12.08551724,28,29,0,29
1993,2,Nógrád,-3.08186224,28,28,0,28,13.78892857,28,28,0,28
1993,2,Pest,-2.08016190,28,75,0,75,8.97466667,28,75,0,75
1993,2,Somogy,-1.17835714,28,70,0,70,19.50428571,28,70,0,70
1993,2,Szabolcs-Szatmár-Bereg,-3.23625252,28,71,0,71,19.52140845,28,71,0,71
1993,2,Tolna,-1.81518272,28,43,0,43,12.47674419,28,43,0,43
1993,2,Vas,-1.07581981,28,44,0,44,7.69227273,28,44,0,44
1993,2,Veszprém,-1.71962302,28,54,0,54,16.64759259,28,54,0,54
1993,2,Zala,-0.90466721,28,44,0,44,17.01636364,28,44,0,44
1993,3,Baranya,4.41857826,31,54,0,54,49.02111111,31,54,0,54
1993,3,Borsod-Abaúj-Zemplén,2.92092648,31,86,0,86,32.58406977,31,86,0,86
1993,3,Bács-Kiskun,4.07188009,31,99,0,99,42.72252525,31,99,0,99
1993,3,Békés,3.55852672,31,67,0,67,33.44074627,31,67,0,67
1993,3,Csongrád-Csanád,3.86227151,31,48,0,48,38.55062500,31,48,0,48
1993,3,Fejér,4.17242965,31,47,0,47,24.25851064,31,47,0,47
1993,3,Győr-Moson-Sopron,4.30115591,31,48,0,48,28.43625000,31,48,0,48
1993,3,Hajdú-Bihar,3.43302316,31,78,0,78,31.41717949,31,78,0,78
1993,3,Heves,3.51048387,31,44,0,44,23.84795455,31,44,0,44
1993,3,Jász-Nagykun-Szolnok,3.74110531,31,68,0,68,27.85661765,31,68,0,68
1993,3,Komárom-Esztergom,3.93758621,31,29,0,29,33.75931034,31,29,0,29
1993,3,Nógrád,3.02055300,31,28,0,28,24.42321429,31,28,0,28
1993,3,Pest,3.98970753,31,75,0,75,28.79946667,31,75,0,75
1993,3,Somogy,4.41735945,31,70,0,70,28.79971429,31,70,0,70
1993,3,Szabolcs-Szatmár-Bereg,3.01774648,31,71,0,71,30.39521127,31,71,0,71
1993,3,Tolna,4.25968492,31,43,0,43,40.44767442,31,43,0,43
1993,3,Vas,4.25576246,31,44,0,44,23.51909091,31,44,0,44
1993,3,Veszprém,3.98608124,31,54,0,54,32.18148148,31,54,0,54
1993,3,Zala,4.30884897,31,44,0,44,19.85022727,31,44,0,44
1993,4,Baranya,10.89959259,30,54,0,54,51.08277778,30,54,0,54
1993,4,Borsod-Abaúj-Zemplén,9.43281395,30,86,0,86,27.86313953,30,86,0,86
1993,4,Bács-Kiskun,10.85816498,30,99,0,99,44.97575758,30,99,0,99
1993,4,Békés,10.60222388,30,67,0,67,54.20358209,30,67,0,67
1993,4,Csongrád-Csanád,10.85636806,30,48,0,48,50.45458333,30,48,0,48
1993,4,Fejér,10.74643262,30,47,0,47,24.54978723,30,47,0,47
1993,4,Győr-Moson-Sopron,10.73138194,30,48,0,48,12.56854167,30,48,0,48
1993,4,Hajdú-Bihar,10.34453419,30,78,0,78,55.32551282,30,78,0,78
1993,4,Heves,9.84114394,30,44,0,44,29.37090909,30,44,0,44
1993,4,Jász-Nagykun-Szolnok,10.53527451,30,68,0,68,40.69117647,30,68,0,68
1993,4,Komárom-Esztergom,10.41286207,30,29,0,29,13.51103448,30,29,0,29
1993,4,Nógrád,9.09011905,30,28,0,28,20.89035714,30,28,0,28
1993,4,Pest,10.52586222,30,75,0,75,26.78506667,30,75,0,75
1993,4,Somogy,10.64695714,30,70,0,70,37.09214286,30,70,0,70
1993,4,Szabolcs-Szatmár-Bereg,10.01009859,30,71,0,71,46.00056338,30,71,0,71
1993,4,Tolna,10.95982946,30,43,0,43,41.73558140,30,43,0,43
1993,4,Vas,10.34369697,30,44,0,44,21.61477273,30,44,0,44
1993,4,Veszprém,10.45524691,30,54,0,54,20.64666667,30,54,0,54
1993,4,Zala,10.43794697,30,44,0,44,29.28431818,30,44,0,44
1993,5,Baranya,18.16135603,31,54,0,54,24.24425926,31,54,0,54
1993,5,Borsod-Abaúj-Zemplén,17.82329707,31,86,0,86,21.51511628,31,86,0,86
1993,5,Bács-Kiskun,18.68731509,31,99,0,99,14.57878788,31,99,0,99
1993,5,Békés,19.07099663,31,67,0,67,9.33522388,31,67,0,67
1993,5,Csongrád-Csanád,18.86129704,31,48,0,48,9.92104167,31,48,0,48
1993,5,Fejér,18.25004804,31,47,0,47,17.56234043,31,47,0,47
1993,5,Győr-Moson-Sopron,17.84395833,31,48,0,48,24.33562500,31,48,0,48
1993,5,Hajdú-Bihar,19.00413151,31,78,0,78,16.79512821,31,78,0,78
1993,5,Heves,18.10560117,31,44,0,44,14.74250000,31,44,0,44
1993,5,Jász-Nagykun-Szolnok,18.98980550,31,68,0,68,8.98117647,31,68,0,68
1993,5,Komárom-Esztergom,17.73042269,31,29,0,29,29.77068966,31,29,0,29
1993,5,Nógrád,16.98510369,31,28,0,28,13.21428571,31,28,0,28
1993,5,Pest,18.45479140,31,75,0,75,16.26293333,31,75,0,75
1993,5,Somogy,17.75430876,31,70,0,70,20.39828571,31,70,0,70
1993,5,Szabolcs-Szatmár-Bereg,18.63881872,31,71,0,71,22.68239437,31,71,0,71
1993,5,Tolna,18.47582896,31,43,0,43,15.40767442,31,43,0,43
1993,5,Vas,17.22026393,31,44,0,44,30.24500000,31,44,0,44
1993,5,Veszprém,17.60603943,31,54,0,54,28.07037037,31,54,0,54
1993,5,Zala,17.13158358,31,44,0,44,26.53704545,31,44,0,44
1993,6,Baranya,19.49500617,30,54,0,54,50.40574074,30,54,0,54
1993,6,Borsod-Abaúj-Zemplén,18.50791085,30,86,0,86,62.30604651,30,86,0,86
1993,6,Bács-Kiskun,20.14854882,30,99,0,99,30.87505051,30,99,0,99
1993,6,Békés,20.42486567,30,67,0,67,29.97268657,30,67,0,67
1993,6,Csongrád-Csanád,20.51448611,30,48,0,48,30.86604167,30,48,0,48
1993,6,Fejér,19.47305674,30,47,0,47,28.93872340,30,47,0,47
1993,6,Győr-Moson-Sopron,18.93090278,30,48,0,48,55.67604167,30,48,0,48
1993,6,Hajdú-Bihar,19.80017094,30,78,0,78,61.85256410,30,78,0,78
1993,6,Heves,18.93032576,30,44,0,44,44.67295455,30,44,0,44
1993,6,Jász-Nagykun-Szolnok,20.20225490,30,68,0,68,28.78720588,30,68,0,68
1993,6,Komárom-Esztergom,18.79393103,30,29,0,29,34.26862069,30,29,0,29
1993,6,Nógrád,17.93050000,30,28,0,28,48.07035714,30,28,0,28
1993,6,Pest,19.51163556,30,75,0,75,30.40600000,30,75,0,75
1993,6,Somogy,19.23450952,30,70,0,70,44.41414286,30,70,0,70
1993,6,Szabolcs-Szatmár-Bereg,19.25783099,30,71,0,71,57.88197183,30,71,0,71
1993,6,Tolna,19.81221705,30,43,0,43,38.14534884,30,43,0,43
1993,6,Vas,18.45602273,30,44,0,44,68.16886364,30,44,0,44
1993,6,Veszprém,18.88524074,30,54,0,54,45.43111111,30,54,0,54
1993,6,Zala,18.69046212,30,44,0,44,56.76636364,30,44,0,44
1993,7,Baranya,20.25433692,31,54,0,54,52.46444444,31,54,0,54
1993,7,Borsod-Abaúj-Zemplén,18.81869092,31,86,0,86,43.97058140,31,86,0,86
1993,7,Bács-Kiskun,20.68174324,31,99,0,99,44.59090909,31,99,0,99
1993,7,Békés,20.85196919,31,67,0,67,50.52283582,31,67,0,67
1993,7,Csongrád-Csanád,21.16018145,31,48,0,48,45.05937500,31,48,0,48
1993,7,Fejér,19.94778312,31,47,0,47,63.31404255,31,47,0,47
1993,7,Győr-Moson-Sopron,19.58499328,31,48,0,48,53.97895833,31,48,0,48
1993,7,Hajdú-Bihar,20.08530190,31,78,0,78,50.45000000,31,78,0,78
1993,7,Heves,19.33475073,31,44,0,44,37.09750000,31,44,0,44
1993,7,Jász-Nagykun-Szolnok,20.63675047,31,68,0,68,36.55470588,31,68,0,68
1993,7,Komárom-Esztergom,19.20528365,31,29,0,29,57.55896552,31,29,0,29
1993,7,Nógrád,18.26792627,31,28,0,28,39.25964286,31,28,0,28
1993,7,Pest,19.87132043,31,75,0,75,58.21053333,31,75,0,75
1993,7,Somogy,20.03183871,31,70,0,70,55.00142857,31,70,0,70
1993,7,Szabolcs-Szatmár-Bereg,19.51555657,31,71,0,71,63.16690141,31,71,0,71
1993,7,Tolna,20.36384096,31,43,0,43,50.73906977,31,43,0,43
1993,7,Vas,19.33209677,31,44,0,44,43.47318182,31,44,0,44
1993,7,Veszprém,19.48756272,31,54,0,54,58.20074074,31,54,0,54
1993,7,Zala,19.56691349,31,44,0,44,49.33636364,31,44,0,44
1993,8,Baranya,20.95821386,31,54,0,54,57.06592593,31,54,0,54
1993,8,Borsod-Abaúj-Zemplén,19.83883346,31,86,0,86,23.38453488,31,86,0,86
1993,8,Bács-Kiskun,21.41812643,31,99,0,99,36.09030303,31,99,0,99
1993,8,Békés,21.64055850,31,67,0,67,26.92328358,31,67,0,67
1993,8,Csongrád-Csanád,21.96679435,31,48,0,48,29.68354167,31,48,0,48
1993,8,Fejér,20.74417296,31,47,0,47,34.51425532,31,47,0,47
1993,8,Győr-Moson-Sopron,20.05077957,31,48,0,48,49.19500000,31,48,0,48
1993,8,Hajdú-Bihar,20.79354839,31,78,0,78,17.38089744,31,78,0,78
1993,8,Heves,20.63059384,31,44,0,44,24.72750000,31,44,0,44
1993,8,Jász-Nagykun-Szolnok,21.65126660,31,68,0,68,25.54294118,31,68,0,68
1993,8,Komárom-Esztergom,19.97404894,31,29,0,29,34.45137931,31,29,0,29
1993,8,Nógrád,19.38608295,31,28,0,28,21.67607143,31,28,0,28
1993,8,Pest,20.89326022,31,75,0,75,22.80466667,31,75,0,75
1993,8,Somogy,20.30104147,31,70,0,70,61.37714286,31,70,0,70
1993,8,Szabolcs-Szatmár-Bereg,19.93868696,31,71,0,71,24.35478873,31,71,0,71
1993,8,Tolna,20.99553638,31,43,0,43,44.68116279,31,43,0,43
1993,8,Vas,19.73394428,31,44,0,44,53.24000000,31,44,0,44
1993,8,Veszprém,20.05492234,31,54,0,54,53.64203704,31,54,0,54
1993,8,Zala,19.71943548,31,44,0,44,55.68818182,31,44,0,44
1993,9,Baranya,15.79940741,30,54,0,54,105.05129630,30,54,0,54
1993,9,Borsod-Abaúj-Zemplén,14.32165116,30,86,0,86,33.21709302,30,86,0,86
1993,9,Bács-Kiskun,15.90800337,30,99,0,99,56.21727273,30,99,0,99
1993,9,Békés,16.06573632,30,67,0,67,40.59104478,30,67,0,67
1993,9,Csongrád-Csanád,16.22954167,30,48,0,48,42.49104167,30,48,0,48
1993,9,Fejér,15.68195745,30,47,0,47,63.01978723,30,47,0,47
1993,9,Győr-Moson-Sopron,15.62893056,30,48,0,48,47.91437500,30,48,0,48
1993,9,Hajdú-Bihar,15.29018376,30,78,0,78,41.27769231,30,78,0,78
1993,9,Heves,15.00896212,30,44,0,44,45.00227273,30,44,0,44
1993,9,Jász-Nagykun-Szolnok,15.90171569,30,68,0,68,40.59808824,30,68,0,68
1993,9,Komárom-Esztergom,15.43848276,30,29,0,29,59.49137931,30,29,0,29
1993,9,Nógrád,14.28230952,30,28,0,28,53.43714286,30,28,0,28
1993,9,Pest,15.41007111,30,75,0,75,50.33066667,30,75,0,75
1993,9,Somogy,15.55807619,30,70,0,70,94.69000000,30,70,0,70
1993,9,Szabolcs-Szatmár-Bereg,14.52928638,30,71,0,71,42.44098592,30,71,0,71
1993,9,Tolna,15.76412403,30,43,0,43,75.96209302,30,43,0,43
1993,9,Vas,15.15750758,30,44,0,44,57.85568182,30,44,0,44
1993,9,Veszprém,15.38098765,30,54,0,54,56.84259259,30,54,0,54
1993,9,Zala,15.24308333,30,44,0,44,90.06090909,30,44,0,44
1993,10,Baranya,12.22700119,31,54,0,54,72.73962963,31,54,0,54
1993,10,Borsod-Abaúj-Zemplén,10.87232183,31,86,0,86,62.95255814,31,86,0,86
1993,10,Bács-Kiskun,12.42072010,31,99,0,99,67.69545455,31,99,0,99
1993,10,Békés,12.85756379,31,67,0,67,44.30671642,31,67,0,67
1993,10,Csongrád-Csanád,12.97672043,31,48,0,48,45.27270833,31,48,0,48
1993,10,Fejér,11.77002059,31,47,0,47,98.98340426,31,47,0,47
1993,10,Győr-Moson-Sopron,11.30985887,31,48,0,48,97.57937500,31,48,0,48
1993,10,Hajdú-Bihar,11.98373036,31,78,0,78,49.89448718,31,78,0,78
1993,10,Heves,11.27085044,31,44,0,44,81.54113636,31,44,0,44
1993,10,Jász-Nagykun-Szolnok,12.29148008,31,68,0,68,57.90132353,31,68,0,68
1993,10,Komárom-Esztergom,11.58265851,31,29,0,29,108.40068966,31,29,0,29
1993,10,Nógrád,10.34173963,31,28,0,28,98.24500000,31,28,0,28
1993,10,Pest,11.69370323,31,75,0,75,96.14893333,31,75,0,75
1993,10,Somogy,11.80380645,31,70,0,70,94.03971429,31,70,0,70
1993,10,Szabolcs-Szatmár-Bereg,11.48415266,31,71,0,71,43.65197183,31,71,0,71
1993,10,Tolna,12.21670668,31,43,0,43,79.02093023,31,43,0,43
1993,10,Vas,11.02610704,31,44,0,44,85.68886364,31,44,0,44
1993,10,Veszprém,11.50572879,31,54,0,54,107.97129630,31,54,0,54
1993,10,Zala,11.50928152,31,44,0,44,92.91045455,31,44,0,44
1993,11,Baranya,1.18406790,30,54,0,54,115.02296296,30,54,0,54
1993,11,Borsod-Abaúj-Zemplén,0.93337209,30,86,0,86,40.36081395,30,86,0,86
1993,11,Bács-Kiskun,1.22588552,30,99,0,99,74.41292929,30,99,0,99
1993,11,Békés,2.20710945,30,67,0,67,56.93626866,30,67,0,67
1993,11,Csongrád-Csanád,1.79358333,30,48,0,48,57.72583333,30,48,0,48
1993,11,Fejér,0.79914894,30,47,0,47,90.91276596,30,47,0,47
1993,11,Győr-Moson-Sopron,1.19393750,30,48,0,48,80.80083333,30,48,0,48
1993,11,Hajdú-Bihar,1.74889744,30,78,0,78,59.10833333,30,78,0,78
1993,11,Heves,1.07046970,30,44,0,44,69.67227273,30,44,0,44
1993,11,Jász-Nagykun-Szolnok,1.54892647,30,68,0,68,58.85955882,30,68,0,68
1993,11,Komárom-Esztergom,0.95936782,30,29,0,29,82.37517241,30,29,0,29
1993,11,Nógrád,0.47351190,30,28,0,28,78.71571429,30,28,0,28
1993,11,Pest,1.11736889,30,75,0,75,82.98213333,30,75,0,75
1993,11,Somogy,0.99536190,30,70,0,70,117.25971429,30,70,0,70
1993,11,Szabolcs-Szatmár-Bereg,1.33653052,30,71,0,71,52.01845070,30,71,0,71
1993,11,Tolna,0.91236434,30,43,0,43,106.41139535,30,43,0,43
1993,11,Vas,0.94766667,30,44,0,44,94.12704545,30,44,0,44
1993,11,Veszprém,0.81421605,30,54,0,54,95.99611111,30,54,0,54
1993,11,Zala,1.15582576,30,44,0,44,114.39931818,30,44,0,44
1993,12,Baranya,2.15697730,31,54,0,54,129.42518519,31,54,0,54
1993,12,Borsod-Abaúj-Zemplén,1.82264816,31,86,0,86,45.66093023,31,86,0,86
1993,12,Bács-Kiskun,2.48904203,31,99,0,99,78.74070707,31,99,0,99
1993,12,Békés,3.10817525,31,67,0,67,60.00194030,31,67,0,67
1993,12,Csongrád-Csanád,2.75580645,31,48,0,48,70.21791667,31,48,0,48
1993,12,Fejér,1.86264928,31,47,0,47,65.40446809,31,47,0,47
1993,12,Győr-Moson-Sopron,2.10662634,31,48,0,48,70.11895833,31,48,0,48
1993,12,Hajdú-Bihar,2.99085608,31,78,0,78,51.06205128,31,78,0,78
1993,12,Heves,1.82943548,31,44,0,44,43.41386364,31,44,0,44
1993,12,Jász-Nagykun-Szolnok,2.76199241,31,68,0,68,40.87588235,31,68,0,68
1993,12,Komárom-Esztergom,1.94509455,31,29,0,29,85.25586207,31,29,0,29
1993,12,Nógrád,1.07523041,31,28,0,28,62.13071429,31,28,0,28
1993,12,Pest,2.07972473,31,75,0,75,53.45120000,31,75,0,75
1993,12,Somogy,1.64470968,31,70,0,70,111.31057143,31,70,0,70
1993,12,Szabolcs-Szatmár-Bereg,2.55733303,31,71,0,71,60.61478873,31,71,0,71
1993,12,Tolna,2.17333833,31,43,0,43,102.87302326,31,43,0,43
1993,12,Vas,1.33762463,31,44,0,44,76.54068182,31,44,0,44
1993,12,Veszprém,1.69504779,31,54,0,54,90.37000000,31,54,0,54
1993,12,Zala,1.18131965,31,44,0,44,102.49590909,31,44,0,44
1994,1,Baranya,2.87779570,31,54,0,54,42.76981481,31,54,0,54
1994,1,Borsod-Abaúj-Zemplén,1.84789947,31,86,0,86,28.43151163,31,86,0,86
1994,1,Bács-Kiskun,2.68687195,31,99,0,99,44.47717172,31,99,0,99
1994,1,Békés,2.62062590,31,67,0,67,32.91940299,31,67,0,67
1994,1,Csongrád-Csanád,2.57670699,31,48,0,48,41.45645833,31,48,0,48
1994,1,Fejér,3.06870281,31,47,0,47,42.45702128,31,47,0,47
1994,1,Győr-Moson-Sopron,3.75554435,31,48,0,48,33.25895833,31,48,0,48
1994,1,Hajdú-Bihar,2.64008271,31,78,0,78,28.43743590,31,78,0,78
1994,1,Heves,2.06054985,31,44,0,44,38.74522727,31,44,0,44
1994,1,Jász-Nagykun-Szolnok,2.75200190,31,68,0,68,34.62794118,31,68,0,68
1994,1,Komárom-Esztergom,3.07427141,31,29,0,29,43.99275862,31,29,0,29
1994,1,Nógrád,1.56440092,31,28,0,28,48.25107143,31,28,0,28
1994,1,Pest,2.65419355,31,75,0,75,47.67506667,31,75,0,75
1994,1,Somogy,3.18229032,31,70,0,70,33.77942857,31,70,0,70
1994,1,Szabolcs-Szatmár-Bereg,2.41226715,31,71,0,71,37.29464789,31,71,0,71
1994,1,Tolna,3.03639160,31,43,0,43,43.34395349,31,43,0,43
1994,1,Vas,3.32200880,31,44,0,44,24.23363636,31,44,0,44
1994,1,Veszprém,3.14833931,31,54,0,54,32.96296296,31,54,0,54
1994,1,Zala,3.25964076,31,44,0,44,27.15204545,31,44,0,44
1994,2,Baranya,2.18517196,28,54,0,54,30.17962963,28,54,0,54
1994,2,Borsod-Abaúj-Zemplén,0.24100083,28,86,0,86,24.53383721,28,86,0,86
1994,2,Bács-Kiskun,1.90510101,28,99,0,99,36.57101010,28,99,0,99
1994,2,Békés,1.88775053,28,67,0,67,42.90298507,28,67,0,67
1994,2,Csongrád-Csanád,2.03845238,28,48,0,48,46.66020833,28,48,0,48
1994,2,Fejér,1.54117021,28,47,0,47,12.98276596,28,47,0,47
1994,2,Győr-Moson-Sopron,1.24632440,28,48,0,48,14.71333333,28,48,0,48
1994,2,Hajdú-Bihar,1.44351648,28,78,0,78,38.54846154,28,78,0,78
1994,2,Heves,0.78716721,28,44,0,44,18.20272727,28,44,0,44
1994,2,Jász-Nagykun-Szolnok,1.43305147,28,68,0,68,35.83382353,28,68,0,68
1994,2,Komárom-Esztergom,1.20796798,28,29,0,29,11.38103448,28,29,0,29
1994,2,Nógrád,0.31201531,28,28,0,28,11.56428571,28,28,0,28
1994,2,Pest,1.31292857,28,75,0,75,17.88146667,28,75,0,75
1994,2,Somogy,2.13435204,28,70,0,70,28.21514286,28,70,0,70
1994,2,Szabolcs-Szatmár-Bereg,1.33356137,28,71,0,71,42.27366197,28,71,0,71
1994,2,Tolna,1.99326412,28,43,0,43,26.68813953,28,43,0,43
1994,2,Vas,1.13250000,28,44,0,44,14.74295455,28,44,0,44
1994,2,Veszprém,1.19443122,28,54,0,54,21.02611111,28,54,0,54
1994,2,Zala,1.82923701,28,44,0,44,23.42454545,28,44,0,44
1994,3,Baranya,8.94666069,31,54,0,54,34.74740741,31,54,0,54
1994,3,Borsod-Abaúj-Zemplén,6.90757689,31,86,0,86,12.86127907,31,86,0,86
1994,3,Bács-Kiskun,8.51546758,31,99,0,99,17.18696970,31,99,0,99
1994,3,Békés,8.22080404,31,67,0,67,15.60164179,31,67,0,67
1994,3,Csongrád-Csanád,8.58393817,31,48,0,48,13.74770833,31,48,0,48
1994,3,Fejér,8.16995882,31,47,0,47,19.89446809,31,47,0,47
1994,3,Győr-Moson-Sopron,8.36827285,31,48,0,48,25.97166667,31,48,0,48
1994,3,Hajdú-Bihar,7.60888751,31,78,0,78,19.41679487,31,78,0,78
1994,3,Heves,7.25127566,31,44,0,44,12.24795455,31,44,0,44
1994,3,Jász-Nagykun-Szolnok,8.08655123,31,68,0,68,14.24764706,31,68,0,68
1994,3,Komárom-Esztergom,7.67235818,31,29,0,29,29.25103448,31,29,0,29
1994,3,Nógrád,6.37260369,31,28,0,28,15.52571429,31,28,0,28
1994,3,Pest,7.87383226,31,75,0,75,18.15333333,31,75,0,75
1994,3,Somogy,8.84573733,31,70,0,70,28.33500000,31,70,0,70
1994,3,Szabolcs-Szatmár-Bereg,7.17283507,31,71,0,71,19.11352113,31,71,0,71
1994,3,Tolna,8.66423856,31,43,0,43,23.85930233,31,43,0,43
1994,3,Vas,8.31392962,31,44,0,44,21.26295455,31,44,0,44
1994,3,Veszprém,8.08480884,31,54,0,54,27.95833333,31,54,0,54
1994,3,Zala,8.70741202,31,44,0,44,24.09818182,31,44,0,44
1994,4,Baranya,11.05878395,30,54,0,54,69.28537037,30,54,0,54
1994,4,Borsod-Abaúj-Zemplén,10.48161240,30,86,0,86,89.16000000,30,86,0,86
1994,4,Bács-Kiskun,11.43227273,30,99,0,99,52.12646465,30,99,0,99
1994,4,Békés,11.64619403,30,67,0,67,66.88671642,30,67,0,67
1994,4,Csongrád-Csanád,11.54597917,30,48,0,48,55.49770833,30,48,0,48
1994,4,Fejér,11.11685816,30,47,0,47,67.27106383,30,47,0,47
1994,4,Győr-Moson-Sopron,10.60492361,30,48,0,48,81.08916667,30,48,0,48
1994,4,Hajdú-Bihar,11.59015812,30,78,0,78,75.89487179,30,78,0,78
1994,4,Heves,10.53369697,30,44,0,44,76.48090909,30,44,0,44
1994,4,Jász-Nagykun-Szolnok,11.32443137,30,68,0,68,68.12205882,30,68,0,68
1994,4,Komárom-Esztergom,10.56762069,30,29,0,29,80.71103448,30,29,0,29
1994,4,Nógrád,9.57730952,30,28,0,28,78.60285714,30,28,0,28
1994,4,Pest,11.00476000,30,75,0,75,70.79693333,30,75,0,75
1994,4,Somogy,10.83532381,30,70,0,70,83.98257143,30,70,0,70
1994,4,Szabolcs-Szatmár-Bereg,11.62132394,30,71,0,71,68.90845070,30,71,0,71
1994,4,Tolna,11.34295349,30,43,0,43,69.00116279,30,43,0,43
1994,4,Vas,10.23093939,30,44,0,44,82.00931818,30,44,0,44
1994,4,Veszprém,10.55983333,30,54,0,54,85.55814815,30,54,0,54
1994,4,Zala,10.48387121,30,44,0,44,97.01045455,30,44,0,44
1994,5,Baranya,15.87414576,31,54,0,54,35.74648148,31,54,0,54
1994,5,Borsod-Abaúj-Zemplén,14.81204801,31,86,0,86,65.52232558,31,86,0,86
1994,5,Bács-Kiskun,16.34190290,31,99,0,99,38.79484848,31,99,0,99
1994,5,Békés,16.57832932,31,67,0,67,44.30298507,31,67,0,67
1994,5,Csongrád-Csanád,16.60996640,31,48,0,48,39.13104167,31,48,0,48
1994,5,Fejér,15.78087165,31,47,0,47,56.05000000,31,47,0,47
1994,5,Győr-Moson-Sopron,15.28084677,31,48,0,48,82.09458333,31,48,0,48
1994,5,Hajdú-Bihar,16.13371795,31,78,0,78,42.54487179,31,78,0,78
1994,5,Heves,15.02260264,31,44,0,44,67.05886364,31,44,0,44
1994,5,Jász-Nagykun-Szolnok,16.21061670,31,68,0,68,53.09411765,31,68,0,68
1994,5,Komárom-Esztergom,15.08493882,31,29,0,29,72.43172414,31,29,0,29
1994,5,Nógrád,13.88182028,31,28,0,28,79.11071429,31,28,0,28
1994,5,Pest,15.50353548,31,75,0,75,68.48840000,31,75,0,75
1994,5,Somogy,15.53239631,31,70,0,70,43.34085714,31,70,0,70
1994,5,Szabolcs-Szatmár-Bereg,15.73270786,31,71,0,71,57.96943662,31,71,0,71
1994,5,Tolna,16.18660915,31,43,0,43,39.56302326,31,43,0,43
1994,5,Vas,14.95531525,31,44,0,44,71.38954545,31,44,0,44
1994,5,Veszprém,15.08025687,31,54,0,54,72.61092593,31,54,0,54
1994,5,Zala,15.08198680,31,44,0,44,57.62522727,31,44,0,44
1994,6,Baranya,19.37200000,30,54,0,54,60.95925926,30,54,0,54
1994,6,Borsod-Abaúj-Zemplén,18.45027519,30,86,0,86,34.34220930,30,86,0,86
1994,6,Bács-Kiskun,19.91261616,30,99,0,99,31.31474747,30,99,0,99
1994,6,Békés,19.97887562,30,67,0,67,30.95567164,30,67,0,67
1994,6,Csongrád-Csanád,20.12175694,30,48,0,48,30.17666667,30,48,0,48
1994,6,Fejér,19.34385106,30,47,0,47,29.97680851,30,47,0,47
1994,6,Győr-Moson-Sopron,18.96025694,30,48,0,48,60.20895833,30,48,0,48
1994,6,Hajdú-Bihar,19.55459829,30,78,0,78,37.44025641,30,78,0,78
1994,6,Heves,18.92852273,30,44,0,44,28.33022727,30,44,0,44
1994,6,Jász-Nagykun-Szolnok,19.87565196,30,68,0,68,26.72500000,30,68,0,68
1994,6,Komárom-Esztergom,18.58666667,30,29,0,29,29.69482759,30,29,0,29
1994,6,Nógrád,18.01701190,30,28,0,28,42.75642857,30,28,0,28
1994,6,Pest,19.33085333,30,75,0,75,26.79600000,30,75,0,75
1994,6,Somogy,19.12324762,30,70,0,70,64.72357143,30,70,0,70
1994,6,Szabolcs-Szatmár-Bereg,19.14071831,30,71,0,71,28.86633803,30,71,0,71
1994,6,Tolna,19.62024806,30,43,0,43,52.00069767,30,43,0,43
1994,6,Vas,18.72070455,30,44,0,44,77.12250000,30,44,0,44
1994,6,Veszprém,18.72235802,30,54,0,54,53.76185185,30,54,0,54
1994,6,Zala,18.85095455,30,44,0,44,80.59454545,30,44,0,44
1994,7,Baranya,23.08673835,31,54,0,54,45.06611111,31,54,0,54
1994,7,Borsod-Abaúj-Zemplén,22.70248312,31,86,0,86,20.96616279,31,86,0,86
1994,7,Bács-Kiskun,23.92176605,31,99,0,99,40.14262626,31,99,0,99
1994,7,Békés,24.01747713,31,67,0,67,28.34492537,31,67,0,67
1994,7,Csongrád-Csanád,24.13615591,31,48,0,48,34.09020833,31,48,0,48
1994,7,Fejér,23.53765957,31,47,0,47,28.63489362,31,47,0,47
1994,7,Győr-Moson-Sopron,22.97773522,31,48,0,48,38.36979167,31,48,0,48
1994,7,Hajdú-Bihar,23.58182796,31,78,0,78,23.79025641,31,78,0,78
1994,7,Heves,23.14393695,31,44,0,44,26.71568182,31,44,0,44
1994,7,Jász-Nagykun-Szolnok,24.03846300,31,68,0,68,23.80500000,31,68,0,68
1994,7,Komárom-Esztergom,22.61070078,31,29,0,29,25.31310345,31,29,0,29
1994,7,Nógrád,22.16902074,31,28,0,28,25.01571429,31,28,0,28
1994,7,Pest,23.69044301,31,75,0,75,25.10920000,31,75,0,75
1994,7,Somogy,22.73620737,31,70,0,70,44.52785714,31,70,0,70
1994,7,Szabolcs-Szatmár-Bereg,23.33577465,31,71,0,71,19.42563380,31,71,0,71
1994,7,Tolna,23.54865716,31,43,0,43,43.44465116,31,43,0,43
1994,7,Vas,22.29035191,31,44,0,44,48.86181818,31,44,0,44
1994,7,Veszprém,22.69654719,31,54,0,54,56.11351852,31,54,0,54
1994,7,Zala,22.23065982,31,44,0,44,43.64431818,31,44,0,44
1994,8,Baranya,22.11185783,31,54,0,54,114.25333333,31,54,0,54
1994,8,Borsod-Abaúj-Zemplén,20.83634659,31,86,0,86,60.86872093,31,86,0,86
1994,8,Bács-Kiskun,22.32770609,31,99,0,99,76.75202020,31,99,0,99
1994,8,Békés,22.59818970,31,67,0,67,54.87701493,31,67,0,67
1994,8,Csongrád-Csanád,22.76239247,31,48,0,48,52.58520833,31,48,0,48
1994,8,Fejér,21.84337680,31,47,0,47,74.67978723,31,47,0,47
1994,8,Győr-Moson-Sopron,21.55048387,31,48,0,48,71.61166667,31,48,0,48
1994,8,Hajdú-Bihar,21.98538462,31,78,0,78,40.20576923,31,78,0,78
1994,8,Heves,21.12294721,31,44,0,44,67.86022727,31,44,0,44
1994,8,Jász-Nagykun-Szolnok,22.29457306,31,68,0,68,63.95323529,31,68,0,68
1994,8,Komárom-Esztergom,21.05074527,31,29,0,29,89.50310345,31,29,0,29
1994,8,Nógrád,19.86041475,31,28,0,28,82.61071429,31,28,0,28
1994,8,Pest,21.63606022,31,75,0,75,64.13666667,31,75,0,75
1994,8,Somogy,21.53608756,31,70,0,70,104.76957143,31,70,0,70
1994,8,Szabolcs-Szatmár-Bereg,21.63162199,31,71,0,71,36.38295775,31,71,0,71
1994,8,Tolna,22.18946737,31,43,0,43,97.63488372,31,43,0,43
1994,8,Vas,21.19668622,31,44,0,44,117.09204545,31,44,0,44
1994,8,Veszprém,21.39122461,31,54,0,54,90.52666667,31,54,0,54
1994,8,Zala,21.14673021,31,44,0,44,131.81454545,31,44,0,44
1994,9,Baranya,18.61377778,30,54,0,54,70.13592593,30,54,0,54
1994,9,Borsod-Abaúj-Zemplén,18.28770930,30,86,0,86,42.55372093,30,86,0,86
1994,9,Bács-Kiskun,19.20800673,30,99,0,99,33.98878788,30,99,0,99
1994,9,Békés,20.28610945,30,67,0,67,43.30059701,30,67,0,67
1994,9,Csongrád-Csanád,20.23582639,30,48,0,48,34.30000000,30,48,0,48
1994,9,Fejér,18.25384397,30,47,0,47,50.84361702,30,47,0,47
1994,9,Győr-Moson-Sopron,17.66255556,30,48,0,48,55.31541667,30,48,0,48
1994,9,Hajdú-Bihar,19.68882479,30,78,0,78,40.46153846,30,78,0,78
1994,9,Heves,18.46980303,30,44,0,44,26.17090909,30,44,0,44
1994,9,Jász-Nagykun-Szolnok,19.70723039,30,68,0,68,25.57073529,30,68,0,68
1994,9,Komárom-Esztergom,17.60625287,30,29,0,29,63.91689655,30,29,0,29
1994,9,Nógrád,17.05745238,30,28,0,28,42.59714286,30,28,0,28
1994,9,Pest,18.46430222,30,75,0,75,32.74386667,30,75,0,75
1994,9,Somogy,18.14941429,30,70,0,70,59.19585714,30,70,0,70
1994,9,Szabolcs-Szatmár-Bereg,19.26261033,30,71,0,71,52.52774648,30,71,0,71
1994,9,Tolna,18.68058140,30,43,0,43,53.98302326,30,43,0,43
1994,9,Vas,17.28257576,30,44,0,44,60.62818182,30,44,0,44
1994,9,Veszprém,17.72151852,30,54,0,54,69.64500000,30,54,0,54
1994,9,Zala,17.63079545,30,44,0,44,65.29568182,30,44,0,44
1994,10,Baranya,9.49121266,31,54,0,54,60.14833333,31,54,0,54
1994,10,Borsod-Abaúj-Zemplén,8.16715679,31,86,0,86,55.73313953,31,86,0,86
1994,10,Bács-Kiskun,9.73532747,31,99,0,99,45.13292929,31,99,0,99
1994,10,Békés,10.01357246,31,67,0,67,33.11283582,31,67,0,67
1994,10,Csongrád-Csanád,10.23772849,31,48,0,48,37.27895833,31,48,0,48
1994,10,Fejér,9.09737131,31,47,0,47,56.56063830,31,47,0,47
1994,10,Győr-Moson-Sopron,8.58706317,31,48,0,48,93.50104167,31,48,0,48
1994,10,Hajdú-Bihar,9.16669975,31,78,0,78,27.09128205,31,78,0,78
1994,10,Heves,8.78460411,31,44,0,44,45.95340909,31,44,0,44
1994,10,Jász-Nagykun-Szolnok,9.59597249,31,68,0,68,30.54044118,31,68,0,68
1994,10,Komárom-Esztergom,8.67122358,31,29,0,29,73.93206897,31,29,0,29
1994,10,Nógrád,7.76224654,31,28,0,28,64.14892857,31,28,0,28
1994,10,Pest,9.10276989,31,75,0,75,50.13466667,31,75,0,75
1994,10,Somogy,8.92458525,31,70,0,70,80.13200000,31,70,0,70
1994,10,Szabolcs-Szatmár-Bereg,8.85569741,31,71,0,71,40.45704225,31,71,0,71
1994,10,Tolna,9.47807952,31,43,0,43,63.74720930,31,43,0,43
1994,10,Vas,8.11811584,31,44,0,44,98.69863636,31,44,0,44
1994,10,Veszprém,8.66322581,31,54,0,54,75.36870370,31,54,0,54
1994,10,Zala,8.49980938,31,44,0,44,94.76590909,31,44,0,44
1994,11,Baranya,6.82896296,30,54,0,54,27.74777778,30,54,0,54
1994,11,Borsod-Abaúj-Zemplén,3.94411628,30,86,0,86,17.45453488,30,86,0,86
1994,11,Bács-Kiskun,6.34435354,30,99,0,99,18.03030303,30,99,0,99
1994,11,Békés,5.32803980,30,67,0,67,13.49343284,30,67,0,67
1994,11,Csongrád-Csanád,6.00924306,30,48,0,48,14.49166667,30,48,0,48
1994,11,Fejér,6.19932624,30,47,0,47,27.67191489,30,47,0,47
1994,11,Győr-Moson-Sopron,6.75088194,30,48,0,48,48.11145833,30,48,0,48
1994,11,Hajdú-Bihar,4.66573077,30,78,0,78,12.53000000,30,78,0,78
1994,11,Heves,4.72576515,30,44,0,44,20.63750000,30,44,0,44
1994,11,Jász-Nagykun-Szolnok,5.38426961,30,68,0,68,15.67882353,30,68,0,68
1994,11,Komárom-Esztergom,5.98370115,30,29,0,29,34.06241379,30,29,0,29
1994,11,Nógrád,4.55946429,30,28,0,28,31.96357143,30,28,0,28
1994,11,Pest,5.70960444,30,75,0,75,25.23000000,30,75,0,75
1994,11,Somogy,6.84363333,30,70,0,70,34.82885714,30,70,0,70
1994,11,Szabolcs-Szatmár-Bereg,4.38896244,30,71,0,71,22.16408451,30,71,0,71
1994,11,Tolna,6.70663566,30,43,0,43,26.54209302,30,43,0,43
1994,11,Vas,6.72635606,30,44,0,44,47.42272727,30,44,0,44
1994,11,Veszprém,6.30987037,30,54,0,54,36.23833333,30,54,0,54
1994,11,Zala,6.90760606,30,44,0,44,37.81318182,30,44,0,44
1994,12,Baranya,1.78704301,31,54,0,54,59.59703704,31,54,0,54
1994,12,Borsod-Abaúj-Zemplén,-0.34281695,31,86,0,86,16.09558140,31,86,0,86
1994,12,Bács-Kiskun,1.62191919,31,99,0,99,34.37494949,31,99,0,99
1994,12,Békés,0.88577756,31,67,0,67,27.15134328,31,67,0,67
1994,12,Csongrád-Csanád,1.34937500,31,48,0,48,33.19583333,31,48,0,48
1994,12,Fejér,1.55286205,31,47,0,47,26.04510638,31,47,0,47
1994,12,Győr-Moson-Sopron,1.75862231,31,48,0,48,24.78104167,31,48,0,48
1994,12,Hajdú-Bihar,0.50296940,31,78,0,78,29.88217949,31,78,0,78
1994,12,Heves,0.35166422,31,44,0,44,13.55636364,31,44,0,44
1994,12,Jász-Nagykun-Szolnok,1.00450190,31,68,0,68,20.64794118,31,68,0,68
1994,12,Komárom-Esztergom,1.33426029,31,29,0,29,16.97448276,31,29,0,29
1994,12,Nógrád,0.06002304,31,28,0,28,13.42035714,31,28,0,28
1994,12,Pest,1.19587097,31,75,0,75,16.51280000,31,75,0,75
1994,12,Somogy,1.73145622,31,70,0,70,54.29942857,31,70,0,70
1994,12,Szabolcs-Szatmár-Bereg,0.17518855,31,71,0,71,37.86169014,31,71,0,71
1994,12,Tolna,1.82351088,31,43,0,43,45.69139535,31,43,0,43
1994,12,Vas,1.22911290,31,44,0,44,38.00386364,31,44,0,44
1994,12,Veszprém,1.42937873,31,54,0,54,30.46203704,31,54,0,54
1994,12,Zala,1.38005132,31,44,0,44,51.49477273,31,44,0,44
1995,1,Baranya,-0.18933692,31,54,0,54,43.62222222,31,54,0,54
1995,1,Borsod-Abaúj-Zemplén,-2.18082146,31,86,0,86,18.21604651,31,86,0,86
1995,1,Bács-Kiskun,-0.54132616,31,99,0,99,33.39545455,31,99,0,99
1995,1,Békés,-1.69918151,31,67,0,67,34.27298507,31,67,0,67
1995,1,Csongrád-Csanád,-1.03051075,31,48,0,48,34.99187500,31,48,0,48
1995,1,Fejér,-0.63359643,31,47,0,47,38.84829787,31,47,0,47
1995,1,Győr-Moson-Sopron,-0.29866263,31,48,0,48,21.54937500,31,48,0,48
1995,1,Hajdú-Bihar,-1.96223325,31,78,0,78,33.27179487,31,78,0,78
1995,1,Heves,-1.89321848,31,44,0,44,18.92750000,31,44,0,44
1995,1,Jász-Nagykun-Szolnok,-1.32861006,31,68,0,68,27.32441176,31,68,0,68
1995,1,Komárom-Esztergom,-1.01298109,31,29,0,29,30.21689655,31,29,0,29
1995,1,Nógrád,-2.18747696,31,28,0,28,22.82285714,31,28,0,28
1995,1,Pest,-1.12702366,31,75,0,75,31.93773333,31,75,0,75
1995,1,Somogy,0.04521659,31,70,0,70,39.80228571,31,70,0,70
1995,1,Szabolcs-Szatmár-Bereg,-1.96118582,31,71,0,71,40.71704225,31,71,0,71
1995,1,Tolna,-0.10451613,31,43,0,43,33.26558140,31,43,0,43
1995,1,Vas,-0.34019795,31,44,0,44,22.15704545,31,44,0,44
1995,1,Veszprém,-0.62718638,31,54,0,54,33.01203704,31,54,0,54
1995,1,Zala,0.02368768,31,44,0,44,33.97590909,31,44,0,44
1995,2,Baranya,5.87298280,28,54,0,54,54.77481481,28,54,0,54
1995,2,Borsod-Abaúj-Zemplén,3.65942276,28,86,0,86,48.74976744,28,86,0,86
1995,2,Bács-Kiskun,5.90999278,28,99,0,99,47.95686869,28,99,0,99
1995,2,Békés,5.48849147,28,67,0,67,46.00029851,28,67,0,67
1995,2,Csongrád-Csanád,5.91181548,28,48,0,48,44.36958333,28,48,0,48
1995,2,Fejér,5.17086626,28,47,0,47,59.83659574,28,47,0,47
1995,2,Győr-Moson-Sopron,5.30918899,28,48,0,48,48.69416667,28,48,0,48
1995,2,Hajdú-Bihar,4.82684066,28,78,0,78,49.37461538,28,78,0,78
1995,2,Heves,4.30685877,28,44,0,44,52.90045455,28,44,0,44
1995,2,Jász-Nagykun-Szolnok,5.46820903,28,68,0,68,46.86500000,28,68,0,68
1995,2,Komárom-Esztergom,4.85508621,28,29,0,29,46.72655172,28,29,0,29
1995,2,Nógrád,3.62795918,28,28,0,28,45.05750000,28,28,0,28
1995,2,Pest,5.09150476,28,75,0,75,53.38306667,28,75,0,75
1995,2,Somogy,5.41867857,28,70,0,70,71.40014286,28,70,0,70
1995,2,Szabolcs-Szatmár-Bereg,4.37490443,28,71,0,71,50.65056338,28,71,0,71
1995,2,Tolna,5.78238372,28,43,0,43,55.64069767,28,43,0,43
1995,2,Vas,4.78202110,28,44,0,44,67.98181818,28,44,0,44
1995,2,Veszprém,4.90812169,28,54,0,54,65.43351852,28,54,0,54
1995,2,Zala,5.01116071,28,44,0,44,72.65931818,28,44,0,44
1995,3,Baranya,4.93985066,31,54,0,54,50.66740741,31,54,0,54
1995,3,Borsod-Abaúj-Zemplén,4.80537509,31,86,0,86,34.73023256,31,86,0,86
1995,3,Bács-Kiskun,5.30411209,31,99,0,99,37.56272727,31,99,0,99
1995,3,Békés,5.74088108,31,67,0,67,26.30686567,31,67,0,67
1995,3,Csongrád-Csanád,5.56426747,31,48,0,48,32.06750000,31,48,0,48
1995,3,Fejér,4.87621826,31,47,0,47,42.66531915,31,47,0,47
1995,3,Győr-Moson-Sopron,4.63891801,31,48,0,48,68.36770833,31,48,0,48
1995,3,Hajdú-Bihar,5.75409016,31,78,0,78,27.67294872,31,78,0,78
1995,3,Heves,4.66019062,31,44,0,44,38.77454545,31,44,0,44
1995,3,Jász-Nagykun-Szolnok,5.57277514,31,68,0,68,25.42779412,31,68,0,68
1995,3,Komárom-Esztergom,4.45299221,31,29,0,29,54.71724138,31,29,0,29
1995,3,Nógrád,3.72178571,31,28,0,28,52.71071429,31,28,0,28
1995,3,Pest,4.92198710,31,75,0,75,37.21653333,31,75,0,75
1995,3,Somogy,4.94192166,31,70,0,70,59.97042857,31,70,0,70
1995,3,Szabolcs-Szatmár-Bereg,5.76028623,31,71,0,71,28.21901408,31,71,0,71
1995,3,Tolna,5.05924231,31,43,0,43,50.82511628,31,43,0,43
1995,3,Vas,4.41771994,31,44,0,44,72.99295455,31,44,0,44
1995,3,Veszprém,4.47084229,31,54,0,54,61.98962963,31,54,0,54
1995,3,Zala,4.69608504,31,44,0,44,81.71750000,31,44,0,44
1995,4,Baranya,11.09942593,30,54,0,54,37.58685185,30,54,0,54
1995,4,Borsod-Abaúj-Zemplén,9.43111628,30,86,0,86,67.69860465,30,86,0,86
1995,4,Bács-Kiskun,11.04941414,30,99,0,99,37.93161616,30,99,0,99
1995,4,Békés,10.54585572,30,67,0,67,48.11074627,30,67,0,67
1995,4,Csongrád-Csanád,11.02853472,30,48,0,48,33.18729167,30,48,0,48
1995,4,Fejér,10.82745390,30,47,0,47,52.99255319,30,47,0,47
1995,4,Győr-Moson-Sopron,10.70602083,30,48,0,48,70.68645833,30,48,0,48
1995,4,Hajdú-Bihar,10.14486752,30,78,0,78,53.05205128,30,78,0,78
1995,4,Heves,9.82063636,30,44,0,44,55.38522727,30,44,0,44
1995,4,Jász-Nagykun-Szolnok,10.59339706,30,68,0,68,47.96191176,30,68,0,68
1995,4,Komárom-Esztergom,10.31377011,30,29,0,29,66.53103448,30,29,0,29
1995,4,Nógrád,9.08744048,30,28,0,28,56.33607143,30,28,0,28
1995,4,Pest,10.61157333,30,75,0,75,51.67466667,30,75,0,75
1995,4,Somogy,10.81045714,30,70,0,70,46.09514286,30,70,0,70
1995,4,Szabolcs-Szatmár-Bereg,9.88210329,30,71,0,71,55.65000000,30,71,0,71
1995,4,Tolna,11.13830233,30,43,0,43,35.65465116,30,43,0,43
1995,4,Vas,10.44102273,30,44,0,44,59.51886364,30,44,0,44
1995,4,Veszprém,10.44246914,30,54,0,54,70.50055556,30,54,0,54
1995,4,Zala,10.61853788,30,44,0,44,55.68636364,30,44,0,44
1995,5,Baranya,14.94025090,31,54,0,54,92.93574074,31,54,0,54
1995,5,Borsod-Abaúj-Zemplén,14.39207802,31,86,0,86,43.27244186,31,86,0,86
1995,5,Bács-Kiskun,15.36615184,31,99,0,99,55.80959596,31,99,0,99
1995,5,Békés,15.65814636,31,67,0,67,49.57552239,31,67,0,67
1995,5,Csongrád-Csanád,15.82114247,31,48,0,48,42.61687500,31,48,0,48
1995,5,Fejér,14.91762526,31,47,0,47,56.56276596,31,47,0,47
1995,5,Győr-Moson-Sopron,14.64573925,31,48,0,48,62.76541667,31,48,0,48
1995,5,Hajdú-Bihar,15.44885029,31,78,0,78,41.35935897,31,78,0,78
1995,5,Heves,14.59118035,31,44,0,44,69.94045455,31,44,0,44
1995,5,Jász-Nagykun-Szolnok,15.54609583,31,68,0,68,42.19750000,31,68,0,68
1995,5,Komárom-Esztergom,14.41988877,31,29,0,29,78.87448276,31,29,0,29
1995,5,Nógrád,13.64588710,31,28,0,28,88.30178571,31,28,0,28
1995,5,Pest,14.95432258,31,75,0,75,70.87586667,31,75,0,75
1995,5,Somogy,14.84440092,31,70,0,70,85.27214286,31,70,0,70
1995,5,Szabolcs-Szatmár-Bereg,15.13819173,31,71,0,71,39.57239437,31,71,0,71
1995,5,Tolna,15.17240810,31,43,0,43,70.07325581,31,43,0,43
1995,5,Vas,14.39629032,31,44,0,44,64.99659091,31,44,0,44
1995,5,Veszprém,14.36526284,31,54,0,54,62.65870370,31,54,0,54
1995,5,Zala,14.52370235,31,44,0,44,82.20818182,31,44,0,44
1995,6,Baranya,18.21607407,30,54,0,54,116.80814815,30,54,0,54
1995,6,Borsod-Abaúj-Zemplén,18.08664729,30,86,0,86,136.72965116,30,86,0,86
1995,6,Bács-Kiskun,18.81621212,30,99,0,99,109.85080808,30,99,0,99
1995,6,Békés,19.17660697,30,67,0,67,91.51447761,30,67,0,67
1995,6,Csongrád-Csanád,19.21747917,30,48,0,48,93.96395833,30,48,0,48
1995,6,Fejér,18.17558156,30,47,0,47,113.10787234,30,47,0,47
1995,6,Győr-Moson-Sopron,17.50804167,30,48,0,48,95.10729167,30,48,0,48
1995,6,Hajdú-Bihar,19.05289744,30,78,0,78,96.17717949,30,78,0,78
1995,6,Heves,18.14456818,30,44,0,44,98.50931818,30,44,0,44
1995,6,Jász-Nagykun-Szolnok,19.11139216,30,68,0,68,96.48382353,30,68,0,68
1995,6,Komárom-Esztergom,17.52316092,30,29,0,29,93.73034483,30,29,0,29
1995,6,Nógrád,17.17459524,30,28,0,28,99.96464286,30,28,0,28
1995,6,Pest,18.32459111,30,75,0,75,94.92693333,30,75,0,75
1995,6,Somogy,17.91020476,30,70,0,70,116.96542857,30,70,0,70
1995,6,Szabolcs-Szatmár-Bereg,18.99265728,30,71,0,71,102.80450704,30,71,0,71
1995,6,Tolna,18.34784496,30,43,0,43,109.77348837,30,43,0,43
1995,6,Vas,17.03828788,30,44,0,44,101.83272727,30,44,0,44
1995,6,Veszprém,17.45214198,30,54,0,54,98.23629630,30,54,0,54
1995,6,Zala,17.39796212,30,44,0,44,106.94181818,30,44,0,44
1995,7,Baranya,23.06983274,31,54,0,54,17.86388889,31,54,0,54
1995,7,Borsod-Abaúj-Zemplén,22.33270443,31,86,0,86,23.62686047,31,86,0,86
1995,7,Bács-Kiskun,23.64661127,31,99,0,99,26.17717172,31,99,0,99
1995,7,Békés,23.83477612,31,67,0,67,34.22388060,31,67,0,67
1995,7,Csongrád-Csanád,23.91130376,31,48,0,48,29.96208333,31,48,0,48
1995,7,Fejér,23.18107069,31,47,0,47,22.16680851,31,47,0,47
1995,7,Győr-Moson-Sopron,22.82398522,31,48,0,48,10.81166667,31,48,0,48
1995,7,Hajdú-Bihar,23.42850703,31,78,0,78,19.31384615,31,78,0,78
1995,7,Heves,22.98526393,31,44,0,44,30.30863636,31,44,0,44
1995,7,Jász-Nagykun-Szolnok,23.96437381,31,68,0,68,17.68926471,31,68,0,68
1995,7,Komárom-Esztergom,22.53242492,31,29,0,29,8.41482759,31,29,0,29
1995,7,Nógrád,21.88592166,31,28,0,28,25.46857143,31,28,0,28
1995,7,Pest,23.48426667,31,75,0,75,18.43573333,31,75,0,75
1995,7,Somogy,22.57965899,31,70,0,70,30.09600000,31,70,0,70
1995,7,Szabolcs-Szatmár-Bereg,22.95667878,31,71,0,71,22.62647887,31,71,0,71
1995,7,Tolna,23.27513878,31,43,0,43,22.74000000,31,43,0,43
1995,7,Vas,22.00126833,31,44,0,44,36.05295455,31,44,0,44
1995,7,Veszprém,22.40779570,31,54,0,54,19.64574074,31,54,0,54
1995,7,Zala,21.87127566,31,44,0,44,60.71750000,31,44,0,44
1995,8,Baranya,20.00183990,31,54,0,54,81.01629630,31,54,0,54
1995,8,Borsod-Abaúj-Zemplén,19.58162041,31,86,0,86,89.74372093,31,86,0,86
1995,8,Bács-Kiskun,20.55484523,31,99,0,99,47.53535354,31,99,0,99
1995,8,Békés,21.15399615,31,67,0,67,32.73283582,31,67,0,67
1995,8,Csongrád-Csanád,21.18191532,31,48,0,48,37.30562500,31,48,0,48
1995,8,Fejér,19.93367879,31,47,0,47,61.92680851,31,47,0,47
1995,8,Győr-Moson-Sopron,19.25490591,31,48,0,48,67.53395833,31,48,0,48
1995,8,Hajdú-Bihar,20.65219603,31,78,0,78,52.40307692,31,78,0,78
1995,8,Heves,19.75929619,31,44,0,44,94.06181818,31,44,0,44
1995,8,Jász-Nagykun-Szolnok,20.84646110,31,68,0,68,51.61823529,31,68,0,68
1995,8,Komárom-Esztergom,19.14359288,31,29,0,29,63.45551724,31,29,0,29
1995,8,Nógrád,18.38968894,31,28,0,28,101.33142857,31,28,0,28
1995,8,Pest,19.90236989,31,75,0,75,67.44640000,31,75,0,75
1995,8,Somogy,19.46175115,31,70,0,70,90.16100000,31,70,0,70
1995,8,Szabolcs-Szatmár-Bereg,20.25123580,31,71,0,71,57.83394366,31,71,0,71
1995,8,Tolna,20.18052513,31,43,0,43,53.93000000,31,43,0,43
1995,8,Vas,18.64032991,31,44,0,44,112.05795455,31,44,0,44
1995,8,Veszprém,19.24037037,31,54,0,54,86.15166667,31,54,0,54
1995,8,Zala,18.68604106,31,44,0,44,114.03022727,31,44,0,44
1995,9,Baranya,15.09903704,30,54,0,54,180.57018519,30,54,0,54
1995,9,Borsod-Abaúj-Zemplén,14.11046899,30,86,0,86,72.03918605,30,86,0,86
1995,9,Bács-Kiskun,15.06439394,30,99,0,99,124.68838384,30,99,0,99
1995,9,Békés,15.55720896,30,67,0,67,49.09820896,30,67,0,67
1995,9,Csongrád-Csanád,15.55668750,30,48,0,48,82.54312500,30,48,0,48
1995,9,Fejér,14.62418440,30,47,0,47,85.03446809,30,47,0,47
1995,9,Győr-Moson-Sopron,14.26678472,30,48,0,48,79.48479167,30,48,0,48
1995,9,Hajdú-Bihar,15.12501709,30,78,0,78,42.60089744,30,78,0,78
1995,9,Heves,14.25191667,30,44,0,44,74.43068182,30,44,0,44
1995,9,Jász-Nagykun-Szolnok,15.28974020,30,68,0,68,83.73014706,30,68,0,68
1995,9,Komárom-Esztergom,14.16883908,30,29,0,29,82.64586207,30,29,0,29
1995,9,Nógrád,13.42069048,30,28,0,28,68.82428571,30,28,0,28
1995,9,Pest,14.47352000,30,75,0,75,78.56346667,30,75,0,75
1995,9,Somogy,14.69643810,30,70,0,70,124.07528571,30,70,0,70
1995,9,Szabolcs-Szatmár-Bereg,14.79753521,30,71,0,71,60.96591549,30,71,0,71
1995,9,Tolna,14.95773643,30,43,0,43,117.58255814,30,43,0,43
1995,9,Vas,13.91660606,30,44,0,44,89.79818182,30,44,0,44
1995,9,Veszprém,14.25014815,30,54,0,54,86.79037037,30,54,0,54
1995,9,Zala,14.20424242,30,44,0,44,119.78159091,30,44,0,44
1995,10,Baranya,12.53070490,31,54,0,54,8.86685185,31,54,0,54
1995,10,Borsod-Abaúj-Zemplén,10.70318455,31,86,0,86,4.80674419,31,86,0,86
1995,10,Bács-Kiskun,12.01688824,31,99,0,99,3.63797980,31,99,0,99
1995,10,Békés,12.08656235,31,67,0,67,1.88671642,31,67,0,67
1995,10,Csongrád-Csanád,12.30959677,31,48,0,48,3.65270833,31,48,0,48
1995,10,Fejér,11.55917639,31,47,0,47,0.43659574,31,47,0,47
1995,10,Győr-Moson-Sopron,11.26291667,31,48,0,48,3.40229167,31,48,0,48
1995,10,Hajdú-Bihar,11.47618693,31,78,0,78,1.91679487,31,78,0,78
1995,10,Heves,11.32006598,31,44,0,44,0.89204545,31,44,0,44
1995,10,Jász-Nagykun-Szolnok,11.79042220,31,68,0,68,0.65264706,31,68,0,68
1995,10,Komárom-Esztergom,11.27355951,31,29,0,29,0.62862069,31,29,0,29
1995,10,Nógrád,10.25510369,31,28,0,28,1.09642857,31,28,0,28
1995,10,Pest,11.58052043,31,75,0,75,0.33506667,31,75,0,75
1995,10,Somogy,11.65670507,31,70,0,70,3.50671429,31,70,0,70
1995,10,Szabolcs-Szatmár-Bereg,10.93116311,31,71,0,71,6.09915493,31,71,0,71
1995,10,Tolna,12.24365341,31,43,0,43,4.62279070,31,43,0,43
1995,10,Vas,10.89005865,31,44,0,44,2.31613636,31,44,0,44
1995,10,Veszprém,11.36575269,31,54,0,54,1.95018519,31,54,0,54
1995,10,Zala,11.08646628,31,44,0,44,1.51340909,31,44,0,44
1995,11,Baranya,3.02875309,30,54,0,54,58.84814815,30,54,0,54
1995,11,Borsod-Abaúj-Zemplén,1.01093411,30,86,0,86,41.50813953,30,86,0,86
1995,11,Bács-Kiskun,2.41646801,30,99,0,99,70.29747475,30,99,0,99
1995,11,Békés,2.00012935,30,67,0,67,68.22388060,30,67,0,67
1995,11,Csongrád-Csanád,2.44559028,30,48,0,48,62.59145833,30,48,0,48
1995,11,Fejér,2.21161702,30,47,0,47,78.43127660,30,47,0,47
1995,11,Győr-Moson-Sopron,2.51966667,30,48,0,48,54.21479167,30,48,0,48
1995,11,Hajdú-Bihar,1.53256410,30,78,0,78,62.34282051,30,78,0,78
1995,11,Heves,1.51852273,30,44,0,44,50.03818182,30,44,0,44
1995,11,Jász-Nagykun-Szolnok,1.92645588,30,68,0,68,61.90176471,30,68,0,68
1995,11,Komárom-Esztergom,2.10242529,30,29,0,29,70.69931034,30,29,0,29
1995,11,Nógrád,1.23680952,30,28,0,28,38.56928571,30,28,0,28
1995,11,Pest,1.91004889,30,75,0,75,64.07733333,30,75,0,75
1995,11,Somogy,3.00466190,30,70,0,70,56.98585714,30,70,0,70
1995,11,Szabolcs-Szatmár-Bereg,1.33707981,30,71,0,71,58.25323944,30,71,0,71
1995,11,Tolna,2.69051163,30,43,0,43,66.85069767,30,43,0,43
1995,11,Vas,2.63207576,30,44,0,44,43.03931818,30,44,0,44
1995,11,Veszprém,2.22114815,30,54,0,54,79.69981481,30,54,0,54
1995,11,Zala,3.05431818,30,44,0,44,51.89295455,30,44,0,44
1995,12,Baranya,0.38751493,31,54,0,54,107.21500000,31,54,0,54
1995,12,Borsod-Abaúj-Zemplén,-0.99508627,31,86,0,86,40.98569767,31,86,0,86
1995,12,Bács-Kiskun,0.08351254,31,99,0,99,95.17282828,31,99,0,99
1995,12,Békés,0.39958594,31,67,0,67,89.45313433,31,67,0,67
1995,12,Csongrád-Csanád,0.42599462,31,48,0,48,93.94750000,31,48,0,48
1995,12,Fejér,-0.43311599,31,47,0,47,98.59276596,31,47,0,47
1995,12,Győr-Moson-Sopron,-0.28910618,31,48,0,48,92.06583333,31,48,0,48
1995,12,Hajdú-Bihar,-0.15548801,31,78,0,78,70.61102564,31,78,0,78
1995,12,Heves,-0.72184751,31,44,0,44,57.85454545,31,44,0,44
1995,12,Jász-Nagykun-Szolnok,-0.14761385,31,68,0,68,73.29852941,31,68,0,68
1995,12,Komárom-Esztergom,-0.33440489,31,29,0,29,85.26862069,31,29,0,29
1995,12,Nógrád,-0.97978111,31,28,0,28,64.09750000,31,28,0,28
1995,12,Pest,-0.43787527,31,75,0,75,80.31253333,31,75,0,75
1995,12,Somogy,0.07900461,31,70,0,70,118.97085714,31,70,0,70
1995,12,Szabolcs-Szatmár-Bereg,-0.90363925,31,71,0,71,62.35000000,31,71,0,71
1995,12,Tolna,-0.00825206,31,43,0,43,116.13651163,31,43,0,43
1995,12,Vas,-0.60381232,31,44,0,44,95.04227273,31,44,0,44
1995,12,Veszprém,-0.55008363,31,54,0,54,110.32962963,31,54,0,54
1995,12,Zala,0.05912023,31,44,0,44,101.75500000,31,44,0,44
1996,1,Baranya,-2.09203106,31,54,0,54,41.00148148,31,54,0,54
1996,1,Borsod-Abaúj-Zemplén,-3.17732558,31,86,0,86,31.28000000,31,86,0,86
1996,1,Bács-Kiskun,-1.85308570,31,99,0,99,39.69818182,31,99,0,99
1996,1,Békés,-2.12392393,31,67,0,67,45.80552239,31,67,0,67
1996,1,Csongrád-Csanád,-1.66200941,31,48,0,48,46.44875000,31,48,0,48
1996,1,Fejér,-2.69332189,31,47,0,47,62.80468085,31,47,0,47
1996,1,Győr-Moson-Sopron,-2.79965054,31,48,0,48,67.77895833,31,48,0,48
1996,1,Hajdú-Bihar,-2.53732010,31,78,0,78,38.21858974,31,78,0,78
1996,1,Heves,-2.93989736,31,44,0,44,37.54818182,31,44,0,44
1996,1,Jász-Nagykun-Szolnok,-2.51782258,31,68,0,68,39.64323529,31,68,0,68
1996,1,Komárom-Esztergom,-3.10741935,31,29,0,29,72.69310345,31,29,0,29
1996,1,Nógrád,-3.38513825,31,28,0,28,52.72285714,31,28,0,28
1996,1,Pest,-2.77456774,31,75,0,75,53.55493333,31,75,0,75
1996,1,Somogy,-2.58355300,31,70,0,70,59.70142857,31,70,0,70
1996,1,Szabolcs-Szatmár-Bereg,-2.48149023,31,71,0,71,34.08267606,31,71,0,71
1996,1,Tolna,-2.05183796,31,43,0,43,47.67511628,31,43,0,43
1996,1,Vas,-2.80135630,31,44,0,44,58.18068182,31,44,0,44
1996,1,Veszprém,-3.20661290,31,54,0,54,72.85629630,31,54,0,54
1996,1,Zala,-2.59260264,31,44,0,44,61.69318182,31,44,0,44
1996,2,Baranya,-2.99477011,29,54,0,54,32.20037037,29,54,0,54
1996,2,Borsod-Abaúj-Zemplén,-3.31293504,29,86,0,86,20.95232558,29,86,0,86
1996,2,Bács-Kiskun,-3.24278649,29,99,0,99,34.98808081,29,99,0,99
1996,2,Békés,-3.39813690,29,67,0,67,31.15089552,29,67,0,67
1996,2,Csongrád-Csanád,-3.04643678,29,48,0,48,29.70437500,29,48,0,48
1996,2,Fejér,-3.79361702,29,47,0,47,33.33340426,29,47,0,47
1996,2,Győr-Moson-Sopron,-3.43614943,29,48,0,48,23.42895833,29,48,0,48
1996,2,Hajdú-Bihar,-3.55866048,29,78,0,78,32.64935897,29,78,0,78
1996,2,Heves,-3.42245298,29,44,0,44,27.38159091,29,44,0,44
1996,2,Jász-Nagykun-Szolnok,-3.44001014,29,68,0,68,32.69573529,29,68,0,68
1996,2,Komárom-Esztergom,-3.86216409,29,29,0,29,33.09448276,29,29,0,29
1996,2,Nógrád,-3.88944581,29,28,0,28,23.94250000,29,28,0,28
1996,2,Pest,-3.52500230,29,75,0,75,31.84253333,29,75,0,75
1996,2,Somogy,-3.19292611,29,70,0,70,27.73400000,29,70,0,70
1996,2,Szabolcs-Szatmár-Bereg,-3.30605634,29,71,0,71,32.14873239,29,71,0,71
1996,2,Tolna,-3.32639134,29,43,0,43,32.39674419,29,43,0,43
1996,2,Vas,-3.44379310,29,44,0,44,28.15431818,29,44,0,44
1996,2,Veszprém,-3.89008301,29,54,0,54,31.74685185,29,54,0,54
1996,2,Zala,-3.16023511,29,44,0,44,26.17454545,29,44,0,44
1996,3,Baranya,2.16023895,31,54,0,54,18.02851852,31,54,0,54
1996,3,Borsod-Abaúj-Zemplén,0.75048012,31,86,0,86,18.51348837,31,86,0,86
1996,3,Bács-Kiskun,2.00359726,31,99,0,99,13.48232323,31,99,0,99
1996,3,Békés,0.98232065,31,67,0,67,18.49298507,31,67,0,67
1996,3,Csongrád-Csanád,1.87700269,31,48,0,48,18.08104167,31,48,0,48
1996,3,Fejér,1.52947152,31,47,0,47,9.37957447,31,47,0,47
1996,3,Győr-Moson-Sopron,1.91564516,31,48,0,48,14.80604167,31,48,0,48
1996,3,Hajdú-Bihar,0.89718776,31,78,0,78,14.70589744,31,78,0,78
1996,3,Heves,0.68867302,31,44,0,44,21.85863636,31,44,0,44
1996,3,Jász-Nagykun-Szolnok,1.00779412,31,68,0,68,15.08514706,31,68,0,68
1996,3,Komárom-Esztergom,1.50749722,31,29,0,29,9.10482759,31,29,0,29
1996,3,Nógrád,0.50498848,31,28,0,28,13.95678571,31,28,0,28
1996,3,Pest,1.48955699,31,75,0,75,11.03013333,31,75,0,75
1996,3,Somogy,2.01880184,31,70,0,70,11.13557143,31,70,0,70
1996,3,Szabolcs-Szatmár-Bereg,1.38034984,31,71,0,71,14.40901408,31,71,0,71
1996,3,Tolna,1.94480870,31,43,0,43,14.34418605,31,43,0,43
1996,3,Vas,1.53478006,31,44,0,44,15.66295455,31,44,0,44
1996,3,Veszprém,1.30920550,31,54,0,54,11.95148148,31,54,0,54
1996,3,Zala,1.97030059,31,44,0,44,13.07636364,31,44,0,44
1996,4,Baranya,10.94663580,30,54,0,54,55.05629630,30,54,0,54
1996,4,Borsod-Abaúj-Zemplén,10.48929457,30,86,0,86,41.44918605,30,86,0,86
1996,4,Bács-Kiskun,11.53050168,30,99,0,99,36.36797980,30,99,0,99
1996,4,Békés,11.88460199,30,67,0,67,30.37373134,30,67,0,67
1996,4,Csongrád-Csanád,11.82478472,30,48,0,48,30.03250000,30,48,0,48
1996,4,Fejér,11.01570922,30,47,0,47,54.22425532,30,47,0,47
1996,4,Győr-Moson-Sopron,10.24890972,30,48,0,48,91.24041667,30,48,0,48
1996,4,Hajdú-Bihar,11.70081624,30,78,0,78,33.51897436,30,78,0,78
1996,4,Heves,10.86161364,30,44,0,44,35.66181818,30,44,0,44
1996,4,Jász-Nagykun-Szolnok,11.61671078,30,68,0,68,38.90294118,30,68,0,68
1996,4,Komárom-Esztergom,10.35537931,30,29,0,29,65.19172414,30,29,0,29
1996,4,Nógrád,9.85477381,30,28,0,28,39.79500000,30,28,0,28
1996,4,Pest,11.29345333,30,75,0,75,36.75520000,30,75,0,75
1996,4,Somogy,10.46599524,30,70,0,70,77.66814286,30,70,0,70
1996,4,Szabolcs-Szatmár-Bereg,11.50215493,30,71,0,71,28.53633803,30,71,0,71
1996,4,Tolna,11.22185271,30,43,0,43,48.06093023,30,43,0,43
1996,4,Vas,9.84532576,30,44,0,44,99.16022727,30,44,0,44
1996,4,Veszprém,10.09619136,30,54,0,54,83.21203704,30,54,0,54
1996,4,Zala,10.00004545,30,44,0,44,107.73840909,30,44,0,44
1996,5,Baranya,17.17746117,31,54,0,54,77.61018519,31,54,0,54
1996,5,Borsod-Abaúj-Zemplén,16.96319955,31,86,0,86,74.07546512,31,86,0,86
1996,5,Bács-Kiskun,17.89499511,31,99,0,99,59.24858586,31,99,0,99
1996,5,Békés,18.28871449,31,67,0,67,74.94074627,31,67,0,67
1996,5,Csongrád-Csanád,18.29956989,31,48,0,48,72.17000000,31,48,0,48
1996,5,Fejér,17.11248456,31,47,0,47,84.05936170,31,47,0,47
1996,5,Győr-Moson-Sopron,16.21351478,31,48,0,48,112.25104167,31,48,0,48
1996,5,Hajdú-Bihar,18.19103391,31,78,0,78,86.44153846,31,78,0,78
1996,5,Heves,16.79035191,31,44,0,44,86.44227273,31,44,0,44
1996,5,Jász-Nagykun-Szolnok,17.98919355,31,68,0,68,82.04838235,31,68,0,68
1996,5,Komárom-Esztergom,16.35298109,31,29,0,29,140.97103448,31,29,0,29
1996,5,Nógrád,15.75330645,31,28,0,28,113.30178571,31,28,0,28
1996,5,Pest,17.14687742,31,75,0,75,90.10306667,31,75,0,75
1996,5,Somogy,16.86291244,31,70,0,70,64.82200000,31,70,0,70
1996,5,Szabolcs-Szatmár-Bereg,18.07769650,31,71,0,71,83.86957746,31,71,0,71
1996,5,Tolna,17.50480120,31,43,0,43,53.53116279,31,43,0,43
1996,5,Vas,15.85935484,31,44,0,44,121.02727273,31,44,0,44
1996,5,Veszprém,16.16538232,31,54,0,54,96.13259259,31,54,0,54
1996,5,Zala,16.14758065,31,44,0,44,85.70659091,31,44,0,44
1996,6,Baranya,20.06212963,30,54,0,54,40.46944444,30,54,0,54
1996,6,Borsod-Abaúj-Zemplén,19.17738760,30,86,0,86,34.42674419,30,86,0,86
1996,6,Bács-Kiskun,20.37032323,30,99,0,99,55.59404040,30,99,0,99
1996,6,Békés,20.52437811,30,67,0,67,53.59910448,30,67,0,67
1996,6,Csongrád-Csanád,20.64379167,30,48,0,48,46.91375000,30,48,0,48
1996,6,Fejér,19.80083688,30,47,0,47,66.18680851,30,47,0,47
1996,6,Győr-Moson-Sopron,19.35848611,30,48,0,48,64.38416667,30,48,0,48
1996,6,Hajdú-Bihar,20.26409829,30,78,0,78,43.13166667,30,78,0,78
1996,6,Heves,19.36606818,30,44,0,44,36.57545455,30,44,0,44
1996,6,Jász-Nagykun-Szolnok,20.35740196,30,68,0,68,45.78705882,30,68,0,68
1996,6,Komárom-Esztergom,19.10747126,30,29,0,29,61.00034483,30,29,0,29
1996,6,Nógrád,18.50341667,30,28,0,28,33.73035714,30,28,0,28
1996,6,Pest,19.78373333,30,75,0,75,48.98626667,30,75,0,75
1996,6,Somogy,19.64911429,30,70,0,70,39.51157143,30,70,0,70
1996,6,Szabolcs-Szatmár-Bereg,19.95037559,30,71,0,71,14.55211268,30,71,0,71
1996,6,Tolna,20.17286047,30,43,0,43,45.94418605,30,43,0,43
1996,6,Vas,18.94643182,30,44,0,44,72.19295455,30,44,0,44
1996,6,Veszprém,19.19675926,30,54,0,54,75.05962963,30,54,0,54
1996,6,Zala,18.99472727,30,44,0,44,52.89295455,30,44,0,44
1996,7,Baranya,18.95132616,31,54,0,54,76.43351852,31,54,0,54
1996,7,Borsod-Abaúj-Zemplén,18.41967742,31,86,0,86,49.15337209,31,86,0,86
1996,7,Bács-Kiskun,19.61002607,31,99,0,99,61.64868687,31,99,0,99
1996,7,Békés,19.92053924,31,67,0,67,66.87880597,31,67,0,67
1996,7,Csongrád-Csanád,19.99720430,31,48,0,48,60.89854167,31,48,0,48
1996,7,Fejér,19.21603294,31,47,0,47,49.14063830,31,47,0,47
1996,7,Győr-Moson-Sopron,18.56413978,31,48,0,48,66.62437500,31,48,0,48
1996,7,Hajdú-Bihar,19.58562448,31,78,0,78,39.12948718,31,78,0,78
1996,7,Heves,18.80866569,31,44,0,44,41.29386364,31,44,0,44
1996,7,Jász-Nagykun-Szolnok,19.84290323,31,68,0,68,39.29367647,31,68,0,68
1996,7,Komárom-Esztergom,18.32460512,31,29,0,29,77.50931034,31,29,0,29
1996,7,Nógrád,17.75756912,31,28,0,28,73.24500000,31,28,0,28
1996,7,Pest,19.21554409,31,75,0,75,47.83226667,31,75,0,75
1996,7,Somogy,18.86977419,31,70,0,70,57.98671429,31,70,0,70
1996,7,Szabolcs-Szatmár-Bereg,18.92714675,31,71,0,71,41.97774648,31,71,0,71
1996,7,Tolna,19.35052513,31,43,0,43,54.59813953,31,43,0,43
1996,7,Vas,18.22842375,31,44,0,44,88.33818182,31,44,0,44
1996,7,Veszprém,18.40222222,31,54,0,54,72.13055556,31,54,0,54
1996,7,Zala,18.29832111,31,44,0,44,85.40136364,31,44,0,44
1996,8,Baranya,19.66357228,31,54,0,54,69.43222222,31,54,0,54
1996,8,Borsod-Abaúj-Zemplén,19.32153413,31,86,0,86,90.72174419,31,86,0,86
1996,8,Bács-Kiskun,20.40743239,31,99,0,99,72.81989899,31,99,0,99
1996,8,Békés,20.57568127,31,67,0,67,135.59179104,31,67,0,67
1996,8,Csongrád-Csanád,20.78000672,31,48,0,48,95.02041667,31,48,0,48
1996,8,Fejér,19.75352093,31,47,0,47,50.01936170,31,47,0,47
1996,8,Győr-Moson-Sopron,19.24336694,31,48,0,48,65.82833333,31,48,0,48
1996,8,Hajdú-Bihar,20.37543424,31,78,0,78,111.82076923,31,78,0,78
1996,8,Heves,19.58217742,31,44,0,44,82.11704545,31,44,0,44
1996,8,Jász-Nagykun-Szolnok,20.57156546,31,68,0,68,94.72279412,31,68,0,68
1996,8,Komárom-Esztergom,19.15908788,31,29,0,29,55.38620690,31,29,0,29
1996,8,Nógrád,18.43965438,31,28,0,28,60.05750000,31,28,0,28
1996,8,Pest,19.89224086,31,75,0,75,49.66866667,31,75,0,75
1996,8,Somogy,19.41281106,31,70,0,70,101.32257143,31,70,0,70
1996,8,Szabolcs-Szatmár-Bereg,19.98827806,31,71,0,71,68.38633803,31,71,0,71
1996,8,Tolna,19.96564141,31,43,0,43,72.82744186,31,43,0,43
1996,8,Vas,18.80103372,31,44,0,44,82.51363636,31,44,0,44
1996,8,Veszprém,19.13933692,31,54,0,54,78.99888889,31,54,0,54
1996,8,Zala,18.87602639,31,44,0,44,104.55454545,31,44,0,44
1996,9,Baranya,12.67893210,30,54,0,54,163.38037037,30,54,0,54
1996,9,Borsod-Abaúj-Zemplén,11.95399612,30,86,0,86,126.39593023,30,86,0,86
1996,9,Bács-Kiskun,13.04186869,30,99,0,99,109.27676768,30,99,0,99
1996,9,Békés,13.15800000,30,67,0,67,104.11671642,30,67,0,67
1996,9,Csongrád-Csanád,13.30847222,30,48,0,48,92.76208333,30,48,0,48
1996,9,Fejér,12.75810638,30,47,0,47,128.49425532,30,47,0,47
1996,9,Győr-Moson-Sopron,12.25677778,30,48,0,48,130.72604167,30,48,0,48
1996,9,Hajdú-Bihar,12.99724786,30,78,0,78,141.35474359,30,78,0,78
1996,9,Heves,12.13331818,30,44,0,44,109.49590909,30,44,0,44
1996,9,Jász-Nagykun-Szolnok,13.01460294,30,68,0,68,116.07191176,30,68,0,68
1996,9,Komárom-Esztergom,12.08381609,30,29,0,29,108.86827586,30,29,0,29
1996,9,Nógrád,11.41610714,30,28,0,28,74.27000000,30,28,0,28
1996,9,Pest,12.37578667,30,75,0,75,98.38106667,30,75,0,75
1996,9,Somogy,12.54197619,30,70,0,70,173.85600000,30,70,0,70
1996,9,Szabolcs-Szatmár-Bereg,12.53359155,30,71,0,71,159.43112676,30,71,0,71
1996,9,Tolna,12.90868217,30,43,0,43,173.38581395,30,43,0,43
1996,9,Vas,11.96321970,30,44,0,44,144.75500000,30,44,0,44
1996,9,Veszprém,12.15351235,30,54,0,54,158.14814815,30,54,0,54
1996,9,Zala,12.20860606,30,44,0,44,148.40568182,30,44,0,44
1996,10,Baranya,11.48480884,31,54,0,54,51.04296296,31,54,0,54
1996,10,Borsod-Abaúj-Zemplén,10.03357089,31,86,0,86,39.39255814,31,86,0,86
1996,10,Bács-Kiskun,11.56682633,31,99,0,99,26.10383838,31,99,0,99
1996,10,Békés,11.43399133,31,67,0,67,32.26820896,31,67,0,67
1996,10,Csongrád-Csanád,11.74869624,31,48,0,48,25.10979167,31,48,0,48
1996,10,Fejér,11.35326699,31,47,0,47,21.94744681,31,47,0,47
1996,10,Győr-Moson-Sopron,10.93779570,31,48,0,48,27.89625000,31,48,0,48
1996,10,Hajdú-Bihar,10.98701406,31,78,0,78,40.69987179,31,78,0,78
1996,10,Heves,10.40714076,31,44,0,44,34.25409091,31,44,0,44
1996,10,Jász-Nagykun-Szolnok,11.29253795,31,68,0,68,34.95544118,31,68,0,68
1996,10,Komárom-Esztergom,10.85021135,31,29,0,29,28.59379310,31,29,0,29
1996,10,Nógrád,9.62103687,31,28,0,28,37.46142857,31,28,0,28
1996,10,Pest,11.03160430,31,75,0,75,26.70840000,31,75,0,75
1996,10,Somogy,11.20631797,31,70,0,70,44.61585714,31,70,0,70
1996,10,Szabolcs-Szatmár-Bereg,10.69154930,31,71,0,71,64.77830986,31,71,0,71
1996,10,Tolna,11.54322581,31,43,0,43,29.01116279,31,43,0,43
1996,10,Vas,10.61424487,31,44,0,44,43.60750000,31,44,0,44
1996,10,Veszprém,10.88523895,31,54,0,54,27.77240741,31,54,0,54
1996,10,Zala,10.95494135,31,44,0,44,47.85568182,31,44,0,44
1996,11,Baranya,7.78825926,30,54,0,54,55.92481481,30,54,0,54
1996,11,Borsod-Abaúj-Zemplén,6.42415891,30,86,0,86,21.26186047,30,86,0,86
1996,11,Bács-Kiskun,7.86500000,30,99,0,99,30.43252525,30,99,0,99
1996,11,Békés,7.98326368,30,67,0,67,28.05402985,30,67,0,67
1996,11,Csongrád-Csanád,8.15032639,30,48,0,48,32.64145833,30,48,0,48
1996,11,Fejér,7.43770213,30,47,0,47,33.13021277,30,47,0,47
1996,11,Győr-Moson-Sopron,7.44762500,30,48,0,48,27.77270833,30,48,0,48
1996,11,Hajdú-Bihar,7.66653419,30,78,0,78,17.46615385,30,78,0,78
1996,11,Heves,6.69890152,30,44,0,44,26.02750000,30,44,0,44
1996,11,Jász-Nagykun-Szolnok,7.63045588,30,68,0,68,17.67000000,30,68,0,68
1996,11,Komárom-Esztergom,7.38043678,30,29,0,29,27.82482759,30,29,0,29
1996,11,Nógrád,6.17148810,30,28,0,28,32.54535714,30,28,0,28
1996,11,Pest,7.19235556,30,75,0,75,27.01866667,30,75,0,75
1996,11,Somogy,7.74737143,30,70,0,70,51.88157143,30,70,0,70
1996,11,Szabolcs-Szatmár-Bereg,7.34092488,30,71,0,71,19.97816901,30,71,0,71
1996,11,Tolna,7.87982946,30,43,0,43,39.95558140,30,43,0,43
1996,11,Vas,6.89257576,30,44,0,44,42.56750000,30,44,0,44
1996,11,Veszprém,7.50341975,30,54,0,54,32.73203704,30,54,0,54
1996,11,Zala,7.29035606,30,44,0,44,52.28045455,30,44,0,44
1996,12,Baranya,-1.21367384,31,54,0,54,76.02851852,31,54,0,54
1996,12,Borsod-Abaúj-Zemplén,-3.19169917,31,86,0,86,45.77313953,31,86,0,86
1996,12,Bács-Kiskun,-1.06251874,31,99,0,99,66.52818182,31,99,0,99
1996,12,Békés,-0.86776601,31,67,0,67,62.92761194,31,67,0,67
1996,12,Csongrád-Csanád,-0.75815860,31,48,0,48,67.68916667,31,48,0,48
1996,12,Fejér,-1.71244338,31,47,0,47,60.26957447,31,47,0,47
1996,12,Győr-Moson-Sopron,-2.16116935,31,48,0,48,21.88833333,31,48,0,48
1996,12,Hajdú-Bihar,-1.64076096,31,78,0,78,61.21897436,31,78,0,78
1996,12,Heves,-2.77194282,31,44,0,44,52.60113636,31,44,0,44
1996,12,Jász-Nagykun-Szolnok,-1.64367647,31,68,0,68,60.61985294,31,68,0,68
1996,12,Komárom-Esztergom,-2.36340378,31,29,0,29,40.17862069,31,29,0,29
1996,12,Nógrád,-3.62330645,31,28,0,28,47.57714286,31,28,0,28
1996,12,Pest,-2.07890323,31,75,0,75,55.96693333,31,75,0,75
1996,12,Somogy,-1.57015668,31,70,0,70,70.16614286,31,70,0,70
1996,12,Szabolcs-Szatmár-Bereg,-2.28276692,31,71,0,71,60.58915493,31,71,0,71
1996,12,Tolna,-1.09444111,31,43,0,43,74.19093023,31,43,0,43
1996,12,Vas,-2.56015396,31,44,0,44,27.74159091,31,44,0,44
1996,12,Veszprém,-2.24386499,31,54,0,54,45.88537037,31,54,0,54
1996,12,Zala,-2.15645161,31,44,0,44,55.19863636,31,44,0,44
1997,1,Baranya,-1.97875149,31,54,0,54,32.85685185,31,54,0,54
1997,1,Borsod-Abaúj-Zemplén,-3.47432108,31,86,0,86,15.19197674,31,86,0,86
1997,1,Bács-Kiskun,-2.04535028,31,99,0,99,30.31424242,31,99,0,99
1997,1,Békés,-2.30934521,31,67,0,67,23.46597015,31,67,0,67
1997,1,Csongrád-Csanád,-2.04825941,31,48,0,48,27.76875000,31,48,0,48
1997,1,Fejér,-2.28477694,31,47,0,47,27.77595745,31,47,0,47
1997,1,Győr-Moson-Sopron,-2.48497984,31,48,0,48,16.88895833,31,48,0,48
1997,1,Hajdú-Bihar,-2.66232837,31,78,0,78,16.48166667,31,78,0,78
1997,1,Heves,-3.23486804,31,44,0,44,20.55409091,31,44,0,44
1997,1,Jász-Nagykun-Szolnok,-2.93779886,31,68,0,68,21.01044118,31,68,0,68
1997,1,Komárom-Esztergom,-2.76934372,31,29,0,29,21.29655172,31,29,0,29
1997,1,Nógrád,-3.49661290,31,28,0,28,22.66071429,31,28,0,28
1997,1,Pest,-2.73635699,31,75,0,75,25.50066667,31,75,0,75
1997,1,Somogy,-1.94249770,31,70,0,70,31.51414286,31,70,0,70
1997,1,Szabolcs-Szatmár-Bereg,-3.17125398,31,71,0,71,14.46028169,31,71,0,71
1997,1,Tolna,-1.85679670,31,43,0,43,35.78488372,31,43,0,43
1997,1,Vas,-2.71483138,31,44,0,44,21.12227273,31,44,0,44
1997,1,Veszprém,-2.57492832,31,54,0,54,22.47129630,31,54,0,54
1997,1,Zala,-2.23351173,31,44,0,44,27.35636364,31,44,0,44
1997,2,Baranya,3.30679233,28,54,0,54,25.83148148,28,54,0,54
1997,2,Borsod-Abaúj-Zemplén,0.01047342,28,86,0,86,8.92151163,28,86,0,86
1997,2,Bács-Kiskun,2.52707792,28,99,0,99,9.01707071,28,99,0,99
1997,2,Békés,1.40498401,28,67,0,67,12.80656716,28,67,0,67
1997,2,Csongrád-Csanád,2.08639137,28,48,0,48,12.80687500,28,48,0,48
1997,2,Fejér,2.26411094,28,47,0,47,3.82617021,28,47,0,47
1997,2,Győr-Moson-Sopron,3.20244792,28,48,0,48,7.62562500,28,48,0,48
1997,2,Hajdú-Bihar,0.85961081,28,78,0,78,9.76230769,28,78,0,78
1997,2,Heves,0.61548701,28,44,0,44,4.87090909,28,44,0,44
1997,2,Jász-Nagykun-Szolnok,1.20778361,28,68,0,68,5.85470588,28,68,0,68
1997,2,Komárom-Esztergom,2.16854680,28,29,0,29,6.58310345,28,29,0,29
1997,2,Nógrád,0.33431122,28,28,0,28,8.42357143,28,28,0,28
1997,2,Pest,1.72746190,28,75,0,75,5.19160000,28,75,0,75
1997,2,Somogy,3.24351020,28,70,0,70,18.04285714,28,70,0,70
1997,2,Szabolcs-Szatmár-Bereg,0.38768109,28,71,0,71,18.21788732,28,71,0,71
1997,2,Tolna,2.87193522,28,43,0,43,11.45674419,28,43,0,43
1997,2,Vas,3.10129870,28,44,0,44,5.31704545,28,44,0,44
1997,2,Veszprém,2.69900794,28,54,0,54,5.99518519,28,54,0,54
1997,2,Zala,3.14719156,28,44,0,44,10.58727273,28,44,0,44
1997,3,Baranya,5.74598566,31,54,0,54,13.11666667,31,54,0,54
1997,3,Borsod-Abaúj-Zemplén,3.83874719,31,86,0,86,6.11162791,31,86,0,86
1997,3,Bács-Kiskun,5.45969371,31,99,0,99,16.89959596,31,99,0,99
1997,3,Békés,4.57676938,31,67,0,67,6.68238806,31,67,0,67
1997,3,Csongrád-Csanád,5.13315188,31,48,0,48,12.22062500,31,48,0,48
1997,3,Fejér,5.43411119,31,47,0,47,17.79021277,31,47,0,47
1997,3,Győr-Moson-Sopron,5.27881720,31,48,0,48,48.68854167,31,48,0,48
1997,3,Hajdú-Bihar,4.51384615,31,78,0,78,5.07064103,31,78,0,78
1997,3,Heves,4.44041056,31,44,0,44,9.12113636,31,44,0,44
1997,3,Jász-Nagykun-Szolnok,5.04679317,31,68,0,68,9.59441176,31,68,0,68
1997,3,Komárom-Esztergom,4.87484983,31,29,0,29,23.62379310,31,29,0,29
1997,3,Nógrád,3.70899770,31,28,0,28,8.94000000,31,28,0,28
1997,3,Pest,5.23839140,31,75,0,75,14.05400000,31,75,0,75
1997,3,Somogy,5.73678802,31,70,0,70,14.45985714,31,70,0,70
1997,3,Szabolcs-Szatmár-Bereg,4.31888687,31,71,0,71,6.53295775,31,71,0,71
1997,3,Tolna,5.65765941,31,43,0,43,17.50534884,31,43,0,43
1997,3,Vas,5.24276393,31,44,0,44,26.74204545,31,44,0,44
1997,3,Veszprém,5.20679211,31,54,0,54,29.79555556,31,54,0,54
1997,3,Zala,5.38224340,31,44,0,44,13.95363636,31,44,0,44
1997,4,Baranya,7.34503086,30,54,0,54,47.75481481,30,54,0,54
1997,4,Borsod-Abaúj-Zemplén,6.52807752,30,86,0,86,27.00918605,30,86,0,86
1997,4,Bács-Kiskun,7.71238047,30,99,0,99,35.89404040,30,99,0,99
1997,4,Békés,7.69165174,30,67,0,67,61.36000000,30,67,0,67
1997,4,Csongrád-Csanád,7.77225000,30,48,0,48,49.45291667,30,48,0,48
1997,4,Fejér,7.65082979,30,47,0,47,32.31510638,30,47,0,47
1997,4,Győr-Moson-Sopron,7.47689583,30,48,0,48,46.83270833,30,48,0,48
1997,4,Hajdú-Bihar,7.48080342,30,78,0,78,42.26307692,30,78,0,78
1997,4,Heves,6.97210606,30,44,0,44,19.84431818,30,44,0,44
1997,4,Jász-Nagykun-Szolnok,7.67684314,30,68,0,68,27.56602941,30,68,0,68
1997,4,Komárom-Esztergom,7.12070115,30,29,0,29,45.55689655,30,29,0,29
1997,4,Nógrád,6.15808333,30,28,0,28,25.70821429,30,28,0,28
1997,4,Pest,7.55095111,30,75,0,75,32.10693333,30,75,0,75
1997,4,Somogy,7.49777143,30,70,0,70,21.03242857,30,70,0,70
1997,4,Szabolcs-Szatmár-Bereg,7.15991080,30,71,0,71,47.88605634,30,71,0,71
1997,4,Tolna,7.67350388,30,43,0,43,42.28976744,30,43,0,43
1997,4,Vas,7.26749242,30,44,0,44,30.03431818,30,44,0,44
1997,4,Veszprém,7.11750000,30,54,0,54,34.23648148,30,54,0,54
1997,4,Zala,7.36575000,30,44,0,44,17.20477273,30,44,0,44
1997,5,Baranya,16.46602151,31,54,0,54,42.72759259,31,54,0,54
1997,5,Borsod-Abaúj-Zemplén,15.63531133,31,86,0,86,72.88744186,31,86,0,86
1997,5,Bács-Kiskun,16.82832519,31,99,0,99,51.52202020,31,99,0,99
1997,5,Békés,16.95500722,31,67,0,67,52.14746269,31,67,0,67
1997,5,Csongrád-Csanád,16.97015457,31,48,0,48,44.33937500,31,48,0,48
1997,5,Fejér,16.48403569,31,47,0,47,71.86744681,31,47,0,47
1997,5,Győr-Moson-Sopron,16.14733871,31,48,0,48,65.66895833,31,48,0,48
1997,5,Hajdú-Bihar,16.82578991,31,78,0,78,61.40858974,31,78,0,78
1997,5,Heves,15.97674487,31,44,0,44,46.26136364,31,44,0,44
1997,5,Jász-Nagykun-Szolnok,16.88549810,31,68,0,68,64.06941176,31,68,0,68
1997,5,Komárom-Esztergom,16.00090100,31,29,0,29,67.68862069,31,29,0,29
1997,5,Nógrád,15.08702765,31,28,0,28,45.25928571,31,28,0,28
1997,5,Pest,16.39688172,31,75,0,75,54.07266667,31,75,0,75
1997,5,Somogy,16.43830876,31,70,0,70,84.87900000,31,70,0,70
1997,5,Szabolcs-Szatmár-Bereg,16.34815084,31,71,0,71,98.73295775,31,71,0,71
1997,5,Tolna,16.63411103,31,43,0,43,57.98790698,31,43,0,43
1997,5,Vas,15.74876100,31,44,0,44,78.90659091,31,44,0,44
1997,5,Veszprém,15.85166069,31,54,0,54,84.46555556,31,54,0,54
1997,5,Zala,15.93953812,31,44,0,44,75.87727273,31,44,0,44
1997,6,Baranya,19.35496296,30,54,0,54,95.93055556,30,54,0,54
1997,6,Borsod-Abaúj-Zemplén,18.36785271,30,86,0,86,96.12755814,30,86,0,86
1997,6,Bács-Kiskun,19.68576431,30,99,0,99,73.15030303,30,99,0,99
1997,6,Békés,19.85161692,30,67,0,67,80.50865672,30,67,0,67
1997,6,Csongrád-Csanád,19.86515278,30,48,0,48,78.29166667,30,48,0,48
1997,6,Fejér,19.20960284,30,47,0,47,54.53106383,30,47,0,47
1997,6,Győr-Moson-Sopron,18.76651389,30,48,0,48,72.74437500,30,48,0,48
1997,6,Hajdú-Bihar,19.54824359,30,78,0,78,92.52743590,30,78,0,78
1997,6,Heves,18.68361364,30,44,0,44,71.90795455,30,44,0,44
1997,6,Jász-Nagykun-Szolnok,19.52873039,30,68,0,68,76.82558824,30,68,0,68
1997,6,Komárom-Esztergom,18.62983908,30,29,0,29,45.72551724,30,29,0,29
1997,6,Nógrád,17.90426190,30,28,0,28,77.30892857,30,28,0,28
1997,6,Pest,19.20669333,30,75,0,75,62.52400000,30,75,0,75
1997,6,Somogy,19.14309524,30,70,0,70,87.93471429,30,70,0,70
1997,6,Szabolcs-Szatmár-Bereg,19.11138967,30,71,0,71,92.84309859,30,71,0,71
1997,6,Tolna,19.54215504,30,43,0,43,66.53465116,30,43,0,43
1997,6,Vas,18.52671212,30,44,0,44,91.19704545,30,44,0,44
1997,6,Veszprém,18.56357407,30,54,0,54,68.48277778,30,54,0,54
1997,6,Zala,18.73557576,30,44,0,44,103.18159091,30,44,0,44
1997,7,Baranya,19.49363799,31,54,0,54,94.88629630,31,54,0,54
1997,7,Borsod-Abaúj-Zemplén,18.80748687,31,86,0,86,96.70069767,31,86,0,86
1997,7,Bács-Kiskun,20.04847507,31,99,0,99,81.49090909,31,99,0,99
1997,7,Békés,20.14483871,31,67,0,67,107.84089552,31,67,0,67
1997,7,Csongrád-Csanád,20.31547043,31,48,0,48,93.32270833,31,48,0,48
1997,7,Fejér,19.74835278,31,47,0,47,81.44361702,31,47,0,47
1997,7,Győr-Moson-Sopron,19.10340726,31,48,0,48,140.60125000,31,48,0,48
1997,7,Hajdú-Bihar,19.83195203,31,78,0,78,77.86551282,31,78,0,78
1997,7,Heves,19.15478006,31,44,0,44,106.30477273,31,44,0,44
1997,7,Jász-Nagykun-Szolnok,20.04976281,31,68,0,68,85.45632353,31,68,0,68
1997,7,Komárom-Esztergom,18.84327030,31,29,0,29,120.53413793,31,29,0,29
1997,7,Nógrád,18.35693548,31,28,0,28,110.94392857,31,28,0,28
1997,7,Pest,19.67959140,31,75,0,75,67.72573333,31,75,0,75
1997,7,Somogy,19.58485253,31,70,0,70,99.25942857,31,70,0,70
1997,7,Szabolcs-Szatmár-Bereg,19.53641527,31,71,0,71,85.85915493,31,71,0,71
1997,7,Tolna,19.98803451,31,43,0,43,89.36209302,31,43,0,43
1997,7,Vas,18.95284457,31,44,0,44,147.95068182,31,44,0,44
1997,7,Veszprém,18.96277778,31,54,0,54,125.59833333,31,54,0,54
1997,7,Zala,19.12815982,31,44,0,44,138.94795455,31,44,0,44
1997,8,Baranya,20.32688172,31,54,0,54,55.47092593,31,54,0,54
1997,8,Borsod-Abaúj-Zemplén,19.58074269,31,86,0,86,43.68244186,31,86,0,86
1997,8,Bács-Kiskun,20.67555556,31,99,0,99,44.36595960,31,99,0,99
1997,8,Békés,20.56877708,31,67,0,67,66.16865672,31,67,0,67
1997,8,Csongrád-Csanád,20.76672043,31,48,0,48,56.73833333,31,48,0,48
1997,8,Fejér,20.70196980,31,47,0,47,24.13723404,31,47,0,47
1997,8,Győr-Moson-Sopron,20.17497312,31,48,0,48,18.58625000,31,48,0,48
1997,8,Hajdú-Bihar,20.53228701,31,78,0,78,69.26320513,31,78,0,78
1997,8,Heves,20.06841642,31,44,0,44,35.30477273,31,44,0,44
1997,8,Jász-Nagykun-Szolnok,20.83600569,31,68,0,68,50.06147059,31,68,0,68
1997,8,Komárom-Esztergom,20.07117909,31,29,0,29,26.33275862,31,29,0,29
1997,8,Nógrád,19.13761521,31,28,0,28,22.34928571,31,28,0,28
1997,8,Pest,20.64130323,31,75,0,75,35.00333333,31,75,0,75
1997,8,Somogy,20.08568203,31,70,0,70,40.87228571,31,70,0,70
1997,8,Szabolcs-Szatmár-Bereg,20.19181736,31,71,0,71,48.08126761,31,71,0,71
1997,8,Tolna,20.58447112,31,43,0,43,46.18697674,31,43,0,43
1997,8,Vas,19.60013930,31,44,0,44,34.76750000,31,44,0,44
1997,8,Veszprém,20.00889486,31,54,0,54,24.75907407,31,54,0,54
1997,8,Zala,19.53818182,31,44,0,44,42.78636364,31,44,0,44
1997,9,Baranya,15.87833333,30,54,0,54,20.90796296,30,54,0,54
1997,9,Borsod-Abaúj-Zemplén,14.53743411,30,86,0,86,22.51418605,30,86,0,86
1997,9,Bács-Kiskun,15.87387205,30,99,0,99,16.21525253,30,99,0,99
1997,9,Békés,16.16336816,30,67,0,67,18.38000000,30,67,0,67
1997,9,Csongrád-Csanád,16.27627778,30,48,0,48,17.20125000,30,48,0,48
1997,9,Fejér,15.70990071,30,47,0,47,11.57085106,30,47,0,47
1997,9,Győr-Moson-Sopron,15.46226389,30,48,0,48,31.41958333,30,48,0,48
1997,9,Hajdú-Bihar,15.58551709,30,78,0,78,11.50384615,30,78,0,78
1997,9,Heves,15.30702273,30,44,0,44,24.91090909,30,44,0,44
1997,9,Jász-Nagykun-Szolnok,16.17155392,30,68,0,68,10.55514706,30,68,0,68
1997,9,Komárom-Esztergom,15.21287356,30,29,0,29,20.70827586,30,29,0,29
1997,9,Nógrád,14.43866667,30,28,0,28,17.26964286,30,28,0,28
1997,9,Pest,15.84282667,30,75,0,75,7.72773333,30,75,0,75
1997,9,Somogy,15.67051905,30,70,0,70,15.82342857,30,70,0,70
1997,9,Szabolcs-Szatmár-Bereg,14.97372770,30,71,0,71,14.62690141,30,71,0,71
1997,9,Tolna,15.89179845,30,43,0,43,10.37023256,30,43,0,43
1997,9,Vas,15.20817424,30,44,0,44,42.20136364,30,44,0,44
1997,9,Veszprém,15.38633951,30,54,0,54,27.19814815,30,54,0,54
1997,9,Zala,15.13253030,30,44,0,44,30.64454545,30,44,0,44
1997,10,Baranya,8.57324373,31,54,0,54,64.78481481,31,54,0,54
1997,10,Borsod-Abaúj-Zemplén,7.02436609,31,86,0,86,12.57720930,31,86,0,86
1997,10,Bács-Kiskun,8.52449332,31,99,0,99,37.82777778,31,99,0,99
1997,10,Békés,8.51590274,31,67,0,67,34.47462687,31,67,0,67
1997,10,Csongrád-Csanád,8.63894489,31,48,0,48,44.53520833,31,48,0,48
1997,10,Fejér,8.22054907,31,47,0,47,23.46680851,31,47,0,47
1997,10,Győr-Moson-Sopron,8.05297715,31,48,0,48,23.42750000,31,48,0,48
1997,10,Hajdú-Bihar,7.98621175,31,78,0,78,18.80897436,31,78,0,78
1997,10,Heves,7.62379765,31,44,0,44,8.99090909,31,44,0,44
1997,10,Jász-Nagykun-Szolnok,8.45987192,31,68,0,68,13.73147059,31,68,0,68
1997,10,Komárom-Esztergom,7.89302558,31,29,0,29,21.00034483,31,29,0,29
1997,10,Nógrád,6.58267281,31,28,0,28,13.17142857,31,28,0,28
1997,10,Pest,8.30678710,31,75,0,75,13.16400000,31,75,0,75
1997,10,Somogy,8.40902765,31,70,0,70,33.45228571,31,70,0,70
1997,10,Szabolcs-Szatmár-Bereg,7.53770104,31,71,0,71,32.23788732,31,71,0,71
1997,10,Tolna,8.57072768,31,43,0,43,37.29465116,31,43,0,43
1997,10,Vas,7.72629765,31,44,0,44,12.19840909,31,44,0,44
1997,10,Veszprém,8.11342891,31,54,0,54,15.88814815,31,54,0,54
1997,10,Zala,7.96592375,31,44,0,44,15.35931818,31,44,0,44
1997,11,Baranya,5.53932099,30,54,0,54,36.18888889,30,54,0,54
1997,11,Borsod-Abaúj-Zemplén,4.76029070,30,86,0,86,73.30627907,30,86,0,86
1997,11,Bács-Kiskun,6.00285859,30,99,0,99,38.46989899,30,99,0,99
1997,11,Békés,6.31428358,30,67,0,67,24.89000000,30,67,0,67
1997,11,Csongrád-Csanád,6.32518750,30,48,0,48,38.22687500,30,48,0,48
1997,11,Fejér,5.30678014,30,47,0,47,45.37808511,30,47,0,47
1997,11,Győr-Moson-Sopron,5.28532639,30,48,0,48,63.76312500,30,48,0,48
1997,11,Hajdú-Bihar,5.99823932,30,78,0,78,37.37564103,30,78,0,78
1997,11,Heves,5.02478788,30,44,0,44,56.58272727,30,44,0,44
1997,11,Jász-Nagykun-Szolnok,5.90195098,30,68,0,68,44.27823529,30,68,0,68
1997,11,Komárom-Esztergom,5.16400000,30,29,0,29,73.74344828,30,29,0,29
1997,11,Nógrád,4.32648810,30,28,0,28,72.72107143,30,28,0,28
1997,11,Pest,5.41780889,30,75,0,75,44.77920000,30,75,0,75
1997,11,Somogy,5.51600000,30,70,0,70,68.06785714,30,70,0,70
1997,11,Szabolcs-Szatmár-Bereg,5.73017840,30,71,0,71,64.55577465,30,71,0,71
1997,11,Tolna,5.68901550,30,43,0,43,32.10162791,30,43,0,43
1997,11,Vas,4.87866667,30,44,0,44,70.03204545,30,44,0,44
1997,11,Veszprém,5.07808025,30,54,0,54,68.49351852,30,54,0,54
1997,11,Zala,5.09956818,30,44,0,44,89.75318182,30,44,0,44
1997,12,Baranya,2.29893070,31,54,0,54,70.66925926,31,54,0,54
1997,12,Borsod-Abaúj-Zemplén,1.15318830,31,86,0,86,35.91627907,31,86,0,86
1997,12,Bács-Kiskun,2.31087651,31,99,0,99,62.95767677,31,99,0,99
1997,12,Békés,2.46435725,31,67,0,67,64.72358209,31,67,0,67
1997,12,Csongrád-Csanád,2.41110215,31,48,0,48,69.96604167,31,48,0,48
1997,12,Fejér,2.09670556,31,47,0,47,46.72617021,31,47,0,47
1997,12,Győr-Moson-Sopron,2.26985215,31,48,0,48,40.06770833,31,48,0,48
1997,12,Hajdú-Bihar,2.02806038,31,78,0,78,58.51038462,31,78,0,78
1997,12,Heves,1.39972874,31,44,0,44,29.54704545,31,44,0,44
1997,12,Jász-Nagykun-Szolnok,2.07943074,31,68,0,68,50.62750000,31,68,0,68
1997,12,Komárom-Esztergom,1.89531702,31,29,0,29,24.97896552,31,29,0,29
1997,12,Nógrád,1.04506912,31,28,0,28,22.78142857,31,28,0,28
1997,12,Pest,1.85015054,31,75,0,75,33.94626667,31,75,0,75
1997,12,Somogy,2.29039171,31,70,0,70,74.63214286,31,70,0,70
1997,12,Szabolcs-Szatmár-Bereg,1.49458428,31,71,0,71,64.72183099,31,71,0,71
1997,12,Tolna,2.39351838,31,43,0,43,67.27720930,31,43,0,43
1997,12,Vas,1.73780059,31,44,0,44,54.50068182,31,44,0,44
1997,12,Veszprém,1.87629630,31,54,0,54,57.38351852,31,54,0,54
1997,12,Zala,2.05604839,31,44,0,44,68.72113636,31,44,0,44
1998,1,Baranya,2.26093190,31,54,0,54,71.43648148,31,54,0,54
1998,1,Borsod-Abaúj-Zemplén,1.30680420,31,86,0,86,19.73453488,31,86,0,86
1998,1,Bács-Kiskun,2.46658847,31,99,0,99,70.16848485,31,99,0,99
1998,1,Békés,2.48923929,31,67,0,67,37.24925373,31,67,0,67
1998,1,Csongrád-Csanád,2.63078629,31,48,0,48,56.65104167,31,48,0,48
1998,1,Fejér,2.09630748,31,47,0,47,57.79276596,31,47,0,47
1998,1,Győr-Moson-Sopron,1.79536290,31,48,0,48,25.51854167,31,48,0,48
1998,1,Hajdú-Bihar,2.39085608,31,78,0,78,21.23474359,31,78,0,78
1998,1,Heves,1.71905425,31,44,0,44,25.62022727,31,44,0,44
1998,1,Jász-Nagykun-Szolnok,2.34845351,31,68,0,68,35.83617647,31,68,0,68
1998,1,Komárom-Esztergom,1.84345940,31,29,0,29,51.83965517,31,29,0,29
1998,1,Nógrád,1.18544931,31,28,0,28,31.05464286,31,28,0,28
1998,1,Pest,2.10616344,31,75,0,75,49.06146667,31,75,0,75
1998,1,Somogy,2.14174194,31,70,0,70,47.54885714,31,70,0,70
1998,1,Szabolcs-Szatmár-Bereg,2.05385734,31,71,0,71,17.89535211,31,71,0,71
1998,1,Tolna,2.34792948,31,43,0,43,79.04744186,31,43,0,43
1998,1,Vas,1.37080645,31,44,0,44,10.71522727,31,44,0,44
1998,1,Veszprém,1.63835125,31,54,0,54,42.60925926,31,54,0,54
1998,1,Zala,1.81791056,31,44,0,44,12.40136364,31,44,0,44
1998,2,Baranya,5.45517196,28,54,0,54,3.52388889,28,54,0,54
1998,2,Borsod-Abaúj-Zemplén,2.75911960,28,86,0,86,1.19313953,28,86,0,86
1998,2,Bács-Kiskun,4.95601371,28,99,0,99,0.61050505,28,99,0,99
1998,2,Békés,4.12384861,28,67,0,67,0.33194030,28,67,0,67
1998,2,Csongrád-Csanád,4.58804315,28,48,0,48,0.33062500,28,48,0,48
1998,2,Fejér,5.15427812,28,47,0,47,0.98531915,28,47,0,47
1998,2,Győr-Moson-Sopron,5.57758185,28,48,0,48,0.74250000,28,48,0,48
1998,2,Hajdú-Bihar,3.48550366,28,78,0,78,1.74743590,28,78,0,78
1998,2,Heves,3.88625812,28,44,0,44,0.41204545,28,44,0,44
1998,2,Jász-Nagykun-Szolnok,4.22056723,28,68,0,68,0.38176471,28,68,0,68
1998,2,Komárom-Esztergom,5.04263547,28,29,0,29,0.37310345,28,29,0,29
1998,2,Nógrád,3.73899235,28,28,0,28,0.53321429,28,28,0,28
1998,2,Pest,4.87188571,28,75,0,75,0.36146667,28,75,0,75
1998,2,Somogy,5.11271939,28,70,0,70,4.06900000,28,70,0,70
1998,2,Szabolcs-Szatmár-Bereg,2.41213280,28,71,0,71,5.19957746,28,71,0,71
1998,2,Tolna,5.39509967,28,43,0,43,1.84302326,28,43,0,43
1998,2,Vas,5.18106331,28,44,0,44,5.39659091,28,44,0,44
1998,2,Veszprém,4.99570767,28,54,0,54,1.77833333,28,54,0,54
1998,2,Zala,4.83209416,28,44,0,44,3.27568182,28,44,0,44
1998,3,Baranya,4.36991039,31,54,0,54,23.15462963,31,54,0,54
1998,3,Borsod-Abaúj-Zemplén,2.79767817,31,86,0,86,8.40337209,31,86,0,86
1998,3,Bács-Kiskun,4.08876833,31,99,0,99,14.22272727,31,99,0,99
1998,3,Békés,3.46298989,31,67,0,67,14.27119403,31,67,0,67
1998,3,Csongrád-Csanád,3.80811156,31,48,0,48,11.47145833,31,48,0,48
1998,3,Fejér,4.31178449,31,47,0,47,16.75893617,31,47,0,47
1998,3,Győr-Moson-Sopron,4.58078629,31,48,0,48,23.38083333,31,48,0,48
1998,3,Hajdú-Bihar,3.41998346,31,78,0,78,14.94179487,31,78,0,78
1998,3,Heves,3.22505865,31,44,0,44,12.43931818,31,44,0,44
1998,3,Jász-Nagykun-Szolnok,3.83557400,31,68,0,68,12.32838235,31,68,0,68
1998,3,Komárom-Esztergom,4.10076752,31,29,0,29,13.38896552,31,29,0,29
1998,3,Nógrád,2.55482719,31,28,0,28,8.38678571,31,28,0,28
1998,3,Pest,4.11320000,31,75,0,75,10.53000000,31,75,0,75
1998,3,Somogy,4.48540553,31,70,0,70,30.94042857,31,70,0,70
1998,3,Szabolcs-Szatmár-Bereg,3.19850977,31,71,0,71,17.26070423,31,71,0,71
1998,3,Tolna,4.32373593,31,43,0,43,19.07953488,31,43,0,43
1998,3,Vas,4.21943548,31,44,0,44,46.01159091,31,44,0,44
1998,3,Veszprém,4.04976105,31,54,0,54,27.35981481,31,54,0,54
1998,3,Zala,4.31651026,31,44,0,44,43.61477273,31,44,0,44
1998,4,Baranya,12.00285802,30,54,0,54,76.91277778,30,54,0,54
1998,4,Borsod-Abaúj-Zemplén,11.32697287,30,86,0,86,73.72523256,30,86,0,86
1998,4,Bács-Kiskun,12.24081481,30,99,0,99,71.90444444,30,99,0,99
1998,4,Békés,12.38576617,30,67,0,67,69.14985075,30,67,0,67
1998,4,Csongrád-Csanád,12.38689583,30,48,0,48,46.05500000,30,48,0,48
1998,4,Fejér,11.96493617,30,47,0,47,85.06638298,30,47,0,47
1998,4,Győr-Moson-Sopron,11.96225000,30,48,0,48,41.78187500,30,48,0,48
1998,4,Hajdú-Bihar,12.42900000,30,78,0,78,86.26012821,30,78,0,78
1998,4,Heves,11.32863636,30,44,0,44,70.22500000,30,44,0,44
1998,4,Jász-Nagykun-Szolnok,12.13616176,30,68,0,68,70.48955882,30,68,0,68
1998,4,Komárom-Esztergom,11.69121839,30,29,0,29,60.92137931,30,29,0,29
1998,4,Nógrád,10.39894048,30,28,0,28,76.02535714,30,28,0,28
1998,4,Pest,11.78013778,30,75,0,75,84.76000000,30,75,0,75
1998,4,Somogy,11.90894286,30,70,0,70,78.51828571,30,70,0,70
1998,4,Szabolcs-Szatmár-Bereg,12.45303756,30,71,0,71,102.79901408,30,71,0,71
1998,4,Tolna,12.14270543,30,43,0,43,87.45302326,30,43,0,43
1998,4,Vas,11.40617424,30,44,0,44,47.57818182,30,44,0,44
1998,4,Veszprém,11.55469136,30,54,0,54,66.78703704,30,54,0,54
1998,4,Zala,11.68011364,30,44,0,44,66.04681818,30,44,0,44
1998,5,Baranya,15.11320789,31,54,0,54,108.14722222,31,54,0,54
1998,5,Borsod-Abaúj-Zemplén,14.48993998,31,86,0,86,107.14395349,31,86,0,86
1998,5,Bács-Kiskun,15.29100358,31,99,0,99,89.17555556,31,99,0,99
1998,5,Békés,15.58064998,31,67,0,67,76.05940299,31,67,0,67
1998,5,Csongrád-Csanád,15.61560484,31,48,0,48,59.82354167,31,48,0,48
1998,5,Fejér,15.19321208,31,47,0,47,80.09319149,31,47,0,47
1998,5,Győr-Moson-Sopron,15.45828629,31,48,0,48,41.88312500,31,48,0,48
1998,5,Hajdú-Bihar,15.42203060,31,78,0,78,95.20243590,31,78,0,78
1998,5,Heves,14.71013196,31,44,0,44,93.50659091,31,44,0,44
1998,5,Jász-Nagykun-Szolnok,15.44822106,31,68,0,68,92.49323529,31,68,0,68
1998,5,Komárom-Esztergom,14.91062291,31,29,0,29,72.32206897,31,29,0,29
1998,5,Nógrád,13.81375576,31,28,0,28,84.42500000,31,28,0,28
1998,5,Pest,15.11123441,31,75,0,75,98.73520000,31,75,0,75
1998,5,Somogy,15.04482949,31,70,0,70,83.50428571,31,70,0,70
1998,5,Szabolcs-Szatmár-Bereg,15.10508405,31,71,0,71,77.66816901,31,71,0,71
1998,5,Tolna,15.25701425,31,43,0,43,96.21697674,31,43,0,43
1998,5,Vas,14.90486804,31,44,0,44,46.62318182,31,44,0,44
1998,5,Veszprém,14.87984468,31,54,0,54,60.46351852,31,54,0,54
1998,5,Zala,14.82302053,31,44,0,44,57.08681818,31,44,0,44
1998,6,Baranya,20.10920370,30,54,0,54,70.07500000,30,54,0,54
1998,6,Borsod-Abaúj-Zemplén,19.25468217,30,86,0,86,89.23872093,30,86,0,86
1998,6,Bács-Kiskun,20.87513468,30,99,0,99,48.46151515,30,99,0,99
1998,6,Békés,20.97067164,30,67,0,67,59.20253731,30,67,0,67
1998,6,Csongrád-Csanád,21.21024306,30,48,0,48,54.85520833,30,48,0,48
1998,6,Fejér,20.17322695,30,47,0,47,77.10638298,30,47,0,47
1998,6,Győr-Moson-Sopron,19.73192361,30,48,0,48,76.59312500,30,48,0,48
1998,6,Hajdú-Bihar,20.25504701,30,78,0,78,87.58487179,30,78,0,78
1998,6,Heves,19.87565909,30,44,0,44,54.18340909,30,44,0,44
1998,6,Jász-Nagykun-Szolnok,20.76184804,30,68,0,68,48.55573529,30,68,0,68
1998,6,Komárom-Esztergom,19.51375862,30,29,0,29,90.60758621,30,29,0,29
1998,6,Nógrád,19.04516667,30,28,0,28,70.56178571,30,28,0,28
1998,6,Pest,20.29968444,30,75,0,75,57.17773333,30,75,0,75
1998,6,Somogy,19.78692857,30,70,0,70,77.24157143,30,70,0,70
1998,6,Szabolcs-Szatmár-Bereg,19.65750704,30,71,0,71,118.40887324,30,71,0,71
1998,6,Tolna,20.45115504,30,43,0,43,60.82000000,30,43,0,43
1998,6,Vas,19.19449242,30,44,0,44,107.68318182,30,44,0,44
1998,6,Veszprém,19.37699383,30,54,0,54,87.26425926,30,54,0,54
1998,6,Zala,19.30172727,30,44,0,44,93.63409091,30,44,0,44
1998,7,Baranya,20.97921744,31,54,0,54,92.98796296,31,54,0,54
1998,7,Borsod-Abaúj-Zemplén,20.06731433,31,86,0,86,124.14476744,31,86,0,86
1998,7,Bács-Kiskun,21.52681004,31,99,0,99,86.24252525,31,99,0,99
1998,7,Békés,21.60584497,31,67,0,67,87.66701493,31,67,0,67
1998,7,Csongrád-Csanád,21.82348790,31,48,0,48,84.53666667,31,48,0,48
1998,7,Fejér,20.95704873,31,47,0,47,71.34085106,31,47,0,47
1998,7,Győr-Moson-Sopron,20.53609543,31,48,0,48,89.11833333,31,48,0,48
1998,7,Hajdú-Bihar,21.02584781,31,78,0,78,95.59666667,31,78,0,78
1998,7,Heves,20.77686950,31,44,0,44,91.34409091,31,44,0,44
1998,7,Jász-Nagykun-Szolnok,21.53704934,31,68,0,68,79.33808824,31,68,0,68
1998,7,Komárom-Esztergom,20.31791991,31,29,0,29,64.00689655,31,29,0,29
1998,7,Nógrád,19.86717742,31,28,0,28,73.00607143,31,28,0,28
1998,7,Pest,21.09480860,31,75,0,75,60.28666667,31,75,0,75
1998,7,Somogy,20.76671429,31,70,0,70,94.53871429,31,70,0,70
1998,7,Szabolcs-Szatmár-Bereg,20.47992276,31,71,0,71,118.98718310,31,71,0,71
1998,7,Tolna,21.21086272,31,43,0,43,86.18093023,31,43,0,43
1998,7,Vas,20.00282991,31,44,0,44,98.82090909,31,44,0,44
1998,7,Veszprém,20.25347670,31,54,0,54,81.67888889,31,54,0,54
1998,7,Zala,20.25058651,31,44,0,44,107.09227273,31,44,0,44
1998,8,Baranya,20.87024492,31,54,0,54,102.58185185,31,54,0,54
1998,8,Borsod-Abaúj-Zemplén,19.66584021,31,86,0,86,52.62081395,31,86,0,86
1998,8,Bács-Kiskun,21.31408602,31,99,0,99,69.93131313,31,99,0,99
1998,8,Békés,21.47075590,31,67,0,67,59.42626866,31,67,0,67
1998,8,Csongrád-Csanád,21.79381720,31,48,0,48,85.83645833,31,48,0,48
1998,8,Fejér,20.91032258,31,47,0,47,58.77425532,31,47,0,47
1998,8,Győr-Moson-Sopron,20.62154570,31,48,0,48,69.26125000,31,48,0,48
1998,8,Hajdú-Bihar,20.70349049,31,78,0,78,38.20307692,31,78,0,78
1998,8,Heves,20.40781525,31,44,0,44,43.72863636,31,44,0,44
1998,8,Jász-Nagykun-Szolnok,21.35976755,31,68,0,68,47.32176471,31,68,0,68
1998,8,Komárom-Esztergom,20.30546162,31,29,0,29,43.69034483,31,29,0,29
1998,8,Nógrád,19.46013825,31,28,0,28,31.17714286,31,28,0,28
1998,8,Pest,20.92613333,31,75,0,75,41.44573333,31,75,0,75
1998,8,Somogy,20.61235023,31,70,0,70,93.40928571,31,70,0,70
1998,8,Szabolcs-Szatmár-Bereg,19.96474330,31,71,0,71,56.13563380,31,71,0,71
1998,8,Tolna,21.14883721,31,43,0,43,87.34581395,31,43,0,43
1998,8,Vas,20.25215543,31,44,0,44,82.09886364,31,44,0,44
1998,8,Veszprém,20.53472521,31,54,0,54,74.27814815,31,54,0,54
1998,8,Zala,20.16901760,31,44,0,44,83.66204545,31,44,0,44
1998,9,Baranya,15.01332716,30,54,0,54,112.36925926,30,54,0,54
1998,9,Borsod-Abaúj-Zemplén,14.42145736,30,86,0,86,82.64302326,30,86,0,86
1998,9,Bács-Kiskun,15.37362626,30,99,0,99,94.61494949,30,99,0,99
1998,9,Békés,15.63318905,30,67,0,67,104.41701493,30,67,0,67
1998,9,Csongrád-Csanád,15.71897222,30,48,0,48,79.83083333,30,48,0,48
1998,9,Fejér,15.17644681,30,47,0,47,113.61404255,30,47,0,47
1998,9,Győr-Moson-Sopron,14.89820833,30,48,0,48,139.60979167,30,48,0,48
1998,9,Hajdú-Bihar,15.26770513,30,78,0,78,99.04641026,30,78,0,78
1998,9,Heves,14.63918939,30,44,0,44,106.16750000,30,44,0,44
1998,9,Jász-Nagykun-Szolnok,15.46922059,30,68,0,68,115.18941176,30,68,0,68
1998,9,Komárom-Esztergom,14.72973563,30,29,0,29,143.25551724,30,29,0,29
1998,9,Nógrád,13.86880952,30,28,0,28,120.02642857,30,28,0,28
1998,9,Pest,14.95204889,30,75,0,75,127.98866667,30,75,0,75
1998,9,Somogy,14.97687619,30,70,0,70,133.84100000,30,70,0,70
1998,9,Szabolcs-Szatmár-Bereg,15.11507981,30,71,0,71,85.42464789,30,71,0,71
1998,9,Tolna,15.26353488,30,43,0,43,115.13046512,30,43,0,43
1998,9,Vas,14.56964394,30,44,0,44,143.54590909,30,44,0,44
1998,9,Veszprém,14.71181481,30,54,0,54,156.72537037,30,54,0,54
1998,9,Zala,14.80256818,30,44,0,44,163.56795455,30,44,0,44
1998,10,Baranya,11.74723417,31,54,0,54,87.88018519,31,54,0,54
1998,10,Borsod-Abaúj-Zemplén,9.87581020,31,86,0,86,76.19895349,31,86,0,86
1998,10,Bács-Kiskun,11.82428478,31,99,0,99,59.62171717,31,99,0,99
1998,10,Békés,12.00434762,31,67,0,67,63.13686567,31,67,0,67
1998,10,Csongrád-Csanád,12.38543011,31,48,0,48,61.68583333,31,48,0,48
1998,10,Fejér,11.39695951,31,47,0,47,71.90382979,31,47,0,47
1998,10,Győr-Moson-Sopron,11.09548387,31,48,0,48,72.13416667,31,48,0,48
1998,10,Hajdú-Bihar,11.00110008,31,78,0,78,55.96025641,31,78,0,78
1998,10,Heves,10.35857771,31,44,0,44,77.22863636,31,44,0,44
1998,10,Jász-Nagykun-Szolnok,11.35388046,31,68,0,68,61.91882353,31,68,0,68
1998,10,Komárom-Esztergom,11.00893215,31,29,0,29,74.58344828,31,29,0,29
1998,10,Nógrád,9.75730415,31,28,0,28,71.91821429,31,28,0,28
1998,10,Pest,11.00066667,31,75,0,75,75.45320000,31,75,0,75
1998,10,Somogy,11.53729032,31,70,0,70,112.89685714,31,70,0,70
1998,10,Szabolcs-Szatmár-Bereg,10.64019537,31,71,0,71,66.44633803,31,71,0,71
1998,10,Tolna,11.79827457,31,43,0,43,70.40441860,31,43,0,43
1998,10,Vas,10.79672287,31,44,0,44,77.35568182,31,44,0,44
1998,10,Veszprém,11.10290323,31,54,0,54,74.80185185,31,54,0,54
1998,10,Zala,11.36939883,31,44,0,44,103.11568182,31,44,0,44
1998,11,Baranya,3.06417901,30,54,0,54,66.24185185,30,54,0,54
1998,11,Borsod-Abaúj-Zemplén,1.66063953,30,86,0,86,74.31988372,30,86,0,86
1998,11,Bács-Kiskun,3.22101010,30,99,0,99,46.88949495,30,99,0,99
1998,11,Békés,3.07650249,30,67,0,67,58.08865672,30,67,0,67
1998,11,Csongrád-Csanád,3.34906944,30,48,0,48,43.30375000,30,48,0,48
1998,11,Fejér,2.86759574,30,47,0,47,63.69063830,30,47,0,47
1998,11,Győr-Moson-Sopron,2.55408333,30,48,0,48,44.96812500,30,48,0,48
1998,11,Hajdú-Bihar,2.49094444,30,78,0,78,66.85038462,30,78,0,78
1998,11,Heves,1.82838636,30,44,0,44,80.98977273,30,44,0,44
1998,11,Jász-Nagykun-Szolnok,2.69686275,30,68,0,68,64.04808824,30,68,0,68
1998,11,Komárom-Esztergom,2.38514943,30,29,0,29,56.71862069,30,29,0,29
1998,11,Nógrád,1.34884524,30,28,0,28,72.34642857,30,28,0,28
1998,11,Pest,2.47404000,30,75,0,75,69.11413333,30,75,0,75
1998,11,Somogy,2.96738571,30,70,0,70,71.65085714,30,70,0,70
1998,11,Szabolcs-Szatmár-Bereg,2.35382629,30,71,0,71,66.76169014,30,71,0,71
1998,11,Tolna,3.05648062,30,43,0,43,55.76604651,30,43,0,43
1998,11,Vas,2.38037121,30,44,0,44,70.23750000,30,44,0,44
1998,11,Veszprém,2.61457407,30,54,0,54,71.50037037,30,54,0,54
1998,11,Zala,2.60577273,30,44,0,44,88.38136364,30,44,0,44
1998,12,Baranya,-2.93652330,31,54,0,54,34.92925926,31,54,0,54
1998,12,Borsod-Abaúj-Zemplén,-5.93820705,31,86,0,86,26.25232558,31,86,0,86
1998,12,Bács-Kiskun,-3.77795373,31,99,0,99,25.54636364,31,99,0,99
1998,12,Békés,-4.92716899,31,67,0,67,16.80656716,31,67,0,67
1998,12,Csongrád-Csanád,-4.27968414,31,48,0,48,19.70729167,31,48,0,48
1998,12,Fejér,-2.96657515,31,47,0,47,25.34638298,31,47,0,47
1998,12,Győr-Moson-Sopron,-1.82171371,31,48,0,48,27.04458333,31,48,0,48
1998,12,Hajdú-Bihar,-5.63444996,31,78,0,78,20.89153846,31,78,0,78
1998,12,Heves,-5.31285924,31,44,0,44,30.08295455,31,44,0,44
1998,12,Jász-Nagykun-Szolnok,-5.20648482,31,68,0,68,28.55823529,31,68,0,68
1998,12,Komárom-Esztergom,-2.70573971,31,29,0,29,21.62517241,31,29,0,29
1998,12,Nógrád,-4.82926267,31,28,0,28,22.22142857,31,28,0,28
1998,12,Pest,-4.05708387,31,75,0,75,26.09413333,31,75,0,75
1998,12,Somogy,-2.71891705,31,70,0,70,39.10314286,31,70,0,70
1998,12,Szabolcs-Szatmár-Bereg,-5.47892776,31,71,0,71,32.61436620,31,71,0,71
1998,12,Tolna,-3.02740435,31,43,0,43,32.11069767,31,43,0,43
1998,12,Vas,-2.47554252,31,44,0,44,37.13613636,31,44,0,44
1998,12,Veszprém,-2.48212067,31,54,0,54,31.79888889,31,54,0,54
1998,12,Zala,-2.69662023,31,44,0,44,37.41931818,31,44,0,44
1999,1,Baranya,0.04117085,31,54,0,54,32.44388889,31,54,0,54
1999,1,Borsod-Abaúj-Zemplén,-1.77762566,31,86,0,86,17.12732558,31,86,0,86
1999,1,Bács-Kiskun,-0.32307592,31,99,0,99,18.26818182,31,99,0,99
1999,1,Békés,-0.73757824,31,67,0,67,25.49731343,31,67,0,67
1999,1,Csongrád-Csanád,-0.25410618,31,48,0,48,21.55895833,31,48,0,48
1999,1,Fejér,-0.62870281,31,47,0,47,10.59659574,31,47,0,47
1999,1,Győr-Moson-Sopron,-0.34762097,31,48,0,48,11.39208333,31,48,0,48
1999,1,Hajdú-Bihar,-1.24718776,31,78,0,78,21.67961538,31,78,0,78
1999,1,Heves,-1.56314516,31,44,0,44,14.83613636,31,44,0,44
1999,1,Jász-Nagykun-Szolnok,-1.10401803,31,68,0,68,14.84308824,31,68,0,68
1999,1,Komárom-Esztergom,-0.62176863,31,29,0,29,7.40793103,31,29,0,29
1999,1,Nógrád,-1.73815668,31,28,0,28,15.06857143,31,28,0,28
1999,1,Pest,-0.97123871,31,75,0,75,11.28106667,31,75,0,75
1999,1,Somogy,-0.27374194,31,70,0,70,23.73928571,31,70,0,70
1999,1,Szabolcs-Szatmár-Bereg,-1.35977737,31,71,0,71,23.81408451,31,71,0,71
1999,1,Tolna,-0.14806452,31,43,0,43,20.48511628,31,43,0,43
1999,1,Vas,-0.84110704,31,44,0,44,13.47545455,31,44,0,44
1999,1,Veszprém,-0.72396655,31,54,0,54,12.69296296,31,54,0,54
1999,1,Zala,-0.60335777,31,44,0,44,16.26772727,31,44,0,44
1999,2,Baranya,0.84953704,28,54,0,54,83.52314815,28,54,0,54
1999,2,Borsod-Abaúj-Zemplén,-1.50702243,28,86,0,86,62.01162791,28,86,0,86
1999,2,Bács-Kiskun,0.61807359,28,99,0,99,85.27444444,28,99,0,99
1999,2,Békés,-0.02480810,28,67,0,67,92.95805970,28,67,0,67
1999,2,Csongrád-Csanád,0.49171875,28,48,0,48,88.03083333,28,48,0,48
1999,2,Fejér,0.45237082,28,47,0,47,68.22191489,28,47,0,47
1999,2,Győr-Moson-Sopron,0.69700149,28,48,0,48,48.83604167,28,48,0,48
1999,2,Hajdú-Bihar,-1.07367216,28,78,0,78,89.58410256,28,78,0,78
1999,2,Heves,-1.03043831,28,44,0,44,58.49090909,28,44,0,44
1999,2,Jász-Nagykun-Szolnok,-0.35457983,28,68,0,68,74.22264706,28,68,0,68
1999,2,Komárom-Esztergom,0.12045567,28,29,0,29,66.78172414,28,29,0,29
1999,2,Nógrád,-1.23057398,28,28,0,28,48.90142857,28,28,0,28
1999,2,Pest,0.04951429,28,75,0,75,64.55266667,28,75,0,75
1999,2,Somogy,0.59605102,28,70,0,70,82.00428571,28,70,0,70
1999,2,Szabolcs-Szatmár-Bereg,-1.34957746,28,71,0,71,112.84577465,28,71,0,71
1999,2,Tolna,0.76147010,28,43,0,43,93.24837209,28,43,0,43
1999,2,Vas,0.38904221,28,44,0,44,34.03818182,28,44,0,44
1999,2,Veszprém,0.14382937,28,54,0,54,66.56425926,28,54,0,54
1999,2,Zala,0.32682630,28,44,0,44,53.54795455,28,44,0,44
1999,3,Baranya,7.38571087,31,54,0,54,28.85185185,31,54,0,54
1999,3,Borsod-Abaúj-Zemplén,5.79823331,31,86,0,86,30.45325581,31,86,0,86
1999,3,Bács-Kiskun,7.09491365,31,99,0,99,21.71858586,31,99,0,99
1999,3,Békés,7.01676456,31,67,0,67,14.40626866,31,67,0,67
1999,3,Csongrád-Csanád,7.24040995,31,48,0,48,14.15812500,31,48,0,48
1999,3,Fejér,6.93184626,31,47,0,47,22.30829787,31,47,0,47
1999,3,Győr-Moson-Sopron,7.17231183,31,48,0,48,16.88375000,31,48,0,48
1999,3,Hajdú-Bihar,6.62088916,31,78,0,78,20.32846154,31,78,0,78
1999,3,Heves,6.17443548,31,44,0,44,28.50500000,31,44,0,44
1999,3,Jász-Nagykun-Szolnok,6.98678843,31,68,0,68,18.47779412,31,68,0,68
1999,3,Komárom-Esztergom,6.81342603,31,29,0,29,22.03931034,31,29,0,29
1999,3,Nógrád,5.51630184,31,28,0,28,29.10500000,31,28,0,28
1999,3,Pest,6.80384086,31,75,0,75,23.82933333,31,75,0,75
1999,3,Somogy,7.42098157,31,70,0,70,27.18942857,31,70,0,70
1999,3,Szabolcs-Szatmár-Bereg,6.18294412,31,71,0,71,21.33239437,31,71,0,71
1999,3,Tolna,7.13622656,31,43,0,43,24.06023256,31,43,0,43
1999,3,Vas,6.96804985,31,44,0,44,20.07318182,31,44,0,44
1999,3,Veszprém,6.83485663,31,54,0,54,13.79425926,31,54,0,54
1999,3,Zala,7.32318915,31,44,0,44,27.94272727,31,44,0,44
1999,4,Baranya,11.85317284,30,54,0,54,69.95037037,30,54,0,54
1999,4,Borsod-Abaúj-Zemplén,11.29918217,30,86,0,86,68.35290698,30,86,0,86
1999,4,Bács-Kiskun,12.32960606,30,99,0,99,48.14555556,30,99,0,99
1999,4,Békés,12.40195025,30,67,0,67,61.90582090,30,67,0,67
1999,4,Csongrád-Csanád,12.66827778,30,48,0,48,66.43208333,30,48,0,48
1999,4,Fejér,11.88462411,30,47,0,47,77.52914894,30,47,0,47
1999,4,Győr-Moson-Sopron,11.68129861,30,48,0,48,60.28208333,30,48,0,48
1999,4,Hajdú-Bihar,12.10461111,30,78,0,78,73.35294872,30,78,0,78
1999,4,Heves,11.57328788,30,44,0,44,65.53090909,30,44,0,44
1999,4,Jász-Nagykun-Szolnok,12.40761765,30,68,0,68,60.54676471,30,68,0,68
1999,4,Komárom-Esztergom,11.39537931,30,29,0,29,58.45206897,30,29,0,29
1999,4,Nógrád,10.71994048,30,28,0,28,48.95892857,30,28,0,28
1999,4,Pest,12.09322667,30,75,0,75,59.22160000,30,75,0,75
1999,4,Somogy,11.68810952,30,70,0,70,83.28485714,30,70,0,70
1999,4,Szabolcs-Szatmár-Bereg,11.88204225,30,71,0,71,62.67380282,30,71,0,71
1999,4,Tolna,11.98671318,30,43,0,43,60.13441860,30,43,0,43
1999,4,Vas,11.33505303,30,44,0,44,70.06340909,30,44,0,44
1999,4,Veszprém,11.39250000,30,54,0,54,79.52166667,30,54,0,54
1999,4,Zala,11.53297727,30,44,0,44,69.08545455,30,44,0,44
1999,5,Baranya,15.97660096,31,54,0,54,64.31777778,31,54,0,54
1999,5,Borsod-Abaúj-Zemplén,14.43737059,31,86,0,86,48.60116279,31,86,0,86
1999,5,Bács-Kiskun,16.00703486,31,99,0,99,63.48666667,31,99,0,99
1999,5,Békés,16.00668272,31,67,0,67,78.16208955,31,67,0,67
1999,5,Csongrád-Csanád,16.28725806,31,48,0,48,84.11500000,31,48,0,48
1999,5,Fejér,15.77562114,31,47,0,47,46.97851064,31,47,0,47
1999,5,Győr-Moson-Sopron,15.83757392,31,48,0,48,45.93854167,31,48,0,48
1999,5,Hajdú-Bihar,15.43431348,31,78,0,78,58.22358974,31,78,0,78
1999,5,Heves,15.03185484,31,44,0,44,49.82318182,31,44,0,44
1999,5,Jász-Nagykun-Szolnok,15.91075901,31,68,0,68,48.03102941,31,68,0,68
1999,5,Komárom-Esztergom,15.26906563,31,29,0,29,44.32310345,31,29,0,29
1999,5,Nógrád,14.22459677,31,28,0,28,55.92750000,31,28,0,28
1999,5,Pest,15.58705806,31,75,0,75,50.69866667,31,75,0,75
1999,5,Somogy,15.84663594,31,70,0,70,70.89742857,31,70,0,70
1999,5,Szabolcs-Szatmár-Bereg,14.90603816,31,71,0,71,56.50661972,31,71,0,71
1999,5,Tolna,16.06715679,31,43,0,43,69.07139535,31,43,0,43
1999,5,Vas,15.37707478,31,44,0,44,81.63204545,31,44,0,44
1999,5,Veszprém,15.32962366,31,54,0,54,46.10962963,31,54,0,54
1999,5,Zala,15.57775660,31,44,0,44,78.95568182,31,44,0,44
1999,6,Baranya,18.87485802,30,54,0,54,157.60314815,30,54,0,54
1999,6,Borsod-Abaúj-Zemplén,19.28405426,30,86,0,86,119.16523256,30,86,0,86
1999,6,Bács-Kiskun,19.53486869,30,99,0,99,112.44646465,30,99,0,99
1999,6,Békés,20.34605473,30,67,0,67,102.89746269,30,67,0,67
1999,6,Csongrád-Csanád,20.12575000,30,48,0,48,99.38645833,30,48,0,48
1999,6,Fejér,18.77877305,30,47,0,47,170.65595745,30,47,0,47
1999,6,Győr-Moson-Sopron,18.45765278,30,48,0,48,92.03354167,30,48,0,48
1999,6,Hajdú-Bihar,20.27510684,30,78,0,78,107.33858974,30,78,0,78
1999,6,Heves,19.34179545,30,44,0,44,144.76454545,30,44,0,44
1999,6,Jász-Nagykun-Szolnok,20.20127941,30,68,0,68,99.79985294,30,68,0,68
1999,6,Komárom-Esztergom,17.95594253,30,29,0,29,164.19551724,30,29,0,29
1999,6,Nógrád,18.17254762,30,28,0,28,163.79464286,30,28,0,28
1999,6,Pest,19.15166667,30,75,0,75,150.28666667,30,75,0,75
1999,6,Somogy,18.63900000,30,70,0,70,144.08328571,30,70,0,70
1999,6,Szabolcs-Szatmár-Bereg,20.13393897,30,71,0,71,80.03239437,30,71,0,71
1999,6,Tolna,19.02315504,30,43,0,43,166.60279070,30,43,0,43
1999,6,Vas,18.21633333,30,44,0,44,87.41181818,30,44,0,44
1999,6,Veszprém,18.17864815,30,54,0,54,144.63388889,30,54,0,54
1999,6,Zala,18.38300758,30,44,0,44,121.01295455,30,44,0,44
1999,7,Baranya,21.02656511,31,54,0,54,114.21537037,31,54,0,54
1999,7,Borsod-Abaúj-Zemplén,21.06125656,31,86,0,86,129.33941860,31,86,0,86
1999,7,Bács-Kiskun,21.90074943,31,99,0,99,157.98030303,31,99,0,99
1999,7,Békés,22.37610977,31,67,0,67,109.60611940,31,67,0,67
1999,7,Csongrád-Csanád,22.40625672,31,48,0,48,147.07166667,31,48,0,48
1999,7,Fejér,21.34277282,31,47,0,47,135.17382979,31,47,0,47
1999,7,Győr-Moson-Sopron,21.04131720,31,48,0,48,103.42083333,31,48,0,48
1999,7,Hajdú-Bihar,22.21488834,31,78,0,78,94.81512821,31,78,0,78
1999,7,Heves,21.29365836,31,44,0,44,187.07204545,31,44,0,44
1999,7,Jász-Nagykun-Szolnok,22.30092979,31,68,0,68,146.52750000,31,68,0,68
1999,7,Komárom-Esztergom,20.51367075,31,29,0,29,137.70034483,31,29,0,29
1999,7,Nógrád,20.21065668,31,28,0,28,171.59821429,31,28,0,28
1999,7,Pest,21.55708817,31,75,0,75,149.99853333,31,75,0,75
1999,7,Somogy,20.93051613,31,70,0,70,101.92414286,31,70,0,70
1999,7,Szabolcs-Szatmár-Bereg,22.12556111,31,71,0,71,51.55577465,31,71,0,71
1999,7,Tolna,21.45997749,31,43,0,43,132.50906977,31,43,0,43
1999,7,Vas,20.58686950,31,44,0,44,102.15045455,31,44,0,44
1999,7,Veszprém,20.68952808,31,54,0,54,107.46055556,31,54,0,54
1999,7,Zala,20.63695015,31,44,0,44,87.81568182,31,44,0,44
1999,8,Baranya,19.97417563,31,54,0,54,78.46129630,31,54,0,54
1999,8,Borsod-Abaúj-Zemplén,18.64899475,31,86,0,86,95.71127907,31,86,0,86
1999,8,Bács-Kiskun,20.17352884,31,99,0,99,64.18919192,31,99,0,99
1999,8,Békés,20.76351468,31,67,0,67,68.06686567,31,67,0,67
1999,8,Csongrád-Csanád,20.97705645,31,48,0,48,50.79125000,31,48,0,48
1999,8,Fejér,19.52334935,31,47,0,47,68.11127660,31,47,0,47
1999,8,Győr-Moson-Sopron,19.03094086,31,48,0,48,86.31041667,31,48,0,48
1999,8,Hajdú-Bihar,19.86976013,31,78,0,78,62.20833333,31,78,0,78
1999,8,Heves,19.09420821,31,44,0,44,103.15454545,31,44,0,44
1999,8,Jász-Nagykun-Szolnok,20.31445920,31,68,0,68,65.92338235,31,68,0,68
1999,8,Komárom-Esztergom,18.62607341,31,29,0,29,93.55000000,31,29,0,29
1999,8,Nógrád,17.94903226,31,28,0,28,120.49000000,31,28,0,28
1999,8,Pest,19.47671828,31,75,0,75,76.38306667,31,75,0,75
1999,8,Somogy,19.51910599,31,70,0,70,74.70742857,31,70,0,70
1999,8,Szabolcs-Szatmár-Bereg,19.33895502,31,71,0,71,74.88408451,31,71,0,71
1999,8,Tolna,19.87099775,31,43,0,43,84.09000000,31,43,0,43
1999,8,Vas,18.80166422,31,44,0,44,95.69409091,31,44,0,44
1999,8,Veszprém,19.11948029,31,54,0,54,76.36703704,31,54,0,54
1999,8,Zala,19.13501466,31,44,0,44,88.66113636,31,44,0,44
1999,9,Baranya,18.26738272,30,54,0,54,44.80444444,30,54,0,54
1999,9,Borsod-Abaúj-Zemplén,17.48320930,30,86,0,86,24.20302326,30,86,0,86
1999,9,Bács-Kiskun,18.48527609,30,99,0,99,39.23939394,30,99,0,99
1999,9,Békés,18.79005473,30,67,0,67,46.86298507,30,67,0,67
1999,9,Csongrád-Csanád,19.00406250,30,48,0,48,51.92979167,30,48,0,48
1999,9,Fejér,18.24935461,30,47,0,47,13.91489362,30,47,0,47
1999,9,Győr-Moson-Sopron,17.97034028,30,48,0,48,26.04979167,30,48,0,48
1999,9,Hajdú-Bihar,18.28744444,30,78,0,78,35.10525641,30,78,0,78
1999,9,Heves,17.94877273,30,44,0,44,22.76068182,30,44,0,44
1999,9,Jász-Nagykun-Szolnok,18.70687255,30,68,0,68,35.93279412,30,68,0,68
1999,9,Komárom-Esztergom,17.70893103,30,29,0,29,8.86827586,30,29,0,29
1999,9,Nógrád,16.87263095,30,28,0,28,17.87392857,30,28,0,28
1999,9,Pest,18.09264889,30,75,0,75,20.76733333,30,75,0,75
1999,9,Somogy,18.02032381,30,70,0,70,38.16785714,30,70,0,70
1999,9,Szabolcs-Szatmár-Bereg,17.90633333,30,71,0,71,30.07253521,30,71,0,71
1999,9,Tolna,18.45831008,30,43,0,43,32.29302326,30,43,0,43
1999,9,Vas,17.42893182,30,44,0,44,34.86181818,30,44,0,44
1999,9,Veszprém,17.84196914,30,54,0,54,20.05425926,30,54,0,54
1999,9,Zala,17.68918939,30,44,0,44,37.56113636,30,44,0,44
1999,10,Baranya,11.28495818,31,54,0,54,32.86888889,31,54,0,54
1999,10,Borsod-Abaúj-Zemplén,9.45281320,31,86,0,86,23.45348837,31,86,0,86
1999,10,Bács-Kiskun,11.27698925,31,99,0,99,33.40020202,31,99,0,99
1999,10,Békés,11.29202215,31,67,0,67,32.25671642,31,67,0,67
1999,10,Csongrád-Csanád,11.60694892,31,48,0,48,27.98625000,31,48,0,48
1999,10,Fejér,10.63663006,31,47,0,47,46.36702128,31,47,0,47
1999,10,Győr-Moson-Sopron,10.70505376,31,48,0,48,23.98104167,31,48,0,48
1999,10,Hajdú-Bihar,10.52334574,31,78,0,78,23.52730769,31,78,0,78
1999,10,Heves,9.92859971,31,44,0,44,32.01590909,31,44,0,44
1999,10,Jász-Nagykun-Szolnok,11.01588710,31,68,0,68,30.69205882,31,68,0,68
1999,10,Komárom-Esztergom,9.99578420,31,29,0,29,42.22000000,31,29,0,29
1999,10,Nógrád,8.89488479,31,28,0,28,51.53821429,31,28,0,28
1999,10,Pest,10.46457204,31,75,0,75,42.60346667,31,75,0,75
1999,10,Somogy,11.00467281,31,70,0,70,37.39714286,31,70,0,70
1999,10,Szabolcs-Szatmár-Bereg,10.08459337,31,71,0,71,25.73323944,31,71,0,71
1999,10,Tolna,11.30496624,31,43,0,43,34.86186047,31,43,0,43
1999,10,Vas,10.54563050,31,44,0,44,29.43931818,31,44,0,44
1999,10,Veszprém,10.66086022,31,54,0,54,35.29574074,31,54,0,54
1999,10,Zala,10.78595308,31,44,0,44,39.99909091,31,44,0,44
1999,11,Baranya,3.14342593,30,54,0,54,127.11555556,30,54,0,54
1999,11,Borsod-Abaúj-Zemplén,2.50609302,30,86,0,86,71.00127907,30,86,0,86
1999,11,Bács-Kiskun,3.07019192,30,99,0,99,127.40292929,30,99,0,99
1999,11,Békés,3.50182090,30,67,0,67,110.04791045,30,67,0,67
1999,11,Csongrád-Csanád,3.30864583,30,48,0,48,114.63645833,30,48,0,48
1999,11,Fejér,2.81275177,30,47,0,47,108.52170213,30,47,0,47
1999,11,Győr-Moson-Sopron,3.24896528,30,48,0,48,74.24145833,30,48,0,48
1999,11,Hajdú-Bihar,3.17154274,30,78,0,78,87.51705128,30,78,0,78
1999,11,Heves,2.69910606,30,44,0,44,81.80727273,30,44,0,44
1999,11,Jász-Nagykun-Szolnok,3.20975980,30,68,0,68,96.55029412,30,68,0,68
1999,11,Komárom-Esztergom,2.64393103,30,29,0,29,93.40586207,30,29,0,29
1999,11,Nógrád,2.21994048,30,28,0,28,75.41714286,30,28,0,28
1999,11,Pest,2.84477333,30,75,0,75,98.84453333,30,75,0,75
1999,11,Somogy,3.21214286,30,70,0,70,103.38571429,30,70,0,70
1999,11,Szabolcs-Szatmár-Bereg,3.13207042,30,71,0,71,73.90464789,30,71,0,71
1999,11,Tolna,2.95915504,30,43,0,43,128.22093023,30,43,0,43
1999,11,Vas,2.91027273,30,44,0,44,78.51409091,30,44,0,44
1999,11,Veszprém,2.82582716,30,54,0,54,98.98759259,30,54,0,54
1999,11,Zala,3.04426515,30,44,0,44,81.05204545,30,44,0,44
1999,12,Baranya,0.83008363,31,54,0,54,74.47648148,31,54,0,54
1999,12,Borsod-Abaúj-Zemplén,-1.38164291,31,86,0,86,58.14348837,31,86,0,86
1999,12,Bács-Kiskun,0.48066471,31,99,0,99,90.93666667,31,99,0,99
1999,12,Békés,0.64844006,31,67,0,67,106.69298507,31,67,0,67
1999,12,Csongrád-Csanád,0.66505376,31,48,0,48,91.22895833,31,48,0,48
1999,12,Fejér,0.32230611,31,47,0,47,76.54936170,31,47,0,47
1999,12,Győr-Moson-Sopron,0.71449597,31,48,0,48,54.52958333,31,48,0,48
1999,12,Hajdú-Bihar,0.18233251,31,78,0,78,89.32371795,31,78,0,78
1999,12,Heves,-0.77684751,31,44,0,44,64.52954545,31,44,0,44
1999,12,Jász-Nagykun-Szolnok,0.50106736,31,68,0,68,92.95426471,31,68,0,68
1999,12,Komárom-Esztergom,0.05952169,31,29,0,29,60.97896552,31,29,0,29
1999,12,Nógrád,-1.59991935,31,28,0,28,61.68178571,31,28,0,28
1999,12,Pest,0.03326882,31,75,0,75,76.36813333,31,75,0,75
1999,12,Somogy,0.90340092,31,70,0,70,69.73528571,31,70,0,70
1999,12,Szabolcs-Szatmár-Bereg,-0.34736029,31,71,0,71,87.54380282,31,71,0,71
1999,12,Tolna,0.62045011,31,43,0,43,75.46162791,31,43,0,43
1999,12,Vas,0.26232405,31,44,0,44,67.36409091,31,44,0,44
1999,12,Veszprém,0.37489845,31,54,0,54,71.18129630,31,54,0,54
1999,12,Zala,0.63780792,31,44,0,44,69.77818182,31,44,0,44
2000,1,Baranya,-1.43764636,31,54,0,54,17.75944444,31,54,0,54
2000,1,Borsod-Abaúj-Zemplén,-4.30633158,31,86,0,86,13.27825581,31,86,0,86
2000,1,Bács-Kiskun,-1.58104920,31,99,0,99,10.34535354,31,99,0,99
2000,1,Békés,-2.45230140,31,67,0,67,14.19567164,31,67,0,67
2000,1,Csongrád-Csanád,-1.72482527,31,48,0,48,7.05333333,31,48,0,48
2000,1,Fejér,-1.89793411,31,47,0,47,19.42255319,31,47,0,47
2000,1,Győr-Moson-Sopron,-1.93428091,31,48,0,48,42.66333333,31,48,0,48
2000,1,Hajdú-Bihar,-3.45468983,31,78,0,78,12.42576923,31,78,0,78
2000,1,Heves,-3.64747801,31,44,0,44,11.67295455,31,44,0,44
2000,1,Jász-Nagykun-Szolnok,-2.67379507,31,68,0,68,11.90691176,31,68,0,68
2000,1,Komárom-Esztergom,-2.51155729,31,29,0,29,33.10827586,31,29,0,29
2000,1,Nógrád,-4.02783410,31,28,0,28,15.13250000,31,28,0,28
2000,1,Pest,-2.38050323,31,75,0,75,14.76440000,31,75,0,75
2000,1,Somogy,-1.45382028,31,70,0,70,15.10285714,31,70,0,70
2000,1,Szabolcs-Szatmár-Bereg,-4.14141299,31,71,0,71,22.63647887,31,71,0,71
2000,1,Tolna,-1.40095274,31,43,0,43,21.58116279,31,43,0,43
2000,1,Vas,-2.13879765,31,44,0,44,19.19272727,31,44,0,44
2000,1,Veszprém,-2.27357228,31,54,0,54,40.30611111,31,54,0,54
2000,1,Zala,-1.86431085,31,44,0,44,10.76363636,31,44,0,44
2000,2,Baranya,4.01616220,29,54,0,54,20.50351852,29,54,0,54
2000,2,Borsod-Abaúj-Zemplén,1.24350842,29,86,0,86,28.93081395,29,86,0,86
2000,2,Bács-Kiskun,3.56863114,29,99,0,99,18.70383838,29,99,0,99
2000,2,Békés,2.99210499,29,67,0,67,6.84611940,29,67,0,67
2000,2,Csongrád-Csanád,3.52336207,29,48,0,48,6.76562500,29,48,0,48
2000,2,Fejér,3.25878944,29,47,0,47,15.19170213,29,47,0,47
2000,2,Győr-Moson-Sopron,3.96331897,29,48,0,48,14.66020833,29,48,0,48
2000,2,Hajdú-Bihar,2.33236958,29,78,0,78,18.98846154,29,78,0,78
2000,2,Heves,2.09185737,29,44,0,44,26.19409091,29,44,0,44
2000,2,Jász-Nagykun-Szolnok,3.01917343,29,68,0,68,15.67514706,29,68,0,68
2000,2,Komárom-Esztergom,3.07717004,29,29,0,29,14.63344828,29,29,0,29
2000,2,Nógrád,1.42059113,29,28,0,28,31.53107143,29,28,0,28
2000,2,Pest,2.94058391,29,75,0,75,18.79453333,29,75,0,75
2000,2,Somogy,3.90517734,29,70,0,70,25.08657143,29,70,0,70
2000,2,Szabolcs-Szatmár-Bereg,1.48431277,29,71,0,71,37.97915493,29,71,0,71
2000,2,Tolna,3.74137129,29,43,0,43,27.29116279,29,43,0,43
2000,2,Vas,3.93245298,29,44,0,44,10.62772727,29,44,0,44
2000,2,Veszprém,3.37811622,29,54,0,54,14.01685185,29,54,0,54
2000,2,Zala,3.97610502,29,44,0,44,19.34818182,29,44,0,44
2000,3,Baranya,6.57164875,31,54,0,54,42.86185185,31,54,0,54
2000,3,Borsod-Abaúj-Zemplén,4.26695049,31,86,0,86,41.43988372,31,86,0,86
2000,3,Bács-Kiskun,6.07593679,31,99,0,99,46.47757576,31,99,0,99
2000,3,Békés,5.59290804,31,67,0,67,38.71089552,31,67,0,67
2000,3,Csongrád-Csanád,5.95956989,31,48,0,48,40.65270833,31,48,0,48
2000,3,Fejér,5.79839396,31,47,0,47,46.44893617,31,47,0,47
2000,3,Győr-Moson-Sopron,6.20963710,31,48,0,48,70.99062500,31,48,0,48
2000,3,Hajdú-Bihar,5.16414392,31,78,0,78,39.56576923,31,78,0,78
2000,3,Heves,4.78686950,31,44,0,44,42.11272727,31,44,0,44
2000,3,Jász-Nagykun-Szolnok,5.61384250,31,68,0,68,34.64294118,31,68,0,68
2000,3,Komárom-Esztergom,5.43552836,31,29,0,29,59.87172414,31,29,0,29
2000,3,Nógrád,4.19184332,31,28,0,28,54.30357143,31,28,0,28
2000,3,Pest,5.53578065,31,75,0,75,48.13586667,31,75,0,75
2000,3,Somogy,6.58800000,31,70,0,70,39.69257143,31,70,0,70
2000,3,Szabolcs-Szatmár-Bereg,4.64661063,31,71,0,71,51.25450704,31,71,0,71
2000,3,Tolna,6.34065266,31,43,0,43,40.81116279,31,43,0,43
2000,3,Vas,6.28701613,31,44,0,44,52.98113636,31,44,0,44
2000,3,Veszprém,5.81878734,31,54,0,54,60.09259259,31,54,0,54
2000,3,Zala,6.58790323,31,44,0,44,42.05636364,31,44,0,44
2000,4,Baranya,14.05861728,30,54,0,54,48.52203704,30,54,0,54
2000,4,Borsod-Abaúj-Zemplén,13.05443023,30,86,0,86,51.63569767,30,86,0,86
2000,4,Bács-Kiskun,13.99994276,30,99,0,99,51.29363636,30,99,0,99
2000,4,Békés,14.12804975,30,67,0,67,46.29447761,30,67,0,67
2000,4,Csongrád-Csanád,14.22234028,30,48,0,48,47.46145833,30,48,0,48
2000,4,Fejér,13.71169504,30,47,0,47,52.44468085,30,47,0,47
2000,4,Győr-Moson-Sopron,13.75982639,30,48,0,48,38.63916667,30,48,0,48
2000,4,Hajdú-Bihar,13.92959829,30,78,0,78,60.14025641,30,78,0,78
2000,4,Heves,13.19710606,30,44,0,44,69.73636364,30,44,0,44
2000,4,Jász-Nagykun-Szolnok,13.89997059,30,68,0,68,57.16000000,30,68,0,68
2000,4,Komárom-Esztergom,13.35187356,30,29,0,29,40.69241379,30,29,0,29
2000,4,Nógrád,12.25295238,30,28,0,28,79.93750000,30,28,0,28
2000,4,Pest,13.63007556,30,75,0,75,68.11186667,30,75,0,75
2000,4,Somogy,13.90519524,30,70,0,70,32.72571429,30,70,0,70
2000,4,Szabolcs-Szatmár-Bereg,13.90177465,30,71,0,71,56.75985915,30,71,0,71
2000,4,Tolna,14.07576744,30,43,0,43,50.34720930,30,43,0,43
2000,4,Vas,13.48860606,30,44,0,44,31.54227273,30,44,0,44
2000,4,Veszprém,13.44695679,30,54,0,54,32.54277778,30,54,0,54
2000,4,Zala,13.72433333,30,44,0,44,23.47386364,30,44,0,44
2000,5,Baranya,17.30325568,31,54,0,54,44.78259259,31,54,0,54
2000,5,Borsod-Abaúj-Zemplén,16.83470743,31,86,0,86,27.81104651,31,86,0,86
2000,5,Bács-Kiskun,17.78435321,31,99,0,99,20.03838384,31,99,0,99
2000,5,Békés,18.24700530,31,67,0,67,25.92701493,31,67,0,67
2000,5,Csongrád-Csanád,18.20799059,31,48,0,48,19.95041667,31,48,0,48
2000,5,Fejér,17.32308854,31,47,0,47,31.80404255,31,47,0,47
2000,5,Győr-Moson-Sopron,17.28809812,31,48,0,48,22.92895833,31,48,0,48
2000,5,Hajdú-Bihar,17.95758478,31,78,0,78,24.38141026,31,78,0,78
2000,5,Heves,17.15300587,31,44,0,44,17.96545455,31,44,0,44
2000,5,Jász-Nagykun-Szolnok,18.12593928,31,68,0,68,16.37191176,31,68,0,68
2000,5,Komárom-Esztergom,16.83720801,31,29,0,29,30.02034483,31,29,0,29
2000,5,Nógrád,15.92783410,31,28,0,28,18.46607143,31,28,0,28
2000,5,Pest,17.30755699,31,75,0,75,19.27466667,31,75,0,75
2000,5,Somogy,16.96799078,31,70,0,70,56.43942857,31,70,0,70
2000,5,Szabolcs-Szatmár-Bereg,17.51697865,31,71,0,71,25.44140845,31,71,0,71
2000,5,Tolna,17.57723181,31,43,0,43,31.82162791,31,43,0,43
2000,5,Vas,16.70617302,31,44,0,44,38.58772727,31,44,0,44
2000,5,Veszprém,16.88817802,31,54,0,54,31.78796296,31,54,0,54
2000,5,Zala,16.51257331,31,44,0,44,55.45431818,31,44,0,44
2000,6,Baranya,20.82520370,30,54,0,54,32.27796296,30,54,0,54
2000,6,Borsod-Abaúj-Zemplén,19.39437209,30,86,0,86,40.73883721,30,86,0,86
2000,6,Bács-Kiskun,21.26464983,30,99,0,99,14.23616162,30,99,0,99
2000,6,Békés,21.30108955,30,67,0,67,11.72417910,30,67,0,67
2000,6,Csongrád-Csanád,21.43268750,30,48,0,48,10.76562500,30,48,0,48
2000,6,Fejér,20.66935461,30,47,0,47,9.50446809,30,47,0,47
2000,6,Győr-Moson-Sopron,20.49499306,30,48,0,48,11.71291667,30,48,0,48
2000,6,Hajdú-Bihar,20.72675641,30,78,0,78,26.37602564,30,78,0,78
2000,6,Heves,19.98085606,30,44,0,44,20.57227273,30,44,0,44
2000,6,Jász-Nagykun-Szolnok,21.18228431,30,68,0,68,22.14941176,30,68,0,68
2000,6,Komárom-Esztergom,19.99483908,30,29,0,29,8.19551724,30,29,0,29
2000,6,Nógrád,18.93566667,30,28,0,28,19.92214286,30,28,0,28
2000,6,Pest,20.63872889,30,75,0,75,15.29866667,30,75,0,75
2000,6,Somogy,20.41927619,30,70,0,70,26.06200000,30,70,0,70
2000,6,Szabolcs-Szatmár-Bereg,19.84836620,30,71,0,71,30.03563380,30,71,0,71
2000,6,Tolna,21.02285271,30,43,0,43,23.69279070,30,43,0,43
2000,6,Vas,20.20375758,30,44,0,44,25.52977273,30,44,0,44
2000,6,Veszprém,20.21905556,30,54,0,54,12.39203704,30,54,0,54
2000,6,Zala,20.06805303,30,44,0,44,28.92840909,30,44,0,44
2000,7,Baranya,20.25051971,31,54,0,54,59.19629630,31,54,0,54
2000,7,Borsod-Abaúj-Zemplén,18.60966992,31,86,0,86,90.82825581,31,86,0,86
2000,7,Bács-Kiskun,20.76563702,31,99,0,99,36.25686869,31,99,0,99
2000,7,Békés,20.98413577,31,67,0,67,51.30253731,31,67,0,67
2000,7,Csongrád-Csanád,21.11268817,31,48,0,48,38.35041667,31,48,0,48
2000,7,Fejér,19.88170899,31,47,0,47,60.75531915,31,47,0,47
2000,7,Győr-Moson-Sopron,19.11688172,31,48,0,48,89.67208333,31,48,0,48
2000,7,Hajdú-Bihar,20.14745658,31,78,0,78,69.09820513,31,78,0,78
2000,7,Heves,19.08524927,31,44,0,44,88.23681818,31,44,0,44
2000,7,Jász-Nagykun-Szolnok,20.36500474,31,68,0,68,66.78573529,31,68,0,68
2000,7,Komárom-Esztergom,18.70931034,31,29,0,29,91.30758621,31,29,0,29
2000,7,Nógrád,17.96392857,31,28,0,28,87.67357143,31,28,0,28
2000,7,Pest,19.72762581,31,75,0,75,65.48306667,31,75,0,75
2000,7,Somogy,19.87874654,31,70,0,70,61.96185714,31,70,0,70
2000,7,Szabolcs-Szatmár-Bereg,19.32368469,31,71,0,71,76.16380282,31,71,0,71
2000,7,Tolna,20.47482371,31,43,0,43,55.39651163,31,43,0,43
2000,7,Vas,18.93750733,31,44,0,44,89.27272727,31,44,0,44
2000,7,Veszprém,19.18557945,31,54,0,54,76.88370370,31,54,0,54
2000,7,Zala,19.24474340,31,44,0,44,85.33363636,31,44,0,44
2000,8,Baranya,22.71695341,31,54,0,54,22.56277778,31,54,0,54
2000,8,Borsod-Abaúj-Zemplén,21.12636534,31,86,0,86,14.43313953,31,86,0,86
2000,8,Bács-Kiskun,22.89590094,31,99,0,99,25.55767677,31,99,0,99
2000,8,Békés,23.51912374,31,67,0,67,6.68343284,31,67,0,67
2000,8,Csongrád-Csanád,23.54866935,31,48,0,48,10.81833333,31,48,0,48
2000,8,Fejér,22.35577900,31,47,0,47,19.63042553,31,47,0,47
2000,8,Győr-Moson-Sopron,21.85066532,31,48,0,48,36.35500000,31,48,0,48
2000,8,Hajdú-Bihar,22.43216708,31,78,0,78,8.42038462,31,78,0,78
2000,8,Heves,21.76250733,31,44,0,44,22.27295455,31,44,0,44
2000,8,Jász-Nagykun-Szolnok,22.92718216,31,68,0,68,11.74191176,31,68,0,68
2000,8,Komárom-Esztergom,21.47521691,31,29,0,29,19.90172414,31,29,0,29
2000,8,Nógrád,20.36947005,31,28,0,28,16.79678571,31,28,0,28
2000,8,Pest,22.14575914,31,75,0,75,14.43106667,31,75,0,75
2000,8,Somogy,22.16727189,31,70,0,70,23.39728571,31,70,0,70
2000,8,Szabolcs-Szatmár-Bereg,21.55865970,31,71,0,71,7.09633803,31,71,0,71
2000,8,Tolna,22.86017254,31,43,0,43,28.14860465,31,43,0,43
2000,8,Vas,21.65673754,31,44,0,44,41.36772727,31,44,0,44
2000,8,Veszprém,22.05313620,31,54,0,54,17.84740741,31,54,0,54
2000,8,Zala,21.67689150,31,44,0,44,22.52386364,31,44,0,44
2000,9,Baranya,15.89163580,30,54,0,54,51.76796296,30,54,0,54
2000,9,Borsod-Abaúj-Zemplén,13.78818217,30,86,0,86,45.29174419,30,86,0,86
2000,9,Bács-Kiskun,15.88603704,30,99,0,99,31.65646465,30,99,0,99
2000,9,Békés,15.94462189,30,67,0,67,22.48462687,30,67,0,67
2000,9,Csongrád-Csanád,16.30007639,30,48,0,48,15.00270833,30,48,0,48
2000,9,Fejér,15.46496454,30,47,0,47,35.22404255,30,47,0,47
2000,9,Győr-Moson-Sopron,15.42527083,30,48,0,48,42.18333333,30,48,0,48
2000,9,Hajdú-Bihar,14.91315812,30,78,0,78,36.10564103,30,78,0,78
2000,9,Heves,14.39333333,30,44,0,44,34.19613636,30,44,0,44
2000,9,Jász-Nagykun-Szolnok,15.28155392,30,68,0,68,43.94617647,30,68,0,68
2000,9,Komárom-Esztergom,14.92709195,30,29,0,29,28.69620690,30,29,0,29
2000,9,Nógrád,13.47354762,30,28,0,28,24.05500000,30,28,0,28
2000,9,Pest,14.97001333,30,75,0,75,36.93613333,30,75,0,75
2000,9,Somogy,15.62546667,30,70,0,70,49.05171429,30,70,0,70
2000,9,Szabolcs-Szatmár-Bereg,14.19712207,30,71,0,71,65.32281690,30,71,0,71
2000,9,Tolna,15.95987597,30,43,0,43,46.07488372,30,43,0,43
2000,9,Vas,15.22889394,30,44,0,44,56.69636364,30,44,0,44
2000,9,Veszprém,15.32935185,30,54,0,54,36.28462963,30,54,0,54
2000,9,Zala,15.36298485,30,44,0,44,61.26386364,30,44,0,44
2000,10,Baranya,13.25333333,31,54,0,54,24.63148148,31,54,0,54
2000,10,Borsod-Abaúj-Zemplén,12.01487247,31,86,0,86,3.60837209,31,86,0,86
2000,10,Bács-Kiskun,13.43801890,31,99,0,99,7.55919192,31,99,0,99
2000,10,Békés,13.70164661,31,67,0,67,3.37164179,31,67,0,67
2000,10,Csongrád-Csanád,13.70686156,31,48,0,48,3.57583333,31,48,0,48
2000,10,Fejér,12.91848318,31,47,0,47,24.46234043,31,47,0,47
2000,10,Győr-Moson-Sopron,12.99510753,31,48,0,48,47.18020833,31,48,0,48
2000,10,Hajdú-Bihar,12.91768404,31,78,0,78,3.02448718,31,78,0,78
2000,10,Heves,12.71517595,31,44,0,44,2.90022727,31,44,0,44
2000,10,Jász-Nagykun-Szolnok,13.31001898,31,68,0,68,2.88014706,31,68,0,68
2000,10,Komárom-Esztergom,12.92393771,31,29,0,29,17.86551724,31,29,0,29
2000,10,Nógrád,11.61347926,31,28,0,28,8.66035714,31,28,0,28
2000,10,Pest,12.93694624,31,75,0,75,10.24320000,31,75,0,75
2000,10,Somogy,12.76059447,31,70,0,70,33.55600000,31,70,0,70
2000,10,Szabolcs-Szatmár-Bereg,12.14086324,31,71,0,71,1.88197183,31,71,0,71
2000,10,Tolna,13.39621155,31,43,0,43,26.03953488,31,43,0,43
2000,10,Vas,12.41978739,31,44,0,44,77.93204545,31,44,0,44
2000,10,Veszprém,12.79164277,31,54,0,54,36.91518519,31,54,0,54
2000,10,Zala,12.44812317,31,44,0,44,54.83340909,31,44,0,44
2000,11,Baranya,9.25069136,30,54,0,54,58.51574074,30,54,0,54
2000,11,Borsod-Abaúj-Zemplén,6.88386434,30,86,0,86,37.38825581,30,86,0,86
2000,11,Bács-Kiskun,8.77593939,30,99,0,99,34.49484848,30,99,0,99
2000,11,Békés,9.02584577,30,67,0,67,16.14029851,30,67,0,67
2000,11,Csongrád-Csanád,9.14111111,30,48,0,48,18.05520833,30,48,0,48
2000,11,Fejér,8.25947518,30,47,0,47,52.34382979,30,47,0,47
2000,11,Győr-Moson-Sopron,8.43163889,30,48,0,48,49.53250000,30,48,0,48
2000,11,Hajdú-Bihar,8.03252991,30,78,0,78,23.99769231,30,78,0,78
2000,11,Heves,7.20421212,30,44,0,44,42.97295455,30,44,0,44
2000,11,Jász-Nagykun-Szolnok,8.01009314,30,68,0,68,26.50132353,30,68,0,68
2000,11,Komárom-Esztergom,8.13181609,30,29,0,29,50.62517241,30,29,0,29
2000,11,Nógrád,6.76307143,30,28,0,28,57.82428571,30,28,0,28
2000,11,Pest,7.78331111,30,75,0,75,45.18040000,30,75,0,75
2000,11,Somogy,8.94529048,30,70,0,70,58.87157143,30,70,0,70
2000,11,Szabolcs-Szatmár-Bereg,7.79156808,30,71,0,71,22.43718310,30,71,0,71
2000,11,Tolna,9.02608527,30,43,0,43,52.25348837,30,43,0,43
2000,11,Vas,8.06334848,30,44,0,44,57.47613636,30,44,0,44
2000,11,Veszprém,8.40993827,30,54,0,54,49.83481481,30,54,0,54
2000,11,Zala,8.43264394,30,44,0,44,60.72727273,30,44,0,44
2000,12,Baranya,2.79606332,31,54,0,54,40.29351852,31,54,0,54
2000,12,Borsod-Abaúj-Zemplén,1.17291448,31,86,0,86,47.72895349,31,86,0,86
2000,12,Bács-Kiskun,2.49405670,31,99,0,99,45.67878788,31,99,0,99
2000,12,Békés,2.31675494,31,67,0,67,48.22641791,31,67,0,67
2000,12,Csongrád-Csanád,2.37161962,31,48,0,48,42.65416667,31,48,0,48
2000,12,Fejér,2.10577213,31,47,0,47,47.73234043,31,47,0,47
2000,12,Győr-Moson-Sopron,2.01878360,31,48,0,48,45.76729167,31,48,0,48
2000,12,Hajdú-Bihar,1.99181969,31,78,0,78,61.58935897,31,78,0,78
2000,12,Heves,1.38283724,31,44,0,44,44.89000000,31,44,0,44
2000,12,Jász-Nagykun-Szolnok,2.10607685,31,68,0,68,46.24352941,31,68,0,68
2000,12,Komárom-Esztergom,1.69381535,31,29,0,29,46.04586207,31,29,0,29
2000,12,Nógrád,0.93309908,31,28,0,28,44.34785714,31,28,0,28
2000,12,Pest,1.87609032,31,75,0,75,43.08453333,31,75,0,75
2000,12,Somogy,2.59166359,31,70,0,70,50.08200000,31,70,0,70
2000,12,Szabolcs-Szatmár-Bereg,1.84454793,31,71,0,71,71.35492958,31,71,0,71
2000,12,Tolna,2.78354089,31,43,0,43,51.48651163,31,43,0,43
2000,12,Vas,1.91250733,31,44,0,44,54.98272727,31,44,0,44
2000,12,Veszprém,1.99949223,31,54,0,54,50.56000000,31,54,0,54
2000,12,Zala,2.42292522,31,44,0,44,56.56522727,31,44,0,44
2001,1,Baranya,1.83536440,31,54,0,54,74.56370370,31,54,0,54
2001,1,Borsod-Abaúj-Zemplén,-0.47825206,31,86,0,86,64.42581395,31,86,0,86
2001,1,Bács-Kiskun,1.29724340,31,99,0,99,65.13434343,31,99,0,99
2001,1,Békés,1.19745787,31,67,0,67,37.64492537,31,67,0,67
2001,1,Csongrád-Csanád,1.46202285,31,48,0,48,43.45375000,31,48,0,48
2001,1,Fejér,0.49085106,31,47,0,47,66.03978723,31,47,0,47
2001,1,Győr-Moson-Sopron,0.49977151,31,48,0,48,17.55083333,31,48,0,48
2001,1,Hajdú-Bihar,0.46177833,31,78,0,78,44.64679487,31,78,0,78
2001,1,Heves,-0.16656158,31,44,0,44,75.55363636,31,44,0,44
2001,1,Jász-Nagykun-Szolnok,0.60536053,31,68,0,68,58.80750000,31,68,0,68
2001,1,Komárom-Esztergom,0.03533927,31,29,0,29,59.60586207,31,29,0,29
2001,1,Nógrád,-0.89753456,31,28,0,28,87.97892857,31,28,0,28
2001,1,Pest,0.13245161,31,75,0,75,82.83706667,31,75,0,75
2001,1,Somogy,1.55183410,31,70,0,70,77.30528571,31,70,0,70
2001,1,Szabolcs-Szatmár-Bereg,0.06223989,31,71,0,71,50.46915493,31,71,0,71
2001,1,Tolna,1.59904726,31,43,0,43,79.03395349,31,43,0,43
2001,1,Vas,0.45728739,31,44,0,44,24.51772727,31,44,0,44
2001,1,Veszprém,0.36696535,31,54,0,54,44.07407407,31,54,0,54
2001,1,Zala,1.14000733,31,44,0,44,45.89863636,31,44,0,44
2001,2,Baranya,3.94994048,28,54,0,54,7.16407407,28,54,0,54
2001,2,Borsod-Abaúj-Zemplén,1.08936047,28,86,0,86,18.25151163,28,86,0,86
2001,2,Bács-Kiskun,3.41075397,28,99,0,99,4.11454545,28,99,0,99
2001,2,Békés,2.76974947,28,67,0,67,8.68850746,28,67,0,67
2001,2,Csongrád-Csanád,3.25661458,28,48,0,48,5.39208333,28,48,0,48
2001,2,Fejér,3.03731003,28,47,0,47,10.98425532,28,47,0,47
2001,2,Győr-Moson-Sopron,3.44998512,28,48,0,48,11.13479167,28,48,0,48
2001,2,Hajdú-Bihar,2.16420330,28,78,0,78,14.57089744,28,78,0,78
2001,2,Heves,1.66034903,28,44,0,44,14.74545455,28,44,0,44
2001,2,Jász-Nagykun-Szolnok,2.72796218,28,68,0,68,6.20794118,28,68,0,68
2001,2,Komárom-Esztergom,2.59165025,28,29,0,29,18.45206897,28,29,0,29
2001,2,Nógrád,0.73757653,28,28,0,28,18.79750000,28,28,0,28
2001,2,Pest,2.57639048,28,75,0,75,10.58160000,28,75,0,75
2001,2,Somogy,3.90982653,28,70,0,70,6.68500000,28,70,0,70
2001,2,Szabolcs-Szatmár-Bereg,1.61978873,28,71,0,71,26.48112676,28,71,0,71
2001,2,Tolna,3.68735050,28,43,0,43,3.42325581,28,43,0,43
2001,2,Vas,3.61448052,28,44,0,44,10.99431818,28,44,0,44
2001,2,Veszprém,3.15999339,28,54,0,54,8.96259259,28,54,0,54
2001,2,Zala,3.85534091,28,44,0,44,6.49659091,28,44,0,44
2001,3,Baranya,8.90025687,31,54,0,54,75.56000000,31,54,0,54
2001,3,Borsod-Abaúj-Zemplén,5.92231808,31,86,0,86,90.60872093,31,86,0,86
2001,3,Bács-Kiskun,8.56601825,31,99,0,99,59.11343434,31,99,0,99
2001,3,Békés,8.44126625,31,67,0,67,72.46776119,31,67,0,67
2001,3,Csongrád-Csanád,8.79688172,31,48,0,48,60.49083333,31,48,0,48
2001,3,Fejér,7.53794784,31,47,0,47,63.50085106,31,47,0,47
2001,3,Győr-Moson-Sopron,7.47470430,31,48,0,48,54.12854167,31,48,0,48
2001,3,Hajdú-Bihar,7.52618693,31,78,0,78,91.53384615,31,78,0,78
2001,3,Heves,6.36017595,31,44,0,44,83.01431818,31,44,0,44
2001,3,Jász-Nagykun-Szolnok,7.71677419,31,68,0,68,69.27132353,31,68,0,68
2001,3,Komárom-Esztergom,6.91886541,31,29,0,29,61.05724138,31,29,0,29
2001,3,Nógrád,5.59078341,31,28,0,28,77.24392857,31,28,0,28
2001,3,Pest,7.18732043,31,75,0,75,70.60826667,31,75,0,75
2001,3,Somogy,8.63556682,31,70,0,70,72.52071429,31,70,0,70
2001,3,Szabolcs-Szatmár-Bereg,7.06732394,31,71,0,71,112.88253521,31,71,0,71
2001,3,Tolna,8.59950488,31,43,0,43,57.69488372,31,43,0,43
2001,3,Vas,7.66526393,31,44,0,44,57.29477273,31,44,0,44
2001,3,Veszprém,7.48218041,31,54,0,54,62.46814815,31,54,0,54
2001,3,Zala,8.33093842,31,44,0,44,66.40590909,31,44,0,44
2001,4,Baranya,10.12725926,30,54,0,54,33.11203704,30,54,0,54
2001,4,Borsod-Abaúj-Zemplén,9.87624806,30,86,0,86,62.38697674,30,86,0,86
2001,4,Bács-Kiskun,10.42489562,30,99,0,99,33.84474747,30,99,0,99
2001,4,Békés,10.67612935,30,67,0,67,71.74925373,30,67,0,67
2001,4,Csongrád-Csanád,10.62961806,30,48,0,48,60.36645833,30,48,0,48
2001,4,Fejér,9.98707092,30,47,0,47,24.56340426,30,47,0,47
2001,4,Győr-Moson-Sopron,9.78478472,30,48,0,48,26.51125000,30,48,0,48
2001,4,Hajdú-Bihar,10.66443590,30,78,0,78,56.21230769,30,78,0,78
2001,4,Heves,10.00682576,30,44,0,44,58.94931818,30,44,0,44
2001,4,Jász-Nagykun-Szolnok,10.60250490,30,68,0,68,50.87323529,30,68,0,68
2001,4,Komárom-Esztergom,9.58752874,30,29,0,29,25.05448276,30,29,0,29
2001,4,Nógrád,9.08123810,30,28,0,28,49.05964286,30,28,0,28
2001,4,Pest,10.23279111,30,75,0,75,33.41973333,30,75,0,75
2001,4,Somogy,9.80657619,30,70,0,70,26.02742857,30,70,0,70
2001,4,Szabolcs-Szatmár-Bereg,10.58453521,30,71,0,71,40.76380282,30,71,0,71
2001,4,Tolna,10.22500000,30,43,0,43,29.94790698,30,43,0,43
2001,4,Vas,9.44218939,30,44,0,44,42.15136364,30,44,0,44
2001,4,Veszprém,9.45735185,30,54,0,54,27.33055556,30,54,0,54
2001,4,Zala,9.53298485,30,44,0,44,42.03590909,30,44,0,44
2001,5,Baranya,17.50029271,31,54,0,54,37.97537037,31,54,0,54
2001,5,Borsod-Abaúj-Zemplén,16.30630533,31,86,0,86,21.71104651,31,86,0,86
2001,5,Bács-Kiskun,17.77034213,31,99,0,99,24.55515152,31,99,0,99
2001,5,Békés,17.46395763,31,67,0,67,20.57029851,31,67,0,67
2001,5,Csongrád-Csanád,17.74380376,31,48,0,48,29.03541667,31,48,0,48
2001,5,Fejér,17.45328758,31,47,0,47,27.44702128,31,47,0,47
2001,5,Győr-Moson-Sopron,17.29258065,31,48,0,48,21.85791667,31,48,0,48
2001,5,Hajdú-Bihar,17.35974773,31,78,0,78,10.61641026,31,78,0,78
2001,5,Heves,16.80984604,31,44,0,44,15.49909091,31,44,0,44
2001,5,Jász-Nagykun-Szolnok,17.58668406,31,68,0,68,12.39602941,31,68,0,68
2001,5,Komárom-Esztergom,16.86562848,31,29,0,29,36.01241379,31,29,0,29
2001,5,Nógrád,15.77830645,31,28,0,28,24.79285714,31,28,0,28
2001,5,Pest,17.29921290,31,75,0,75,24.34720000,31,75,0,75
2001,5,Somogy,17.32014747,31,70,0,70,32.13214286,31,70,0,70
2001,5,Szabolcs-Szatmár-Bereg,16.84851431,31,71,0,71,20.17338028,31,71,0,71
2001,5,Tolna,17.84921230,31,43,0,43,23.26744186,31,43,0,43
2001,5,Vas,17.04146628,31,44,0,44,30.11295455,31,44,0,44
2001,5,Veszprém,16.99752091,31,54,0,54,24.24962963,31,54,0,54
2001,5,Zala,17.09660557,31,44,0,44,23.29431818,31,44,0,44
2001,6,Baranya,17.43835185,30,54,0,54,142.43055556,30,54,0,54
2001,6,Borsod-Abaúj-Zemplén,16.83730233,30,86,0,86,80.58930233,30,86,0,86
2001,6,Bács-Kiskun,17.94891246,30,99,0,99,126.58353535,30,99,0,99
2001,6,Békés,17.83011940,30,67,0,67,142.59432836,30,67,0,67
2001,6,Csongrád-Csanád,18.16670833,30,48,0,48,177.61187500,30,48,0,48
2001,6,Fejér,17.53797163,30,47,0,47,63.95085106,30,47,0,47
2001,6,Győr-Moson-Sopron,17.63464583,30,48,0,48,29.45104167,30,48,0,48
2001,6,Hajdú-Bihar,17.51626068,30,78,0,78,109.52628205,30,78,0,78
2001,6,Heves,17.22345455,30,44,0,44,60.50863636,30,44,0,44
2001,6,Jász-Nagykun-Szolnok,18.01187745,30,68,0,68,84.13529412,30,68,0,68
2001,6,Komárom-Esztergom,17.00091954,30,29,0,29,36.35724138,30,29,0,29
2001,6,Nógrád,16.40776190,30,28,0,28,54.61178571,30,28,0,28
2001,6,Pest,17.66832444,30,75,0,75,69.05760000,30,75,0,75
2001,6,Somogy,17.41388571,30,70,0,70,91.81600000,30,70,0,70
2001,6,Szabolcs-Szatmár-Bereg,17.29905634,30,71,0,71,90.71859155,30,71,0,71
2001,6,Tolna,17.72363566,30,43,0,43,113.88046512,30,43,0,43
2001,6,Vas,17.47541667,30,44,0,44,41.53750000,30,44,0,44
2001,6,Veszprém,17.14891358,30,54,0,54,48.87444444,30,54,0,54
2001,6,Zala,17.39143939,30,44,0,44,63.85613636,30,44,0,44
2001,7,Baranya,20.77387097,31,54,0,54,60.93537037,31,54,0,54
2001,7,Borsod-Abaúj-Zemplén,20.45946362,31,86,0,86,115.75534884,31,86,0,86
2001,7,Bács-Kiskun,21.46025741,31,99,0,99,92.49252525,31,99,0,99
2001,7,Békés,21.46271545,31,67,0,67,98.44149254,31,67,0,67
2001,7,Csongrád-Csanád,21.69218414,31,48,0,48,66.15604167,31,48,0,48
2001,7,Fejér,21.11941661,31,47,0,47,79.47744681,31,47,0,47
2001,7,Győr-Moson-Sopron,21.11911290,31,48,0,48,67.86229167,31,48,0,48
2001,7,Hajdú-Bihar,21.25831679,31,78,0,78,101.11743590,31,78,0,78
2001,7,Heves,20.82777126,31,44,0,44,102.28477273,31,44,0,44
2001,7,Jász-Nagykun-Szolnok,21.60544592,31,68,0,68,105.23838235,31,68,0,68
2001,7,Komárom-Esztergom,20.58337041,31,29,0,29,77.80000000,31,29,0,29
2001,7,Nógrád,20.02291475,31,28,0,28,99.97428571,31,28,0,28
2001,7,Pest,21.25438280,31,75,0,75,99.83666667,31,75,0,75
2001,7,Somogy,20.77616590,31,70,0,70,66.29228571,31,70,0,70
2001,7,Szabolcs-Szatmár-Bereg,20.89071786,31,71,0,71,115.83535211,31,71,0,71
2001,7,Tolna,21.07314329,31,43,0,43,82.84953488,31,43,0,43
2001,7,Vas,20.80215543,31,44,0,44,70.83772727,31,44,0,44
2001,7,Veszprém,20.75686380,31,54,0,54,65.32240741,31,54,0,54
2001,7,Zala,20.64639296,31,44,0,44,64.64204545,31,44,0,44
2001,8,Baranya,21.84205496,31,54,0,54,30.76166667,31,54,0,54
2001,8,Borsod-Abaúj-Zemplén,20.99602026,31,86,0,86,40.95988372,31,86,0,86
2001,8,Bács-Kiskun,22.21748126,31,99,0,99,38.02121212,31,99,0,99
2001,8,Békés,22.41638421,31,67,0,67,33.55223881,31,67,0,67
2001,8,Csongrád-Csanád,22.55452285,31,48,0,48,41.57625000,31,48,0,48
2001,8,Fejér,21.87257378,31,47,0,47,53.24978723,31,47,0,47
2001,8,Győr-Moson-Sopron,21.82065188,31,48,0,48,34.87958333,31,48,0,48
2001,8,Hajdú-Bihar,22.11211332,31,78,0,78,35.97987179,31,78,0,78
2001,8,Heves,21.44089443,31,44,0,44,43.30522727,31,44,0,44
2001,8,Jász-Nagykun-Szolnok,22.35880930,31,68,0,68,33.45970588,31,68,0,68
2001,8,Komárom-Esztergom,21.26625139,31,29,0,29,49.12724138,31,29,0,29
2001,8,Nógrád,20.28520737,31,28,0,28,45.16892857,31,28,0,28
2001,8,Pest,21.81266237,31,75,0,75,36.88146667,31,75,0,75
2001,8,Somogy,21.57340092,31,70,0,70,37.19785714,31,70,0,70
2001,8,Szabolcs-Szatmár-Bereg,21.24924580,31,71,0,71,25.06873239,31,71,0,71
2001,8,Tolna,22.03696924,31,43,0,43,53.36441860,31,43,0,43
2001,8,Vas,21.65383431,31,44,0,44,29.42295455,31,44,0,44
2001,8,Veszprém,21.71266428,31,54,0,54,35.57425926,31,54,0,54
2001,8,Zala,21.49472141,31,44,0,44,17.88113636,31,44,0,44
2001,9,Baranya,14.20151235,30,54,0,54,165.88277778,30,54,0,54
2001,9,Borsod-Abaúj-Zemplén,13.31228295,30,86,0,86,71.20058140,30,86,0,86
2001,9,Bács-Kiskun,14.46721886,30,99,0,99,117.53686869,30,99,0,99
2001,9,Békés,14.92832338,30,67,0,67,111.60328358,30,67,0,67
2001,9,Csongrád-Csanád,14.91573611,30,48,0,48,114.61479167,30,48,0,48
2001,9,Fejér,13.98574468,30,47,0,47,114.55510638,30,47,0,47
2001,9,Győr-Moson-Sopron,13.89073611,30,48,0,48,113.56958333,30,48,0,48
2001,9,Hajdú-Bihar,14.42511538,30,78,0,78,109.68192308,30,78,0,78
2001,9,Heves,13.65792424,30,44,0,44,76.50590909,30,44,0,44
2001,9,Jász-Nagykun-Szolnok,14.50575490,30,68,0,68,96.98338235,30,68,0,68
2001,9,Komárom-Esztergom,13.46517241,30,29,0,29,116.21206897,30,29,0,29
2001,9,Nógrád,12.92451190,30,28,0,28,91.17714286,30,28,0,28
2001,9,Pest,13.88968000,30,75,0,75,98.31920000,30,75,0,75
2001,9,Somogy,13.90415714,30,70,0,70,153.15114286,30,70,0,70
2001,9,Szabolcs-Szatmár-Bereg,13.93353052,30,71,0,71,95.86873239,30,71,0,71
2001,9,Tolna,14.31882171,30,43,0,43,143.97604651,30,43,0,43
2001,9,Vas,13.58459091,30,44,0,44,135.19909091,30,44,0,44
2001,9,Veszprém,13.59856173,30,54,0,54,134.82462963,30,54,0,54
2001,9,Zala,13.68604545,30,44,0,44,149.23977273,30,44,0,44
2001,10,Baranya,13.61600956,31,54,0,54,11.75703704,31,54,0,54
2001,10,Borsod-Abaúj-Zemplén,11.86166917,31,86,0,86,5.88941860,31,86,0,86
2001,10,Bács-Kiskun,13.52072988,31,99,0,99,7.09838384,31,99,0,99
2001,10,Békés,13.26053442,31,67,0,67,6.85611940,31,67,0,67
2001,10,Csongrád-Csanád,13.57831989,31,48,0,48,10.94395833,31,48,0,48
2001,10,Fejér,13.40912148,31,47,0,47,5.05191489,31,47,0,47
2001,10,Győr-Moson-Sopron,13.36819220,31,48,0,48,12.27125000,31,48,0,48
2001,10,Hajdú-Bihar,12.69770058,31,78,0,78,4.19653846,31,78,0,78
2001,10,Heves,12.57806452,31,44,0,44,3.10159091,31,44,0,44
2001,10,Jász-Nagykun-Szolnok,13.21895161,31,68,0,68,5.34970588,31,68,0,68
2001,10,Komárom-Esztergom,13.10199110,31,29,0,29,7.03103448,31,29,0,29
2001,10,Nógrád,11.74811060,31,28,0,28,3.57607143,31,28,0,28
2001,10,Pest,13.07544516,31,75,0,75,6.29013333,31,75,0,75
2001,10,Somogy,13.44610599,31,70,0,70,7.31185714,31,70,0,70
2001,10,Szabolcs-Szatmár-Bereg,12.19164925,31,71,0,71,10.66647887,31,71,0,71
2001,10,Tolna,13.74074269,31,43,0,43,5.59627907,31,43,0,43
2001,10,Vas,13.19373900,31,44,0,44,12.20204545,31,44,0,44
2001,10,Veszprém,13.38077658,31,54,0,54,9.67648148,31,54,0,54
2001,10,Zala,13.41618768,31,44,0,44,7.07477273,31,44,0,44
2001,11,Baranya,3.34527778,30,54,0,54,58.84277778,30,54,0,54
2001,11,Borsod-Abaúj-Zemplén,1.79821318,30,86,0,86,44.81593023,30,86,0,86
2001,11,Bács-Kiskun,3.12650842,30,99,0,99,40.16090909,30,99,0,99
2001,11,Békés,2.53360697,30,67,0,67,34.80119403,30,67,0,67
2001,11,Csongrád-Csanád,2.93009028,30,48,0,48,28.58291667,30,48,0,48
2001,11,Fejér,3.02641844,30,47,0,47,42.73553191,30,47,0,47
2001,11,Győr-Moson-Sopron,3.57823611,30,48,0,48,32.77562500,30,48,0,48
2001,11,Hajdú-Bihar,2.18367949,30,78,0,78,38.62115385,30,78,0,78
2001,11,Heves,2.14513636,30,44,0,44,37.04022727,30,44,0,44
2001,11,Jász-Nagykun-Szolnok,2.66153922,30,68,0,68,36.13573529,30,68,0,68
2001,11,Komárom-Esztergom,2.72531034,30,29,0,29,35.84241379,30,29,0,29
2001,11,Nógrád,1.60709524,30,28,0,28,35.34000000,30,28,0,28
2001,11,Pest,2.69579111,30,75,0,75,37.28720000,30,75,0,75
2001,11,Somogy,3.41455238,30,70,0,70,51.74571429,30,70,0,70
2001,11,Szabolcs-Szatmár-Bereg,2.16521127,30,71,0,71,49.53591549,30,71,0,71
2001,11,Tolna,3.29398450,30,43,0,43,53.28232558,30,43,0,43
2001,11,Vas,3.48950000,30,44,0,44,32.92931818,30,44,0,44
2001,11,Veszprém,3.11487654,30,54,0,54,41.43425926,30,54,0,54
2001,11,Zala,3.36896970,30,44,0,44,44.13977273,30,44,0,44
2001,12,Baranya,-4.19924731,31,54,0,54,38.10685185,31,54,0,54
2001,12,Borsod-Abaúj-Zemplén,-5.24864591,31,86,0,86,13.87941860,31,86,0,86
2001,12,Bács-Kiskun,-4.82334637,31,99,0,99,30.41252525,31,99,0,99
2001,12,Békés,-5.15091478,31,67,0,67,22.88925373,31,67,0,67
2001,12,Csongrád-Csanád,-4.83954973,31,48,0,48,24.11312500,31,48,0,48
2001,12,Fejér,-4.75297186,31,47,0,47,21.83978723,31,47,0,47
2001,12,Győr-Moson-Sopron,-3.56159274,31,48,0,48,32.65020833,31,48,0,48
2001,12,Hajdú-Bihar,-5.25523160,31,78,0,78,15.23141026,31,78,0,78
2001,12,Heves,-5.45112170,31,44,0,44,16.21568182,31,44,0,44
2001,12,Jász-Nagykun-Szolnok,-5.19714421,31,68,0,68,17.88073529,31,68,0,68
2001,12,Komárom-Esztergom,-4.88202447,31,29,0,29,22.26482759,31,29,0,29
2001,12,Nógrád,-6.33442396,31,28,0,28,19.75857143,31,28,0,28
2001,12,Pest,-5.17865376,31,75,0,75,19.39173333,31,75,0,75
2001,12,Somogy,-4.06912903,31,70,0,70,40.66814286,31,70,0,70
2001,12,Szabolcs-Szatmár-Bereg,-5.25103135,31,71,0,71,18.68507042,31,71,0,71
2001,12,Tolna,-4.52645911,31,43,0,43,39.73348837,31,43,0,43
2001,12,Vas,-3.43297654,31,44,0,44,23.47454545,31,44,0,44
2001,12,Veszprém,-4.29674432,31,54,0,54,27.74759259,31,54,0,54
2001,12,Zala,-3.64329912,31,44,0,44,30.80113636,31,44,0,44
2002,1,Baranya,0.31756272,31,54,0,54,8.26203704,31,54,0,54
2002,1,Borsod-Abaúj-Zemplén,-1.84950863,31,86,0,86,4.91465116,31,86,0,86
2002,1,Bács-Kiskun,0.04013685,31,99,0,99,9.97797980,31,99,0,99
2002,1,Békés,-0.74251324,31,67,0,67,4.75820896,31,67,0,67
2002,1,Csongrád-Csanád,-0.34557796,31,48,0,48,5.77125000,31,48,0,48
2002,1,Fejér,0.05498970,31,47,0,47,8.79702128,31,47,0,47
2002,1,Győr-Moson-Sopron,0.52317204,31,48,0,48,10.33687500,31,48,0,48
2002,1,Hajdú-Bihar,-1.09020265,31,78,0,78,10.82551282,31,78,0,78
2002,1,Heves,-1.18032258,31,44,0,44,7.91613636,31,44,0,44
2002,1,Jász-Nagykun-Szolnok,-0.59384250,31,68,0,68,6.66529412,31,68,0,68
2002,1,Komárom-Esztergom,-0.15750834,31,29,0,29,10.91034483,31,29,0,29
2002,1,Nógrád,-1.72577189,31,28,0,28,11.26000000,31,28,0,28
2002,1,Pest,-0.44200430,31,75,0,75,9.28026667,31,75,0,75
2002,1,Somogy,0.25293548,31,70,0,70,5.99528571,31,70,0,70
2002,1,Szabolcs-Szatmár-Bereg,-1.92252158,31,71,0,71,17.80422535,31,71,0,71
2002,1,Tolna,0.38506377,31,43,0,43,8.26860465,31,43,0,43
2002,1,Vas,0.16258065,31,44,0,44,6.69727273,31,44,0,44
2002,1,Veszprém,0.05032855,31,54,0,54,10.17203704,31,54,0,54
2002,1,Zala,0.17380499,31,44,0,44,5.39409091,31,44,0,44
2002,2,Baranya,5.72679233,28,54,0,54,48.53092593,28,54,0,54
2002,2,Borsod-Abaúj-Zemplén,3.24433555,28,86,0,86,9.34011628,28,86,0,86
2002,2,Bács-Kiskun,5.39563492,28,99,0,99,29.12505051,28,99,0,99
2002,2,Békés,4.83872068,28,67,0,67,31.41164179,28,67,0,67
2002,2,Csongrád-Csanád,5.37002976,28,48,0,48,30.61708333,28,48,0,48
2002,2,Fejér,4.86878419,28,47,0,47,17.96893617,28,47,0,47
2002,2,Győr-Moson-Sopron,5.20692708,28,48,0,48,24.78916667,28,48,0,48
2002,2,Hajdú-Bihar,4.25640568,28,78,0,78,29.05641026,28,78,0,78
2002,2,Heves,3.97943182,28,44,0,44,10.46818182,28,44,0,44
2002,2,Jász-Nagykun-Szolnok,4.70113971,28,68,0,68,17.12926471,28,68,0,68
2002,2,Komárom-Esztergom,4.70690887,28,29,0,29,25.58965517,28,29,0,29
2002,2,Nógrád,3.28235969,28,28,0,28,16.86392857,28,28,0,28
2002,2,Pest,4.58817619,28,75,0,75,16.23600000,28,75,0,75
2002,2,Somogy,5.27840306,28,70,0,70,39.28357143,28,70,0,70
2002,2,Szabolcs-Szatmár-Bereg,3.68337525,28,71,0,71,32.10661972,28,71,0,71
2002,2,Tolna,5.44820598,28,43,0,43,33.27162791,28,43,0,43
2002,2,Vas,4.91214286,28,44,0,44,32.69045455,28,44,0,44
2002,2,Veszprém,4.80531746,28,54,0,54,22.41314815,28,54,0,54
2002,2,Zala,5.11294643,28,44,0,44,38.75795455,28,44,0,44
2002,3,Baranya,7.97396655,31,54,0,54,7.67833333,31,54,0,54
2002,3,Borsod-Abaúj-Zemplén,6.26132033,31,86,0,86,22.72406977,31,86,0,86
2002,3,Bács-Kiskun,7.71868687,31,99,0,99,9.71121212,31,99,0,99
2002,3,Békés,7.79565720,31,67,0,67,7.82477612,31,67,0,67
2002,3,Csongrád-Csanád,8.02028226,31,48,0,48,5.44166667,31,48,0,48
2002,3,Fejér,7.16784489,31,47,0,47,24.91340426,31,47,0,47
2002,3,Győr-Moson-Sopron,7.08211022,31,48,0,48,46.40479167,31,48,0,48
2002,3,Hajdú-Bihar,7.16607113,31,78,0,78,19.29743590,31,78,0,78
2002,3,Heves,6.65532991,31,44,0,44,19.28136364,31,44,0,44
2002,3,Jász-Nagykun-Szolnok,7.46546964,31,68,0,68,11.91867647,31,68,0,68
2002,3,Komárom-Esztergom,6.90535039,31,29,0,29,35.34172414,31,29,0,29
2002,3,Nógrád,5.49716590,31,28,0,28,22.96928571,31,28,0,28
2002,3,Pest,7.08157849,31,75,0,75,21.19720000,31,75,0,75
2002,3,Somogy,7.57804608,31,70,0,70,9.24657143,31,70,0,70
2002,3,Szabolcs-Szatmár-Bereg,6.75328941,31,71,0,71,31.96845070,31,71,0,71
2002,3,Tolna,7.73327082,31,43,0,43,7.22604651,31,43,0,43
2002,3,Vas,7.03972141,31,44,0,44,19.68431818,31,44,0,44
2002,3,Veszprém,6.94964158,31,54,0,54,25.91425926,31,54,0,54
2002,3,Zala,7.39750733,31,44,0,44,9.43454545,31,44,0,44
2002,4,Baranya,10.67609877,30,54,0,54,89.74907407,30,54,0,54
2002,4,Borsod-Abaúj-Zemplén,10.30091473,30,86,0,86,23.91802326,30,86,0,86
2002,4,Bács-Kiskun,11.19212121,30,99,0,99,48.50414141,30,99,0,99
2002,4,Békés,11.32493035,30,67,0,67,27.50029851,30,67,0,67
2002,4,Csongrád-Csanád,11.33100000,30,48,0,48,26.97729167,30,48,0,48
2002,4,Fejér,10.54722695,30,47,0,47,58.29893617,30,47,0,47
2002,4,Győr-Moson-Sopron,10.06575694,30,48,0,48,34.08791667,30,48,0,48
2002,4,Hajdú-Bihar,11.15421368,30,78,0,78,23.75461538,30,78,0,78
2002,4,Heves,10.51532576,30,44,0,44,16.89318182,30,44,0,44
2002,4,Jász-Nagykun-Szolnok,11.25076471,30,68,0,68,18.36352941,30,68,0,68
2002,4,Komárom-Esztergom,9.93360920,30,29,0,29,45.50655172,30,29,0,29
2002,4,Nógrád,9.20076190,30,28,0,28,30.54000000,30,28,0,28
2002,4,Pest,10.68044000,30,75,0,75,41.48346667,30,75,0,75
2002,4,Somogy,10.21701429,30,70,0,70,89.23257143,30,70,0,70
2002,4,Szabolcs-Szatmár-Bereg,10.91015962,30,71,0,71,23.16436620,30,71,0,71
2002,4,Tolna,10.83151163,30,43,0,43,77.46325581,30,43,0,43
2002,4,Vas,9.73054545,30,44,0,44,54.89250000,30,44,0,44
2002,4,Veszprém,9.81132099,30,54,0,54,50.68722222,30,54,0,54
2002,4,Zala,9.91157576,30,44,0,44,80.53613636,30,44,0,44
2002,5,Baranya,18.07869773,31,54,0,54,82.16703704,31,54,0,54
2002,5,Borsod-Abaúj-Zemplén,17.80813203,31,86,0,86,48.68500000,31,86,0,86
2002,5,Bács-Kiskun,18.75593679,31,99,0,99,50.42383838,31,99,0,99
2002,5,Békés,19.07179586,31,67,0,67,50.43164179,31,67,0,67
2002,5,Csongrád-Csanád,18.99086694,31,48,0,48,60.14729167,31,48,0,48
2002,5,Fejér,18.16902539,31,47,0,47,50.35957447,31,47,0,47
2002,5,Győr-Moson-Sopron,17.97764113,31,48,0,48,37.47354167,31,48,0,48
2002,5,Hajdú-Bihar,18.90711332,31,78,0,78,43.51564103,31,78,0,78
2002,5,Heves,18.13780059,31,44,0,44,40.46136364,31,44,0,44
2002,5,Jász-Nagykun-Szolnok,18.97110531,31,68,0,68,46.23867647,31,68,0,68
2002,5,Komárom-Esztergom,17.58205784,31,29,0,29,62.82448276,31,29,0,29
2002,5,Nógrád,16.95396313,31,28,0,28,47.29571429,31,28,0,28
2002,5,Pest,18.24422366,31,75,0,75,46.68613333,31,75,0,75
2002,5,Somogy,17.85059908,31,70,0,70,44.93885714,31,70,0,70
2002,5,Szabolcs-Szatmár-Bereg,18.44708769,31,71,0,71,53.61211268,31,71,0,71
2002,5,Tolna,18.46323331,31,43,0,43,59.52860465,31,43,0,43
2002,5,Vas,17.50796921,31,44,0,44,39.94590909,31,44,0,44
2002,5,Veszprém,17.55213859,31,54,0,54,43.25851852,31,54,0,54
2002,5,Zala,17.58236804,31,44,0,44,40.67659091,31,44,0,44
2002,6,Baranya,20.81014198,30,54,0,54,39.59074074,30,54,0,54
2002,6,Borsod-Abaúj-Zemplén,19.43934496,30,86,0,86,72.15697674,30,86,0,86
2002,6,Bács-Kiskun,21.15873737,30,99,0,99,37.57232323,30,99,0,99
2002,6,Békés,20.99550249,30,67,0,67,47.25373134,30,67,0,67
2002,6,Csongrád-Csanád,21.30661806,30,48,0,48,43.68916667,30,48,0,48
2002,6,Fejér,20.75084397,30,47,0,47,38.90510638,30,47,0,47
2002,6,Győr-Moson-Sopron,20.87170833,30,48,0,48,42.29416667,30,48,0,48
2002,6,Hajdú-Bihar,20.41053419,30,78,0,78,56.63935897,30,78,0,78
2002,6,Heves,20.15450000,30,44,0,44,63.20818182,30,44,0,44
2002,6,Jász-Nagykun-Szolnok,21.00136765,30,68,0,68,49.48117647,30,68,0,68
2002,6,Komárom-Esztergom,20.10056322,30,29,0,29,44.84482759,30,29,0,29
2002,6,Nógrád,19.19633333,30,28,0,28,60.28214286,30,28,0,28
2002,6,Pest,20.55580889,30,75,0,75,55.90813333,30,75,0,75
2002,6,Somogy,20.55641429,30,70,0,70,41.38442857,30,70,0,70
2002,6,Szabolcs-Szatmár-Bereg,19.79056338,30,71,0,71,65.01014085,30,71,0,71
2002,6,Tolna,20.95886822,30,43,0,43,37.00604651,30,43,0,43
2002,6,Vas,20.57259091,30,44,0,44,53.03545455,30,44,0,44
2002,6,Veszprém,20.45846296,30,54,0,54,42.54166667,30,54,0,54
2002,6,Zala,20.42631061,30,44,0,44,52.63227273,30,44,0,44
2002,7,Baranya,22.06821386,31,54,0,54,100.50129630,31,54,0,54
2002,7,Borsod-Abaúj-Zemplén,22.12215679,31,86,0,86,94.63372093,31,86,0,86
2002,7,Bács-Kiskun,23.24211795,31,99,0,99,59.30464646,31,99,0,99
2002,7,Békés,23.25096774,31,67,0,67,67.60029851,31,67,0,67
2002,7,Csongrád-Csanád,23.46562500,31,48,0,48,57.48041667,31,48,0,48
2002,7,Fejér,22.66446122,31,47,0,47,88.61297872,31,47,0,47
2002,7,Győr-Moson-Sopron,22.40190188,31,48,0,48,58.54833333,31,48,0,48
2002,7,Hajdú-Bihar,23.06456576,31,78,0,78,59.23820513,31,78,0,78
2002,7,Heves,22.62865836,31,44,0,44,126.99022727,31,44,0,44
2002,7,Jász-Nagykun-Szolnok,23.40004269,31,68,0,68,65.94117647,31,68,0,68
2002,7,Komárom-Esztergom,21.95825362,31,29,0,29,75.64172414,31,29,0,29
2002,7,Nógrád,21.44521889,31,28,0,28,154.44714286,31,28,0,28
2002,7,Pest,22.84033978,31,75,0,75,78.72933333,31,75,0,75
2002,7,Somogy,21.92159447,31,70,0,70,68.25400000,31,70,0,70
2002,7,Szabolcs-Szatmár-Bereg,22.76300772,31,71,0,71,41.09605634,31,71,0,71
2002,7,Tolna,22.68554389,31,43,0,43,79.21372093,31,43,0,43
2002,7,Vas,21.78332111,31,44,0,44,67.15954545,31,44,0,44
2002,7,Veszprém,21.98232975,31,54,0,54,64.35685185,31,54,0,54
2002,7,Zala,21.52612170,31,44,0,44,80.94840909,31,44,0,44
2002,8,Baranya,20.47624253,31,54,0,54,75.69333333,31,54,0,54
2002,8,Borsod-Abaúj-Zemplén,20.26351463,31,86,0,86,120.39732558,31,86,0,86
2002,8,Bács-Kiskun,21.20934181,31,99,0,99,62.76676768,31,99,0,99
2002,8,Békés,21.41065479,31,67,0,67,51.55507463,31,67,0,67
2002,8,Csongrád-Csanád,21.60745296,31,48,0,48,49.71333333,31,48,0,48
2002,8,Fejér,20.75375429,31,47,0,47,89.50957447,31,47,0,47
2002,8,Győr-Moson-Sopron,20.66342742,31,48,0,48,78.95479167,31,48,0,48
2002,8,Hajdú-Bihar,21.17859801,31,78,0,78,74.37858974,31,78,0,78
2002,8,Heves,20.52869501,31,44,0,44,93.61318182,31,44,0,44
2002,8,Jász-Nagykun-Szolnok,21.35255218,31,68,0,68,49.20367647,31,68,0,68
2002,8,Komárom-Esztergom,19.98141268,31,29,0,29,108.18103448,31,29,0,29
2002,8,Nógrád,19.28402074,31,28,0,28,121.17464286,31,28,0,28
2002,8,Pest,20.57588387,31,75,0,75,86.53840000,31,75,0,75
2002,8,Somogy,20.40626728,31,70,0,70,59.11300000,31,70,0,70
2002,8,Szabolcs-Szatmár-Bereg,20.73715584,31,71,0,71,90.05971831,31,71,0,71
2002,8,Tolna,20.93249062,31,43,0,43,98.23953488,31,43,0,43
2002,8,Vas,20.33637830,31,44,0,44,96.36090909,31,44,0,44
2002,8,Veszprém,20.36747312,31,54,0,54,91.15037037,31,54,0,54
2002,8,Zala,20.21694282,31,44,0,44,77.26727273,31,44,0,44
2002,9,Baranya,15.04678395,30,54,0,54,81.09277778,30,54,0,54
2002,9,Borsod-Abaúj-Zemplén,14.38987597,30,86,0,86,66.16872093,30,86,0,86
2002,9,Bács-Kiskun,15.46439394,30,99,0,99,57.30212121,30,99,0,99
2002,9,Békés,15.84919900,30,67,0,67,61.76492537,30,67,0,67
2002,9,Csongrád-Csanád,15.93656250,30,48,0,48,42.04854167,30,48,0,48
2002,9,Fejér,15.09765248,30,47,0,47,47.31106383,30,47,0,47
2002,9,Győr-Moson-Sopron,14.78990972,30,48,0,48,55.85145833,30,48,0,48
2002,9,Hajdú-Bihar,15.29697009,30,78,0,78,74.61897436,30,78,0,78
2002,9,Heves,14.87077273,30,44,0,44,62.46340909,30,44,0,44
2002,9,Jász-Nagykun-Szolnok,15.72911275,30,68,0,68,65.38470588,30,68,0,68
2002,9,Komárom-Esztergom,14.44962069,30,29,0,29,54.18241379,30,29,0,29
2002,9,Nógrád,13.69055952,30,28,0,28,49.90892857,30,28,0,28
2002,9,Pest,15.01012000,30,75,0,75,54.19613333,30,75,0,75
2002,9,Somogy,14.74828095,30,70,0,70,66.74100000,30,70,0,70
2002,9,Szabolcs-Szatmár-Bereg,14.81685915,30,71,0,71,85.26676056,30,71,0,71
2002,9,Tolna,15.24945736,30,43,0,43,58.64023256,30,43,0,43
2002,9,Vas,14.49181818,30,44,0,44,59.18363636,30,44,0,44
2002,9,Veszprém,14.57829012,30,54,0,54,56.10666667,30,54,0,54
2002,9,Zala,14.43651515,30,44,0,44,53.80363636,30,44,0,44
2002,10,Baranya,11.12817802,31,54,0,54,51.42314815,31,54,0,54
2002,10,Borsod-Abaúj-Zemplén,8.37885596,31,86,0,86,65.03139535,31,86,0,86
2002,10,Bács-Kiskun,10.89614207,31,99,0,99,36.28727273,31,99,0,99
2002,10,Békés,10.69686086,31,67,0,67,32.44746269,31,67,0,67
2002,10,Csongrád-Csanád,11.15464382,31,48,0,48,32.69854167,31,48,0,48
2002,10,Fejér,10.17963624,31,47,0,47,48.24255319,31,47,0,47
2002,10,Győr-Moson-Sopron,9.96254704,31,48,0,48,80.49145833,31,48,0,48
2002,10,Hajdú-Bihar,9.72181141,31,78,0,78,42.70653846,31,78,0,78
2002,10,Heves,9.17961877,31,44,0,44,42.32454545,31,44,0,44
2002,10,Jász-Nagykun-Szolnok,10.26721063,31,68,0,68,31.85455882,31,68,0,68
2002,10,Komárom-Esztergom,9.54850945,31,29,0,29,66.32793103,31,29,0,29
2002,10,Nógrád,8.11773041,31,28,0,28,47.79392857,31,28,0,28
2002,10,Pest,9.71423656,31,75,0,75,40.35453333,31,75,0,75
2002,10,Somogy,10.67464055,31,70,0,70,68.86728571,31,70,0,70
2002,10,Szabolcs-Szatmár-Bereg,8.98224443,31,71,0,71,65.45830986,31,71,0,71
2002,10,Tolna,10.96156039,31,43,0,43,43.17418605,31,43,0,43
2002,10,Vas,9.99092375,31,44,0,44,86.63409091,31,44,0,44
2002,10,Veszprém,10.13115890,31,54,0,54,75.98666667,31,54,0,54
2002,10,Zala,10.44222141,31,44,0,44,79.04568182,31,44,0,44
2002,11,Baranya,8.50650000,30,54,0,54,36.38407407,30,54,0,54
2002,11,Borsod-Abaúj-Zemplén,5.54129845,30,86,0,86,26.01941860,30,86,0,86
2002,11,Bács-Kiskun,7.95998316,30,99,0,99,26.47101010,30,99,0,99
2002,11,Békés,7.54876119,30,67,0,67,35.68835821,30,67,0,67
2002,11,Csongrád-Csanád,8.03900000,30,48,0,48,26.16979167,30,48,0,48
2002,11,Fejér,7.46663121,30,47,0,47,30.51361702,30,47,0,47
2002,11,Győr-Moson-Sopron,8.16056250,30,48,0,48,40.85479167,30,48,0,48
2002,11,Hajdú-Bihar,6.58385043,30,78,0,78,35.11948718,30,78,0,78
2002,11,Heves,6.20257576,30,44,0,44,24.37022727,30,44,0,44
2002,11,Jász-Nagykun-Szolnok,6.95669118,30,68,0,68,24.34338235,30,68,0,68
2002,11,Komárom-Esztergom,7.42606897,30,29,0,29,37.78689655,30,29,0,29
2002,11,Nógrád,5.69853571,30,28,0,28,37.39571429,30,28,0,28
2002,11,Pest,6.93954667,30,75,0,75,30.95666667,30,75,0,75
2002,11,Somogy,8.32095714,30,70,0,70,34.13200000,30,70,0,70
2002,11,Szabolcs-Szatmár-Bereg,6.14677465,30,71,0,71,48.15816901,30,71,0,71
2002,11,Tolna,8.25879070,30,43,0,43,32.67093023,30,43,0,43
2002,11,Vas,7.99068939,30,44,0,44,31.97295455,30,44,0,44
2002,11,Veszprém,7.75437654,30,54,0,54,30.18444444,30,54,0,54
2002,11,Zala,8.27262121,30,44,0,44,24.14000000,30,44,0,44
2002,12,Baranya,0.21338112,31,54,0,54,33.40388889,31,54,0,54
2002,12,Borsod-Abaúj-Zemplén,-2.89070893,31,86,0,86,34.45116279,31,86,0,86
2002,12,Bács-Kiskun,-0.87986641,31,99,0,99,38.33797980,31,99,0,99
2002,12,Békés,-0.91233510,31,67,0,67,41.17298507,31,67,0,67
2002,12,Csongrád-Csanád,-0.63040995,31,48,0,48,39.54666667,31,48,0,48
2002,12,Fejér,-1.08549760,31,47,0,47,43.11191489,31,47,0,47
2002,12,Győr-Moson-Sopron,-0.40959005,31,48,0,48,56.25687500,31,48,0,48
2002,12,Hajdú-Bihar,-1.92485112,31,78,0,78,34.65846154,31,78,0,78
2002,12,Heves,-2.60406158,31,44,0,44,40.36636364,31,44,0,44
2002,12,Jász-Nagykun-Szolnok,-1.94009013,31,68,0,68,40.61117647,31,68,0,68
2002,12,Komárom-Esztergom,-1.20780868,31,29,0,29,48.61758621,31,29,0,29
2002,12,Nógrád,-3.01627880,31,28,0,28,45.57857143,31,28,0,28
2002,12,Pest,-1.74919570,31,75,0,75,43.44133333,31,75,0,75
2002,12,Somogy,0.11815207,31,70,0,70,42.52342857,31,70,0,70
2002,12,Szabolcs-Szatmár-Bereg,-2.35436165,31,71,0,71,36.29549296,31,71,0,71
2002,12,Tolna,-0.38162791,31,43,0,43,40.27720930,31,43,0,43
2002,12,Vas,-0.37116569,31,44,0,44,59.07227273,31,44,0,44
2002,12,Veszprém,-0.87002389,31,54,0,54,50.17037037,31,54,0,54
2002,12,Zala,0.12929619,31,44,0,44,47.56500000,31,44,0,44
2003,1,Baranya,-2.38378136,31,54,0,54,56.63796296,31,54,0,54
2003,1,Borsod-Abaúj-Zemplén,-3.82294449,31,86,0,86,32.38558140,31,86,0,86
2003,1,Bács-Kiskun,-3.04528185,31,99,0,99,55.96313131,31,99,0,99
2003,1,Békés,-3.77109774,31,67,0,67,81.86626866,31,67,0,67
2003,1,Csongrád-Csanád,-3.50365591,31,48,0,48,70.84062500,31,48,0,48
2003,1,Fejér,-2.57711736,31,47,0,47,46.46914894,31,47,0,47
2003,1,Győr-Moson-Sopron,-1.64604839,31,48,0,48,44.11354167,31,48,0,48
2003,1,Hajdú-Bihar,-3.48823408,31,78,0,78,53.15564103,31,78,0,78
2003,1,Heves,-3.76703812,31,44,0,44,34.44863636,31,44,0,44
2003,1,Jász-Nagykun-Szolnok,-3.63131879,31,68,0,68,48.82426471,31,68,0,68
2003,1,Komárom-Esztergom,-2.41585095,31,29,0,29,44.47275862,31,29,0,29
2003,1,Nógrád,-3.93881336,31,28,0,28,33.04750000,31,28,0,28
2003,1,Pest,-3.01604301,31,75,0,75,41.16906667,31,75,0,75
2003,1,Somogy,-2.36663594,31,70,0,70,50.84342857,31,70,0,70
2003,1,Szabolcs-Szatmár-Bereg,-3.14435257,31,71,0,71,56.35084507,31,71,0,71
2003,1,Tolna,-2.46804951,31,43,0,43,60.06930233,31,43,0,43
2003,1,Vas,-2.24396628,31,44,0,44,35.73227273,31,44,0,44
2003,1,Veszprém,-2.41597969,31,54,0,54,49.53925926,31,54,0,54
2003,1,Zala,-2.43271261,31,44,0,44,37.31113636,31,44,0,44
2003,2,Baranya,-3.98927249,28,54,0,54,20.22740741,28,54,0,54
2003,2,Borsod-Abaúj-Zemplén,-5.18638704,28,86,0,86,29.28976744,28,86,0,86
2003,2,Bács-Kiskun,-5.52197330,28,99,0,99,39.20090909,28,99,0,99
2003,2,Békés,-6.72448827,28,67,0,67,42.64895522,28,67,0,67
2003,2,Csongrád-Csanád,-6.15933036,28,48,0,48,36.60875000,28,48,0,48
2003,2,Fejér,-4.72606383,28,47,0,47,25.71595745,28,47,0,47
2003,2,Győr-Moson-Sopron,-2.14954613,28,48,0,48,5.01958333,28,48,0,48
2003,2,Hajdú-Bihar,-6.33506868,28,78,0,78,41.74141026,28,78,0,78
2003,2,Heves,-5.70719156,28,44,0,44,40.86272727,28,44,0,44
2003,2,Jász-Nagykun-Szolnok,-6.61383929,28,68,0,68,46.52000000,28,68,0,68
2003,2,Komárom-Esztergom,-3.41976601,28,29,0,29,17.94344828,28,29,0,29
2003,2,Nógrád,-5.92928571,28,28,0,28,33.22428571,28,28,0,28
2003,2,Pest,-5.19108095,28,75,0,75,34.22706667,28,75,0,75
2003,2,Somogy,-4.16126531,28,70,0,70,26.37857143,28,70,0,70
2003,2,Szabolcs-Szatmár-Bereg,-5.46772636,28,71,0,71,34.78183099,28,71,0,71
2003,2,Tolna,-4.99848837,28,43,0,43,36.89906977,28,43,0,43
2003,2,Vas,-2.53875812,28,44,0,44,10.11590909,28,44,0,44
2003,2,Veszprém,-3.71154101,28,54,0,54,22.34907407,28,54,0,54
2003,2,Zala,-3.27408279,28,44,0,44,26.86136364,28,44,0,44
2003,3,Baranya,5.95301075,31,54,0,54,8.07833333,31,54,0,54
2003,3,Borsod-Abaúj-Zemplén,3.18522881,31,86,0,86,8.04430233,31,86,0,86
2003,3,Bács-Kiskun,5.05944607,31,99,0,99,3.76888889,31,99,0,99
2003,3,Békés,3.75341839,31,67,0,67,7.76000000,31,67,0,67
2003,3,Csongrád-Csanád,4.40526882,31,48,0,48,5.23729167,31,48,0,48
2003,3,Fejér,5.13082361,31,47,0,47,2.19021277,31,47,0,47
2003,3,Győr-Moson-Sopron,6.05840726,31,48,0,48,3.87687500,31,48,0,48
2003,3,Hajdú-Bihar,3.43497519,31,78,0,78,9.66961538,31,78,0,78
2003,3,Heves,3.73648827,31,44,0,44,5.98181818,31,44,0,44
2003,3,Jász-Nagykun-Szolnok,3.83805028,31,68,0,68,5.70485294,31,68,0,68
2003,3,Komárom-Esztergom,5.13799778,31,29,0,29,1.81586207,31,29,0,29
2003,3,Nógrád,3.38974654,31,28,0,28,5.02107143,31,28,0,28
2003,3,Pest,4.48891613,31,75,0,75,2.55066667,31,75,0,75
2003,3,Somogy,5.70427189,31,70,0,70,10.10042857,31,70,0,70
2003,3,Szabolcs-Szatmár-Bereg,3.20619264,31,71,0,71,9.82901408,31,71,0,71
2003,3,Tolna,5.53010503,31,43,0,43,9.00581395,31,43,0,43
2003,3,Vas,5.92612903,31,44,0,44,3.87136364,31,44,0,44
2003,3,Veszprém,5.48329152,31,54,0,54,5.55462963,31,54,0,54
2003,3,Zala,5.87964809,31,44,0,44,4.86568182,31,44,0,44
2003,4,Baranya,10.32451852,30,54,0,54,12.81870370,30,54,0,54
2003,4,Borsod-Abaúj-Zemplén,9.29432946,30,86,0,86,20.80290698,30,86,0,86
2003,4,Bács-Kiskun,10.54039731,30,99,0,99,13.22111111,30,99,0,99
2003,4,Békés,10.24273632,30,67,0,67,21.79805970,30,67,0,67
2003,4,Csongrád-Csanád,10.48703472,30,48,0,48,13.62166667,30,48,0,48
2003,4,Fejér,10.10217021,30,47,0,47,17.59489362,30,47,0,47
2003,4,Győr-Moson-Sopron,9.94100000,30,48,0,48,25.24708333,30,48,0,48
2003,4,Hajdú-Bihar,10.03499145,30,78,0,78,18.82628205,30,78,0,78
2003,4,Heves,9.61715909,30,44,0,44,14.27840909,30,44,0,44
2003,4,Jász-Nagykun-Szolnok,10.31091176,30,68,0,68,7.58132353,30,68,0,68
2003,4,Komárom-Esztergom,9.58159770,30,29,0,29,20.10206897,30,29,0,29
2003,4,Nógrád,8.65229762,30,28,0,28,12.85607143,30,28,0,28
2003,4,Pest,10.01315111,30,75,0,75,11.92866667,30,75,0,75
2003,4,Somogy,9.97730476,30,70,0,70,21.51442857,30,70,0,70
2003,4,Szabolcs-Szatmár-Bereg,9.85676056,30,71,0,71,22.14183099,30,71,0,71
2003,4,Tolna,10.43682946,30,43,0,43,15.77488372,30,43,0,43
2003,4,Vas,9.38155303,30,44,0,44,36.66750000,30,44,0,44
2003,4,Veszprém,9.58361728,30,54,0,54,22.69407407,30,54,0,54
2003,4,Zala,9.58171970,30,44,0,44,25.71340909,30,44,0,44
2003,5,Baranya,19.05386499,31,54,0,54,36.54722222,31,54,0,54
2003,5,Borsod-Abaúj-Zemplén,18.35359715,31,86,0,86,52.74534884,31,86,0,86
2003,5,Bács-Kiskun,19.90556859,31,99,0,99,27.08616162,31,99,0,99
2003,5,Békés,19.98769379,31,67,0,67,30.17641791,31,67,0,67
2003,5,Csongrád-Csanád,20.19969086,31,48,0,48,21.76458333,31,48,0,48
2003,5,Fejér,18.97189430,31,47,0,47,33.41361702,31,47,0,47
2003,5,Győr-Moson-Sopron,18.17883065,31,48,0,48,63.51187500,31,48,0,48
2003,5,Hajdú-Bihar,19.59315550,31,78,0,78,48.55487179,31,78,0,78
2003,5,Heves,18.87918622,31,44,0,44,42.69909091,31,44,0,44
2003,5,Jász-Nagykun-Szolnok,19.95643738,31,68,0,68,28.57294118,31,68,0,68
2003,5,Komárom-Esztergom,18.15214683,31,29,0,29,40.57379310,31,29,0,29
2003,5,Nógrád,17.60555300,31,28,0,28,43.54571429,31,28,0,28
2003,5,Pest,19.17594839,31,75,0,75,28.56053333,31,75,0,75
2003,5,Somogy,18.58914747,31,70,0,70,34.15771429,31,70,0,70
2003,5,Szabolcs-Szatmár-Bereg,19.01205361,31,71,0,71,42.12084507,31,71,0,71
2003,5,Tolna,19.37378095,31,43,0,43,41.13232558,31,43,0,43
2003,5,Vas,17.86182551,31,44,0,44,44.23772727,31,44,0,44
2003,5,Veszprém,18.16653524,31,54,0,54,38.58611111,31,54,0,54
2003,5,Zala,18.01010997,31,44,0,44,33.41931818,31,44,0,44
2003,6,Baranya,23.11432099,30,54,0,54,30.56962963,30,54,0,54
2003,6,Borsod-Abaúj-Zemplén,20.62262016,30,86,0,86,30.70255814,30,86,0,86
2003,6,Bács-Kiskun,23.21265657,30,99,0,99,25.72646465,30,99,0,99
2003,6,Békés,22.61919403,30,67,0,67,18.82552239,30,67,0,67
2003,6,Csongrád-Csanád,23.18622917,30,48,0,48,26.60375000,30,48,0,48
2003,6,Fejér,22.82904255,30,47,0,47,19.03021277,30,47,0,47
2003,6,Győr-Moson-Sopron,22.40987500,30,48,0,48,39.13687500,30,48,0,48
2003,6,Hajdú-Bihar,21.75337607,30,78,0,78,22.09935897,30,78,0,78
2003,6,Heves,21.46973485,30,44,0,44,26.22318182,30,44,0,44
2003,6,Jász-Nagykun-Szolnok,22.54903922,30,68,0,68,21.39764706,30,68,0,68
2003,6,Komárom-Esztergom,22.04328736,30,29,0,29,24.31793103,30,29,0,29
2003,6,Nógrád,20.58303571,30,28,0,28,24.07464286,30,28,0,28
2003,6,Pest,22.44060889,30,75,0,75,22.54280000,30,75,0,75
2003,6,Somogy,22.81675238,30,70,0,70,23.39371429,30,70,0,70
2003,6,Szabolcs-Szatmár-Bereg,20.87387324,30,71,0,71,21.46619718,30,71,0,71
2003,6,Tolna,23.16610853,30,43,0,43,17.54023256,30,43,0,43
2003,6,Vas,22.12990909,30,44,0,44,45.48090909,30,44,0,44
2003,6,Veszprém,22.34575926,30,54,0,54,22.90740741,30,54,0,54
2003,6,Zala,22.39082576,30,44,0,44,27.67090909,30,44,0,44
2003,7,Baranya,21.94912784,31,54,0,54,69.38611111,31,54,0,54
2003,7,Borsod-Abaúj-Zemplén,20.78352213,31,86,0,86,99.38930233,31,86,0,86
2003,7,Bács-Kiskun,22.34817530,31,99,0,99,75.00797980,31,99,0,99
2003,7,Békés,22.18624940,31,67,0,67,43.65507463,31,67,0,67
2003,7,Csongrád-Csanád,22.49546371,31,48,0,48,48.25625000,31,48,0,48
2003,7,Fejér,21.89326012,31,47,0,47,69.12510638,31,47,0,47
2003,7,Győr-Moson-Sopron,21.57450941,31,48,0,48,66.80750000,31,48,0,48
2003,7,Hajdú-Bihar,21.75218362,31,78,0,78,77.11025641,31,78,0,78
2003,7,Heves,21.20300587,31,44,0,44,176.00840909,31,44,0,44
2003,7,Jász-Nagykun-Szolnok,22.20090133,31,68,0,68,71.72250000,31,68,0,68
2003,7,Komárom-Esztergom,21.05510567,31,29,0,29,70.47551724,31,29,0,29
2003,7,Nógrád,20.38253456,31,28,0,28,115.73107143,31,28,0,28
2003,7,Pest,21.88344946,31,75,0,75,78.94546667,31,75,0,75
2003,7,Somogy,21.69056221,31,70,0,70,84.08785714,31,70,0,70
2003,7,Szabolcs-Szatmár-Bereg,21.27862335,31,71,0,71,76.00028169,31,71,0,71
2003,7,Tolna,22.16387847,31,43,0,43,78.18372093,31,43,0,43
2003,7,Vas,21.46985337,31,44,0,44,76.40227273,31,44,0,44
2003,7,Veszprém,21.35019713,31,54,0,54,73.45481481,31,54,0,54
2003,7,Zala,21.46430352,31,44,0,44,78.65181818,31,44,0,44
2003,8,Baranya,23.84894265,31,54,0,54,34.68222222,31,54,0,54
2003,8,Borsod-Abaúj-Zemplén,21.83038260,31,86,0,86,21.19662791,31,86,0,86
2003,8,Bács-Kiskun,23.75546106,31,99,0,99,21.66959596,31,99,0,99
2003,8,Békés,23.99423688,31,67,0,67,10.99656716,31,67,0,67
2003,8,Csongrád-Csanád,24.27687500,31,48,0,48,14.40270833,31,48,0,48
2003,8,Fejér,23.72407001,31,47,0,47,30.59595745,31,47,0,47
2003,8,Győr-Moson-Sopron,23.45911290,31,48,0,48,41.91250000,31,48,0,48
2003,8,Hajdú-Bihar,22.96789495,31,78,0,78,11.60128205,31,78,0,78
2003,8,Heves,22.42318915,31,44,0,44,17.53181818,31,44,0,44
2003,8,Jász-Nagykun-Szolnok,23.74277514,31,68,0,68,14.21000000,31,68,0,68
2003,8,Komárom-Esztergom,22.91183537,31,29,0,29,30.58448276,31,29,0,29
2003,8,Nógrád,21.22195853,31,28,0,28,26.01142857,31,28,0,28
2003,8,Pest,23.27706667,31,75,0,75,20.35160000,31,75,0,75
2003,8,Somogy,23.61522581,31,70,0,70,44.07700000,31,70,0,70
2003,8,Szabolcs-Szatmár-Bereg,22.06477965,31,71,0,71,14.20901408,31,71,0,71
2003,8,Tolna,23.91765191,31,43,0,43,23.66674419,31,43,0,43
2003,8,Vas,23.50719941,31,44,0,44,55.57681818,31,44,0,44
2003,8,Veszprém,23.60088411,31,54,0,54,48.77370370,31,54,0,54
2003,8,Zala,23.54474340,31,44,0,44,55.16613636,31,44,0,44
2003,9,Baranya,16.02822222,30,54,0,54,33.63722222,30,54,0,54
2003,9,Borsod-Abaúj-Zemplén,14.99409302,30,86,0,86,50.44290698,30,86,0,86
2003,9,Bács-Kiskun,16.03281145,30,99,0,99,24.26393939,30,99,0,99
2003,9,Békés,16.31033831,30,67,0,67,37.63582090,30,67,0,67
2003,9,Csongrád-Csanád,16.36453472,30,48,0,48,39.89187500,30,48,0,48
2003,9,Fejér,16.07402128,30,47,0,47,19.75127660,30,47,0,47
2003,9,Győr-Moson-Sopron,15.76127083,30,48,0,48,21.84500000,30,48,0,48
2003,9,Hajdú-Bihar,15.74264957,30,78,0,78,37.22871795,30,78,0,78
2003,9,Heves,15.56608333,30,44,0,44,25.72636364,30,44,0,44
2003,9,Jász-Nagykun-Szolnok,16.26411765,30,68,0,68,25.84970588,30,68,0,68
2003,9,Komárom-Esztergom,15.69064368,30,29,0,29,12.98620690,30,29,0,29
2003,9,Nógrád,14.45565476,30,28,0,28,21.27571429,30,28,0,28
2003,9,Pest,15.89437333,30,75,0,75,17.25186667,30,75,0,75
2003,9,Somogy,15.52281429,30,70,0,70,55.67128571,30,70,0,70
2003,9,Szabolcs-Szatmár-Bereg,15.16473239,30,71,0,71,53.02830986,30,71,0,71
2003,9,Tolna,16.21462791,30,43,0,43,25.49697674,30,43,0,43
2003,9,Vas,15.19085606,30,44,0,44,40.37977273,30,44,0,44
2003,9,Veszprém,15.60019753,30,54,0,54,27.90240741,30,54,0,54
2003,9,Zala,15.12069697,30,44,0,44,55.76704545,30,44,0,44
2003,10,Baranya,8.72286738,31,54,0,54,119.18814815,31,54,0,54
2003,10,Borsod-Abaúj-Zemplén,6.93912603,31,86,0,86,90.31081395,31,86,0,86
2003,10,Bács-Kiskun,8.53191593,31,99,0,99,107.51383838,31,99,0,99
2003,10,Békés,8.66948965,31,67,0,67,85.53865672,31,67,0,67
2003,10,Csongrád-Csanád,8.78266801,31,48,0,48,90.79958333,31,48,0,48
2003,10,Fejér,8.16072752,31,47,0,47,84.19425532,31,47,0,47
2003,10,Győr-Moson-Sopron,7.79274866,31,48,0,48,73.05270833,31,48,0,48
2003,10,Hajdú-Bihar,8.15045079,31,78,0,78,102.33820513,31,78,0,78
2003,10,Heves,7.48898094,31,44,0,44,95.89340909,31,44,0,44
2003,10,Jász-Nagykun-Szolnok,8.51464421,31,68,0,68,92.53161765,31,68,0,68
2003,10,Komárom-Esztergom,7.56997775,31,29,0,29,59.27965517,31,29,0,29
2003,10,Nógrád,6.50314516,31,28,0,28,69.27678571,31,28,0,28
2003,10,Pest,7.89739785,31,75,0,75,87.31733333,31,75,0,75
2003,10,Somogy,8.39616129,31,70,0,70,107.14371429,31,70,0,70
2003,10,Szabolcs-Szatmár-Bereg,7.63910950,31,71,0,71,111.70535211,31,71,0,71
2003,10,Tolna,8.57051763,31,43,0,43,110.49302326,31,43,0,43
2003,10,Vas,7.59552053,31,44,0,44,84.62454545,31,44,0,44
2003,10,Veszprém,7.80147551,31,54,0,54,85.64166667,31,54,0,54
2003,10,Zala,8.15003666,31,44,0,44,109.24340909,31,44,0,44
2003,11,Baranya,7.23582099,30,54,0,54,59.94685185,30,54,0,54
2003,11,Borsod-Abaúj-Zemplén,5.90381783,30,86,0,86,31.41616279,30,86,0,86
2003,11,Bács-Kiskun,6.94089562,30,99,0,99,37.94888889,30,99,0,99
2003,11,Békés,7.09592537,30,67,0,67,39.78179104,30,67,0,67
2003,11,Csongrád-Csanád,7.14008333,30,48,0,48,39.53333333,30,48,0,48
2003,11,Fejér,6.63621986,30,47,0,47,36.64170213,30,47,0,47
2003,11,Győr-Moson-Sopron,6.84671528,30,48,0,48,22.13291667,30,48,0,48
2003,11,Hajdú-Bihar,6.59641453,30,78,0,78,33.32064103,30,78,0,78
2003,11,Heves,6.21218182,30,44,0,44,34.13204545,30,44,0,44
2003,11,Jász-Nagykun-Szolnok,6.78825000,30,68,0,68,31.47529412,30,68,0,68
2003,11,Komárom-Esztergom,6.49414943,30,29,0,29,27.90517241,30,29,0,29
2003,11,Nógrád,5.39503571,30,28,0,28,37.47285714,30,28,0,28
2003,11,Pest,6.36830667,30,75,0,75,36.03800000,30,75,0,75
2003,11,Somogy,7.12807619,30,70,0,70,50.52100000,30,70,0,70
2003,11,Szabolcs-Szatmár-Bereg,6.22012676,30,71,0,71,32.40816901,30,71,0,71
2003,11,Tolna,7.11458140,30,43,0,43,51.43651163,30,43,0,43
2003,11,Vas,6.73139394,30,44,0,44,26.81113636,30,44,0,44
2003,11,Veszprém,6.73051235,30,54,0,54,36.22944444,30,54,0,54
2003,11,Zala,7.08838636,30,44,0,44,39.11568182,30,44,0,44
2003,12,Baranya,1.01906810,31,54,0,54,24.97314815,31,54,0,54
2003,12,Borsod-Abaúj-Zemplén,-0.79816579,31,86,0,86,16.50523256,31,86,0,86
2003,12,Bács-Kiskun,0.74331378,31,99,0,99,18.59797980,31,99,0,99
2003,12,Békés,0.52526240,31,67,0,67,23.70761194,31,67,0,67
2003,12,Csongrád-Csanád,0.75984543,31,48,0,48,28.86187500,31,48,0,48
2003,12,Fejér,0.51592999,31,47,0,47,10.11680851,31,47,0,47
2003,12,Győr-Moson-Sopron,0.74995296,31,48,0,48,19.26562500,31,48,0,48
2003,12,Hajdú-Bihar,-0.09796526,31,78,0,78,20.01538462,31,78,0,78
2003,12,Heves,-0.44090176,31,44,0,44,12.79454545,31,44,0,44
2003,12,Jász-Nagykun-Szolnok,0.18479127,31,68,0,68,9.73647059,31,68,0,68
2003,12,Komárom-Esztergom,0.25098999,31,29,0,29,9.56689655,31,29,0,29
2003,12,Nógrád,-0.90711982,31,28,0,28,16.79107143,31,28,0,28
2003,12,Pest,0.19424946,31,75,0,75,9.22546667,31,75,0,75
2003,12,Somogy,0.81029954,31,70,0,70,29.36685714,31,70,0,70
2003,12,Szabolcs-Szatmár-Bereg,-0.36372104,31,71,0,71,26.40169014,31,71,0,71
2003,12,Tolna,0.90596399,31,43,0,43,24.04488372,31,43,0,43
2003,12,Vas,0.34794721,31,44,0,44,28.93772727,31,44,0,44
2003,12,Veszprém,0.30106930,31,54,0,54,19.66111111,31,54,0,54
2003,12,Zala,0.62964076,31,44,0,44,35.91181818,31,44,0,44
2004,1,Baranya,-1.60815412,31,54,0,54,38.50148148,31,54,0,54
2004,1,Borsod-Abaúj-Zemplén,-4.05036384,31,86,0,86,35.86325581,31,86,0,86
2004,1,Bács-Kiskun,-1.87589443,31,99,0,99,32.47050505,31,99,0,99
2004,1,Békés,-2.55753009,31,67,0,67,40.31955224,31,67,0,67
2004,1,Csongrád-Csanád,-2.13485215,31,48,0,48,32.51375000,31,48,0,48
2004,1,Fejér,-2.41827728,31,47,0,47,39.03680851,31,47,0,47
2004,1,Győr-Moson-Sopron,-1.93698925,31,48,0,48,37.25541667,31,48,0,48
2004,1,Hajdú-Bihar,-3.07940447,31,78,0,78,45.52794872,31,78,0,78
2004,1,Heves,-3.48057185,31,44,0,44,39.83681818,31,44,0,44
2004,1,Jász-Nagykun-Szolnok,-2.47070209,31,68,0,68,36.66705882,31,68,0,68
2004,1,Komárom-Esztergom,-2.88964405,31,29,0,29,44.44655172,31,29,0,29
2004,1,Nógrád,-4.43438940,31,28,0,28,40.31642857,31,28,0,28
2004,1,Pest,-2.72276129,31,75,0,75,38.21266667,31,75,0,75
2004,1,Somogy,-1.76146083,31,70,0,70,36.73828571,31,70,0,70
2004,1,Szabolcs-Szatmár-Bereg,-3.52962744,31,71,0,71,46.02225352,31,71,0,71
2004,1,Tolna,-1.71536384,31,43,0,43,34.24093023,31,43,0,43
2004,1,Vas,-2.00618768,31,44,0,44,29.72204545,31,44,0,44
2004,1,Veszprém,-2.49989845,31,54,0,54,39.44962963,31,54,0,54
2004,1,Zala,-1.79715543,31,44,0,44,29.91636364,31,44,0,44
2004,2,Baranya,2.10720945,29,54,0,54,55.34777778,29,54,0,54
2004,2,Borsod-Abaúj-Zemplén,-0.51880513,29,86,0,86,48.82744186,29,86,0,86
2004,2,Bács-Kiskun,1.94877743,29,99,0,99,55.10646465,29,99,0,99
2004,2,Békés,1.19409161,29,67,0,67,43.12552239,29,67,0,67
2004,2,Csongrád-Csanád,1.69992816,29,48,0,48,42.69520833,29,48,0,48
2004,2,Fejér,1.63316214,29,47,0,47,58.40808511,29,47,0,47
2004,2,Győr-Moson-Sopron,2.02028017,29,48,0,48,53.91083333,29,48,0,48
2004,2,Hajdú-Bihar,0.37289567,29,78,0,78,46.64858974,29,78,0,78
2004,2,Heves,0.48539185,29,44,0,44,51.32113636,29,44,0,44
2004,2,Jász-Nagykun-Szolnok,1.26920385,29,68,0,68,55.88102941,29,68,0,68
2004,2,Komárom-Esztergom,1.42152200,29,29,0,29,68.68000000,29,29,0,29
2004,2,Nógrád,0.19229064,29,28,0,28,48.75178571,29,28,0,28
2004,2,Pest,1.40806897,29,75,0,75,58.95306667,29,75,0,75
2004,2,Somogy,1.71285714,29,70,0,70,59.68728571,29,70,0,70
2004,2,Szabolcs-Szatmár-Bereg,-0.29456532,29,71,0,71,55.79816901,29,71,0,71
2004,2,Tolna,1.94251002,29,43,0,43,60.17302326,29,43,0,43
2004,2,Vas,1.55243730,29,44,0,44,56.40636364,29,44,0,44
2004,2,Veszprém,1.21735632,29,54,0,54,70.17296296,29,54,0,54
2004,2,Zala,1.56652038,29,44,0,44,56.97545455,29,44,0,44
2004,3,Baranya,5.04974910,31,54,0,54,48.01722222,31,54,0,54
2004,3,Borsod-Abaúj-Zemplén,4.74656789,31,86,0,86,49.62023256,31,86,0,86
2004,3,Bács-Kiskun,5.46353210,31,99,0,99,49.05909091,31,99,0,99
2004,3,Békés,5.79082330,31,67,0,67,45.00865672,31,67,0,67
2004,3,Csongrád-Csanád,5.81274866,31,48,0,48,36.31812500,31,48,0,48
2004,3,Fejér,4.54807824,31,47,0,47,67.32829787,31,47,0,47
2004,3,Győr-Moson-Sopron,4.27633065,31,48,0,48,69.79854167,31,48,0,48
2004,3,Hajdú-Bihar,5.63104632,31,78,0,78,55.11141026,31,78,0,78
2004,3,Heves,4.94664223,31,44,0,44,47.28113636,31,44,0,44
2004,3,Jász-Nagykun-Szolnok,5.69661765,31,68,0,68,47.97220588,31,68,0,68
2004,3,Komárom-Esztergom,4.13532814,31,29,0,29,73.67275862,31,29,0,29
2004,3,Nógrád,3.91642857,31,28,0,28,59.75464286,31,28,0,28
2004,3,Pest,4.91871398,31,75,0,75,58.28786667,31,75,0,75
2004,3,Somogy,4.48248387,31,70,0,70,70.27757143,31,70,0,70
2004,3,Szabolcs-Szatmár-Bereg,5.33522035,31,71,0,71,50.15746479,31,71,0,71
2004,3,Tolna,4.95919730,31,43,0,43,63.63860465,31,43,0,43
2004,3,Vas,4.00672287,31,44,0,44,75.32204545,31,44,0,44
2004,3,Veszprém,3.84440263,31,54,0,54,78.96648148,31,54,0,54
2004,3,Zala,4.24859238,31,44,0,44,73.68318182,31,44,0,44
2004,4,Baranya,11.23579012,30,54,0,54,106.27444444,30,54,0,54
2004,4,Borsod-Abaúj-Zemplén,10.75530620,30,86,0,86,41.32279070,30,86,0,86
2004,4,Bács-Kiskun,11.56415152,30,99,0,99,80.95888889,30,99,0,99
2004,4,Békés,11.75193035,30,67,0,67,73.95865672,30,67,0,67
2004,4,Csongrád-Csanád,11.72145139,30,48,0,48,81.70520833,30,48,0,48
2004,4,Fejér,11.33254610,30,47,0,47,74.81659574,30,47,0,47
2004,4,Győr-Moson-Sopron,11.48003472,30,48,0,48,45.69229167,30,48,0,48
2004,4,Hajdú-Bihar,11.60977778,30,78,0,78,41.67089744,30,78,0,78
2004,4,Heves,11.04393939,30,44,0,44,48.18045455,30,44,0,44
2004,4,Jász-Nagykun-Szolnok,11.63265196,30,68,0,68,49.50088235,30,68,0,68
2004,4,Komárom-Esztergom,11.11677011,30,29,0,29,41.71827586,30,29,0,29
2004,4,Nógrád,10.35788095,30,28,0,28,57.55535714,30,28,0,28
2004,4,Pest,11.36979556,30,75,0,75,59.53560000,30,75,0,75
2004,4,Somogy,11.02580952,30,70,0,70,109.85714286,30,70,0,70
2004,4,Szabolcs-Szatmár-Bereg,11.40974178,30,71,0,71,30.15056338,30,71,0,71
2004,4,Tolna,11.36314729,30,43,0,43,94.21581395,30,43,0,43
2004,4,Vas,10.79242424,30,44,0,44,59.87795455,30,44,0,44
2004,4,Veszprém,10.84628395,30,54,0,54,75.80333333,30,54,0,54
2004,4,Zala,10.96144697,30,44,0,44,90.51590909,30,44,0,44
2004,5,Baranya,14.38258662,31,54,0,54,61.26703704,31,54,0,54
2004,5,Borsod-Abaúj-Zemplén,13.26193173,31,86,0,86,68.24000000,31,86,0,86
2004,5,Bács-Kiskun,14.67214402,31,99,0,99,65.25666667,31,99,0,99
2004,5,Békés,14.78802118,31,67,0,67,39.16074627,31,67,0,67
2004,5,Csongrád-Csanád,14.82741935,31,48,0,48,45.28520833,31,48,0,48
2004,5,Fejér,14.35333562,31,47,0,47,34.63914894,31,47,0,47
2004,5,Győr-Moson-Sopron,13.88368280,31,48,0,48,59.60708333,31,48,0,48
2004,5,Hajdú-Bihar,14.52182382,31,78,0,78,33.08307692,31,78,0,78
2004,5,Heves,13.62417889,31,44,0,44,62.82272727,31,44,0,44
2004,5,Jász-Nagykun-Szolnok,14.62616698,31,68,0,68,38.96897059,31,68,0,68
2004,5,Komárom-Esztergom,13.66020022,31,29,0,29,43.55137931,31,29,0,29
2004,5,Nógrád,12.82808756,31,28,0,28,81.33464286,31,28,0,28
2004,5,Pest,14.14676559,31,75,0,75,50.08226667,31,75,0,75
2004,5,Somogy,14.11868664,31,70,0,70,40.90742857,31,70,0,70
2004,5,Szabolcs-Szatmár-Bereg,14.13247615,31,71,0,71,39.81788732,31,71,0,71
2004,5,Tolna,14.65000000,31,43,0,43,52.53093023,31,43,0,43
2004,5,Vas,13.26313050,31,44,0,44,62.00727273,31,44,0,44
2004,5,Veszprém,13.56020908,31,54,0,54,46.26037037,31,54,0,54
2004,5,Zala,13.53748534,31,44,0,44,41.73409091,31,44,0,44
2004,6,Baranya,18.50042593,30,54,0,54,107.67796296,30,54,0,54
2004,6,Borsod-Abaúj-Zemplén,17.72326357,30,86,0,86,111.92244186,30,86,0,86
2004,6,Bács-Kiskun,18.88374411,30,99,0,99,90.89171717,30,99,0,99
2004,6,Békés,19.39793532,30,67,0,67,72.39000000,30,67,0,67
2004,6,Csongrád-Csanád,19.25373611,30,48,0,48,76.81625000,30,48,0,48
2004,6,Fejér,18.27869504,30,47,0,47,108.33468085,30,47,0,47
2004,6,Győr-Moson-Sopron,18.01930556,30,48,0,48,126.12291667,30,48,0,48
2004,6,Hajdú-Bihar,19.00585470,30,78,0,78,76.24025641,30,78,0,78
2004,6,Heves,18.03485606,30,44,0,44,76.82840909,30,44,0,44
2004,6,Jász-Nagykun-Szolnok,19.08551961,30,68,0,68,77.91411765,30,68,0,68
2004,6,Komárom-Esztergom,17.60756322,30,29,0,29,118.69137931,30,29,0,29
2004,6,Nógrád,17.15444048,30,28,0,28,94.61678571,30,28,0,28
2004,6,Pest,18.35550667,30,75,0,75,80.22080000,30,75,0,75
2004,6,Somogy,18.15413810,30,70,0,70,105.61242857,30,70,0,70
2004,6,Szabolcs-Szatmár-Bereg,18.56592958,30,71,0,71,66.41169014,30,71,0,71
2004,6,Tolna,18.56917829,30,43,0,43,106.13674419,30,43,0,43
2004,6,Vas,17.49831818,30,44,0,44,157.80022727,30,44,0,44
2004,6,Veszprém,17.71075926,30,54,0,54,125.83111111,30,54,0,54
2004,6,Zala,17.74229545,30,44,0,44,126.04795455,30,44,0,44
2004,7,Baranya,20.60948626,31,54,0,54,40.84500000,31,54,0,54
2004,7,Borsod-Abaúj-Zemplén,19.77442986,31,86,0,86,125.65325581,31,86,0,86
2004,7,Bács-Kiskun,21.25049853,31,99,0,99,74.09010101,31,99,0,99
2004,7,Békés,21.51352913,31,67,0,67,105.76776119,31,67,0,67
2004,7,Csongrád-Csanád,21.60392473,31,48,0,48,117.13312500,31,48,0,48
2004,7,Fejér,20.58007550,31,47,0,47,32.19106383,31,47,0,47
2004,7,Győr-Moson-Sopron,20.09337366,31,48,0,48,35.14500000,31,48,0,48
2004,7,Hajdú-Bihar,20.99933002,31,78,0,78,129.35756410,31,78,0,78
2004,7,Heves,20.19550587,31,44,0,44,80.57909091,31,44,0,44
2004,7,Jász-Nagykun-Szolnok,21.28285579,31,68,0,68,96.49338235,31,68,0,68
2004,7,Komárom-Esztergom,19.79650723,31,29,0,29,32.87482759,31,29,0,29
2004,7,Nógrád,19.19518433,31,28,0,28,49.98821429,31,28,0,28
2004,7,Pest,20.71757849,31,75,0,75,48.80533333,31,75,0,75
2004,7,Somogy,20.28729954,31,70,0,70,30.66042857,31,70,0,70
2004,7,Szabolcs-Szatmár-Bereg,20.52308042,31,71,0,71,88.86802817,31,71,0,71
2004,7,Tolna,20.88098275,31,43,0,43,48.45790698,31,43,0,43
2004,7,Vas,19.60933284,31,44,0,44,31.28159091,31,44,0,44
2004,7,Veszprém,19.88127240,31,54,0,54,39.56388889,31,54,0,54
2004,7,Zala,19.73667155,31,44,0,44,29.13227273,31,44,0,44
2004,8,Baranya,20.39991637,31,54,0,54,81.24277778,31,54,0,54
2004,8,Borsod-Abaúj-Zemplén,19.37862341,31,86,0,86,80.88000000,31,86,0,86
2004,8,Bács-Kiskun,20.75019225,31,99,0,99,58.12202020,31,99,0,99
2004,8,Békés,20.75762157,31,67,0,67,63.15164179,31,67,0,67
2004,8,Csongrád-Csanád,20.96512097,31,48,0,48,53.64437500,31,48,0,48
2004,8,Fejér,20.61540151,31,47,0,47,27.29680851,31,47,0,47
2004,8,Győr-Moson-Sopron,20.45758065,31,48,0,48,37.05479167,31,48,0,48
2004,8,Hajdú-Bihar,20.37961952,31,78,0,78,96.08602564,31,78,0,78
2004,8,Heves,19.88521994,31,44,0,44,96.12454545,31,44,0,44
2004,8,Jász-Nagykun-Szolnok,20.81731499,31,68,0,68,89.92661765,31,68,0,68
2004,8,Komárom-Esztergom,20.05322581,31,29,0,29,39.01931034,31,29,0,29
2004,8,Nógrád,18.85188940,31,28,0,28,53.35000000,31,28,0,28
2004,8,Pest,20.42990538,31,75,0,75,46.52480000,31,75,0,75
2004,8,Somogy,20.28095392,31,70,0,70,63.43900000,31,70,0,70
2004,8,Szabolcs-Szatmár-Bereg,19.90005452,31,71,0,71,91.40661972,31,71,0,71
2004,8,Tolna,20.70168042,31,43,0,43,65.13116279,31,43,0,43
2004,8,Vas,19.90291056,31,44,0,44,55.89977273,31,44,0,44
2004,8,Veszprém,20.27442055,31,54,0,54,39.81259259,31,54,0,54
2004,8,Zala,19.98942815,31,44,0,44,75.22500000,31,44,0,44
2004,9,Baranya,15.17441975,30,54,0,54,58.81574074,30,54,0,54
2004,9,Borsod-Abaúj-Zemplén,14.23264729,30,86,0,86,31.54081395,30,86,0,86
2004,9,Bács-Kiskun,15.28730303,30,99,0,99,38.12343434,30,99,0,99
2004,9,Békés,15.52202488,30,67,0,67,43.76402985,30,67,0,67
2004,9,Csongrád-Csanád,15.56373611,30,48,0,48,40.84437500,30,48,0,48
2004,9,Fejér,15.48999291,30,47,0,47,17.31914894,30,47,0,47
2004,9,Győr-Moson-Sopron,15.33547917,30,48,0,48,25.84000000,30,48,0,48
2004,9,Hajdú-Bihar,15.03679487,30,78,0,78,35.67397436,30,78,0,78
2004,9,Heves,14.80488636,30,44,0,44,21.57795455,30,44,0,44
2004,9,Jász-Nagykun-Szolnok,15.57987745,30,68,0,68,23.91794118,30,68,0,68
2004,9,Komárom-Esztergom,15.00475862,30,29,0,29,23.34172414,30,29,0,29
2004,9,Nógrád,13.77232143,30,28,0,28,31.58142857,30,28,0,28
2004,9,Pest,15.21596000,30,75,0,75,17.59773333,30,75,0,75
2004,9,Somogy,15.10357143,30,70,0,70,47.80214286,30,70,0,70
2004,9,Szabolcs-Szatmár-Bereg,14.41538967,30,71,0,71,49.61830986,30,71,0,71
2004,9,Tolna,15.40716279,30,43,0,43,38.77953488,30,43,0,43
2004,9,Vas,14.90128030,30,44,0,44,24.36500000,30,44,0,44
2004,9,Veszprém,15.15429012,30,54,0,54,27.63370370,30,54,0,54
2004,9,Zala,14.87898485,30,44,0,44,35.55500000,30,44,0,44
2004,10,Baranya,12.48008363,31,54,0,54,80.32277778,31,54,0,54
2004,10,Borsod-Abaúj-Zemplén,10.41548012,31,86,0,86,44.82313953,31,86,0,86
2004,10,Bács-Kiskun,12.18712284,31,99,0,99,47.89414141,31,99,0,99
2004,10,Békés,12.24296582,31,67,0,67,33.58402985,31,67,0,67
2004,10,Csongrád-Csanád,12.45999328,31,48,0,48,39.49937500,31,48,0,48
2004,10,Fejér,11.76367879,31,47,0,47,66.94063830,31,47,0,47
2004,10,Győr-Moson-Sopron,11.71760081,31,48,0,48,50.22770833,31,48,0,48
2004,10,Hajdú-Bihar,11.51720844,31,78,0,78,36.60102564,31,78,0,78
2004,10,Heves,10.95618768,31,44,0,44,44.02977273,31,44,0,44
2004,10,Jász-Nagykun-Szolnok,11.84219639,31,68,0,68,36.63985294,31,68,0,68
2004,10,Komárom-Esztergom,11.58062291,31,29,0,29,47.55655172,31,29,0,29
2004,10,Nógrád,10.11697005,31,28,0,28,45.70500000,31,28,0,28
2004,10,Pest,11.44676989,31,75,0,75,48.14893333,31,75,0,75
2004,10,Somogy,12.18617972,31,70,0,70,104.77314286,31,70,0,70
2004,10,Szabolcs-Szatmár-Bereg,11.13159019,31,71,0,71,40.60253521,31,71,0,71
2004,10,Tolna,12.31039010,31,43,0,43,66.57465116,31,43,0,43
2004,10,Vas,11.53804985,31,44,0,44,79.89318182,31,44,0,44
2004,10,Veszprém,11.80945639,31,54,0,54,79.01462963,31,54,0,54
2004,10,Zala,12.01710411,31,44,0,44,103.64590909,31,44,0,44
2004,11,Baranya,5.85870988,30,54,0,54,84.06222222,30,54,0,54
2004,11,Borsod-Abaúj-Zemplén,4.40484496,30,86,0,86,45.21569767,30,86,0,86
2004,11,Bács-Kiskun,5.78008081,30,99,0,99,88.68757576,30,99,0,99
2004,11,Békés,5.49128358,30,67,0,67,69.12522388,30,67,0,67
2004,11,Csongrád-Csanád,5.76589583,30,48,0,48,81.00958333,30,48,0,48
2004,11,Fejér,5.53146099,30,47,0,47,64.00063830,30,47,0,47
2004,11,Győr-Moson-Sopron,5.30889583,30,48,0,48,36.03229167,30,48,0,48
2004,11,Hajdú-Bihar,5.01190171,30,78,0,78,63.71615385,30,78,0,78
2004,11,Heves,4.89637879,30,44,0,44,38.96045455,30,44,0,44
2004,11,Jász-Nagykun-Szolnok,5.47084804,30,68,0,68,52.21735294,30,68,0,68
2004,11,Komárom-Esztergom,5.12512644,30,29,0,29,58.66517241,30,29,0,29
2004,11,Nógrád,4.55273810,30,28,0,28,41.63428571,30,28,0,28
2004,11,Pest,5.46573778,30,75,0,75,57.89706667,30,75,0,75
2004,11,Somogy,5.63136667,30,70,0,70,54.54242857,30,70,0,70
2004,11,Szabolcs-Szatmár-Bereg,4.65154460,30,71,0,71,72.68746479,30,71,0,71
2004,11,Tolna,5.74070543,30,43,0,43,83.51674419,30,43,0,43
2004,11,Vas,4.92664394,30,44,0,44,32.02840909,30,44,0,44
2004,11,Veszprém,5.09035185,30,54,0,54,53.76425926,30,54,0,54
2004,11,Zala,5.20915152,30,44,0,44,44.57363636,30,44,0,44
2004,12,Baranya,1.21031063,31,54,0,54,52.53629630,31,54,0,54
2004,12,Borsod-Abaúj-Zemplén,-0.31420480,31,86,0,86,24.91686047,31,86,0,86
2004,12,Bács-Kiskun,1.38094819,31,99,0,99,35.81232323,31,99,0,99
2004,12,Békés,1.36172845,31,67,0,67,48.62805970,31,67,0,67
2004,12,Csongrád-Csanád,1.53778898,31,48,0,48,41.55833333,31,48,0,48
2004,12,Fejér,0.75733013,31,47,0,47,39.80085106,31,47,0,47
2004,12,Győr-Moson-Sopron,0.83992608,31,48,0,48,22.95500000,31,48,0,48
2004,12,Hajdú-Bihar,0.84162945,31,78,0,78,37.56641026,31,78,0,78
2004,12,Heves,-0.11909824,31,44,0,44,32.10045455,31,44,0,44
2004,12,Jász-Nagykun-Szolnok,0.90086338,31,68,0,68,34.96794118,31,68,0,68
2004,12,Komárom-Esztergom,0.35242492,31,29,0,29,30.79724138,31,29,0,29
2004,12,Nógrád,-0.64215438,31,28,0,28,32.57071429,31,28,0,28
2004,12,Pest,0.51152688,31,75,0,75,34.50773333,31,75,0,75
2004,12,Somogy,0.91902304,31,70,0,70,46.87257143,31,70,0,70
2004,12,Szabolcs-Szatmár-Bereg,0.61846888,31,71,0,71,35.84042254,31,71,0,71
2004,12,Tolna,1.14742686,31,43,0,43,41.64046512,31,43,0,43
2004,12,Vas,0.33978739,31,44,0,44,29.69409091,31,44,0,44
2004,12,Veszprém,0.36419355,31,54,0,54,35.49833333,31,54,0,54
2004,12,Zala,0.55609238,31,44,0,44,34.65954545,31,44,0,44
2005,1,Baranya,0.09457587,31,54,0,54,14.21222222,31,54,0,54
2005,1,Borsod-Abaúj-Zemplén,-1.64332708,31,86,0,86,17.31313953,31,86,0,86
2005,1,Bács-Kiskun,-0.03291300,31,99,0,99,15.28888889,31,99,0,99
2005,1,Békés,-0.57042369,31,67,0,67,27.71179104,31,67,0,67
2005,1,Csongrád-Csanád,-0.29900538,31,48,0,48,19.57895833,31,48,0,48
2005,1,Fejér,0.08493480,31,47,0,47,26.55893617,31,47,0,47
2005,1,Győr-Moson-Sopron,0.40934140,31,48,0,48,32.63166667,31,48,0,48
2005,1,Hajdú-Bihar,-0.91542184,31,78,0,78,26.30846154,31,78,0,78
2005,1,Heves,-1.00730938,31,44,0,44,13.74250000,31,44,0,44
2005,1,Jász-Nagykun-Szolnok,-0.27806452,31,68,0,68,15.87308824,31,68,0,68
2005,1,Komárom-Esztergom,-0.13849833,31,29,0,29,40.82000000,31,29,0,29
2005,1,Nógrád,-1.54335253,31,28,0,28,15.98892857,31,28,0,28
2005,1,Pest,-0.22135054,31,75,0,75,21.02880000,31,75,0,75
2005,1,Somogy,-0.21118433,31,70,0,70,16.96485714,31,70,0,70
2005,1,Szabolcs-Szatmár-Bereg,-1.44398001,31,71,0,71,31.55492958,31,71,0,71
2005,1,Tolna,0.11252063,31,43,0,43,14.84953488,31,43,0,43
2005,1,Vas,-0.08939883,31,44,0,44,14.46477273,31,44,0,44
2005,1,Veszprém,-0.10003584,31,54,0,54,27.32462963,31,54,0,54
2005,1,Zala,-0.38134164,31,44,0,44,13.23909091,31,44,0,44
2005,2,Baranya,-2.34732143,28,54,0,54,46.10481481,28,54,0,54
2005,2,Borsod-Abaúj-Zemplén,-3.68325581,28,86,0,86,48.71139535,28,86,0,86
2005,2,Bács-Kiskun,-2.92321068,28,99,0,99,48.33121212,28,99,0,99
2005,2,Békés,-4.41719083,28,67,0,67,50.04059701,28,67,0,67
2005,2,Csongrád-Csanád,-3.87463542,28,48,0,48,53.47791667,28,48,0,48
2005,2,Fejér,-2.72240122,28,47,0,47,40.95404255,28,47,0,47
2005,2,Győr-Moson-Sopron,-2.21837054,28,48,0,48,42.74041667,28,48,0,48
2005,2,Hajdú-Bihar,-3.94516026,28,78,0,78,39.61987179,28,78,0,78
2005,2,Heves,-3.39159091,28,44,0,44,60.77886364,28,44,0,44
2005,2,Jász-Nagykun-Szolnok,-3.73550945,28,68,0,68,53.90382353,28,68,0,68
2005,2,Komárom-Esztergom,-3.01730296,28,29,0,29,50.59724138,28,29,0,29
2005,2,Nógrád,-4.08710459,28,28,0,28,60.77071429,28,28,0,28
2005,2,Pest,-3.11266667,28,75,0,75,51.97933333,28,75,0,75
2005,2,Somogy,-2.26670408,28,70,0,70,28.71642857,28,70,0,70
2005,2,Szabolcs-Szatmár-Bereg,-3.92289738,28,71,0,71,43.26690141,28,71,0,71
2005,2,Tolna,-2.46945183,28,43,0,43,38.50627907,28,43,0,43
2005,2,Vas,-2.40514610,28,44,0,44,47.48613636,28,44,0,44
2005,2,Veszprém,-2.67247354,28,54,0,54,40.60851852,28,54,0,54
2005,2,Zala,-2.37594968,28,44,0,44,42.15295455,28,44,0,44
2005,3,Baranya,4.20750299,31,54,0,54,62.97203704,31,54,0,54
2005,3,Borsod-Abaúj-Zemplén,2.25129782,31,86,0,86,9.53709302,31,86,0,86
2005,3,Bács-Kiskun,4.01358423,31,99,0,99,41.32373737,31,99,0,99
2005,3,Békés,3.12373134,31,67,0,67,45.55268657,31,67,0,67
2005,3,Csongrád-Csanád,3.56593414,31,48,0,48,48.55729167,31,48,0,48
2005,3,Fejér,3.75226493,31,47,0,47,21.13021277,31,47,0,47
2005,3,Győr-Moson-Sopron,3.59765457,31,48,0,48,25.52125000,31,48,0,48
2005,3,Hajdú-Bihar,2.86630273,31,78,0,78,21.82641026,31,78,0,78
2005,3,Heves,2.76660557,31,44,0,44,15.07045455,31,44,0,44
2005,3,Jász-Nagykun-Szolnok,3.40228178,31,68,0,68,28.47411765,31,68,0,68
2005,3,Komárom-Esztergom,3.24756396,31,29,0,29,16.88689655,31,29,0,29
2005,3,Nógrád,1.94489631,31,28,0,28,14.89071429,31,28,0,28
2005,3,Pest,3.53560000,31,75,0,75,21.72786667,31,75,0,75
2005,3,Somogy,3.98034101,31,70,0,70,58.01728571,31,70,0,70
2005,3,Szabolcs-Szatmár-Bereg,2.44317129,31,71,0,71,15.26971831,31,71,0,71
2005,3,Tolna,4.07169542,31,43,0,43,46.04930233,31,43,0,43
2005,3,Vas,3.41460411,31,44,0,44,24.30795455,31,44,0,44
2005,3,Veszprém,3.35847073,31,54,0,54,22.70370370,31,54,0,54
2005,3,Zala,3.73761730,31,44,0,44,35.46340909,31,44,0,44
2005,4,Baranya,10.86088272,30,54,0,54,76.11685185,30,54,0,54
2005,4,Borsod-Abaúj-Zemplén,10.64929070,30,86,0,86,94.70639535,30,86,0,86
2005,4,Bács-Kiskun,11.27502694,30,99,0,99,58.45060606,30,99,0,99
2005,4,Békés,11.19426866,30,67,0,67,93.75373134,30,67,0,67
2005,4,Csongrád-Csanád,11.40369444,30,48,0,48,78.80416667,30,48,0,48
2005,4,Fejér,11.00965957,30,47,0,47,72.13702128,30,47,0,47
2005,4,Győr-Moson-Sopron,11.23924306,30,48,0,48,48.83854167,30,48,0,48
2005,4,Hajdú-Bihar,11.15372222,30,78,0,78,92.39923077,30,78,0,78
2005,4,Heves,10.83037879,30,44,0,44,98.23227273,30,44,0,44
2005,4,Jász-Nagykun-Szolnok,11.40413235,30,68,0,68,85.11808824,30,68,0,68
2005,4,Komárom-Esztergom,10.79565517,30,29,0,29,75.73758621,30,29,0,29
2005,4,Nógrád,9.87747619,30,28,0,28,110.38285714,30,28,0,28
2005,4,Pest,11.15557778,30,75,0,75,90.70160000,30,75,0,75
2005,4,Somogy,10.72633333,30,70,0,70,81.96728571,30,70,0,70
2005,4,Szabolcs-Szatmár-Bereg,11.01508920,30,71,0,71,82.34732394,30,71,0,71
2005,4,Tolna,11.01184496,30,43,0,43,67.04279070,30,43,0,43
2005,4,Vas,10.81272727,30,44,0,44,50.15863636,30,44,0,44
2005,4,Veszprém,10.74180864,30,54,0,54,57.92592593,30,54,0,54
2005,4,Zala,10.69551515,30,44,0,44,74.51659091,30,44,0,44
2005,5,Baranya,15.99015532,31,54,0,54,58.29888889,31,54,0,54
2005,5,Borsod-Abaúj-Zemplén,15.36305326,31,86,0,86,90.55790698,31,86,0,86
2005,5,Bács-Kiskun,16.45787553,31,99,0,99,43.28383838,31,99,0,99
2005,5,Békés,16.60683678,31,67,0,67,36.06044776,31,67,0,67
2005,5,Csongrád-Csanád,16.58160618,31,48,0,48,34.95687500,31,48,0,48
2005,5,Fejér,16.13054221,31,47,0,47,51.32723404,31,47,0,47
2005,5,Győr-Moson-Sopron,15.85409946,31,48,0,48,49.47041667,31,48,0,48
2005,5,Hajdú-Bihar,16.43608768,31,78,0,78,66.12641026,31,78,0,78
2005,5,Heves,15.93938416,31,44,0,44,51.28000000,31,44,0,44
2005,5,Jász-Nagykun-Szolnok,16.74184535,31,68,0,68,44.40470588,31,68,0,68
2005,5,Komárom-Esztergom,15.54416018,31,29,0,29,63.76689655,31,29,0,29
2005,5,Nógrád,15.05414747,31,28,0,28,58.46428571,31,28,0,28
2005,5,Pest,16.18727742,31,75,0,75,60.81973333,31,75,0,75
2005,5,Somogy,15.76751613,31,70,0,70,61.05528571,31,70,0,70
2005,5,Szabolcs-Szatmár-Bereg,15.88565652,31,71,0,71,83.18028169,31,71,0,71
2005,5,Tolna,16.27903976,31,43,0,43,45.86744186,31,43,0,43
2005,5,Vas,15.56903959,31,44,0,44,50.21818182,31,44,0,44
2005,5,Veszprém,15.56369773,31,54,0,54,57.83722222,31,54,0,54
2005,5,Zala,15.52406158,31,44,0,44,68.16704545,31,44,0,44
2005,6,Baranya,18.70921605,30,54,0,54,61.06037037,30,54,0,54
2005,6,Borsod-Abaúj-Zemplén,17.58528295,30,86,0,86,65.60058140,30,86,0,86
2005,6,Bács-Kiskun,19.11069024,30,99,0,99,83.27202020,30,99,0,99
2005,6,Békés,19.02952736,30,67,0,67,56.48373134,30,67,0,67
2005,6,Csongrád-Csanád,19.16567361,30,48,0,48,77.83083333,30,48,0,48
2005,6,Fejér,18.73895035,30,47,0,47,55.62957447,30,47,0,47
2005,6,Győr-Moson-Sopron,18.70111111,30,48,0,48,49.89916667,30,48,0,48
2005,6,Hajdú-Bihar,18.70243590,30,78,0,78,71.30923077,30,78,0,78
2005,6,Heves,18.18532576,30,44,0,44,50.10590909,30,44,0,44
2005,6,Jász-Nagykun-Szolnok,19.15440686,30,68,0,68,61.79073529,30,68,0,68
2005,6,Komárom-Esztergom,18.10750575,30,29,0,29,52.70724138,30,29,0,29
2005,6,Nógrád,17.30734524,30,28,0,28,40.10142857,30,28,0,28
2005,6,Pest,18.74580000,30,75,0,75,61.26666667,30,75,0,75
2005,6,Somogy,18.49300000,30,70,0,70,67.53685714,30,70,0,70
2005,6,Szabolcs-Szatmár-Bereg,18.16724413,30,71,0,71,55.98197183,30,71,0,71
2005,6,Tolna,18.91103101,30,43,0,43,68.64627907,30,43,0,43
2005,6,Vas,18.40287121,30,44,0,44,63.46454545,30,44,0,44
2005,6,Veszprém,18.19779630,30,54,0,54,60.09111111,30,54,0,54
2005,6,Zala,18.34296212,30,44,0,44,79.18409091,30,44,0,44
2005,7,Baranya,20.63003584,31,54,0,54,137.15592593,31,54,0,54
2005,7,Borsod-Abaúj-Zemplén,20.18357839,31,86,0,86,84.46162791,31,86,0,86
2005,7,Bács-Kiskun,21.25047572,31,99,0,99,109.85151515,31,99,0,99
2005,7,Békés,21.27102552,31,67,0,67,100.50582090,31,67,0,67
2005,7,Csongrád-Csanád,21.46496640,31,48,0,48,88.40354167,31,48,0,48
2005,7,Fejér,20.87308854,31,47,0,47,98.40234043,31,47,0,47
2005,7,Győr-Moson-Sopron,20.60053763,31,48,0,48,96.00520833,31,48,0,48
2005,7,Hajdú-Bihar,20.94559553,31,78,0,78,103.35910256,31,78,0,78
2005,7,Heves,20.48260264,31,44,0,44,84.19000000,31,44,0,44
2005,7,Jász-Nagykun-Szolnok,21.28020398,31,68,0,68,92.73279412,31,68,0,68
2005,7,Komárom-Esztergom,20.27414905,31,29,0,29,90.83896552,31,29,0,29
2005,7,Nógrád,19.51834101,31,28,0,28,84.46607143,31,28,0,28
2005,7,Pest,20.90161290,31,75,0,75,95.06240000,31,75,0,75
2005,7,Somogy,20.43405069,31,70,0,70,100.45528571,31,70,0,70
2005,7,Szabolcs-Szatmár-Bereg,20.57972285,31,71,0,71,62.52450704,31,71,0,71
2005,7,Tolna,20.90417854,31,43,0,43,119.67372093,31,43,0,43
2005,7,Vas,19.95739003,31,44,0,44,138.83068182,31,44,0,44
2005,7,Veszprém,20.21907407,31,54,0,54,100.99907407,31,54,0,54
2005,7,Zala,20.02418622,31,44,0,44,130.31727273,31,44,0,44
2005,8,Baranya,18.55560932,31,54,0,54,150.13870370,31,54,0,54
2005,8,Borsod-Abaúj-Zemplén,18.69849212,31,86,0,86,156.82860465,31,86,0,86
2005,8,Bács-Kiskun,19.26193548,31,99,0,99,137.16818182,31,99,0,99
2005,8,Békés,19.68983630,31,67,0,67,160.42402985,31,67,0,67
2005,8,Csongrád-Csanád,19.71024866,31,48,0,48,137.01270833,31,48,0,48
2005,8,Fejér,18.82325326,31,47,0,47,194.77872340,31,47,0,47
2005,8,Győr-Moson-Sopron,18.39672715,31,48,0,48,156.96437500,31,48,0,48
2005,8,Hajdú-Bihar,19.61337055,31,78,0,78,131.50615385,31,78,0,78
2005,8,Heves,18.75070381,31,44,0,44,171.51227273,31,44,0,44
2005,8,Jász-Nagykun-Szolnok,19.61519450,31,68,0,68,183.10352941,31,68,0,68
2005,8,Komárom-Esztergom,18.07713014,31,29,0,29,159.86517241,31,29,0,29
2005,8,Nógrád,17.65701613,31,28,0,28,170.83428571,31,28,0,28
2005,8,Pest,18.92459785,31,75,0,75,153.46746667,31,75,0,75
2005,8,Somogy,18.42000461,31,70,0,70,183.45114286,31,70,0,70
2005,8,Szabolcs-Szatmár-Bereg,19.56026352,31,71,0,71,127.28126761,31,71,0,71
2005,8,Tolna,18.88773443,31,43,0,43,201.28372093,31,43,0,43
2005,8,Vas,17.84312317,31,44,0,44,163.20931818,31,44,0,44
2005,8,Veszprém,18.15592593,31,54,0,54,214.29129630,31,54,0,54
2005,8,Zala,18.03969208,31,44,0,44,162.02159091,31,44,0,44
2005,9,Baranya,16.43637037,30,54,0,54,82.84703704,30,54,0,54
2005,9,Borsod-Abaúj-Zemplén,15.83139922,30,86,0,86,52.83732558,30,86,0,86
2005,9,Bács-Kiskun,16.88654882,30,99,0,99,49.28737374,30,99,0,99
2005,9,Békés,17.22276119,30,67,0,67,49.85194030,30,67,0,67
2005,9,Csongrád-Csanád,17.28666667,30,48,0,48,50.77729167,30,48,0,48
2005,9,Fejér,16.60316312,30,47,0,47,56.96595745,30,47,0,47
2005,9,Győr-Moson-Sopron,16.39612500,30,48,0,48,52.37333333,30,48,0,48
2005,9,Hajdú-Bihar,16.62923077,30,78,0,78,51.34910256,30,78,0,78
2005,9,Heves,16.34825000,30,44,0,44,46.28613636,30,44,0,44
2005,9,Jász-Nagykun-Szolnok,17.08856863,30,68,0,68,48.24838235,30,68,0,68
2005,9,Komárom-Esztergom,16.22540230,30,29,0,29,59.02413793,30,29,0,29
2005,9,Nógrád,15.34804762,30,28,0,28,55.45535714,30,28,0,28
2005,9,Pest,16.54197333,30,75,0,75,51.03360000,30,75,0,75
2005,9,Somogy,16.22177619,30,70,0,70,70.11642857,30,70,0,70
2005,9,Szabolcs-Szatmár-Bereg,16.25462911,30,71,0,71,39.54450704,30,71,0,71
2005,9,Tolna,16.65249612,30,43,0,43,66.59325581,30,43,0,43
2005,9,Vas,15.81389394,30,44,0,44,56.08659091,30,44,0,44
2005,9,Veszprém,16.16380247,30,54,0,54,64.86111111,30,54,0,54
2005,9,Zala,15.91370455,30,44,0,44,67.45272727,30,44,0,44
2005,10,Baranya,11.13517324,31,54,0,54,6.66037037,31,54,0,54
2005,10,Borsod-Abaúj-Zemplén,10.00912603,31,86,0,86,15.94941860,31,86,0,86
2005,10,Bács-Kiskun,11.13208211,31,99,0,99,5.42535354,31,99,0,99
2005,10,Békés,10.94095330,31,67,0,67,4.83686567,31,67,0,67
2005,10,Csongrád-Csanád,11.25620296,31,48,0,48,3.96479167,31,48,0,48
2005,10,Fejér,10.78045985,31,47,0,47,4.11617021,31,47,0,47
2005,10,Győr-Moson-Sopron,10.62439516,31,48,0,48,3.04250000,31,48,0,48
2005,10,Hajdú-Bihar,10.51348222,31,78,0,78,7.34333333,31,78,0,78
2005,10,Heves,10.39015396,31,44,0,44,11.89409091,31,44,0,44
2005,10,Jász-Nagykun-Szolnok,10.93788899,31,68,0,68,8.87455882,31,68,0,68
2005,10,Komárom-Esztergom,10.39566185,31,29,0,29,7.63517241,31,29,0,29
2005,10,Nógrád,9.06640553,31,28,0,28,11.75535714,31,28,0,28
2005,10,Pest,10.47913118,31,75,0,75,8.97533333,31,75,0,75
2005,10,Somogy,10.90564977,31,70,0,70,2.20914286,31,70,0,70
2005,10,Szabolcs-Szatmár-Bereg,10.24580191,31,71,0,71,15.50859155,31,71,0,71
2005,10,Tolna,11.26776444,31,43,0,43,3.02395349,31,43,0,43
2005,10,Vas,10.48489736,31,44,0,44,4.32659091,31,44,0,44
2005,10,Veszprém,10.76977300,31,54,0,54,2.36611111,31,54,0,54
2005,10,Zala,10.87198680,31,44,0,44,3.67977273,31,44,0,44
2005,11,Baranya,4.29177160,30,54,0,54,38.01666667,30,54,0,54
2005,11,Borsod-Abaúj-Zemplén,2.77712016,30,86,0,86,22.97965116,30,86,0,86
2005,11,Bács-Kiskun,4.06732323,30,99,0,99,27.23949495,30,99,0,99
2005,11,Békés,3.79785572,30,67,0,67,25.23223881,30,67,0,67
2005,11,Csongrád-Csanád,4.16555556,30,48,0,48,23.80250000,30,48,0,48
2005,11,Fejér,3.81811348,30,47,0,47,37.68425532,30,47,0,47
2005,11,Győr-Moson-Sopron,3.81635417,30,48,0,48,45.88520833,30,48,0,48
2005,11,Hajdú-Bihar,3.21204701,30,78,0,78,30.00102564,30,78,0,78
2005,11,Heves,3.13988636,30,44,0,44,28.62795455,30,44,0,44
2005,11,Jász-Nagykun-Szolnok,3.46283333,30,68,0,68,33.62838235,30,68,0,68
2005,11,Komárom-Esztergom,3.48881609,30,29,0,29,36.01827586,30,29,0,29
2005,11,Nógrád,2.53222619,30,28,0,28,24.26571429,30,28,0,28
2005,11,Pest,3.45844000,30,75,0,75,33.82653333,30,75,0,75
2005,11,Somogy,4.15402381,30,70,0,70,38.33357143,30,70,0,70
2005,11,Szabolcs-Szatmár-Bereg,3.10803286,30,71,0,71,32.37873239,30,71,0,71
2005,11,Tolna,4.17326357,30,43,0,43,31.34023256,30,43,0,43
2005,11,Vas,3.45322727,30,44,0,44,56.34204545,30,44,0,44
2005,11,Veszprém,3.67555556,30,54,0,54,41.68592593,30,54,0,54
2005,11,Zala,3.77937879,30,44,0,44,43.07613636,30,44,0,44
2005,12,Baranya,0.91175627,31,54,0,54,75.76759259,31,54,0,54
2005,12,Borsod-Abaúj-Zemplén,-0.82374719,31,86,0,86,77.15174419,31,86,0,86
2005,12,Bács-Kiskun,1.13331704,31,99,0,99,65.61262626,31,99,0,99
2005,12,Békés,0.60421281,31,67,0,67,65.81671642,31,67,0,67
2005,12,Csongrád-Csanád,1.06122312,31,48,0,48,62.46291667,31,48,0,48
2005,12,Fejér,0.76495539,31,47,0,47,85.16361702,31,47,0,47
2005,12,Győr-Moson-Sopron,0.56313172,31,48,0,48,79.88416667,31,48,0,48
2005,12,Hajdú-Bihar,0.06757651,31,78,0,78,68.17641026,31,78,0,78
2005,12,Heves,-0.33936950,31,44,0,44,80.38500000,31,44,0,44
2005,12,Jász-Nagykun-Szolnok,0.58309298,31,68,0,68,63.15264706,31,68,0,68
2005,12,Komárom-Esztergom,0.09898776,31,29,0,29,117.40241379,31,29,0,29
2005,12,Nógrád,-0.88058756,31,28,0,28,96.78142857,31,28,0,28
2005,12,Pest,0.36086882,31,75,0,75,81.18066667,31,75,0,75
2005,12,Somogy,0.78762212,31,70,0,70,82.30057143,31,70,0,70
2005,12,Szabolcs-Szatmár-Bereg,-0.28142662,31,71,0,71,81.69309859,31,71,0,71
2005,12,Tolna,1.14234809,31,43,0,43,71.77139535,31,43,0,43
2005,12,Vas,0.24934018,31,44,0,44,69.29250000,31,44,0,44
2005,12,Veszprém,0.29274194,31,54,0,54,96.97666667,31,54,0,54
2005,12,Zala,0.44199413,31,44,0,44,72.60704545,31,44,0,44
2006,1,Baranya,-2.21111111,31,54,0,54,31.75740741,31,54,0,54
2006,1,Borsod-Abaúj-Zemplén,-4.47136534,31,86,0,86,20.82058140,31,86,0,86
2006,1,Bács-Kiskun,-2.02017269,31,99,0,99,26.43707071,31,99,0,99
2006,1,Békés,-2.35074627,31,67,0,67,24.39746269,31,67,0,67
2006,1,Csongrád-Csanád,-1.85118280,31,48,0,48,24.35312500,31,48,0,48
2006,1,Fejér,-2.59315717,31,47,0,47,43.00765957,31,47,0,47
2006,1,Győr-Moson-Sopron,-3.27523522,31,48,0,48,58.33854167,31,48,0,48
2006,1,Hajdú-Bihar,-3.60101323,31,78,0,78,26.29666667,31,78,0,78
2006,1,Heves,-3.93804252,31,44,0,44,29.24840909,31,44,0,44
2006,1,Jász-Nagykun-Szolnok,-2.98115750,31,68,0,68,27.10911765,31,68,0,68
2006,1,Komárom-Esztergom,-3.39130145,31,29,0,29,50.20172414,31,29,0,29
2006,1,Nógrád,-4.38932028,31,28,0,28,25.91642857,31,28,0,28
2006,1,Pest,-3.14125591,31,75,0,75,31.80986667,31,75,0,75
2006,1,Somogy,-2.62844240,31,70,0,70,39.03885714,31,70,0,70
2006,1,Szabolcs-Szatmár-Bereg,-4.77355747,31,71,0,71,21.40154930,31,71,0,71
2006,1,Tolna,-2.01234059,31,43,0,43,35.70627907,31,43,0,43
2006,1,Vas,-3.77164223,31,44,0,44,49.63454545,31,44,0,44
2006,1,Veszprém,-3.22623059,31,54,0,54,53.85370370,31,54,0,54
2006,1,Zala,-3.40162023,31,44,0,44,45.64454545,31,44,0,44
2006,2,Baranya,0.30290344,28,54,0,54,43.73666667,28,54,0,54
2006,2,Borsod-Abaúj-Zemplén,-2.72080150,28,86,0,86,40.67941860,28,86,0,86
2006,2,Bács-Kiskun,-0.21723304,28,99,0,99,47.36151515,28,99,0,99
2006,2,Békés,-1.06561301,28,67,0,67,52.49895522,28,67,0,67
2006,2,Csongrád-Csanád,-0.46892857,28,48,0,48,47.21312500,28,48,0,48
2006,2,Fejér,-0.85861702,28,47,0,47,41.38127660,28,47,0,47
2006,2,Győr-Moson-Sopron,-0.52877976,28,48,0,48,27.37000000,28,48,0,48
2006,2,Hajdú-Bihar,-1.65745421,28,78,0,78,63.90820513,28,78,0,78
2006,2,Heves,-2.42202922,28,44,0,44,48.43977273,28,44,0,44
2006,2,Jász-Nagykun-Szolnok,-1.56585609,28,68,0,68,56.03867647,28,68,0,68
2006,2,Komárom-Esztergom,-1.29331281,28,29,0,29,35.06344828,28,29,0,29
2006,2,Nógrád,-2.71247449,28,28,0,28,39.27142857,28,28,0,28
2006,2,Pest,-1.48112381,28,75,0,75,45.93546667,28,75,0,75
2006,2,Somogy,-0.01179082,28,70,0,70,38.26114286,28,70,0,70
2006,2,Szabolcs-Szatmár-Bereg,-2.03930584,28,71,0,71,63.89845070,28,71,0,71
2006,2,Tolna,0.00446844,28,43,0,43,45.67837209,28,43,0,43
2006,2,Vas,-0.49299513,28,44,0,44,18.77522727,28,44,0,44
2006,2,Veszprém,-0.85694444,28,54,0,54,31.87685185,28,54,0,54
2006,2,Zala,-0.22366883,28,44,0,44,28.72204545,28,44,0,44
2006,3,Baranya,4.50241935,31,54,0,54,46.22944444,31,54,0,54
2006,3,Borsod-Abaúj-Zemplén,2.48476369,31,86,0,86,57.70848837,31,86,0,86
2006,3,Bács-Kiskun,4.45454545,31,99,0,99,38.73656566,31,99,0,99
2006,3,Békés,3.85518055,31,67,0,67,48.85029851,31,67,0,67
2006,3,Csongrád-Csanád,4.38599462,31,48,0,48,41.02750000,31,48,0,48
2006,3,Fejér,3.87919698,31,47,0,47,36.10085106,31,47,0,47
2006,3,Győr-Moson-Sopron,3.70918011,31,48,0,48,35.20500000,31,48,0,48
2006,3,Hajdú-Bihar,3.37630273,31,78,0,78,60.67743590,31,78,0,78
2006,3,Heves,2.97988270,31,44,0,44,53.02409091,31,44,0,44
2006,3,Jász-Nagykun-Szolnok,3.81692600,31,68,0,68,47.33014706,31,68,0,68
2006,3,Komárom-Esztergom,3.25112347,31,29,0,29,40.68275862,31,29,0,29
2006,3,Nógrád,2.24549539,31,28,0,28,49.66321429,31,28,0,28
2006,3,Pest,3.69501505,31,75,0,75,43.22053333,31,75,0,75
2006,3,Somogy,4.21919816,31,70,0,70,38.17914286,31,70,0,70
2006,3,Szabolcs-Szatmár-Bereg,3.01545207,31,71,0,71,81.35591549,31,71,0,71
2006,3,Tolna,4.43694674,31,43,0,43,38.02441860,31,43,0,43
2006,3,Vas,3.58541789,31,44,0,44,32.11363636,31,44,0,44
2006,3,Veszprém,3.42450418,31,54,0,54,40.83759259,31,54,0,54
2006,3,Zala,3.91876100,31,44,0,44,36.57386364,31,44,0,44
2006,4,Baranya,12.35119753,30,54,0,54,69.34907407,30,54,0,54
2006,4,Borsod-Abaúj-Zemplén,11.07756589,30,86,0,86,52.06744186,30,86,0,86
2006,4,Bács-Kiskun,12.68224579,30,99,0,99,53.97656566,30,99,0,99
2006,4,Békés,12.49305473,30,67,0,67,52.92179104,30,67,0,67
2006,4,Csongrád-Csanád,12.70067361,30,48,0,48,54.45520833,30,48,0,48
2006,4,Fejér,12.22358865,30,47,0,47,29.39893617,30,47,0,47
2006,4,Győr-Moson-Sopron,11.81094444,30,48,0,48,52.96937500,30,48,0,48
2006,4,Hajdú-Bihar,12.09488462,30,78,0,78,65.22333333,30,78,0,78
2006,4,Heves,11.63465909,30,44,0,44,39.09977273,30,44,0,44
2006,4,Jász-Nagykun-Szolnok,12.56968627,30,68,0,68,43.34000000,30,68,0,68
2006,4,Komárom-Esztergom,11.69973563,30,29,0,29,32.34655172,30,29,0,29
2006,4,Nógrád,10.78304762,30,28,0,28,31.47142857,30,28,0,28
2006,4,Pest,12.24632444,30,75,0,75,31.20426667,30,75,0,75
2006,4,Somogy,11.99485238,30,70,0,70,69.36028571,30,70,0,70
2006,4,Szabolcs-Szatmár-Bereg,11.61500939,30,71,0,71,58.47422535,30,71,0,71
2006,4,Tolna,12.57236434,30,43,0,43,55.49813953,30,43,0,43
2006,4,Vas,11.29493939,30,44,0,44,76.62931818,30,44,0,44
2006,4,Veszprém,11.65447531,30,54,0,54,53.91907407,30,54,0,54
2006,4,Zala,11.58070455,30,44,0,44,73.77886364,30,44,0,44
2006,5,Baranya,15.21620072,31,54,0,54,89.28703704,31,54,0,54
2006,5,Borsod-Abaúj-Zemplén,14.19756564,31,86,0,86,117.44348837,31,86,0,86
2006,5,Bács-Kiskun,15.59446399,31,99,0,99,71.44878788,31,99,0,99
2006,5,Békés,15.86345691,31,67,0,67,63.98552239,31,67,0,67
2006,5,Csongrád-Csanád,15.83809140,31,48,0,48,53.91250000,31,48,0,48
2006,5,Fejér,15.01258065,31,47,0,47,66.57212766,31,47,0,47
2006,5,Győr-Moson-Sopron,14.77970430,31,48,0,48,73.54895833,31,48,0,48
2006,5,Hajdú-Bihar,15.49606286,31,78,0,78,87.61961538,31,78,0,78
2006,5,Heves,14.61532258,31,44,0,44,110.83227273,31,44,0,44
2006,5,Jász-Nagykun-Szolnok,15.74253321,31,68,0,68,79.47882353,31,68,0,68
2006,5,Komárom-Esztergom,14.29924360,31,29,0,29,95.87620690,31,29,0,29
2006,5,Nógrád,13.62481567,31,28,0,28,123.06857143,31,28,0,28
2006,5,Pest,15.00898925,31,75,0,75,82.39960000,31,75,0,75
2006,5,Somogy,14.93694931,31,70,0,70,97.83085714,31,70,0,70
2006,5,Szabolcs-Szatmár-Bereg,15.08815084,31,71,0,71,95.15957746,31,71,0,71
2006,5,Tolna,15.41550638,31,43,0,43,86.07697674,31,43,0,43
2006,5,Vas,14.45760264,31,44,0,44,79.75659091,31,44,0,44
2006,5,Veszprém,14.44140980,31,54,0,54,76.48166667,31,54,0,54
2006,5,Zala,14.59086510,31,44,0,44,119.86909091,31,44,0,44
2006,6,Baranya,19.15862963,30,54,0,54,109.11611111,30,54,0,54
2006,6,Borsod-Abaúj-Zemplén,18.31839535,30,86,0,86,118.63034884,30,86,0,86
2006,6,Bács-Kiskun,19.55111448,30,99,0,99,125.93414141,30,99,0,99
2006,6,Békés,19.37845274,30,67,0,67,82.04328358,30,67,0,67
2006,6,Csongrád-Csanád,19.48596528,30,48,0,48,97.08562500,30,48,0,48
2006,6,Fejér,19.33768794,30,47,0,47,86.95021277,30,47,0,47
2006,6,Győr-Moson-Sopron,19.24714583,30,48,0,48,68.31729167,30,48,0,48
2006,6,Hajdú-Bihar,19.26205556,30,78,0,78,87.24807692,30,78,0,78
2006,6,Heves,18.65799242,30,44,0,44,142.61340909,30,44,0,44
2006,6,Jász-Nagykun-Szolnok,19.45051471,30,68,0,68,116.89867647,30,68,0,68
2006,6,Komárom-Esztergom,18.77827586,30,29,0,29,65.52103448,30,29,0,29
2006,6,Nógrád,17.97071429,30,28,0,28,125.42607143,30,28,0,28
2006,6,Pest,19.25491111,30,75,0,75,95.97346667,30,75,0,75
2006,6,Somogy,18.99179048,30,70,0,70,94.15000000,30,70,0,70
2006,6,Szabolcs-Szatmár-Bereg,19.03439437,30,71,0,71,73.53943662,30,71,0,71
2006,6,Tolna,19.48831783,30,43,0,43,119.35930233,30,43,0,43
2006,6,Vas,18.78757576,30,44,0,44,87.59090909,30,44,0,44
2006,6,Veszprém,18.74467901,30,54,0,54,107.36759259,30,54,0,54
2006,6,Zala,18.82110606,30,44,0,44,95.92113636,30,44,0,44
2006,7,Baranya,22.97848865,31,54,0,54,27.31277778,31,54,0,54
2006,7,Borsod-Abaúj-Zemplén,22.03776819,31,86,0,86,31.69697674,31,86,0,86
2006,7,Bács-Kiskun,23.46803845,31,99,0,99,50.13505051,31,99,0,99
2006,7,Békés,23.39558016,31,67,0,67,28.59835821,31,67,0,67
2006,7,Csongrád-Csanád,23.57413978,31,48,0,48,50.39791667,31,48,0,48
2006,7,Fejér,23.16483185,31,47,0,47,44.98319149,31,47,0,47
2006,7,Győr-Moson-Sopron,23.35387097,31,48,0,48,27.33812500,31,48,0,48
2006,7,Hajdú-Bihar,22.99901985,31,78,0,78,26.55794872,31,78,0,78
2006,7,Heves,22.50016129,31,44,0,44,38.88500000,31,44,0,44
2006,7,Jász-Nagykun-Szolnok,23.46018027,31,68,0,68,41.98176471,31,68,0,68
2006,7,Komárom-Esztergom,22.75835373,31,29,0,29,36.78206897,31,29,0,29
2006,7,Nógrád,21.53958525,31,28,0,28,47.71250000,31,28,0,28
2006,7,Pest,23.14639570,31,75,0,75,51.15600000,31,75,0,75
2006,7,Somogy,22.63950691,31,70,0,70,24.09157143,31,70,0,70
2006,7,Szabolcs-Szatmár-Bereg,22.41793730,31,71,0,71,23.98859155,31,71,0,71
2006,7,Tolna,23.21744186,31,43,0,43,42.14302326,31,43,0,43
2006,7,Vas,22.58538856,31,44,0,44,36.06318182,31,44,0,44
2006,7,Veszprém,22.76762843,31,54,0,54,32.17277778,31,54,0,54
2006,7,Zala,22.35346774,31,44,0,44,29.32886364,31,44,0,44
2006,8,Baranya,18.50766428,31,54,0,54,137.23611111,31,54,0,54
2006,8,Borsod-Abaúj-Zemplén,18.00407352,31,86,0,86,91.66104651,31,86,0,86
2006,8,Bács-Kiskun,19.13876181,31,99,0,99,90.61898990,31,99,0,99
2006,8,Békés,19.29705344,31,67,0,67,107.63940299,31,67,0,67
2006,8,Csongrád-Csanád,19.37211694,31,48,0,48,90.08000000,31,48,0,48
2006,8,Fejér,18.41432395,31,47,0,47,87.81361702,31,47,0,47
2006,8,Győr-Moson-Sopron,18.03817876,31,48,0,48,111.82625000,31,48,0,48
2006,8,Hajdú-Bihar,19.03197270,31,78,0,78,97.95153846,31,78,0,78
2006,8,Heves,18.12147361,31,44,0,44,99.30022727,31,44,0,44
2006,8,Jász-Nagykun-Szolnok,19.06767552,31,68,0,68,100.42735294,31,68,0,68
2006,8,Komárom-Esztergom,17.70430478,31,29,0,29,85.32000000,31,29,0,29
2006,8,Nógrád,17.16211982,31,28,0,28,96.21964286,31,28,0,28
2006,8,Pest,18.45720000,31,75,0,75,95.37293333,31,75,0,75
2006,8,Somogy,18.13764055,31,70,0,70,129.00028571,31,70,0,70
2006,8,Szabolcs-Szatmár-Bereg,18.76982735,31,71,0,71,122.47774648,31,71,0,71
2006,8,Tolna,18.80448612,31,43,0,43,105.28139535,31,43,0,43
2006,8,Vas,17.52554985,31,44,0,44,132.70159091,31,44,0,44
2006,8,Veszprém,17.83204898,31,54,0,54,107.55444444,31,54,0,54
2006,8,Zala,17.69524194,31,44,0,44,134.19090909,31,44,0,44
2006,9,Baranya,17.25407407,30,54,0,54,19.39259259,30,54,0,54
2006,9,Borsod-Abaúj-Zemplén,16.64489922,30,86,0,86,7.92523256,30,86,0,86
2006,9,Bács-Kiskun,17.59956566,30,99,0,99,13.17272727,30,99,0,99
2006,9,Békés,17.58571642,30,67,0,67,7.75134328,30,67,0,67
2006,9,Csongrád-Csanád,17.77770139,30,48,0,48,9.72520833,30,48,0,48
2006,9,Fejér,17.37569504,30,47,0,47,26.32276596,30,47,0,47
2006,9,Győr-Moson-Sopron,17.42887500,30,48,0,48,24.61041667,30,48,0,48
2006,9,Hajdú-Bihar,17.16594872,30,78,0,78,8.84487179,30,78,0,78
2006,9,Heves,16.94474242,30,44,0,44,13.90636364,30,44,0,44
2006,9,Jász-Nagykun-Szolnok,17.51152451,30,68,0,68,11.77970588,30,68,0,68
2006,9,Komárom-Esztergom,17.09045977,30,29,0,29,22.71034483,30,29,0,29
2006,9,Nógrád,15.87813095,30,28,0,28,17.86892857,30,28,0,28
2006,9,Pest,17.23855556,30,75,0,75,20.09986667,30,75,0,75
2006,9,Somogy,16.92242381,30,70,0,70,22.66571429,30,70,0,70
2006,9,Szabolcs-Szatmár-Bereg,16.76133333,30,71,0,71,8.71014085,30,71,0,71
2006,9,Tolna,17.50079070,30,43,0,43,12.09162791,30,43,0,43
2006,9,Vas,16.82718182,30,44,0,44,21.57886364,30,44,0,44
2006,9,Veszprém,17.17620370,30,54,0,54,27.66870370,30,54,0,54
2006,9,Zala,16.79764394,30,44,0,44,21.56954545,30,44,0,44
2006,10,Baranya,12.72664875,31,54,0,54,38.98222222,31,54,0,54
2006,10,Borsod-Abaúj-Zemplén,10.81219055,31,86,0,86,15.65197674,31,86,0,86
2006,10,Bács-Kiskun,12.65108504,31,99,0,99,31.12565657,31,99,0,99
2006,10,Békés,12.48062590,31,67,0,67,18.45776119,31,67,0,67
2006,10,Csongrád-Csanád,12.77825269,31,48,0,48,23.18687500,31,48,0,48
2006,10,Fejér,12.32109128,31,47,0,47,19.96574468,31,47,0,47
2006,10,Győr-Moson-Sopron,12.58305780,31,48,0,48,29.74291667,31,48,0,48
2006,10,Hajdú-Bihar,11.70047974,31,78,0,78,23.36076923,31,78,0,78
2006,10,Heves,11.51092375,31,44,0,44,12.94659091,31,44,0,44
2006,10,Jász-Nagykun-Szolnok,12.25521822,31,68,0,68,23.16485294,31,68,0,68
2006,10,Komárom-Esztergom,12.27104561,31,29,0,29,23.19413793,31,29,0,29
2006,10,Nógrád,10.35200461,31,28,0,28,15.14071429,31,28,0,28
2006,10,Pest,12.02676129,31,75,0,75,17.57786667,31,75,0,75
2006,10,Somogy,12.46928571,31,70,0,70,22.72600000,31,70,0,70
2006,10,Szabolcs-Szatmár-Bereg,10.93879146,31,71,0,71,33.00492958,31,71,0,71
2006,10,Tolna,12.82778695,31,43,0,43,30.44325581,31,43,0,43
2006,10,Vas,12.21451613,31,44,0,44,30.68477273,31,44,0,44
2006,10,Veszprém,12.61069892,31,54,0,54,20.11185185,31,54,0,54
2006,10,Zala,12.44926686,31,44,0,44,20.82886364,31,44,0,44
2006,11,Baranya,7.59992593,30,54,0,54,34.20055556,30,54,0,54
2006,11,Borsod-Abaúj-Zemplén,5.60319380,30,86,0,86,8.66604651,30,86,0,86
2006,11,Bács-Kiskun,7.29470707,30,99,0,99,24.34373737,30,99,0,99
2006,11,Békés,6.69180597,30,67,0,67,29.63388060,30,67,0,67
2006,11,Csongrád-Csanád,7.07169444,30,48,0,48,24.31625000,30,48,0,48
2006,11,Fejér,7.08916312,30,47,0,47,21.31531915,30,47,0,47
2006,11,Győr-Moson-Sopron,7.12261111,30,48,0,48,30.70437500,30,48,0,48
2006,11,Hajdú-Bihar,6.21691880,30,78,0,78,18.42730769,30,78,0,78
2006,11,Heves,6.34494697,30,44,0,44,9.47477273,30,44,0,44
2006,11,Jász-Nagykun-Szolnok,6.78684804,30,68,0,68,16.86102941,30,68,0,68
2006,11,Komárom-Esztergom,6.98282759,30,29,0,29,28.93034483,30,29,0,29
2006,11,Nógrád,6.02508333,30,28,0,28,12.78821429,30,28,0,28
2006,11,Pest,6.90197778,30,75,0,75,19.51626667,30,75,0,75
2006,11,Somogy,7.39639524,30,70,0,70,24.24800000,30,70,0,70
2006,11,Szabolcs-Szatmár-Bereg,5.82604225,30,71,0,71,21.42112676,30,71,0,71
2006,11,Tolna,7.58507752,30,43,0,43,21.93023256,30,43,0,43
2006,11,Vas,6.74706061,30,44,0,44,35.59500000,30,44,0,44
2006,11,Veszprém,6.97525926,30,54,0,54,34.38500000,30,54,0,54
2006,11,Zala,6.94018939,30,44,0,44,28.43704545,30,44,0,44
2006,12,Baranya,2.81602748,31,54,0,54,23.90111111,31,54,0,54
2006,12,Borsod-Abaúj-Zemplén,1.43444111,31,86,0,86,9.73534884,31,86,0,86
2006,12,Bács-Kiskun,2.33951450,31,99,0,99,8.42878788,31,99,0,99
2006,12,Békés,2.05201733,31,67,0,67,9.91865672,31,67,0,67
2006,12,Csongrád-Csanád,2.12254032,31,48,0,48,10.41979167,31,48,0,48
2006,12,Fejér,2.34550446,31,47,0,47,4.58489362,31,47,0,47
2006,12,Győr-Moson-Sopron,3.11543011,31,48,0,48,8.39937500,31,48,0,48
2006,12,Hajdú-Bihar,2.02709264,31,78,0,78,7.01461538,31,78,0,78
2006,12,Heves,1.49599707,31,44,0,44,3.69681818,31,44,0,44
2006,12,Jász-Nagykun-Szolnok,2.10349620,31,68,0,68,5.47441176,31,68,0,68
2006,12,Komárom-Esztergom,2.33303671,31,29,0,29,5.26413793,31,29,0,29
2006,12,Nógrád,0.95731567,31,28,0,28,3.66357143,31,28,0,28
2006,12,Pest,1.88622796,31,75,0,75,4.21373333,31,75,0,75
2006,12,Somogy,2.94631336,31,70,0,70,16.49542857,31,70,0,70
2006,12,Szabolcs-Szatmár-Bereg,2.00035438,31,71,0,71,11.97915493,31,71,0,71
2006,12,Tolna,2.73128282,31,43,0,43,11.79023256,31,43,0,43
2006,12,Vas,2.74002933,31,44,0,44,9.45590909,31,44,0,44
2006,12,Veszprém,2.75602748,31,54,0,54,5.45166667,31,54,0,54
2006,12,Zala,2.88793255,31,44,0,44,13.52477273,31,44,0,44
2007,1,Baranya,5.65139188,31,54,0,54,49.98703704,31,54,0,54
2007,1,Borsod-Abaúj-Zemplén,2.59130533,31,86,0,86,32.69953488,31,86,0,86
2007,1,Bács-Kiskun,5.24240469,31,99,0,99,25.43252525,31,99,0,99
2007,1,Békés,4.33447761,31,67,0,67,21.75791045,31,67,0,67
2007,1,Csongrád-Csanád,4.82970430,31,48,0,48,24.74687500,31,48,0,48
2007,1,Fejér,4.70514756,31,47,0,47,26.14914894,31,47,0,47
2007,1,Győr-Moson-Sopron,4.85235887,31,48,0,48,42.89750000,31,48,0,48
2007,1,Hajdú-Bihar,3.70645161,31,78,0,78,24.85320513,31,78,0,78
2007,1,Heves,3.34965543,31,44,0,44,26.07022727,31,44,0,44
2007,1,Jász-Nagykun-Szolnok,4.35462524,31,68,0,68,20.59985294,31,68,0,68
2007,1,Komárom-Esztergom,4.44167964,31,29,0,29,39.01034483,31,29,0,29
2007,1,Nógrád,2.88788018,31,28,0,28,35.87464286,31,28,0,28
2007,1,Pest,4.41780215,31,75,0,75,26.40293333,31,75,0,75
2007,1,Somogy,5.20397235,31,70,0,70,43.05157143,31,70,0,70
2007,1,Szabolcs-Szatmár-Bereg,3.27296683,31,71,0,71,38.51253521,31,71,0,71
2007,1,Tolna,5.49279070,31,43,0,43,35.93627907,31,43,0,43
2007,1,Vas,4.21455279,31,44,0,44,38.95181818,31,44,0,44
2007,1,Veszprém,4.69599164,31,54,0,54,39.93870370,31,54,0,54
2007,1,Zala,4.54098240,31,44,0,44,36.73750000,31,44,0,44
2007,2,Baranya,5.56927910,28,54,0,54,45.23222222,28,54,0,54
2007,2,Borsod-Abaúj-Zemplén,2.98558140,28,86,0,86,49.25627907,28,86,0,86
2007,2,Bács-Kiskun,5.01854618,28,99,0,99,36.66171717,28,99,0,99
2007,2,Békés,4.66598081,28,67,0,67,49.21746269,28,67,0,67
2007,2,Csongrád-Csanád,4.82885417,28,48,0,48,33.04375000,28,48,0,48
2007,2,Fejér,4.67531915,28,47,0,47,44.64638298,28,47,0,47
2007,2,Győr-Moson-Sopron,5.20131696,28,48,0,48,38.73916667,28,48,0,48
2007,2,Hajdú-Bihar,4.07239011,28,78,0,78,58.55474359,28,78,0,78
2007,2,Heves,3.48232143,28,44,0,44,57.30045455,28,44,0,44
2007,2,Jász-Nagykun-Szolnok,4.38554622,28,68,0,68,51.60823529,28,68,0,68
2007,2,Komárom-Esztergom,4.46032020,28,29,0,29,46.69655172,28,29,0,29
2007,2,Nógrád,3.04505102,28,28,0,28,45.71857143,28,28,0,28
2007,2,Pest,4.32391905,28,75,0,75,50.63720000,28,75,0,75
2007,2,Somogy,5.37039796,28,70,0,70,53.98042857,28,70,0,70
2007,2,Szabolcs-Szatmár-Bereg,3.55406942,28,71,0,71,61.42352113,28,71,0,71
2007,2,Tolna,5.24646179,28,43,0,43,42.88906977,28,43,0,43
2007,2,Vas,4.94967532,28,44,0,44,43.11636364,28,44,0,44
2007,2,Veszprém,4.75528439,28,54,0,54,49.58555556,28,54,0,54
2007,2,Zala,5.14817370,28,44,0,44,52.93477273,28,44,0,44
2007,3,Baranya,7.87658303,31,54,0,54,68.41648148,31,54,0,54
2007,3,Borsod-Abaúj-Zemplén,7.94414479,31,86,0,86,34.53046512,31,86,0,86
2007,3,Bács-Kiskun,8.25904855,31,99,0,99,34.50636364,31,99,0,99
2007,3,Békés,8.70428984,31,67,0,67,36.17507463,31,67,0,67
2007,3,Csongrád-Csanád,8.49394489,31,48,0,48,44.88062500,31,48,0,48
2007,3,Fejér,7.68578586,31,47,0,47,49.24702128,31,47,0,47
2007,3,Győr-Moson-Sopron,7.62500000,31,48,0,48,79.42062500,31,48,0,48
2007,3,Hajdú-Bihar,8.72843672,31,78,0,78,18.22089744,31,78,0,78
2007,3,Heves,7.93990469,31,44,0,44,36.26636364,31,44,0,44
2007,3,Jász-Nagykun-Szolnok,8.60234820,31,68,0,68,30.30897059,31,68,0,68
2007,3,Komárom-Esztergom,7.42307008,31,29,0,29,67.44206897,31,29,0,29
2007,3,Nógrád,6.86965438,31,28,0,28,38.10428571,31,28,0,28
2007,3,Pest,8.03483011,31,75,0,75,35.16773333,31,75,0,75
2007,3,Somogy,7.61639631,31,70,0,70,67.26985714,31,70,0,70
2007,3,Szabolcs-Szatmár-Bereg,8.62516583,31,71,0,71,14.36042254,31,71,0,71
2007,3,Tolna,7.96702176,31,43,0,43,46.51651163,31,43,0,43
2007,3,Vas,7.29780059,31,44,0,44,79.38613636,31,44,0,44
2007,3,Veszprém,7.29257467,31,54,0,54,72.79925926,31,54,0,54
2007,3,Zala,7.43121701,31,44,0,44,75.37977273,31,44,0,44
2007,4,Baranya,13.16972222,30,54,0,54,0.28296296,30,54,0,54
2007,4,Borsod-Abaúj-Zemplén,11.40959690,30,86,0,86,4.47616279,30,86,0,86
2007,4,Bács-Kiskun,12.90561279,30,99,0,99,2.08000000,30,99,0,99
2007,4,Békés,12.44547264,30,67,0,67,3.17626866,30,67,0,67
2007,4,Csongrád-Csanád,12.60402778,30,48,0,48,3.47833333,30,48,0,48
2007,4,Fejér,12.83158156,30,47,0,47,2.47468085,30,47,0,47
2007,4,Győr-Moson-Sopron,12.86402083,30,48,0,48,0.08583333,30,48,0,48
2007,4,Hajdú-Bihar,12.09420513,30,78,0,78,2.02615385,30,78,0,78
2007,4,Heves,11.97422727,30,44,0,44,4.08204545,30,44,0,44
2007,4,Jász-Nagykun-Szolnok,12.51522549,30,68,0,68,2.01220588,30,68,0,68
2007,4,Komárom-Esztergom,12.39224138,30,29,0,29,0.73413793,30,29,0,29
2007,4,Nógrád,10.71327381,30,28,0,28,4.67500000,30,28,0,28
2007,4,Pest,12.57051111,30,75,0,75,3.57453333,30,75,0,75
2007,4,Somogy,12.86235238,30,70,0,70,2.51328571,30,70,0,70
2007,4,Szabolcs-Szatmár-Bereg,11.62486385,30,71,0,71,3.77183099,30,71,0,71
2007,4,Tolna,13.20418605,30,43,0,43,0.23674419,30,43,0,43
2007,4,Vas,12.68890909,30,44,0,44,2.16750000,30,44,0,44
2007,4,Veszprém,12.81962963,30,54,0,54,2.48092593,30,54,0,54
2007,4,Zala,12.72966667,30,44,0,44,3.00909091,30,44,0,44
2007,5,Baranya,17.37843489,31,54,0,54,80.12611111,31,54,0,54
2007,5,Borsod-Abaúj-Zemplén,16.98702176,31,86,0,86,68.05069767,31,86,0,86
2007,5,Bács-Kiskun,17.84706419,31,99,0,99,78.08202020,31,99,0,99
2007,5,Békés,18.04979297,31,67,0,67,77.74149254,31,67,0,67
2007,5,Csongrád-Csanád,17.78721102,31,48,0,48,102.45916667,31,48,0,48
2007,5,Fejér,17.51963624,31,47,0,47,77.94319149,31,47,0,47
2007,5,Győr-Moson-Sopron,17.27825941,31,48,0,48,72.56770833,31,48,0,48
2007,5,Hajdú-Bihar,18.07103391,31,78,0,78,75.43602564,31,78,0,78
2007,5,Heves,17.17809384,31,44,0,44,66.90363636,31,44,0,44
2007,5,Jász-Nagykun-Szolnok,17.92771822,31,68,0,68,65.93235294,31,68,0,68
2007,5,Komárom-Esztergom,17.00111235,31,29,0,29,79.12586207,31,29,0,29
2007,5,Nógrád,16.19238479,31,28,0,28,73.26892857,31,28,0,28
2007,5,Pest,17.55595699,31,75,0,75,70.02813333,31,75,0,75
2007,5,Somogy,17.24894470,31,70,0,70,77.52600000,31,70,0,70
2007,5,Szabolcs-Szatmár-Bereg,17.73029986,31,71,0,71,80.72676056,31,71,0,71
2007,5,Tolna,17.72129032,31,43,0,43,81.04093023,31,43,0,43
2007,5,Vas,16.74858504,31,44,0,44,75.93795455,31,44,0,44
2007,5,Veszprém,16.84801075,31,54,0,54,84.83703704,31,54,0,54
2007,5,Zala,16.86955279,31,44,0,44,84.08204545,31,44,0,44
2007,6,Baranya,21.38182716,30,54,0,54,58.60407407,30,54,0,54
2007,6,Borsod-Abaúj-Zemplén,20.49719380,30,86,0,86,65.00755814,30,86,0,86
2007,6,Bács-Kiskun,21.97253535,30,99,0,99,46.84494949,30,99,0,99
2007,6,Békés,22.14122886,30,67,0,67,56.46104478,30,67,0,67
2007,6,Csongrád-Csanád,22.06377778,30,48,0,48,65.03020833,30,48,0,48
2007,6,Fejér,21.67417730,30,47,0,47,39.76425532,30,47,0,47
2007,6,Győr-Moson-Sopron,21.39172917,30,48,0,48,41.66895833,30,48,0,48
2007,6,Hajdú-Bihar,21.85605128,30,78,0,78,41.01294872,30,78,0,78
2007,6,Heves,21.02877273,30,44,0,44,56.58681818,30,44,0,44
2007,6,Jász-Nagykun-Szolnok,22.04785294,30,68,0,68,53.08367647,30,68,0,68
2007,6,Komárom-Esztergom,21.09149425,30,29,0,29,43.52172414,30,29,0,29
2007,6,Nógrád,19.88858333,30,28,0,28,79.08285714,30,28,0,28
2007,6,Pest,21.55456000,30,75,0,75,54.57906667,30,75,0,75
2007,6,Somogy,21.19626190,30,70,0,70,53.50185714,30,70,0,70
2007,6,Szabolcs-Szatmár-Bereg,21.02113146,30,71,0,71,54.08577465,30,71,0,71
2007,6,Tolna,21.73444186,30,43,0,43,42.58511628,30,43,0,43
2007,6,Vas,20.85934848,30,44,0,44,50.57886364,30,44,0,44
2007,6,Veszprém,21.12790741,30,54,0,54,48.30296296,30,54,0,54
2007,6,Zala,20.94595455,30,44,0,44,56.45613636,30,44,0,44
2007,7,Baranya,22.86205496,31,54,0,54,23.15944444,31,54,0,54
2007,7,Borsod-Abaúj-Zemplén,22.02526257,31,86,0,86,43.77034884,31,86,0,86
2007,7,Bács-Kiskun,23.57385142,31,99,0,99,22.61171717,31,99,0,99
2007,7,Békés,23.56595089,31,67,0,67,40.14298507,31,67,0,67
2007,7,Csongrád-Csanád,23.73493280,31,48,0,48,24.21604167,31,48,0,48
2007,7,Fejér,22.96555251,31,47,0,47,27.00893617,31,47,0,47
2007,7,Győr-Moson-Sopron,22.55338710,31,48,0,48,45.68687500,31,48,0,48
2007,7,Hajdú-Bihar,23.07971464,31,78,0,78,50.79448718,31,78,0,78
2007,7,Heves,22.60248534,31,44,0,44,27.20295455,31,44,0,44
2007,7,Jász-Nagykun-Szolnok,23.60818786,31,68,0,68,29.13691176,31,68,0,68
2007,7,Komárom-Esztergom,22.22808676,31,29,0,29,29.51137931,31,29,0,29
2007,7,Nógrád,21.27296083,31,28,0,28,20.07607143,31,28,0,28
2007,7,Pest,23.05065376,31,75,0,75,21.47240000,31,75,0,75
2007,7,Somogy,22.42255300,31,70,0,70,35.23057143,31,70,0,70
2007,7,Szabolcs-Szatmár-Bereg,22.25023626,31,71,0,71,45.22154930,31,71,0,71
2007,7,Tolna,23.25048012,31,43,0,43,20.44837209,31,43,0,43
2007,7,Vas,22.07112903,31,44,0,44,69.13704545,31,44,0,44
2007,7,Veszprém,22.38084827,31,54,0,54,42.31703704,31,54,0,54
2007,7,Zala,21.93154692,31,44,0,44,66.70931818,31,44,0,44
2007,8,Baranya,21.46357228,31,54,0,54,77.85796296,31,54,0,54
2007,8,Borsod-Abaúj-Zemplén,21.21278320,31,86,0,86,59.63220930,31,86,0,86
2007,8,Bács-Kiskun,22.34297491,31,99,0,99,70.10010101,31,99,0,99
2007,8,Békés,22.83256139,31,67,0,67,70.57134328,31,67,0,67
2007,8,Csongrád-Csanád,23.05634409,31,48,0,48,47.04229167,31,48,0,48
2007,8,Fejér,21.43918325,31,47,0,47,106.37234043,31,47,0,47
2007,8,Győr-Moson-Sopron,20.85145161,31,48,0,48,104.94937500,31,48,0,48
2007,8,Hajdú-Bihar,22.31543838,31,78,0,78,54.95448718,31,78,0,78
2007,8,Heves,21.49093109,31,44,0,44,93.56818182,31,44,0,44
2007,8,Jász-Nagykun-Szolnok,22.72666983,31,68,0,68,63.03897059,31,68,0,68
2007,8,Komárom-Esztergom,20.79780868,31,29,0,29,118.06965517,31,29,0,29
2007,8,Nógrád,20.17993088,31,28,0,28,99.08857143,31,28,0,28
2007,8,Pest,21.80460645,31,75,0,75,80.22213333,31,75,0,75
2007,8,Somogy,20.84299539,31,70,0,70,111.78200000,31,70,0,70
2007,8,Szabolcs-Szatmár-Bereg,21.71668787,31,71,0,71,39.63577465,31,71,0,71
2007,8,Tolna,21.73814704,31,43,0,43,95.18069767,31,43,0,43
2007,8,Vas,20.23373167,31,44,0,44,117.03431818,31,44,0,44
2007,8,Veszprém,20.64264038,31,54,0,54,159.84962963,31,54,0,54
2007,8,Zala,20.26104106,31,44,0,44,107.90681818,31,44,0,44
2007,9,Baranya,14.01480247,30,54,0,54,63.58851852,30,54,0,54
2007,9,Borsod-Abaúj-Zemplén,13.33527519,30,86,0,86,94.52325581,30,86,0,86
2007,9,Bács-Kiskun,14.10093939,30,99,0,99,45.04242424,30,99,0,99
2007,9,Békés,14.54336816,30,67,0,67,74.87447761,30,67,0,67
2007,9,Csongrád-Csanád,14.46443056,30,48,0,48,58.96354167,30,48,0,48
2007,9,Fejér,13.79159574,30,47,0,47,48.40595745,30,47,0,47
2007,9,Győr-Moson-Sopron,13.80827778,30,48,0,48,146.46854167,30,48,0,48
2007,9,Hajdú-Bihar,14.21327350,30,78,0,78,89.36487179,30,78,0,78
2007,9,Heves,13.57766667,30,44,0,44,64.64136364,30,44,0,44
2007,9,Jász-Nagykun-Szolnok,14.31917157,30,68,0,68,63.90779412,30,68,0,68
2007,9,Komárom-Esztergom,13.41717241,30,29,0,29,62.46793103,30,29,0,29
2007,9,Nógrád,12.52654762,30,28,0,28,62.90321429,30,28,0,28
2007,9,Pest,13.64214667,30,75,0,75,51.14600000,30,75,0,75
2007,9,Somogy,13.73411429,30,70,0,70,104.63842857,30,70,0,70
2007,9,Szabolcs-Szatmár-Bereg,13.79793897,30,71,0,71,95.15985915,30,71,0,71
2007,9,Tolna,14.06729457,30,43,0,43,55.80558140,30,43,0,43
2007,9,Vas,13.48725758,30,44,0,44,158.06727273,30,44,0,44
2007,9,Veszprém,13.52924691,30,54,0,54,107.50685185,30,54,0,54
2007,9,Zala,13.57059848,30,44,0,44,139.10454545,30,44,0,44
2007,10,Baranya,9.87997013,31,54,0,54,79.33740741,31,54,0,54
2007,10,Borsod-Abaúj-Zemplén,9.16174794,31,86,0,86,52.64186047,31,86,0,86
2007,10,Bács-Kiskun,10.28453242,31,99,0,99,52.91777778,31,99,0,99
2007,10,Békés,10.52944150,31,67,0,67,63.87134328,31,67,0,67
2007,10,Csongrád-Csanád,10.55532258,31,48,0,48,54.23187500,31,48,0,48
2007,10,Fejér,10.05266987,31,47,0,47,48.88851064,31,47,0,47
2007,10,Győr-Moson-Sopron,9.25329973,31,48,0,48,72.51375000,31,48,0,48
2007,10,Hajdú-Bihar,9.99073201,31,78,0,78,72.58948718,31,78,0,78
2007,10,Heves,9.72954545,31,44,0,44,59.06545455,31,44,0,44
2007,10,Jász-Nagykun-Szolnok,10.31861480,31,68,0,68,67.90073529,31,68,0,68
2007,10,Komárom-Esztergom,9.57878754,31,29,0,29,62.06034483,31,29,0,29
2007,10,Nógrád,8.68826037,31,28,0,28,48.68035714,31,28,0,28
2007,10,Pest,10.07280860,31,75,0,75,50.34173333,31,75,0,75
2007,10,Somogy,9.46661290,31,70,0,70,62.95000000,31,70,0,70
2007,10,Szabolcs-Szatmár-Bereg,9.48626533,31,71,0,71,58.24563380,31,71,0,71
2007,10,Tolna,10.09979745,31,43,0,43,69.37418605,31,43,0,43
2007,10,Vas,8.92407625,31,44,0,44,60.56022727,31,44,0,44
2007,10,Veszprém,9.48335125,31,54,0,54,65.47018519,31,54,0,54
2007,10,Zala,9.11790323,31,44,0,44,58.48909091,31,44,0,44
2007,11,Baranya,3.78124074,30,54,0,54,84.47666667,30,54,0,54
2007,11,Borsod-Abaúj-Zemplén,2.35591860,30,86,0,86,39.35465116,30,86,0,86
2007,11,Bács-Kiskun,3.81788552,30,99,0,99,61.95494949,30,99,0,99
2007,11,Békés,3.84287562,30,67,0,67,40.83462687,30,67,0,67
2007,11,Csongrád-Csanád,3.89834028,30,48,0,48,51.95562500,30,48,0,48
2007,11,Fejér,3.63426241,30,47,0,47,56.43957447,30,47,0,47
2007,11,Győr-Moson-Sopron,3.83299306,30,48,0,48,48.35895833,30,48,0,48
2007,11,Hajdú-Bihar,3.32760684,30,78,0,78,40.58974359,30,78,0,78
2007,11,Heves,2.82298485,30,44,0,44,41.42931818,30,44,0,44
2007,11,Jász-Nagykun-Szolnok,3.57001961,30,68,0,68,32.30720588,30,68,0,68
2007,11,Komárom-Esztergom,3.28141379,30,29,0,29,59.52310345,30,29,0,29
2007,11,Nógrád,2.31372619,30,28,0,28,39.95357143,30,28,0,28
2007,11,Pest,3.45238222,30,75,0,75,46.13040000,30,75,0,75
2007,11,Somogy,3.88330476,30,70,0,70,72.28200000,30,70,0,70
2007,11,Szabolcs-Szatmár-Bereg,2.96346479,30,71,0,71,50.70591549,30,71,0,71
2007,11,Tolna,3.82959690,30,43,0,43,73.46837209,30,43,0,43
2007,11,Vas,3.75567424,30,44,0,44,40.13045455,30,44,0,44
2007,11,Veszprém,3.45405556,30,54,0,54,67.90185185,30,54,0,54
2007,11,Zala,3.85346212,30,44,0,44,52.63568182,30,44,0,44
2007,12,Baranya,-0.47376344,31,54,0,54,72.40314815,31,54,0,54
2007,12,Borsod-Abaúj-Zemplén,-1.98204801,31,86,0,86,35.79779070,31,86,0,86
2007,12,Bács-Kiskun,-0.74379928,31,99,0,99,59.82535354,31,99,0,99
2007,12,Békés,-0.72128551,31,67,0,67,37.10597015,31,67,0,67
2007,12,Csongrád-Csanád,-0.79309140,31,48,0,48,43.48354167,31,48,0,48
2007,12,Fejér,-0.62386410,31,47,0,47,44.90723404,31,47,0,47
2007,12,Győr-Moson-Sopron,0.17286290,31,48,0,48,31.87125000,31,48,0,48
2007,12,Hajdú-Bihar,-0.81215054,31,78,0,78,33.50435897,31,78,0,78
2007,12,Heves,-1.70140762,31,44,0,44,42.73272727,31,44,0,44
2007,12,Jász-Nagykun-Szolnok,-0.99239089,31,68,0,68,50.96058824,31,68,0,68
2007,12,Komárom-Esztergom,-0.68919911,31,29,0,29,31.68551724,31,29,0,29
2007,12,Nógrád,-2.05418203,31,28,0,28,32.52214286,31,28,0,28
2007,12,Pest,-1.09091613,31,75,0,75,43.22226667,31,75,0,75
2007,12,Somogy,-0.34739171,31,70,0,70,63.19657143,31,70,0,70
2007,12,Szabolcs-Szatmár-Bereg,-0.99085870,31,71,0,71,33.28661972,31,71,0,71
2007,12,Tolna,-0.42037509,31,43,0,43,65.72302326,31,43,0,43
2007,12,Vas,-0.42554985,31,44,0,44,37.98136364,31,44,0,44
2007,12,Veszprém,-0.58532258,31,54,0,54,39.26962963,31,54,0,54
2007,12,Zala,-0.43681818,31,44,0,44,46.38045455,31,44,0,44
2008,1,Baranya,1.19776583,31,54,0,54,13.75444444,31,54,0,54
2008,1,Borsod-Abaúj-Zemplén,-0.15855214,31,86,0,86,27.63000000,31,86,0,86
2008,1,Bács-Kiskun,0.80985663,31,99,0,99,16.02030303,31,99,0,99
2008,1,Békés,0.98092441,31,67,0,67,17.08373134,31,67,0,67
2008,1,Csongrád-Csanád,0.92579301,31,48,0,48,15.47270833,31,48,0,48
2008,1,Fejér,0.82179822,31,47,0,47,24.66978723,31,47,0,47
2008,1,Győr-Moson-Sopron,2.38752016,31,48,0,48,20.87520833,31,48,0,48
2008,1,Hajdú-Bihar,0.62411084,31,78,0,78,23.92730769,31,78,0,78
2008,1,Heves,0.07777126,31,44,0,44,27.28977273,31,44,0,44
2008,1,Jász-Nagykun-Szolnok,0.61115275,31,68,0,68,19.58338235,31,68,0,68
2008,1,Komárom-Esztergom,1.21641824,31,29,0,29,28.94172414,31,29,0,29
2008,1,Nógrád,-0.15150922,31,28,0,28,31.25857143,31,28,0,28
2008,1,Pest,0.65277419,31,75,0,75,25.16960000,31,75,0,75
2008,1,Somogy,1.24719355,31,70,0,70,10.37971429,31,70,0,70
2008,1,Szabolcs-Szatmár-Bereg,0.49865061,31,71,0,71,27.68816901,31,71,0,71
2008,1,Tolna,1.10821455,31,43,0,43,13.70767442,31,43,0,43
2008,1,Vas,2.14057918,31,44,0,44,6.95386364,31,44,0,44
2008,1,Veszprém,1.35837515,31,54,0,54,13.41814815,31,54,0,54
2008,1,Zala,1.81134897,31,44,0,44,5.90272727,31,44,0,44
2008,2,Baranya,4.67386335,29,54,0,54,7.55148148,29,54,0,54
2008,2,Borsod-Abaúj-Zemplén,2.22038492,29,86,0,86,5.61290698,29,86,0,86
2008,2,Bács-Kiskun,4.22943574,29,99,0,99,6.34030303,29,99,0,99
2008,2,Békés,3.55245497,29,67,0,67,5.62014925,29,67,0,67
2008,2,Csongrád-Csanád,4.04109195,29,48,0,48,4.30729167,29,48,0,48
2008,2,Fejér,3.97731475,29,47,0,47,4.94489362,29,47,0,47
2008,2,Győr-Moson-Sopron,4.01553879,29,48,0,48,5.51812500,29,48,0,48
2008,2,Hajdú-Bihar,2.99419982,29,78,0,78,7.04692308,29,78,0,78
2008,2,Heves,2.62739028,29,44,0,44,5.14863636,29,44,0,44
2008,2,Jász-Nagykun-Szolnok,3.36833671,29,68,0,68,3.94455882,29,68,0,68
2008,2,Komárom-Esztergom,3.54664685,29,29,0,29,5.45241379,29,29,0,29
2008,2,Nógrád,1.83620690,29,28,0,28,6.12428571,29,28,0,28
2008,2,Pest,3.43236322,29,75,0,75,3.62986667,29,75,0,75
2008,2,Somogy,4.43687685,29,70,0,70,7.71585714,29,70,0,70
2008,2,Szabolcs-Szatmár-Bereg,2.47642545,29,71,0,71,10.71661972,29,71,0,71
2008,2,Tolna,4.52302326,29,43,0,43,8.11418605,29,43,0,43
2008,2,Vas,4.02743730,29,44,0,44,6.62272727,29,44,0,44
2008,2,Veszprém,4.06708174,29,54,0,54,6.36129630,29,54,0,54
2008,2,Zala,4.27997649,29,44,0,44,8.70659091,29,44,0,44
2008,3,Baranya,6.90753286,31,54,0,54,65.53259259,31,54,0,54
2008,3,Borsod-Abaúj-Zemplén,5.19726932,31,86,0,86,39.20883721,31,86,0,86
2008,3,Bács-Kiskun,7.06338873,31,99,0,99,49.29585859,31,99,0,99
2008,3,Békés,7.00876745,31,67,0,67,61.94895522,31,67,0,67
2008,3,Csongrád-Csanád,7.17872312,31,48,0,48,56.66375000,31,48,0,48
2008,3,Fejér,6.36277968,31,47,0,47,60.97723404,31,47,0,47
2008,3,Győr-Moson-Sopron,6.41417339,31,48,0,48,59.93520833,31,48,0,48
2008,3,Hajdú-Bihar,6.49353598,31,78,0,78,45.41653846,31,78,0,78
2008,3,Heves,5.66552053,31,44,0,44,48.72727273,31,44,0,44
2008,3,Jász-Nagykun-Szolnok,6.78418880,31,68,0,68,43.03661765,31,68,0,68
2008,3,Komárom-Esztergom,5.87433815,31,29,0,29,71.63724138,31,29,0,29
2008,3,Nógrád,4.74334101,31,28,0,28,54.86071429,31,28,0,28
2008,3,Pest,6.25373333,31,75,0,75,58.85466667,31,75,0,75
2008,3,Somogy,6.67163594,31,70,0,70,68.27857143,31,70,0,70
2008,3,Szabolcs-Szatmár-Bereg,5.86320309,31,71,0,71,44.31211268,31,71,0,71
2008,3,Tolna,6.94275319,31,43,0,43,56.43488372,31,43,0,43
2008,3,Vas,6.20082845,31,44,0,44,55.01090909,31,44,0,44
2008,3,Veszprém,6.04716249,31,54,0,54,63.69222222,31,54,0,54
2008,3,Zala,6.43116569,31,44,0,44,57.87931818,31,44,0,44
2008,4,Baranya,11.74525926,30,54,0,54,40.94666667,30,54,0,54
2008,4,Borsod-Abaúj-Zemplén,10.49624031,30,86,0,86,50.50720930,30,86,0,86
2008,4,Bács-Kiskun,11.87113131,30,99,0,99,37.26161616,30,99,0,99
2008,4,Békés,11.66586070,30,67,0,67,38.25328358,30,67,0,67
2008,4,Csongrád-Csanád,11.83395833,30,48,0,48,37.86666667,30,48,0,48
2008,4,Fejér,11.50431206,30,47,0,47,25.83212766,30,47,0,47
2008,4,Győr-Moson-Sopron,11.26884028,30,48,0,48,34.19062500,30,48,0,48
2008,4,Hajdú-Bihar,11.27552137,30,78,0,78,55.66358974,30,78,0,78
2008,4,Heves,10.76123485,30,44,0,44,42.17863636,30,44,0,44
2008,4,Jász-Nagykun-Szolnok,11.43495098,30,68,0,68,40.53485294,30,68,0,68
2008,4,Komárom-Esztergom,10.99740230,30,29,0,29,34.56620690,30,29,0,29
2008,4,Nógrád,9.95544048,30,28,0,28,37.99714286,30,28,0,28
2008,4,Pest,11.31259111,30,75,0,75,35.76666667,30,75,0,75
2008,4,Somogy,11.44168095,30,70,0,70,23.59442857,30,70,0,70
2008,4,Szabolcs-Szatmár-Bereg,11.09544601,30,71,0,71,61.08957746,30,71,0,71
2008,4,Tolna,11.85863566,30,43,0,43,34.00837209,30,43,0,43
2008,4,Vas,10.96961364,30,44,0,44,31.60477273,30,44,0,44
2008,4,Veszprém,11.04910494,30,54,0,54,26.92796296,30,54,0,54
2008,4,Zala,11.17356818,30,44,0,44,29.29590909,30,44,0,44
2008,5,Baranya,16.95270609,31,54,0,54,37.05666667,31,54,0,54
2008,5,Borsod-Abaúj-Zemplén,15.30860465,31,86,0,86,54.33686047,31,86,0,86
2008,5,Bács-Kiskun,17.09381883,31,99,0,99,43.05555556,31,99,0,99
2008,5,Békés,16.97795378,31,67,0,67,68.62582090,31,67,0,67
2008,5,Csongrád-Csanád,17.11735215,31,48,0,48,48.30229167,31,48,0,48
2008,5,Fejér,16.62809883,31,47,0,47,45.81404255,31,47,0,47
2008,5,Győr-Moson-Sopron,16.37559140,31,48,0,48,37.08333333,31,48,0,48
2008,5,Hajdú-Bihar,16.63160877,31,78,0,78,55.64525641,31,78,0,78
2008,5,Heves,15.92535924,31,44,0,44,47.22181818,31,44,0,44
2008,5,Jász-Nagykun-Szolnok,16.79787951,31,68,0,68,50.94720588,31,68,0,68
2008,5,Komárom-Esztergom,16.12948832,31,29,0,29,38.94862069,31,29,0,29
2008,5,Nógrád,15.04770737,31,28,0,28,39.39464286,31,28,0,28
2008,5,Pest,16.51372903,31,75,0,75,46.05480000,31,75,0,75
2008,5,Somogy,16.52166820,31,70,0,70,36.10214286,31,70,0,70
2008,5,Szabolcs-Szatmár-Bereg,16.08924580,31,71,0,71,53.34436620,31,71,0,71
2008,5,Tolna,17.09363841,31,43,0,43,43.71697674,31,43,0,43
2008,5,Vas,15.99575513,31,44,0,44,38.51204545,31,44,0,44
2008,5,Veszprém,16.06467145,31,54,0,54,42.72851852,31,54,0,54
2008,5,Zala,16.12297654,31,44,0,44,34.21022727,31,44,0,44
2008,6,Baranya,20.68420370,30,54,0,54,100.14240741,30,54,0,54
2008,6,Borsod-Abaúj-Zemplén,19.53829070,30,86,0,86,82.96651163,30,86,0,86
2008,6,Bács-Kiskun,20.97932660,30,99,0,99,123.32303030,30,99,0,99
2008,6,Békés,21.04589055,30,67,0,67,101.20880597,30,67,0,67
2008,6,Csongrád-Csanád,21.22127778,30,48,0,48,128.33041667,30,48,0,48
2008,6,Fejér,20.60415603,30,47,0,47,98.92361702,30,47,0,47
2008,6,Győr-Moson-Sopron,20.49390278,30,48,0,48,137.85145833,30,48,0,48
2008,6,Hajdú-Bihar,20.55017949,30,78,0,78,99.07243590,30,78,0,78
2008,6,Heves,20.04808333,30,44,0,44,65.10886364,30,44,0,44
2008,6,Jász-Nagykun-Szolnok,20.84278431,30,68,0,68,98.04661765,30,68,0,68
2008,6,Komárom-Esztergom,20.06151724,30,29,0,29,110.12103448,30,29,0,29
2008,6,Nógrád,19.27226190,30,28,0,28,74.98107143,30,28,0,28
2008,6,Pest,20.50256000,30,75,0,75,96.03386667,30,75,0,75
2008,6,Somogy,20.34375714,30,70,0,70,111.46871429,30,70,0,70
2008,6,Szabolcs-Szatmár-Bereg,19.98772770,30,71,0,71,106.83507042,30,71,0,71
2008,6,Tolna,20.87022481,30,43,0,43,91.95906977,30,43,0,43
2008,6,Vas,19.84193939,30,44,0,44,124.50295455,30,44,0,44
2008,6,Veszprém,20.05810494,30,54,0,54,111.41648148,30,54,0,54
2008,6,Zala,19.96579545,30,44,0,44,103.20318182,30,44,0,44
2008,7,Baranya,21.00935484,31,54,0,54,82.84777778,31,54,0,54
2008,7,Borsod-Abaúj-Zemplén,19.84691298,31,86,0,86,114.42011628,31,86,0,86
2008,7,Bács-Kiskun,21.34171717,31,99,0,99,61.24434343,31,99,0,99
2008,7,Békés,21.28235436,31,67,0,67,63.07537313,31,67,0,67
2008,7,Csongrád-Csanád,21.61030242,31,48,0,48,55.16312500,31,48,0,48
2008,7,Fejér,21.03551132,31,47,0,47,104.88936170,31,47,0,47
2008,7,Győr-Moson-Sopron,20.74802419,31,48,0,48,129.10958333,31,48,0,48
2008,7,Hajdú-Bihar,20.70220017,31,78,0,78,116.72730769,31,78,0,78
2008,7,Heves,20.39623900,31,44,0,44,145.85386364,31,44,0,44
2008,7,Jász-Nagykun-Szolnok,21.12501423,31,68,0,68,115.51558824,31,68,0,68
2008,7,Komárom-Esztergom,20.28030033,31,29,0,29,114.87551724,31,29,0,29
2008,7,Nógrád,19.48964286,31,28,0,28,131.16892857,31,28,0,28
2008,7,Pest,20.85026667,31,75,0,75,129.86373333,31,75,0,75
2008,7,Somogy,20.81717051,31,70,0,70,84.51557143,31,70,0,70
2008,7,Szabolcs-Szatmár-Bereg,20.03758292,31,71,0,71,125.31845070,31,71,0,71
2008,7,Tolna,21.25165041,31,43,0,43,67.66069767,31,43,0,43
2008,7,Vas,20.46473607,31,44,0,44,142.15909091,31,44,0,44
2008,7,Veszprém,20.48819594,31,54,0,54,113.01648148,31,54,0,54
2008,7,Zala,20.47060117,31,44,0,44,100.08090909,31,44,0,44
2008,8,Baranya,21.13711470,31,54,0,54,33.84500000,31,54,0,54
2008,8,Borsod-Abaúj-Zemplén,20.05945986,31,86,0,86,49.82802326,31,86,0,86
2008,8,Bács-Kiskun,21.59775497,31,99,0,99,29.53252525,31,99,0,99
2008,8,Békés,21.94180067,31,67,0,67,32.79343284,31,67,0,67
2008,8,Csongrád-Csanád,22.26522177,31,48,0,48,29.75979167,31,48,0,48
2008,8,Fejér,20.91924502,31,47,0,47,29.08106383,31,47,0,47
2008,8,Győr-Moson-Sopron,20.17465054,31,48,0,48,61.35354167,31,48,0,48
2008,8,Hajdú-Bihar,21.09171216,31,78,0,78,30.00051282,31,78,0,78
2008,8,Heves,20.56873900,31,44,0,44,33.69818182,31,44,0,44
2008,8,Jász-Nagykun-Szolnok,21.49522296,31,68,0,68,34.56926471,31,68,0,68
2008,8,Komárom-Esztergom,19.94962180,31,29,0,29,34.47862069,31,29,0,29
2008,8,Nógrád,19.19592166,31,28,0,28,27.77142857,31,28,0,28
2008,8,Pest,20.83680860,31,75,0,75,23.40573333,31,75,0,75
2008,8,Somogy,20.62226728,31,70,0,70,28.63914286,31,70,0,70
2008,8,Szabolcs-Szatmár-Bereg,20.48337119,31,71,0,71,42.88873239,31,71,0,71
2008,8,Tolna,21.33150038,31,43,0,43,27.38953488,31,43,0,43
2008,8,Vas,19.88258065,31,44,0,44,90.65477273,31,44,0,44
2008,8,Veszprém,20.35026284,31,54,0,54,51.90981481,31,54,0,54
2008,8,Zala,20.12090909,31,44,0,44,57.57545455,31,44,0,44
2008,9,Baranya,14.99883951,30,54,0,54,77.98777778,30,54,0,54
2008,9,Borsod-Abaúj-Zemplén,14.14179845,30,86,0,86,49.73767442,30,86,0,86
2008,9,Bács-Kiskun,15.18962963,30,99,0,99,61.90676768,30,99,0,99
2008,9,Békés,15.50030846,30,67,0,67,45.17417910,30,67,0,67
2008,9,Csongrád-Csanád,15.50874306,30,48,0,48,50.30666667,30,48,0,48
2008,9,Fejér,15.11430496,30,47,0,47,51.09744681,30,47,0,47
2008,9,Győr-Moson-Sopron,14.96252778,30,48,0,48,44.49312500,30,48,0,48
2008,9,Hajdú-Bihar,15.14561538,30,78,0,78,42.22461538,30,78,0,78
2008,9,Heves,14.62760606,30,44,0,44,65.08795455,30,44,0,44
2008,9,Jász-Nagykun-Szolnok,15.38175980,30,68,0,68,53.50764706,30,68,0,68
2008,9,Komárom-Esztergom,14.61665517,30,29,0,29,60.00689655,30,29,0,29
2008,9,Nógrád,13.62854762,30,28,0,28,66.90750000,30,28,0,28
2008,9,Pest,14.90571556,30,75,0,75,60.15333333,30,75,0,75
2008,9,Somogy,14.86568095,30,70,0,70,59.64271429,30,70,0,70
2008,9,Szabolcs-Szatmár-Bereg,14.52635681,30,71,0,71,46.34267606,30,71,0,71
2008,9,Tolna,15.24085271,30,43,0,43,64.96720930,30,43,0,43
2008,9,Vas,14.63109848,30,44,0,44,39.76954545,30,44,0,44
2008,9,Veszprém,14.70720988,30,54,0,54,52.59018519,30,54,0,54
2008,9,Zala,14.63941667,30,44,0,44,53.84363636,30,44,0,44
2008,10,Baranya,12.39540024,31,54,0,54,41.18907407,31,54,0,54
2008,10,Borsod-Abaúj-Zemplén,10.73990623,31,86,0,86,35.69837209,31,86,0,86
2008,10,Bács-Kiskun,12.29470512,31,99,0,99,33.18717172,31,99,0,99
2008,10,Békés,12.20249398,31,67,0,67,19.96268657,31,67,0,67
2008,10,Csongrád-Csanád,12.47908602,31,48,0,48,25.32833333,31,48,0,48
2008,10,Fejér,11.92901167,31,47,0,47,22.57617021,31,47,0,47
2008,10,Győr-Moson-Sopron,11.28334005,31,48,0,48,19.00791667,31,48,0,48
2008,10,Hajdú-Bihar,11.53749793,31,78,0,78,19.28243590,31,78,0,78
2008,10,Heves,11.26887830,31,44,0,44,33.88386364,31,44,0,44
2008,10,Jász-Nagykun-Szolnok,11.99466319,31,68,0,68,22.02058824,31,68,0,68
2008,10,Komárom-Esztergom,11.43329255,31,29,0,29,23.23793103,31,29,0,29
2008,10,Nógrád,10.07216590,31,28,0,28,32.75714286,31,28,0,28
2008,10,Pest,11.54227097,31,75,0,75,28.61666667,31,75,0,75
2008,10,Somogy,11.84809217,31,70,0,70,44.12042857,31,70,0,70
2008,10,Szabolcs-Szatmár-Bereg,10.96092231,31,71,0,71,23.66239437,31,71,0,71
2008,10,Tolna,12.43156039,31,43,0,43,30.37790698,31,43,0,43
2008,10,Vas,11.07788123,31,44,0,44,24.23795455,31,44,0,44
2008,10,Veszprém,11.78888889,31,54,0,54,27.04648148,31,54,0,54
2008,10,Zala,11.42626100,31,44,0,44,37.33250000,31,44,0,44
2008,11,Baranya,6.90782716,30,54,0,54,38.39444444,30,54,0,54
2008,11,Borsod-Abaúj-Zemplén,5.35780620,30,86,0,86,24.65674419,30,86,0,86
2008,11,Bács-Kiskun,6.91052525,30,99,0,99,32.29343434,30,99,0,99
2008,11,Békés,6.70154726,30,67,0,67,36.15223881,30,67,0,67
2008,11,Csongrád-Csanád,7.01101389,30,48,0,48,41.74062500,30,48,0,48
2008,11,Fejér,6.44521986,30,47,0,47,31.02170213,30,47,0,47
2008,11,Győr-Moson-Sopron,6.77299306,30,48,0,48,36.34500000,30,48,0,48
2008,11,Hajdú-Bihar,6.05116667,30,78,0,78,23.76615385,30,78,0,78
2008,11,Heves,5.84534091,30,44,0,44,32.85522727,30,44,0,44
2008,11,Jász-Nagykun-Szolnok,6.41316667,30,68,0,68,26.40323529,30,68,0,68
2008,11,Komárom-Esztergom,6.47577011,30,29,0,29,32.23275862,30,29,0,29
2008,11,Nógrád,5.20347619,30,28,0,28,45.06071429,30,28,0,28
2008,11,Pest,6.33175111,30,75,0,75,37.03866667,30,75,0,75
2008,11,Somogy,6.51659524,30,70,0,70,37.45114286,30,70,0,70
2008,11,Szabolcs-Szatmár-Bereg,5.57919249,30,71,0,71,21.65633803,30,71,0,71
2008,11,Tolna,6.82899225,30,43,0,43,30.80000000,30,43,0,43
2008,11,Vas,6.24410606,30,44,0,44,35.74818182,30,44,0,44
2008,11,Veszprém,6.31701235,30,54,0,54,36.14592593,30,54,0,54
2008,11,Zala,6.28189394,30,44,0,44,29.77636364,30,44,0,44
2008,12,Baranya,2.98373955,31,54,0,54,50.37148148,31,54,0,54
2008,12,Borsod-Abaúj-Zemplén,1.86791823,31,86,0,86,67.32279070,31,86,0,86
2008,12,Bács-Kiskun,2.86768654,31,99,0,99,51.69707071,31,99,0,99
2008,12,Békés,2.66119884,31,67,0,67,65.25477612,31,67,0,67
2008,12,Csongrád-Csanád,2.82560484,31,48,0,48,60.60416667,31,48,0,48
2008,12,Fejér,2.56479067,31,47,0,47,66.94702128,31,47,0,47
2008,12,Győr-Moson-Sopron,2.66320565,31,48,0,48,55.49750000,31,48,0,48
2008,12,Hajdú-Bihar,2.44089744,31,78,0,78,61.13179487,31,78,0,78
2008,12,Heves,1.95939883,31,44,0,44,77.38181818,31,44,0,44
2008,12,Jász-Nagykun-Szolnok,2.46377609,31,68,0,68,63.22455882,31,68,0,68
2008,12,Komárom-Esztergom,2.26191324,31,29,0,29,72.66413793,31,29,0,29
2008,12,Nógrád,1.49133641,31,28,0,28,74.41964286,31,28,0,28
2008,12,Pest,2.44790108,31,75,0,75,65.69746667,31,75,0,75
2008,12,Somogy,2.81538710,31,70,0,70,69.13628571,31,70,0,70
2008,12,Szabolcs-Szatmár-Bereg,2.52771922,31,71,0,71,66.30746479,31,71,0,71
2008,12,Tolna,2.93465866,31,43,0,43,58.66395349,31,43,0,43
2008,12,Vas,2.20261730,31,44,0,44,60.50772727,31,44,0,44
2008,12,Veszprém,2.14492832,31,54,0,54,71.92148148,31,54,0,54
2008,12,Zala,2.37976540,31,44,0,44,75.45159091,31,44,0,44
2009,1,Baranya,-1.74995818,31,54,0,54,60.94129630,31,54,0,54
2009,1,Borsod-Abaúj-Zemplén,-2.86177419,31,86,0,86,42.57186047,31,86,0,86
2009,1,Bács-Kiskun,-1.41428152,31,99,0,99,47.12646465,31,99,0,99
2009,1,Békés,-1.54601348,31,67,0,67,29.40925373,31,67,0,67
2009,1,Csongrád-Csanád,-1.38141129,31,48,0,48,39.84083333,31,48,0,48
2009,1,Fejér,-1.89575841,31,47,0,47,59.38425532,31,47,0,47
2009,1,Győr-Moson-Sopron,-1.75219758,31,48,0,48,54.72041667,31,48,0,48
2009,1,Hajdú-Bihar,-1.96650538,31,78,0,78,29.97076923,31,78,0,78
2009,1,Heves,-2.58589443,31,44,0,44,43.08613636,31,44,0,44
2009,1,Jász-Nagykun-Szolnok,-1.93603416,31,68,0,68,33.44044118,31,68,0,68
2009,1,Komárom-Esztergom,-2.23887653,31,29,0,29,53.60551724,31,29,0,29
2009,1,Nógrád,-3.32191244,31,28,0,28,45.74142857,31,28,0,28
2009,1,Pest,-2.03326452,31,75,0,75,41.18866667,31,75,0,75
2009,1,Somogy,-1.97922581,31,70,0,70,69.36214286,31,70,0,70
2009,1,Szabolcs-Szatmár-Bereg,-2.24737392,31,71,0,71,43.11408451,31,71,0,71
2009,1,Tolna,-1.51954989,31,43,0,43,61.32348837,31,43,0,43
2009,1,Vas,-2.10593842,31,44,0,44,77.63727273,31,44,0,44
2009,1,Veszprém,-2.25910394,31,54,0,54,77.33500000,31,54,0,54
2009,1,Zala,-2.13453812,31,44,0,44,89.17250000,31,44,0,44
2009,2,Baranya,1.66801587,28,54,0,54,57.65203704,28,54,0,54
2009,2,Borsod-Abaúj-Zemplén,0.00049419,28,86,0,86,36.37941860,28,86,0,86
2009,2,Bács-Kiskun,1.60257215,28,99,0,99,32.57222222,28,99,0,99
2009,2,Békés,0.95579424,28,67,0,67,41.84044776,28,67,0,67
2009,2,Csongrád-Csanád,1.58021577,28,48,0,48,25.25791667,28,48,0,48
2009,2,Fejér,1.02083587,28,47,0,47,51.04000000,28,47,0,47
2009,2,Győr-Moson-Sopron,1.23939732,28,48,0,48,64.18020833,28,48,0,48
2009,2,Hajdú-Bihar,0.48147894,28,78,0,78,47.97474359,28,78,0,78
2009,2,Heves,0.33648539,28,44,0,44,51.28068182,28,44,0,44
2009,2,Jász-Nagykun-Szolnok,1.09530987,28,68,0,68,41.44676471,28,68,0,68
2009,2,Komárom-Esztergom,0.46241379,28,29,0,29,72.12655172,28,29,0,29
2009,2,Nógrád,-0.33241071,28,28,0,28,58.28214286,28,28,0,28
2009,2,Pest,0.74008095,28,75,0,75,48.90520000,28,75,0,75
2009,2,Somogy,1.67350000,28,70,0,70,54.92442857,28,70,0,70
2009,2,Szabolcs-Szatmár-Bereg,0.35031690,28,71,0,71,42.39605634,28,71,0,71
2009,2,Tolna,1.59984219,28,43,0,43,54.13837209,28,43,0,43
2009,2,Vas,1.24564935,28,44,0,44,46.91681818,28,44,0,44
2009,2,Veszprém,0.81289021,28,54,0,54,69.11888889,28,54,0,54
2009,2,Zala,1.49728896,28,44,0,44,49.25795455,28,44,0,44
2009,3,Baranya,6.40522700,31,54,0,54,24.39962963,31,54,0,54
2009,3,Borsod-Abaúj-Zemplén,4.29984621,31,86,0,86,40.86779070,31,86,0,86
2009,3,Bács-Kiskun,6.31375367,31,99,0,99,20.25424242,31,99,0,99
2009,3,Békés,5.90230621,31,67,0,67,34.76761194,31,67,0,67
2009,3,Csongrád-Csanád,6.34995296,31,48,0,48,23.25916667,31,48,0,48
2009,3,Fejér,5.70171585,31,47,0,47,38.57148936,31,47,0,47
2009,3,Győr-Moson-Sopron,5.85274194,31,48,0,48,59.66083333,31,48,0,48
2009,3,Hajdú-Bihar,5.34204301,31,78,0,78,44.19128205,31,78,0,78
2009,3,Heves,4.74765396,31,44,0,44,46.72500000,31,44,0,44
2009,3,Jász-Nagykun-Szolnok,5.75321157,31,68,0,68,37.93705882,31,68,0,68
2009,3,Komárom-Esztergom,5.16484983,31,29,0,29,49.99655172,31,29,0,29
2009,3,Nógrád,4.06429724,31,28,0,28,49.00357143,31,28,0,28
2009,3,Pest,5.48211183,31,75,0,75,39.36653333,31,75,0,75
2009,3,Somogy,6.18409217,31,70,0,70,33.14014286,31,70,0,70
2009,3,Szabolcs-Szatmár-Bereg,4.75423898,31,71,0,71,47.98338028,31,71,0,71
2009,3,Tolna,6.26407352,31,43,0,43,24.29744186,31,43,0,43
2009,3,Vas,5.85670088,31,44,0,44,54.97590909,31,44,0,44
2009,3,Veszprém,5.32246117,31,54,0,54,56.61129630,31,54,0,54
2009,3,Zala,6.03429619,31,44,0,44,55.52681818,31,44,0,44
2009,4,Baranya,14.27617901,30,54,0,54,22.99074074,30,54,0,54
2009,4,Borsod-Abaúj-Zemplén,13.56046124,30,86,0,86,10.97348837,30,86,0,86
2009,4,Bács-Kiskun,14.58898990,30,99,0,99,6.78393939,30,99,0,99
2009,4,Békés,14.45256716,30,67,0,67,8.95761194,30,67,0,67
2009,4,Csongrád-Csanád,14.53824306,30,48,0,48,6.48979167,30,48,0,48
2009,4,Fejér,14.61203546,30,47,0,47,6.19340426,30,47,0,47
2009,4,Győr-Moson-Sopron,14.33840278,30,48,0,48,8.06687500,30,48,0,48
2009,4,Hajdú-Bihar,14.21569658,30,78,0,78,6.80679487,30,78,0,78
2009,4,Heves,13.96078788,30,44,0,44,4.40568182,30,44,0,44
2009,4,Jász-Nagykun-Szolnok,14.48821569,30,68,0,68,9.00955882,30,68,0,68
2009,4,Komárom-Esztergom,14.33127586,30,29,0,29,4.30103448,30,29,0,29
2009,4,Nógrád,12.76344048,30,28,0,28,8.61714286,30,28,0,28
2009,4,Pest,14.48304000,30,75,0,75,4.40840000,30,75,0,75
2009,4,Somogy,14.02203333,30,70,0,70,24.56271429,30,70,0,70
2009,4,Szabolcs-Szatmár-Bereg,14.02445070,30,71,0,71,11.42014085,30,71,0,71
2009,4,Tolna,14.58088372,30,43,0,43,11.13976744,30,43,0,43
2009,4,Vas,13.78454545,30,44,0,44,18.12863636,30,44,0,44
2009,4,Veszprém,14.30122222,30,54,0,54,11.06574074,30,54,0,54
2009,4,Zala,13.86417424,30,44,0,44,31.83840909,30,44,0,44
2009,5,Baranya,17.12081840,31,54,0,54,60.29351852,31,54,0,54
2009,5,Borsod-Abaúj-Zemplén,15.72003751,31,86,0,86,43.73186047,31,86,0,86
2009,5,Bács-Kiskun,17.41253503,31,99,0,99,36.37262626,31,99,0,99
2009,5,Békés,17.39961964,31,67,0,67,18.16701493,31,67,0,67
2009,5,Csongrád-Csanád,17.57594758,31,48,0,48,23.98979167,31,48,0,48
2009,5,Fejér,16.95827728,31,47,0,47,15.89000000,31,47,0,47
2009,5,Győr-Moson-Sopron,16.56251344,31,48,0,48,42.11000000,31,48,0,48
2009,5,Hajdú-Bihar,16.90500414,31,78,0,78,28.33974359,31,78,0,78
2009,5,Heves,16.11099707,31,44,0,44,44.93386364,31,44,0,44
2009,5,Jász-Nagykun-Szolnok,17.07785104,31,68,0,68,24.06602941,31,68,0,68
2009,5,Komárom-Esztergom,16.18583982,31,29,0,29,33.92034483,31,29,0,29
2009,5,Nógrád,15.04082949,31,28,0,28,55.46535714,31,28,0,28
2009,5,Pest,16.64685161,31,75,0,75,32.36653333,31,75,0,75
2009,5,Somogy,16.79243318,31,70,0,70,54.79800000,31,70,0,70
2009,5,Szabolcs-Szatmár-Bereg,16.26438437,31,71,0,71,42.67985915,31,71,0,71
2009,5,Tolna,17.36411853,31,43,0,43,38.62837209,31,43,0,43
2009,5,Vas,16.15656158,31,44,0,44,62.71545455,31,44,0,44
2009,5,Veszprém,16.33834528,31,54,0,54,55.10500000,31,54,0,54
2009,5,Zala,16.36744868,31,44,0,44,73.23022727,31,44,0,44
2009,6,Baranya,18.42264198,30,54,0,54,108.35814815,30,54,0,54
2009,6,Borsod-Abaúj-Zemplén,17.93367829,30,86,0,86,98.54418605,30,86,0,86
2009,6,Bács-Kiskun,19.14652525,30,99,0,99,72.12464646,30,99,0,99
2009,6,Békés,19.68418408,30,67,0,67,98.85119403,30,67,0,67
2009,6,Csongrád-Csanád,19.58895139,30,48,0,48,90.09333333,30,48,0,48
2009,6,Fejér,18.49476596,30,47,0,47,79.02617021,30,47,0,47
2009,6,Győr-Moson-Sopron,18.11922222,30,48,0,48,111.30687500,30,48,0,48
2009,6,Hajdú-Bihar,19.27446154,30,78,0,78,101.77961538,30,78,0,78
2009,6,Heves,18.17015152,30,44,0,44,90.67090909,30,44,0,44
2009,6,Jász-Nagykun-Szolnok,19.40774510,30,68,0,68,87.45397059,30,68,0,68
2009,6,Komárom-Esztergom,17.68386207,30,29,0,29,92.87482759,30,29,0,29
2009,6,Nógrád,16.91704762,30,28,0,28,87.74214286,30,28,0,28
2009,6,Pest,18.50876889,30,75,0,75,78.89466667,30,75,0,75
2009,6,Somogy,18.15707619,30,70,0,70,107.74214286,30,70,0,70
2009,6,Szabolcs-Szatmár-Bereg,18.80703286,30,71,0,71,116.44915493,30,71,0,71
2009,6,Tolna,18.75471318,30,43,0,43,78.59813953,30,43,0,43
2009,6,Vas,17.70803788,30,44,0,44,106.11795455,30,44,0,44
2009,6,Veszprém,17.77860494,30,54,0,54,91.38796296,30,54,0,54
2009,6,Zala,17.75236364,30,44,0,44,125.82863636,30,44,0,44
2009,7,Baranya,22.05658901,31,54,0,54,44.86444444,31,54,0,54
2009,7,Borsod-Abaúj-Zemplén,21.45681545,31,86,0,86,53.45732558,31,86,0,86
2009,7,Bács-Kiskun,22.83214728,31,99,0,99,32.73515152,31,99,0,99
2009,7,Békés,22.81790082,31,67,0,67,45.01567164,31,67,0,67
2009,7,Csongrád-Csanád,23.13446909,31,48,0,48,30.02354167,31,48,0,48
2009,7,Fejér,22.16424159,31,47,0,47,44.66446809,31,47,0,47
2009,7,Győr-Moson-Sopron,21.67795699,31,48,0,48,64.45979167,31,48,0,48
2009,7,Hajdú-Bihar,22.51221671,31,78,0,78,22.91705128,31,78,0,78
2009,7,Heves,21.78953812,31,44,0,44,45.77727273,31,44,0,44
2009,7,Jász-Nagykun-Szolnok,22.75433586,31,68,0,68,46.59220588,31,68,0,68
2009,7,Komárom-Esztergom,21.27208009,31,29,0,29,64.34620690,31,29,0,29
2009,7,Nógrád,20.57817972,31,28,0,28,31.44642857,31,28,0,28
2009,7,Pest,22.19772903,31,75,0,75,39.74333333,31,75,0,75
2009,7,Somogy,21.68678341,31,70,0,70,41.18900000,31,70,0,70
2009,7,Szabolcs-Szatmár-Bereg,21.92691050,31,71,0,71,21.77225352,31,71,0,71
2009,7,Tolna,22.45766692,31,43,0,43,31.34744186,31,43,0,43
2009,7,Vas,21.06982405,31,44,0,44,66.20136364,31,44,0,44
2009,7,Veszprém,21.38759857,31,54,0,54,73.06203704,31,54,0,54
2009,7,Zala,21.08582845,31,44,0,44,66.68772727,31,44,0,44
2009,8,Baranya,22.07838112,31,54,0,54,32.40888889,31,54,0,54
2009,8,Borsod-Abaúj-Zemplén,20.82353338,31,86,0,86,35.18348837,31,86,0,86
2009,8,Bács-Kiskun,22.33385793,31,99,0,99,46.82555556,31,99,0,99
2009,8,Békés,22.46060664,31,67,0,67,37.37880597,31,67,0,67
2009,8,Csongrád-Csanád,22.81230511,31,48,0,48,47.29687500,31,48,0,48
2009,8,Fejér,21.86400137,31,47,0,47,48.48063830,31,47,0,47
2009,8,Győr-Moson-Sopron,21.39362903,31,48,0,48,59.45166667,31,48,0,48
2009,8,Hajdú-Bihar,21.86694789,31,78,0,78,26.97487179,31,78,0,78
2009,8,Heves,21.33707478,31,44,0,44,40.43522727,31,44,0,44
2009,8,Jász-Nagykun-Szolnok,22.44451613,31,68,0,68,29.19779412,31,68,0,68
2009,8,Komárom-Esztergom,21.02305895,31,29,0,29,60.48793103,31,29,0,29
2009,8,Nógrád,19.90080645,31,28,0,28,65.66357143,31,28,0,28
2009,8,Pest,21.63707957,31,75,0,75,46.59960000,31,75,0,75
2009,8,Somogy,21.55900922,31,70,0,70,50.82185714,31,70,0,70
2009,8,Szabolcs-Szatmár-Bereg,21.19028169,31,71,0,71,61.13605634,31,71,0,71
2009,8,Tolna,22.28964741,31,43,0,43,41.53395349,31,43,0,43
2009,8,Vas,20.96769062,31,44,0,44,71.65750000,31,44,0,44
2009,8,Veszprém,21.39333931,31,54,0,54,58.11092593,31,54,0,54
2009,8,Zala,21.02983871,31,44,0,44,83.32454545,31,44,0,44
2009,9,Baranya,18.40890741,30,54,0,54,14.75277778,30,54,0,54
2009,9,Borsod-Abaúj-Zemplén,17.36303101,30,86,0,86,32.15058140,30,86,0,86
2009,9,Bács-Kiskun,18.55702694,30,99,0,99,19.13474747,30,99,0,99
2009,9,Békés,18.98335821,30,67,0,67,11.08761194,30,67,0,67
2009,9,Csongrád-Csanád,19.12669444,30,48,0,48,13.09666667,30,48,0,48
2009,9,Fejér,18.15304965,30,47,0,47,22.24425532,30,47,0,47
2009,9,Győr-Moson-Sopron,17.36234028,30,48,0,48,36.08333333,30,48,0,48
2009,9,Hajdú-Bihar,18.25243162,30,78,0,78,17.31538462,30,78,0,78
2009,9,Heves,17.85959848,30,44,0,44,23.85931818,30,44,0,44
2009,9,Jász-Nagykun-Szolnok,18.80554412,30,68,0,68,14.54558824,30,68,0,68
2009,9,Komárom-Esztergom,17.28413793,30,29,0,29,30.33586207,30,29,0,29
2009,9,Nógrád,16.26427381,30,28,0,28,27.63000000,30,28,0,28
2009,9,Pest,17.95992000,30,75,0,75,22.58586667,30,75,0,75
2009,9,Somogy,17.82861905,30,70,0,70,21.23100000,30,70,0,70
2009,9,Szabolcs-Szatmár-Bereg,17.48148357,30,71,0,71,23.12661972,30,71,0,71
2009,9,Tolna,18.45075194,30,43,0,43,17.84651163,30,43,0,43
2009,9,Vas,17.12630303,30,44,0,44,45.73886364,30,44,0,44
2009,9,Veszprém,17.65737037,30,54,0,54,33.47981481,30,54,0,54
2009,9,Zala,17.29555303,30,44,0,44,32.03272727,30,44,0,44
2009,10,Baranya,11.18219833,31,54,0,54,49.88425926,31,54,0,54
2009,10,Borsod-Abaúj-Zemplén,9.50419730,31,86,0,86,57.99209302,31,86,0,86
2009,10,Bács-Kiskun,11.17756924,31,99,0,99,56.04313131,31,99,0,99
2009,10,Békés,11.21795378,31,67,0,67,76.04208955,31,67,0,67
2009,10,Csongrád-Csanád,11.39209677,31,48,0,48,72.07270833,31,48,0,48
2009,10,Fejér,10.72853809,31,47,0,47,49.63553191,31,47,0,47
2009,10,Győr-Moson-Sopron,10.37365591,31,48,0,48,39.76229167,31,48,0,48
2009,10,Hajdú-Bihar,10.59660463,31,78,0,78,74.93653846,31,78,0,78
2009,10,Heves,10.08645894,31,44,0,44,49.97636364,31,44,0,44
2009,10,Jász-Nagykun-Szolnok,11.04797913,31,68,0,68,62.58867647,31,68,0,68
2009,10,Komárom-Esztergom,10.05662959,31,29,0,29,53.43620690,31,29,0,29
2009,10,Nógrád,8.96565668,31,28,0,28,59.63750000,31,28,0,28
2009,10,Pest,10.36322581,31,75,0,75,55.92040000,31,75,0,75
2009,10,Somogy,10.89717051,31,70,0,70,72.71242857,31,70,0,70
2009,10,Szabolcs-Szatmár-Bereg,9.98304407,31,71,0,71,87.53676056,31,71,0,71
2009,10,Tolna,11.19794449,31,43,0,43,47.25976744,31,43,0,43
2009,10,Vas,10.10352639,31,44,0,44,41.96340909,31,44,0,44
2009,10,Veszprém,10.46926523,31,54,0,54,53.87629630,31,54,0,54
2009,10,Zala,10.53176686,31,44,0,44,52.89568182,31,44,0,44
2009,11,Baranya,7.49977778,30,54,0,54,78.42037037,30,54,0,54
2009,11,Borsod-Abaúj-Zemplén,5.78338760,30,86,0,86,88.26139535,30,86,0,86
2009,11,Bács-Kiskun,7.33289562,30,99,0,99,89.32767677,30,99,0,99
2009,11,Békés,7.58656219,30,67,0,67,114.85328358,30,67,0,67
2009,11,Csongrád-Csanád,7.59381944,30,48,0,48,80.08395833,30,48,0,48
2009,11,Fejér,6.78036170,30,47,0,47,67.77936170,30,47,0,47
2009,11,Győr-Moson-Sopron,6.51110417,30,48,0,48,56.11000000,30,48,0,48
2009,11,Hajdú-Bihar,7.08198718,30,78,0,78,85.48500000,30,78,0,78
2009,11,Heves,6.19221212,30,44,0,44,95.19977273,30,44,0,44
2009,11,Jász-Nagykun-Szolnok,7.09158824,30,68,0,68,102.46764706,30,68,0,68
2009,11,Komárom-Esztergom,6.40089655,30,29,0,29,68.84344828,30,29,0,29
2009,11,Nógrád,5.59164286,30,28,0,28,76.85285714,30,28,0,28
2009,11,Pest,6.51672000,30,75,0,75,87.55600000,30,75,0,75
2009,11,Somogy,7.13674762,30,70,0,70,71.37885714,30,70,0,70
2009,11,Szabolcs-Szatmár-Bereg,6.79529577,30,71,0,71,81.30929577,30,71,0,71
2009,11,Tolna,7.42024031,30,43,0,43,85.09232558,30,43,0,43
2009,11,Vas,6.08309848,30,44,0,44,56.26386364,30,44,0,44
2009,11,Veszprém,6.64691975,30,54,0,54,55.53592593,30,54,0,54
2009,11,Zala,6.57820455,30,44,0,44,61.77931818,30,44,0,44
2009,12,Baranya,2.24335125,31,54,0,54,95.47259259,31,54,0,54
2009,12,Borsod-Abaúj-Zemplén,0.33028507,31,86,0,86,69.54383721,31,86,0,86
2009,12,Bács-Kiskun,2.15132616,31,99,0,99,62.85070707,31,99,0,99
2009,12,Békés,2.41411651,31,67,0,67,59.18985075,31,67,0,67
2009,12,Csongrád-Csanád,2.44890457,31,48,0,48,65.97583333,31,48,0,48
2009,12,Fejér,1.30827042,31,47,0,47,68.58191489,31,47,0,47
2009,12,Győr-Moson-Sopron,1.36971774,31,48,0,48,54.04166667,31,48,0,48
2009,12,Hajdú-Bihar,1.71844500,31,78,0,78,68.54051282,31,78,0,78
2009,12,Heves,0.65611437,31,44,0,44,71.97295455,31,44,0,44
2009,12,Jász-Nagykun-Szolnok,1.70762808,31,68,0,68,59.15558824,31,68,0,68
2009,12,Komárom-Esztergom,0.87917686,31,29,0,29,72.51137931,31,29,0,29
2009,12,Nógrád,-0.08683180,31,28,0,28,85.28750000,31,28,0,28
2009,12,Pest,1.08912688,31,75,0,75,73.37200000,31,75,0,75
2009,12,Somogy,1.89590323,31,70,0,70,83.58200000,31,70,0,70
2009,12,Szabolcs-Szatmár-Bereg,1.27520218,31,71,0,71,70.83366197,31,71,0,71
2009,12,Tolna,2.06509377,31,43,0,43,73.25837209,31,43,0,43
2009,12,Vas,1.12194282,31,44,0,44,55.90886364,31,44,0,44
2009,12,Veszprém,1.17889486,31,54,0,54,64.93796296,31,54,0,54
2009,12,Zala,1.49219941,31,44,0,44,60.41909091,31,44,0,44
2010,1,Baranya,-1.75857826,31,54,0,54,61.36685185,31,54,0,54
2010,1,Borsod-Abaúj-Zemplén,-2.65584396,31,86,0,86,51.97011628,31,86,0,86
2010,1,Bács-Kiskun,-1.73193223,31,99,0,99,59.21080808,31,99,0,99
2010,1,Békés,-1.54732788,31,67,0,67,60.18970149,31,67,0,67
2010,1,Csongrád-Csanád,-1.49039651,31,48,0,48,63.72895833,31,48,0,48
2010,1,Fejér,-2.32835278,31,47,0,47,48.49127660,31,47,0,47
2010,1,Győr-Moson-Sopron,-2.34688172,31,48,0,48,41.71895833,31,48,0,48
2010,1,Hajdú-Bihar,-1.88490074,31,78,0,78,47.99884615,31,78,0,78
2010,1,Heves,-2.51073314,31,44,0,44,62.54636364,31,44,0,44
2010,1,Jász-Nagykun-Szolnok,-1.92433586,31,68,0,68,55.40411765,31,68,0,68
2010,1,Komárom-Esztergom,-2.76572859,31,29,0,29,52.01551724,31,29,0,29
2010,1,Nógrád,-3.24930876,31,28,0,28,66.45250000,31,28,0,28
2010,1,Pest,-2.49275699,31,75,0,75,59.66520000,31,75,0,75
2010,1,Somogy,-1.96098618,31,70,0,70,52.33300000,31,70,0,70
2010,1,Szabolcs-Szatmár-Bereg,-2.18326215,31,71,0,71,47.56774648,31,71,0,71
2010,1,Tolna,-1.79831208,31,43,0,43,52.25069767,31,43,0,43
2010,1,Vas,-2.36829912,31,44,0,44,43.48795455,31,44,0,44
2010,1,Veszprém,-2.62848268,31,54,0,54,47.57518519,31,54,0,54
2010,1,Zala,-2.05125367,31,44,0,44,49.12295455,31,44,0,44
2010,2,Baranya,0.89078042,28,54,0,54,65.72074074,28,54,0,54
2010,2,Borsod-Abaúj-Zemplén,-0.71728821,28,86,0,86,56.88337209,28,86,0,86
2010,2,Bács-Kiskun,0.96957431,28,99,0,99,73.96202020,28,99,0,99
2010,2,Békés,1.62163646,28,67,0,67,53.51402985,28,67,0,67
2010,2,Csongrád-Csanád,1.45067708,28,48,0,48,68.72312500,28,48,0,48
2010,2,Fejér,0.27578267,28,47,0,47,66.21382979,28,47,0,47
2010,2,Győr-Moson-Sopron,0.88491071,28,48,0,48,29.64708333,28,48,0,48
2010,2,Hajdú-Bihar,0.77972985,28,78,0,78,52.82179487,28,78,0,78
2010,2,Heves,-0.28814123,28,44,0,44,64.00977273,28,44,0,44
2010,2,Jász-Nagykun-Szolnok,0.47505777,28,68,0,68,68.98573529,28,68,0,68
2010,2,Komárom-Esztergom,0.10317734,28,29,0,29,56.21586207,28,29,0,29
2010,2,Nógrád,-1.03373724,28,28,0,28,56.14785714,28,28,0,28
2010,2,Pest,0.09940952,28,75,0,75,61.52840000,28,75,0,75
2010,2,Somogy,0.73674490,28,70,0,70,68.22985714,28,70,0,70
2010,2,Szabolcs-Szatmár-Bereg,0.45710262,28,71,0,71,54.77591549,28,71,0,71
2010,2,Tolna,0.87634551,28,43,0,43,83.33651163,28,43,0,43
2010,2,Vas,0.80471591,28,44,0,44,39.89159091,28,44,0,44
2010,2,Veszprém,0.28305556,28,54,0,54,56.01111111,28,54,0,54
2010,2,Zala,0.86468344,28,44,0,44,54.45386364,28,44,0,44
2010,3,Baranya,6.41854839,31,54,0,54,30.39222222,31,54,0,54
2010,3,Borsod-Abaúj-Zemplén,4.87480120,31,86,0,86,19.44232558,31,86,0,86
2010,3,Bács-Kiskun,6.60184099,31,99,0,99,18.57252525,31,99,0,99
2010,3,Békés,6.49116033,31,67,0,67,19.41761194,31,67,0,67
2010,3,Csongrád-Csanád,6.65940860,31,48,0,48,20.36479167,31,48,0,48
2010,3,Fejér,6.19898421,31,47,0,47,17.98340426,31,47,0,47
2010,3,Győr-Moson-Sopron,6.29317876,31,48,0,48,18.18604167,31,48,0,48
2010,3,Hajdú-Bihar,5.99787428,31,78,0,78,21.54141026,31,78,0,78
2010,3,Heves,5.17768328,31,44,0,44,21.12000000,31,44,0,44
2010,3,Jász-Nagykun-Szolnok,6.17362903,31,68,0,68,17.70647059,31,68,0,68
2010,3,Komárom-Esztergom,5.83292547,31,29,0,29,17.18172414,31,29,0,29
2010,3,Nógrád,4.40923963,31,28,0,28,23.45642857,31,28,0,28
2010,3,Pest,5.90045591,31,75,0,75,20.10840000,31,75,0,75
2010,3,Somogy,6.26156221,31,70,0,70,23.62028571,31,70,0,70
2010,3,Szabolcs-Szatmár-Bereg,5.46559291,31,71,0,71,28.33366197,31,71,0,71
2010,3,Tolna,6.51186047,31,43,0,43,19.36325581,31,43,0,43
2010,3,Vas,5.84108504,31,44,0,44,23.36590909,31,44,0,44
2010,3,Veszprém,5.93379331,31,54,0,54,15.37185185,31,54,0,54
2010,3,Zala,6.02903959,31,44,0,44,26.72227273,31,44,0,44
2010,4,Baranya,11.41189506,30,54,0,54,65.49462963,30,54,0,54
2010,4,Borsod-Abaúj-Zemplén,10.45853101,30,86,0,86,83.08860465,30,86,0,86
2010,4,Bács-Kiskun,11.64581481,30,99,0,99,65.26505051,30,99,0,99
2010,4,Békés,11.68654726,30,67,0,67,60.63358209,30,67,0,67
2010,4,Csongrád-Csanád,11.90300694,30,48,0,48,56.12000000,30,48,0,48
2010,4,Fejér,11.28846099,30,47,0,47,67.55106383,30,47,0,47
2010,4,Győr-Moson-Sopron,10.78715278,30,48,0,48,74.27395833,30,48,0,48
2010,4,Hajdú-Bihar,11.39003419,30,78,0,78,72.33512821,30,78,0,78
2010,4,Heves,10.62225000,30,44,0,44,69.87522727,30,44,0,44
2010,4,Jász-Nagykun-Szolnok,11.39648039,30,68,0,68,65.77382353,30,68,0,68
2010,4,Komárom-Esztergom,10.61125287,30,29,0,29,89.98000000,30,29,0,29
2010,4,Nógrád,9.68923810,30,28,0,28,57.20785714,30,28,0,28
2010,4,Pest,11.06716444,30,75,0,75,55.60813333,30,75,0,75
2010,4,Somogy,11.14243333,30,70,0,70,67.56671429,30,70,0,70
2010,4,Szabolcs-Szatmár-Bereg,11.27335681,30,71,0,71,65.34380282,30,71,0,71
2010,4,Tolna,11.47200775,30,43,0,43,62.50162791,30,43,0,43
2010,4,Vas,10.50668182,30,44,0,44,56.58000000,30,44,0,44
2010,4,Veszprém,10.81791975,30,54,0,54,85.37314815,30,54,0,54
2010,4,Zala,10.83591667,30,44,0,44,56.23727273,30,44,0,44
2010,5,Baranya,15.75064516,31,54,0,54,222.63388889,31,54,0,54
2010,5,Borsod-Abaúj-Zemplén,15.05546512,31,86,0,86,211.57651163,31,86,0,86
2010,5,Bács-Kiskun,16.07444444,31,99,0,99,190.68939394,31,99,0,99
2010,5,Békés,16.22659605,31,67,0,67,143.34626866,31,67,0,67
2010,5,Csongrád-Csanád,16.35471774,31,48,0,48,164.97770833,31,48,0,48
2010,5,Fejér,15.46203157,31,47,0,47,192.86361702,31,47,0,47
2010,5,Győr-Moson-Sopron,14.90649194,31,48,0,48,168.06791667,31,48,0,48
2010,5,Hajdú-Bihar,16.18164185,31,78,0,78,136.57448718,31,78,0,78
2010,5,Heves,15.24184751,31,44,0,44,191.52886364,31,44,0,44
2010,5,Jász-Nagykun-Szolnok,16.04705882,31,68,0,68,152.61955882,31,68,0,68
2010,5,Komárom-Esztergom,14.83531702,31,29,0,29,247.19103448,31,29,0,29
2010,5,Nógrád,14.43304147,31,28,0,28,216.64678571,31,28,0,28
2010,5,Pest,15.38711398,31,75,0,75,194.82800000,31,75,0,75
2010,5,Somogy,15.43008756,31,70,0,70,172.74114286,31,70,0,70
2010,5,Szabolcs-Szatmár-Bereg,15.92373012,31,71,0,71,155.92422535,31,71,0,71
2010,5,Tolna,15.92475619,31,43,0,43,199.05976744,31,43,0,43
2010,5,Vas,14.68048387,31,44,0,44,85.32840909,31,44,0,44
2010,5,Veszprém,14.75560932,31,54,0,54,188.04240741,31,54,0,54
2010,5,Zala,15.02892962,31,44,0,44,102.61090909,31,44,0,44
2010,6,Baranya,19.47720988,30,54,0,54,148.92981481,30,54,0,54
2010,6,Borsod-Abaúj-Zemplén,18.48117829,30,86,0,86,119.93872093,30,86,0,86
2010,6,Bács-Kiskun,19.77658249,30,99,0,99,120.25696970,30,99,0,99
2010,6,Békés,19.78134826,30,67,0,67,93.23791045,30,67,0,67
2010,6,Csongrád-Csanád,19.95124306,30,48,0,48,105.47104167,30,48,0,48
2010,6,Fejér,19.35627660,30,47,0,47,130.21638298,30,47,0,47
2010,6,Győr-Moson-Sopron,19.21422917,30,48,0,48,101.98854167,30,48,0,48
2010,6,Hajdú-Bihar,19.53669231,30,78,0,78,102.93051282,30,78,0,78
2010,6,Heves,18.83386364,30,44,0,44,97.41795455,30,44,0,44
2010,6,Jász-Nagykun-Szolnok,19.66015686,30,68,0,68,93.36500000,30,68,0,68
2010,6,Komárom-Esztergom,18.86705747,30,29,0,29,139.10206897,30,29,0,29
2010,6,Nógrád,18.30605952,30,28,0,28,149.03500000,30,28,0,28
2010,6,Pest,19.32123111,30,75,0,75,120.59666667,30,75,0,75
2010,6,Somogy,19.14078571,30,70,0,70,161.50671429,30,70,0,70
2010,6,Szabolcs-Szatmár-Bereg,19.28470423,30,71,0,71,100.60774648,30,71,0,71
2010,6,Tolna,19.58181395,30,43,0,43,170.34186047,30,43,0,43
2010,6,Vas,18.81281061,30,44,0,44,103.12863636,30,44,0,44
2010,6,Veszprém,18.79217901,30,54,0,54,124.69074074,30,54,0,54
2010,6,Zala,18.82289394,30,44,0,44,126.01363636,30,44,0,44
2010,7,Baranya,22.48335723,31,54,0,54,50.79685185,31,54,0,54
2010,7,Borsod-Abaúj-Zemplén,21.47275319,31,86,0,86,137.23244186,31,86,0,86
2010,7,Bács-Kiskun,22.82837732,31,99,0,99,69.74141414,31,99,0,99
2010,7,Békés,22.81978816,31,67,0,67,54.66746269,31,67,0,67
2010,7,Csongrád-Csanád,23.05643145,31,48,0,48,67.15770833,31,48,0,48
2010,7,Fejér,22.70954015,31,47,0,47,46.12851064,31,47,0,47
2010,7,Győr-Moson-Sopron,22.55603495,31,48,0,48,50.15312500,31,48,0,48
2010,7,Hajdú-Bihar,22.34938792,31,78,0,78,107.70102564,31,78,0,78
2010,7,Heves,21.98608504,31,44,0,44,113.62795455,31,44,0,44
2010,7,Jász-Nagykun-Szolnok,22.83553131,31,68,0,68,80.42823529,31,68,0,68
2010,7,Komárom-Esztergom,22.09783092,31,29,0,29,64.32827586,31,29,0,29
2010,7,Nógrád,21.18357143,31,28,0,28,90.50321429,31,28,0,28
2010,7,Pest,22.58457204,31,75,0,75,62.47986667,31,75,0,75
2010,7,Somogy,22.28175576,31,70,0,70,52.96114286,31,70,0,70
2010,7,Szabolcs-Szatmár-Bereg,21.78287142,31,71,0,71,152.05070423,31,71,0,71
2010,7,Tolna,22.72240060,31,43,0,43,57.43813953,31,43,0,43
2010,7,Vas,22.16728739,31,44,0,44,73.32204545,31,44,0,44
2010,7,Veszprém,22.23819594,31,54,0,54,38.44685185,31,54,0,54
2010,7,Zala,21.98797654,31,44,0,44,74.39954545,31,44,0,44
2010,8,Baranya,20.46886499,31,54,0,54,55.26388889,31,54,0,54
2010,8,Borsod-Abaúj-Zemplén,19.89125281,31,86,0,86,90.36779070,31,86,0,86
2010,8,Bács-Kiskun,20.82819811,31,99,0,99,60.97595960,31,99,0,99
2010,8,Békés,21.43710640,31,67,0,67,82.91313433,31,67,0,67
2010,8,Csongrád-Csanád,21.46051747,31,48,0,48,56.32520833,31,48,0,48
2010,8,Fejér,20.18724777,31,47,0,47,127.97510638,31,47,0,47
2010,8,Győr-Moson-Sopron,19.80169355,31,48,0,48,119.84562500,31,48,0,48
2010,8,Hajdú-Bihar,21.07480562,31,78,0,78,99.66641026,31,78,0,78
2010,8,Heves,19.92038856,31,44,0,44,80.24090909,31,44,0,44
2010,8,Jász-Nagykun-Szolnok,20.98454459,31,68,0,68,76.86970588,31,68,0,68
2010,8,Komárom-Esztergom,19.47829811,31,29,0,29,135.85862069,31,29,0,29
2010,8,Nógrád,18.80230415,31,28,0,28,89.29964286,31,28,0,28
2010,8,Pest,20.13542796,31,75,0,75,88.86520000,31,75,0,75
2010,8,Somogy,20.01169585,31,70,0,70,133.40914286,31,70,0,70
2010,8,Szabolcs-Szatmár-Bereg,20.87431622,31,71,0,71,83.16732394,31,71,0,71
2010,8,Tolna,20.57105026,31,43,0,43,78.48488372,31,43,0,43
2010,8,Vas,19.26566716,31,44,0,44,146.82818182,31,44,0,44
2010,8,Veszprém,19.69000597,31,54,0,54,142.12111111,31,54,0,54
2010,8,Zala,19.53366569,31,44,0,44,162.54409091,31,44,0,44
2010,9,Baranya,14.30383951,30,54,0,54,161.94296296,30,54,0,54
2010,9,Borsod-Abaúj-Zemplén,13.49885271,30,86,0,86,118.64418605,30,86,0,86
2010,9,Bács-Kiskun,14.62754209,30,99,0,99,152.18787879,30,99,0,99
2010,9,Békés,15.32327861,30,67,0,67,90.18119403,30,67,0,67
2010,9,Csongrád-Csanád,15.26311806,30,48,0,48,112.15354167,30,48,0,48
2010,9,Fejér,14.21310638,30,47,0,47,134.45170213,30,47,0,47
2010,9,Győr-Moson-Sopron,14.10486806,30,48,0,48,104.74083333,30,48,0,48
2010,9,Hajdú-Bihar,14.71840171,30,78,0,78,86.68410256,30,78,0,78
2010,9,Heves,13.93080303,30,44,0,44,130.79568182,30,44,0,44
2010,9,Jász-Nagykun-Szolnok,14.87389216,30,68,0,68,104.73088235,30,68,0,68
2010,9,Komárom-Esztergom,13.68168966,30,29,0,29,101.13310345,30,29,0,29
2010,9,Nógrád,13.16911905,30,28,0,28,142.21750000,30,28,0,28
2010,9,Pest,14.05435111,30,75,0,75,140.16466667,30,75,0,75
2010,9,Somogy,14.10447143,30,70,0,70,170.78485714,30,70,0,70
2010,9,Szabolcs-Szatmár-Bereg,14.09713146,30,71,0,71,99.03887324,30,71,0,71
2010,9,Tolna,14.36220930,30,43,0,43,163.50767442,30,43,0,43
2010,9,Vas,13.79698485,30,44,0,44,132.12613636,30,44,0,44
2010,9,Veszprém,13.82251852,30,54,0,54,142.57314815,30,54,0,54
2010,9,Zala,13.89208333,30,44,0,44,164.30295455,30,44,0,44
2010,10,Baranya,8.23253883,31,54,0,54,58.12444444,31,54,0,54
2010,10,Borsod-Abaúj-Zemplén,6.82358965,31,86,0,86,22.67279070,31,86,0,86
2010,10,Bács-Kiskun,8.13539915,31,99,0,99,35.96666667,31,99,0,99
2010,10,Békés,8.13226288,31,67,0,67,38.39820896,31,67,0,67
2010,10,Csongrád-Csanád,8.42779570,31,48,0,48,45.52541667,31,48,0,48
2010,10,Fejér,8.03027454,31,47,0,47,33.16148936,31,47,0,47
2010,10,Győr-Moson-Sopron,7.97975134,31,48,0,48,44.89791667,31,48,0,48
2010,10,Hajdú-Bihar,7.60650951,31,78,0,78,26.95653846,31,78,0,78
2010,10,Heves,7.32792522,31,44,0,44,24.48522727,31,44,0,44
2010,10,Jász-Nagykun-Szolnok,7.90513757,31,68,0,68,25.54705882,31,68,0,68
2010,10,Komárom-Esztergom,7.78919911,31,29,0,29,40.91448276,31,29,0,29
2010,10,Nógrád,6.39329493,31,28,0,28,32.33857143,31,28,0,28
2010,10,Pest,7.64806882,31,75,0,75,37.05746667,31,75,0,75
2010,10,Somogy,8.16220276,31,70,0,70,43.48685714,31,70,0,70
2010,10,Szabolcs-Szatmár-Bereg,7.13226261,31,71,0,71,17.83591549,31,71,0,71
2010,10,Tolna,8.24953488,31,43,0,43,41.70883721,31,43,0,43
2010,10,Vas,7.82365103,31,44,0,44,41.96636364,31,44,0,44
2010,10,Veszprém,8.10543608,31,54,0,54,44.15666667,31,54,0,54
2010,10,Zala,8.09685484,31,44,0,44,43.05068182,31,44,0,44
2010,11,Baranya,8.21223457,30,54,0,54,66.03500000,30,54,0,54
2010,11,Borsod-Abaúj-Zemplén,7.22214341,30,86,0,86,73.48965116,30,86,0,86
2010,11,Bács-Kiskun,8.10192929,30,99,0,99,59.89969697,30,99,0,99
2010,11,Békés,8.43441791,30,67,0,67,69.31656716,30,67,0,67
2010,11,Csongrád-Csanád,8.45924306,30,48,0,48,62.01354167,30,48,0,48
2010,11,Fejér,7.59564539,30,47,0,47,79.93212766,30,47,0,47
2010,11,Győr-Moson-Sopron,7.66711111,30,48,0,48,62.14916667,30,48,0,48
2010,11,Hajdú-Bihar,7.94111538,30,78,0,78,66.56666667,30,78,0,78
2010,11,Heves,7.40429545,30,44,0,44,76.47000000,30,44,0,44
2010,11,Jász-Nagykun-Szolnok,8.03544118,30,68,0,68,58.72352941,30,68,0,68
2010,11,Komárom-Esztergom,7.59350575,30,29,0,29,87.84103448,30,29,0,29
2010,11,Nógrád,6.80422619,30,28,0,28,75.78714286,30,28,0,28
2010,11,Pest,7.60999556,30,75,0,75,72.44453333,30,75,0,75
2010,11,Somogy,7.95614762,30,70,0,70,85.25585714,30,70,0,70
2010,11,Szabolcs-Szatmár-Bereg,7.85156338,30,71,0,71,71.75028169,30,71,0,71
2010,11,Tolna,8.06202326,30,43,0,43,67.22697674,30,43,0,43
2010,11,Vas,7.14350758,30,44,0,44,72.96681818,30,44,0,44
2010,11,Veszprém,7.56487654,30,54,0,54,85.51907407,30,54,0,54
2010,11,Zala,7.60971212,30,44,0,44,89.88704545,30,44,0,44
2010,12,Baranya,-0.19682198,31,54,0,54,65.48314815,31,54,0,54
2010,12,Borsod-Abaúj-Zemplén,-2.91455364,31,86,0,86,87.04627907,31,86,0,86
2010,12,Bács-Kiskun,-0.73135223,31,99,0,99,78.23646465,31,99,0,99
2010,12,Békés,-0.47115551,31,67,0,67,98.60611940,31,67,0,67
2010,12,Csongrád-Csanád,-0.48106855,31,48,0,48,93.01479167,31,48,0,48
2010,12,Fejér,-1.46660261,31,47,0,47,48.15489362,31,47,0,47
2010,12,Győr-Moson-Sopron,-1.60010081,31,48,0,48,39.59395833,31,48,0,48
2010,12,Hajdú-Bihar,-1.16704715,31,78,0,78,103.53820513,31,78,0,78
2010,12,Heves,-2.71640762,31,44,0,44,81.39886364,31,44,0,44
2010,12,Jász-Nagykun-Szolnok,-1.43181214,31,68,0,68,92.68588235,31,68,0,68
2010,12,Komárom-Esztergom,-1.80923248,31,29,0,29,53.49413793,31,29,0,29
2010,12,Nógrád,-3.51986175,31,28,0,28,64.74178571,31,28,0,28
2010,12,Pest,-2.05119570,31,75,0,75,62.75680000,31,75,0,75
2010,12,Somogy,-0.48267742,31,70,0,70,54.24514286,31,70,0,70
2010,12,Szabolcs-Szatmár-Bereg,-1.50440709,31,71,0,71,109.38028169,31,71,0,71
2010,12,Tolna,-0.39416354,31,43,0,43,66.03883721,31,43,0,43
2010,12,Vas,-1.42060117,31,44,0,44,48.68863636,31,44,0,44
2010,12,Veszprém,-1.33626643,31,54,0,54,52.26296296,31,54,0,54
2010,12,Zala,-0.89630499,31,44,0,44,59.92204545,31,44,0,44
2011,1,Baranya,0.78387694,31,54,0,54,14.71703704,31,54,0,54
2011,1,Borsod-Abaúj-Zemplén,-1.68172168,31,86,0,86,24.20523256,31,86,0,86
2011,1,Bács-Kiskun,0.43347019,31,99,0,99,13.53080808,31,99,0,99
2011,1,Békés,-0.62508907,31,67,0,67,17.91641791,31,67,0,67
2011,1,Csongrád-Csanád,-0.10949597,31,48,0,48,11.62645833,31,48,0,48
2011,1,Fejér,-0.13793411,31,47,0,47,12.86319149,31,47,0,47
2011,1,Győr-Moson-Sopron,-0.00759409,31,48,0,48,14.73687500,31,48,0,48
2011,1,Hajdú-Bihar,-0.84079818,31,78,0,78,20.32602564,31,78,0,78
2011,1,Heves,-1.37005865,31,44,0,44,21.07022727,31,44,0,44
2011,1,Jász-Nagykun-Szolnok,-0.48974383,31,68,0,68,17.93455882,31,68,0,68
2011,1,Komárom-Esztergom,-0.58278087,31,29,0,29,14.10655172,31,29,0,29
2011,1,Nógrád,-1.99261521,31,28,0,28,21.02785714,31,28,0,28
2011,1,Pest,-0.55455054,31,75,0,75,17.99106667,31,75,0,75
2011,1,Somogy,0.61308295,31,70,0,70,7.92242857,31,70,0,70
2011,1,Szabolcs-Szatmár-Bereg,-1.09169923,31,71,0,71,30.66845070,31,71,0,71
2011,1,Tolna,0.76210053,31,43,0,43,13.31953488,31,43,0,43
2011,1,Vas,-0.23565982,31,44,0,44,12.45931818,31,44,0,44
2011,1,Veszprém,-0.11514337,31,54,0,54,8.14537037,31,54,0,54
2011,1,Zala,0.34392229,31,44,0,44,9.79431818,31,44,0,44
2011,2,Baranya,0.17246032,28,54,0,54,11.20481481,28,54,0,54
2011,2,Borsod-Abaúj-Zemplén,-2.46365449,28,86,0,86,9.45337209,28,86,0,86
2011,2,Bács-Kiskun,-0.06362554,28,99,0,99,9.02434343,28,99,0,99
2011,2,Békés,-0.96499467,28,67,0,67,20.29074627,28,67,0,67
2011,2,Csongrád-Csanád,-0.38364583,28,48,0,48,17.79437500,28,48,0,48
2011,2,Fejér,-0.28987842,28,47,0,47,4.45340426,28,47,0,47
2011,2,Győr-Moson-Sopron,-0.08178571,28,48,0,48,5.84145833,28,48,0,48
2011,2,Hajdú-Bihar,-1.75978480,28,78,0,78,16.91025641,28,78,0,78
2011,2,Heves,-1.31952922,28,44,0,44,10.78727273,28,44,0,44
2011,2,Jász-Nagykun-Szolnok,-0.71611870,28,68,0,68,13.09367647,28,68,0,68
2011,2,Komárom-Esztergom,-0.57167488,28,29,0,29,7.60172414,28,29,0,29
2011,2,Nógrád,-1.50303571,28,28,0,28,9.86642857,28,28,0,28
2011,2,Pest,-0.44963810,28,75,0,75,7.19466667,28,75,0,75
2011,2,Somogy,0.00104082,28,70,0,70,7.12085714,28,70,0,70
2011,2,Szabolcs-Szatmár-Bereg,-2.34594567,28,71,0,71,17.40154930,28,71,0,71
2011,2,Tolna,-0.03223422,28,43,0,43,3.97837209,28,43,0,43
2011,2,Vas,-0.33468344,28,44,0,44,5.95750000,28,44,0,44
2011,2,Veszprém,-0.42755291,28,54,0,54,4.53277778,28,54,0,54
2011,2,Zala,-0.18697240,28,44,0,44,6.69000000,28,44,0,44
2011,3,Baranya,6.10129032,31,54,0,54,23.14962963,31,54,0,54
2011,3,Borsod-Abaúj-Zemplén,5.04431733,31,86,0,86,37.91313953,31,86,0,86
2011,3,Bács-Kiskun,5.87622678,31,99,0,99,27.96717172,31,99,0,99
2011,3,Békés,5.96774194,31,67,0,67,30.41417910,31,67,0,67
2011,3,Csongrád-Csanád,5.90832661,31,48,0,48,39.26145833,31,48,0,48
2011,3,Fejér,5.92253260,31,47,0,47,22.50702128,31,47,0,47
2011,3,Győr-Moson-Sopron,6.24515457,31,48,0,48,31.32500000,31,48,0,48
2011,3,Hajdú-Bihar,5.82515715,31,78,0,78,29.87666667,31,78,0,78
2011,3,Heves,5.37194282,31,44,0,44,39.15250000,31,44,0,44
2011,3,Jász-Nagykun-Szolnok,5.93538899,31,68,0,68,26.50838235,31,68,0,68
2011,3,Komárom-Esztergom,5.92725250,31,29,0,29,32.07448276,31,29,0,29
2011,3,Nógrád,4.67470046,31,28,0,28,47.78607143,31,28,0,28
2011,3,Pest,5.87206022,31,75,0,75,33.00560000,31,75,0,75
2011,3,Somogy,5.99461290,31,70,0,70,20.86042857,31,70,0,70
2011,3,Szabolcs-Szatmár-Bereg,5.46225352,31,71,0,71,37.62676056,31,71,0,71
2011,3,Tolna,5.97009002,31,43,0,43,28.63186047,31,43,0,43
2011,3,Vas,5.83130499,31,44,0,44,23.51840909,31,44,0,44
2011,3,Veszprém,5.88008961,31,54,0,54,23.61944444,31,54,0,54
2011,3,Zala,5.90920088,31,44,0,44,18.21204545,31,44,0,44
2011,4,Baranya,12.87835802,30,54,0,54,16.18907407,30,54,0,54
2011,4,Borsod-Abaúj-Zemplén,12.02742636,30,86,0,86,13.55872093,30,86,0,86
2011,4,Bács-Kiskun,12.96981818,30,99,0,99,9.81888889,30,99,0,99
2011,4,Békés,12.81295522,30,67,0,67,16.14955224,30,67,0,67
2011,4,Csongrád-Csanád,13.06784028,30,48,0,48,5.44354167,30,48,0,48
2011,4,Fejér,12.80026241,30,47,0,47,15.48702128,30,47,0,47
2011,4,Győr-Moson-Sopron,12.87729861,30,48,0,48,26.73958333,30,48,0,48
2011,4,Hajdú-Bihar,12.57636325,30,78,0,78,18.33307692,30,78,0,78
2011,4,Heves,12.28894697,30,44,0,44,17.07886364,30,44,0,44
2011,4,Jász-Nagykun-Szolnok,12.97581373,30,68,0,68,11.35323529,30,68,0,68
2011,4,Komárom-Esztergom,12.46877011,30,29,0,29,27.29413793,30,29,0,29
2011,4,Nógrád,11.34229762,30,28,0,28,18.81857143,30,28,0,28
2011,4,Pest,12.63175111,30,75,0,75,12.05493333,30,75,0,75
2011,4,Somogy,12.71376667,30,70,0,70,19.01242857,30,70,0,70
2011,4,Szabolcs-Szatmár-Bereg,12.29309390,30,71,0,71,18.31718310,30,71,0,71
2011,4,Tolna,12.97455039,30,43,0,43,11.82976744,30,43,0,43
2011,4,Vas,12.46458333,30,44,0,44,42.20227273,30,44,0,44
2011,4,Veszprém,12.57832099,30,54,0,54,25.51037037,30,54,0,54
2011,4,Zala,12.57929545,30,44,0,44,33.38113636,30,44,0,44
2011,5,Baranya,15.89590203,31,54,0,54,35.14462963,31,54,0,54
2011,5,Borsod-Abaúj-Zemplén,15.65331958,31,86,0,86,43.90720930,31,86,0,86
2011,5,Bács-Kiskun,16.28392310,31,99,0,99,63.83090909,31,99,0,99
2011,5,Békés,16.58257583,31,67,0,67,54.03059701,31,67,0,67
2011,5,Csongrád-Csanád,16.59483199,31,48,0,48,66.03291667,31,48,0,48
2011,5,Fejér,16.08166781,31,47,0,47,35.05063830,31,47,0,47
2011,5,Győr-Moson-Sopron,15.86767473,31,48,0,48,41.83895833,31,48,0,48
2011,5,Hajdú-Bihar,16.48811828,31,78,0,78,49.63128205,31,78,0,78
2011,5,Heves,15.82557185,31,44,0,44,45.30068182,31,44,0,44
2011,5,Jász-Nagykun-Szolnok,16.67834440,31,68,0,68,51.08338235,31,68,0,68
2011,5,Komárom-Esztergom,15.53869855,31,29,0,29,30.14482759,31,29,0,29
2011,5,Nógrád,14.66975806,31,28,0,28,52.50357143,31,28,0,28
2011,5,Pest,15.99203871,31,75,0,75,41.55373333,31,75,0,75
2011,5,Somogy,15.76986636,31,70,0,70,25.25757143,31,70,0,70
2011,5,Szabolcs-Szatmár-Bereg,16.19488414,31,71,0,71,43.11901408,31,71,0,71
2011,5,Tolna,16.20120780,31,43,0,43,50.66023256,31,43,0,43
2011,5,Vas,15.37725806,31,44,0,44,49.11954545,31,44,0,44
2011,5,Veszprém,15.69890681,31,54,0,54,26.48018519,31,54,0,54
2011,5,Zala,15.43956012,31,44,0,44,30.15568182,31,44,0,44
2011,6,Baranya,20.28881481,30,54,0,54,53.05314815,30,54,0,54
2011,6,Borsod-Abaúj-Zemplén,19.41117054,30,86,0,86,93.47744186,30,86,0,86
2011,6,Bács-Kiskun,20.56721549,30,99,0,99,69.92393939,30,99,0,99
2011,6,Békés,20.86157711,30,67,0,67,33.59343284,30,67,0,67
2011,6,Csongrád-Csanád,20.89522222,30,48,0,48,42.47520833,30,48,0,48
2011,6,Fejér,20.18189362,30,47,0,47,49.32276596,30,47,0,47
2011,6,Győr-Moson-Sopron,20.06003472,30,48,0,48,87.93791667,30,48,0,48
2011,6,Hajdú-Bihar,20.54587179,30,78,0,78,53.65551282,30,78,0,78
2011,6,Heves,19.76905303,30,44,0,44,64.80250000,30,44,0,44
2011,6,Jász-Nagykun-Szolnok,20.75057353,30,68,0,68,56.21000000,30,68,0,68
2011,6,Komárom-Esztergom,19.49970115,30,29,0,29,68.94965517,30,29,0,29
2011,6,Nógrád,18.69192857,30,28,0,28,72.82142857,30,28,0,28
2011,6,Pest,20.06771556,30,75,0,75,65.45680000,30,75,0,75
2011,6,Somogy,20.10240476,30,70,0,70,42.53385714,30,70,0,70
2011,6,Szabolcs-Szatmár-Bereg,20.19340845,30,71,0,71,56.94915493,30,71,0,71
2011,6,Tolna,20.53657364,30,43,0,43,44.95953488,30,43,0,43
2011,6,Vas,19.53220455,30,44,0,44,90.43727273,30,44,0,44
2011,6,Veszprém,19.66982099,30,54,0,54,56.63796296,30,54,0,54
2011,6,Zala,19.62671212,30,44,0,44,58.93227273,30,44,0,44
2011,7,Baranya,20.94529271,31,54,0,54,110.55092593,31,54,0,54
2011,7,Borsod-Abaúj-Zemplén,19.70593773,31,86,0,86,114.49825581,31,86,0,86
2011,7,Bács-Kiskun,21.15275008,31,99,0,99,80.11101010,31,99,0,99
2011,7,Békés,21.36793452,31,67,0,67,112.79119403,31,67,0,67
2011,7,Csongrád-Csanád,21.45788306,31,48,0,48,71.08229167,31,48,0,48
2011,7,Fejér,20.29831846,31,47,0,47,86.08319149,31,47,0,47
2011,7,Győr-Moson-Sopron,19.86145161,31,48,0,48,78.17541667,31,48,0,48
2011,7,Hajdú-Bihar,20.76372208,31,78,0,78,142.61141026,31,78,0,78
2011,7,Heves,20.05091642,31,44,0,44,85.53409091,31,44,0,44
2011,7,Jász-Nagykun-Szolnok,21.07160816,31,68,0,68,82.11514706,31,68,0,68
2011,7,Komárom-Esztergom,19.43895439,31,29,0,29,116.86482759,31,29,0,29
2011,7,Nógrád,18.89655530,31,28,0,28,122.91928571,31,28,0,28
2011,7,Pest,20.35390538,31,75,0,75,85.12346667,31,75,0,75
2011,7,Somogy,20.52475115,31,70,0,70,98.36800000,31,70,0,70
2011,7,Szabolcs-Szatmár-Bereg,20.21336665,31,71,0,71,131.21718310,31,71,0,71
2011,7,Tolna,20.88649662,31,43,0,43,104.25930233,31,43,0,43
2011,7,Vas,19.58785924,31,44,0,44,87.00750000,31,44,0,44
2011,7,Veszprém,19.76281362,31,54,0,54,105.59870370,31,54,0,54
2011,7,Zala,20.01423754,31,44,0,44,82.79386364,31,44,0,44
2011,8,Baranya,21.94489247,31,54,0,54,40.88500000,31,54,0,54
2011,8,Borsod-Abaúj-Zemplén,21.05780570,31,86,0,86,24.55441860,31,86,0,86
2011,8,Bács-Kiskun,22.47913001,31,99,0,99,10.09676768,31,99,0,99
2011,8,Békés,22.61979779,31,67,0,67,8.30835821,31,67,0,67
2011,8,Csongrád-Csanád,22.86403226,31,48,0,48,8.37291667,31,48,0,48
2011,8,Fejér,21.75990391,31,47,0,47,12.78659574,31,47,0,47
2011,8,Győr-Moson-Sopron,21.13951613,31,48,0,48,85.34229167,31,48,0,48
2011,8,Hajdú-Bihar,21.91279570,31,78,0,78,20.98666667,31,78,0,78
2011,8,Heves,21.62295455,31,44,0,44,14.48545455,31,44,0,44
2011,8,Jász-Nagykun-Szolnok,22.62329696,31,68,0,68,13.65558824,31,68,0,68
2011,8,Komárom-Esztergom,20.86072303,31,29,0,29,25.27827586,31,29,0,29
2011,8,Nógrád,20.33586406,31,28,0,28,9.05107143,31,28,0,28
2011,8,Pest,21.86500645,31,75,0,75,8.39560000,31,75,0,75
2011,8,Somogy,21.44677419,31,70,0,70,40.62885714,31,70,0,70
2011,8,Szabolcs-Szatmár-Bereg,21.23944571,31,71,0,71,37.01802817,31,71,0,71
2011,8,Tolna,22.16062266,31,43,0,43,17.17302326,31,43,0,43
2011,8,Vas,20.88898827,31,44,0,44,93.41159091,31,44,0,44
2011,8,Veszprém,21.24667861,31,54,0,54,34.04240741,31,54,0,54
2011,8,Zala,21.19687683,31,44,0,44,50.09022727,31,44,0,44
2011,9,Baranya,19.22094444,30,54,0,54,19.85018519,30,54,0,54
2011,9,Borsod-Abaúj-Zemplén,18.28484496,30,86,0,86,8.50744186,30,86,0,86
2011,9,Bács-Kiskun,19.39594949,30,99,0,99,19.25454545,30,99,0,99
2011,9,Békés,19.75945771,30,67,0,67,17.75328358,30,67,0,67
2011,9,Csongrád-Csanád,19.91257639,30,48,0,48,22.18145833,30,48,0,48
2011,9,Fejér,18.86734043,30,47,0,47,23.42723404,30,47,0,47
2011,9,Győr-Moson-Sopron,18.13056944,30,48,0,48,21.74291667,30,48,0,48
2011,9,Hajdú-Bihar,18.84930769,30,78,0,78,18.38615385,30,78,0,78
2011,9,Heves,18.69867424,30,44,0,44,4.00772727,30,44,0,44
2011,9,Jász-Nagykun-Szolnok,19.57138725,30,68,0,68,17.60852941,30,68,0,68
2011,9,Komárom-Esztergom,17.98839080,30,29,0,29,22.14379310,30,29,0,29
2011,9,Nógrád,17.07427381,30,28,0,28,1.70892857,30,28,0,28
2011,9,Pest,18.74256000,30,75,0,75,10.37773333,30,75,0,75
2011,9,Somogy,18.55812857,30,70,0,70,33.58514286,30,70,0,70
2011,9,Szabolcs-Szatmár-Bereg,18.13672300,30,71,0,71,18.59436620,30,71,0,71
2011,9,Tolna,19.23369767,30,43,0,43,30.63139535,30,43,0,43
2011,9,Vas,18.04978030,30,44,0,44,30.39454545,30,44,0,44
2011,9,Veszprém,18.46940741,30,54,0,54,21.29685185,30,54,0,54
2011,9,Zala,18.31902273,30,44,0,44,44.44318182,30,44,0,44
2011,10,Baranya,10.19976105,31,54,0,54,42.20851852,31,54,0,54
2011,10,Borsod-Abaúj-Zemplén,9.02290698,31,86,0,86,24.10348837,31,86,0,86
2011,10,Bács-Kiskun,10.17210492,31,99,0,99,30.27898990,31,99,0,99
2011,10,Békés,10.05740491,31,67,0,67,21.33283582,31,67,0,67
2011,10,Csongrád-Csanád,10.32750672,31,48,0,48,27.11562500,31,48,0,48
2011,10,Fejér,10.10923130,31,47,0,47,31.07255319,31,47,0,47
2011,10,Győr-Moson-Sopron,9.92045027,31,48,0,48,34.74041667,31,48,0,48
2011,10,Hajdú-Bihar,9.52658395,31,78,0,78,18.83128205,31,78,0,78
2011,10,Heves,9.55902493,31,44,0,44,19.76795455,31,44,0,44
2011,10,Jász-Nagykun-Szolnok,10.29786053,31,68,0,68,18.29720588,31,68,0,68
2011,10,Komárom-Esztergom,9.77110122,31,29,0,29,18.37379310,31,29,0,29
2011,10,Nógrád,8.35314516,31,28,0,28,16.09321429,31,28,0,28
2011,10,Pest,9.86819355,31,75,0,75,25.48826667,31,75,0,75
2011,10,Somogy,9.79202765,31,70,0,70,51.39514286,31,70,0,70
2011,10,Szabolcs-Szatmár-Bereg,8.87803726,31,71,0,71,17.40887324,31,71,0,71
2011,10,Tolna,10.28626407,31,43,0,43,40.27069767,31,43,0,43
2011,10,Vas,9.52199413,31,44,0,44,53.29045455,31,44,0,44
2011,10,Veszprém,9.90675627,31,54,0,54,30.87277778,31,54,0,54
2011,10,Zala,9.56427419,31,44,0,44,65.30545455,31,44,0,44
2011,11,Baranya,1.98785802,30,54,0,54,0.72962963,30,54,0,54
2011,11,Borsod-Abaúj-Zemplén,1.52843798,30,86,0,86,0.45267442,30,86,0,86
2011,11,Bács-Kiskun,2.11164310,30,99,0,99,0.20828283,30,99,0,99
2011,11,Békés,2.01009950,30,67,0,67,0.13268657,30,67,0,67
2011,11,Csongrád-Csanád,2.33224306,30,48,0,48,0.09895833,30,48,0,48
2011,11,Fejér,2.20126241,30,47,0,47,0.21680851,30,47,0,47
2011,11,Győr-Moson-Sopron,2.71801389,30,48,0,48,0.15520833,30,48,0,48
2011,11,Hajdú-Bihar,1.43726068,30,78,0,78,0.24025641,30,78,0,78
2011,11,Heves,1.92937121,30,44,0,44,0.17454545,30,44,0,44
2011,11,Jász-Nagykun-Szolnok,2.09349510,30,68,0,68,0.02191176,30,68,0,68
2011,11,Komárom-Esztergom,2.40295402,30,29,0,29,0.23965517,30,29,0,29
2011,11,Nógrád,1.47304762,30,28,0,28,0.09678571,30,28,0,28
2011,11,Pest,2.24794222,30,75,0,75,0.04520000,30,75,0,75
2011,11,Somogy,1.96959524,30,70,0,70,0.43671429,30,70,0,70
2011,11,Szabolcs-Szatmár-Bereg,0.99598592,30,71,0,71,0.99619718,30,71,0,71
2011,11,Tolna,2.11244186,30,43,0,43,0.97441860,30,43,0,43
2011,11,Vas,2.33656061,30,44,0,44,0.40931818,30,44,0,44
2011,11,Veszprém,2.26120370,30,54,0,54,0.42240741,30,54,0,54
2011,11,Zala,2.18365909,30,44,0,44,0.14704545,30,44,0,44
2011,12,Baranya,2.84527479,31,54,0,54,82.52740741,31,54,0,54
2011,12,Borsod-Abaúj-Zemplén,1.18820330,31,86,0,86,61.85813953,31,86,0,86
2011,12,Bács-Kiskun,2.72321929,31,99,0,99,61.20828283,31,99,0,99
2011,12,Békés,2.74051035,31,67,0,67,44.82000000,31,67,0,67
2011,12,Csongrád-Csanád,2.86299059,31,48,0,48,48.30645833,31,48,0,48
2011,12,Fejér,2.56304736,31,47,0,47,54.05595745,31,47,0,47
2011,12,Győr-Moson-Sopron,3.01120296,31,48,0,48,27.87687500,31,48,0,48
2011,12,Hajdú-Bihar,2.32201406,31,78,0,78,65.79551282,31,78,0,78
2011,12,Heves,1.36330645,31,44,0,44,61.31409091,31,44,0,44
2011,12,Jász-Nagykun-Szolnok,2.36107211,31,68,0,68,58.96750000,31,68,0,68
2011,12,Komárom-Esztergom,2.39745273,31,29,0,29,43.75724138,31,29,0,29
2011,12,Nógrád,0.87576037,31,28,0,28,48.56571429,31,28,0,28
2011,12,Pest,2.14001290,31,75,0,75,55.45306667,31,75,0,75
2011,12,Somogy,2.82561290,31,70,0,70,79.84800000,31,70,0,70
2011,12,Szabolcs-Szatmár-Bereg,2.22069060,31,71,0,71,72.94436620,31,71,0,71
2011,12,Tolna,2.92080270,31,43,0,43,76.24441860,31,43,0,43
2011,12,Vas,2.48704545,31,44,0,44,39.11727273,31,44,0,44
2011,12,Veszprém,2.61965950,31,54,0,54,48.43074074,31,54,0,54
2011,12,Zala,2.71087977,31,44,0,44,59.30000000,31,44,0,44
2012,1,Baranya,1.80494026,31,54,0,54,28.42722222,31,54,0,54
2012,1,Borsod-Abaúj-Zemplén,-0.74479745,31,86,0,86,22.91988372,31,86,0,86
2012,1,Bács-Kiskun,1.35016944,31,99,0,99,21.37848485,31,99,0,99
2012,1,Békés,0.49263842,31,67,0,67,28.55955224,31,67,0,67
2012,1,Csongrád-Csanád,0.99532930,31,48,0,48,25.50000000,31,48,0,48
2012,1,Fejér,1.52279341,31,47,0,47,27.89000000,31,47,0,47
2012,1,Győr-Moson-Sopron,1.99063172,31,48,0,48,47.28916667,31,48,0,48
2012,1,Hajdú-Bihar,0.19254756,31,78,0,78,24.93948718,31,78,0,78
2012,1,Heves,-0.39337243,31,44,0,44,24.80840909,31,44,0,44
2012,1,Jász-Nagykun-Szolnok,0.54080171,31,68,0,68,20.22323529,31,68,0,68
2012,1,Komárom-Esztergom,1.18014461,31,29,0,29,48.48758621,31,29,0,29
2012,1,Nógrád,-0.82156682,31,28,0,28,34.86107143,31,28,0,28
2012,1,Pest,0.74342796,31,75,0,75,27.57306667,31,75,0,75
2012,1,Somogy,1.84379724,31,70,0,70,21.31214286,31,70,0,70
2012,1,Szabolcs-Szatmár-Bereg,-0.34398001,31,71,0,71,30.67450704,31,71,0,71
2012,1,Tolna,1.89586647,31,43,0,43,21.27232558,31,43,0,43
2012,1,Vas,1.53769062,31,44,0,44,17.76227273,31,44,0,44
2012,1,Veszprém,1.39634409,31,54,0,54,35.30444444,31,54,0,54
2012,1,Zala,1.61284457,31,44,0,44,15.05045455,31,44,0,44
2012,2,Baranya,-3.64860792,29,54,0,54,45.82314815,29,54,0,54
2012,2,Borsod-Abaúj-Zemplén,-4.95143545,29,86,0,86,13.94453488,29,86,0,86
2012,2,Bács-Kiskun,-4.19765935,29,99,0,99,39.80838384,29,99,0,99
2012,2,Békés,-5.58520844,29,67,0,67,43.29970149,29,67,0,67
2012,2,Csongrád-Csanád,-4.95605603,29,48,0,48,47.19541667,29,48,0,48
2012,2,Fejér,-3.29788701,29,47,0,47,26.49148936,29,47,0,47
2012,2,Győr-Moson-Sopron,-2.50244253,29,48,0,48,22.53062500,29,48,0,48
2012,2,Hajdú-Bihar,-5.41527409,29,78,0,78,27.06333333,29,78,0,78
2012,2,Heves,-4.57246082,29,44,0,44,17.65750000,29,44,0,44
2012,2,Jász-Nagykun-Szolnok,-4.66577586,29,68,0,68,22.33367647,29,68,0,68
2012,2,Komárom-Esztergom,-3.40039239,29,29,0,29,25.47655172,29,29,0,29
2012,2,Nógrád,-4.91596059,29,28,0,28,15.66142857,29,28,0,28
2012,2,Pest,-3.75994483,29,75,0,75,22.09306667,29,75,0,75
2012,2,Somogy,-3.08475369,29,70,0,70,32.52757143,29,70,0,70
2012,2,Szabolcs-Szatmár-Bereg,-5.59424478,29,71,0,71,29.39830986,29,71,0,71
2012,2,Tolna,-3.56603047,29,43,0,43,41.08232558,29,43,0,43
2012,2,Vas,-2.41510972,29,44,0,44,15.42181818,29,44,0,44
2012,2,Veszprém,-3.11846105,29,54,0,54,29.56462963,29,54,0,54
2012,2,Zala,-2.58690439,29,44,0,44,14.70068182,29,44,0,44
2012,3,Baranya,8.61353644,31,54,0,54,2.30351852,31,54,0,54
2012,3,Borsod-Abaúj-Zemplén,6.29146287,31,86,0,86,1.15860465,31,86,0,86
2012,3,Bács-Kiskun,7.90220593,31,99,0,99,2.56171717,31,99,0,99
2012,3,Békés,7.11791526,31,67,0,67,2.89462687,31,67,0,67
2012,3,Csongrád-Csanád,7.62106855,31,48,0,48,1.82333333,31,48,0,48
2012,3,Fejér,7.98934111,31,47,0,47,5.06723404,31,47,0,47
2012,3,Győr-Moson-Sopron,8.38061156,31,48,0,48,5.56479167,31,48,0,48
2012,3,Hajdú-Bihar,6.71657568,31,78,0,78,2.65576923,31,78,0,78
2012,3,Heves,6.62121701,31,44,0,44,0.71659091,31,44,0,44
2012,3,Jász-Nagykun-Szolnok,7.32442125,31,68,0,68,1.26426471,31,68,0,68
2012,3,Komárom-Esztergom,7.51342603,31,29,0,29,5.00103448,31,29,0,29
2012,3,Nógrád,5.72302995,31,28,0,28,0.15464286,31,28,0,28
2012,3,Pest,7.53840000,31,75,0,75,0.72520000,31,75,0,75
2012,3,Somogy,8.40352995,31,70,0,70,1.10928571,31,70,0,70
2012,3,Szabolcs-Szatmár-Bereg,6.13339391,31,71,0,71,2.61816901,31,71,0,71
2012,3,Tolna,8.38054764,31,43,0,43,1.38162791,31,43,0,43
2012,3,Vas,8.51468475,31,44,0,44,2.50909091,31,44,0,44
2012,3,Veszprém,8.08859618,31,54,0,54,5.39222222,31,54,0,54
2012,3,Zala,8.44414956,31,44,0,44,1.91886364,31,44,0,44
2012,4,Baranya,11.91644444,30,54,0,54,31.66203704,30,54,0,54
2012,4,Borsod-Abaúj-Zemplén,11.25410465,30,86,0,86,39.05918605,30,86,0,86
2012,4,Bács-Kiskun,12.21270370,30,99,0,99,30.34959596,30,99,0,99
2012,4,Békés,12.39217413,30,67,0,67,45.31850746,30,67,0,67
2012,4,Csongrád-Csanád,12.43897222,30,48,0,48,42.83437500,30,48,0,48
2012,4,Fejér,11.64726241,30,47,0,47,28.81553191,30,47,0,47
2012,4,Győr-Moson-Sopron,11.43358333,30,48,0,48,36.23291667,30,48,0,48
2012,4,Hajdú-Bihar,12.17431624,30,78,0,78,30.45525641,30,78,0,78
2012,4,Heves,11.54252273,30,44,0,44,29.33681818,30,44,0,44
2012,4,Jász-Nagykun-Szolnok,12.26078922,30,68,0,68,30.68882353,30,68,0,68
2012,4,Komárom-Esztergom,11.35881609,30,29,0,29,34.18724138,30,29,0,29
2012,4,Nógrád,10.72892857,30,28,0,28,26.20928571,30,28,0,28
2012,4,Pest,11.84556444,30,75,0,75,27.48826667,30,75,0,75
2012,4,Somogy,11.70832857,30,70,0,70,32.22800000,30,70,0,70
2012,4,Szabolcs-Szatmár-Bereg,12.08774178,30,71,0,71,28.41028169,30,71,0,71
2012,4,Tolna,12.13102326,30,43,0,43,25.49093023,30,43,0,43
2012,4,Vas,10.94018939,30,44,0,44,44.69545455,30,44,0,44
2012,4,Veszprém,11.22164815,30,54,0,54,32.40685185,30,54,0,54
2012,4,Zala,11.36692424,30,44,0,44,40.96159091,30,44,0,44
2012,5,Baranya,16.32974910,31,54,0,54,112.33037037,31,54,0,54
2012,5,Borsod-Abaúj-Zemplén,16.31682671,31,86,0,86,39.47139535,31,86,0,86
2012,5,Bács-Kiskun,16.89942978,31,99,0,99,70.28909091,31,99,0,99
2012,5,Békés,16.88378430,31,67,0,67,48.91567164,31,67,0,67
2012,5,Csongrád-Csanád,17.00201613,31,48,0,48,58.06458333,31,48,0,48
2012,5,Fejér,16.80061084,31,47,0,47,61.48340426,31,47,0,47
2012,5,Győr-Moson-Sopron,16.76487231,31,48,0,48,51.71250000,31,48,0,48
2012,5,Hajdú-Bihar,16.86555004,31,78,0,78,55.52038462,31,78,0,78
2012,5,Heves,16.54964076,31,44,0,44,33.39363636,31,44,0,44
2012,5,Jász-Nagykun-Szolnok,17.06956831,31,68,0,68,50.19205882,31,68,0,68
2012,5,Komárom-Esztergom,16.55686318,31,29,0,29,53.08310345,31,29,0,29
2012,5,Nógrád,15.92726959,31,28,0,28,28.04928571,31,28,0,28
2012,5,Pest,16.87648602,31,75,0,75,47.39840000,31,75,0,75
2012,5,Somogy,16.13615668,31,70,0,70,76.98300000,31,70,0,70
2012,5,Szabolcs-Szatmár-Bereg,16.71483417,31,71,0,71,59.22591549,31,71,0,71
2012,5,Tolna,16.80507877,31,43,0,43,79.40720930,31,43,0,43
2012,5,Vas,15.96384897,31,44,0,44,74.11772727,31,44,0,44
2012,5,Veszprém,16.19004779,31,54,0,54,61.05407407,31,54,0,54
2012,5,Zala,15.75492669,31,44,0,44,81.77522727,31,44,0,44
2012,6,Baranya,21.24962963,30,54,0,54,63.50666667,30,54,0,54
2012,6,Borsod-Abaúj-Zemplén,19.97941473,30,86,0,86,83.24953488,30,86,0,86
2012,6,Bács-Kiskun,21.58202357,30,99,0,99,45.13515152,30,99,0,99
2012,6,Békés,21.82748259,30,67,0,67,49.84895522,30,67,0,67
2012,6,Csongrád-Csanád,22.00541667,30,48,0,48,30.14916667,30,48,0,48
2012,6,Fejér,21.07723404,30,47,0,47,50.80446809,30,47,0,47
2012,6,Győr-Moson-Sopron,20.79229861,30,48,0,48,50.39020833,30,48,0,48
2012,6,Hajdú-Bihar,21.15957692,30,78,0,78,70.79205128,30,78,0,78
2012,6,Heves,20.41895455,30,44,0,44,77.09931818,30,44,0,44
2012,6,Jász-Nagykun-Szolnok,21.54532843,30,68,0,68,60.46485294,30,68,0,68
2012,6,Komárom-Esztergom,20.47127586,30,29,0,29,52.10310345,30,29,0,29
2012,6,Nógrád,19.57925000,30,28,0,28,67.14392857,30,28,0,28
2012,6,Pest,20.96322222,30,75,0,75,66.72813333,30,75,0,75
2012,6,Somogy,20.97047143,30,70,0,70,50.33300000,30,70,0,70
2012,6,Szabolcs-Szatmár-Bereg,20.39724883,30,71,0,71,77.93802817,30,71,0,71
2012,6,Tolna,21.40609302,30,43,0,43,48.67627907,30,43,0,43
2012,6,Vas,20.41303030,30,44,0,44,54.94045455,30,44,0,44
2012,6,Veszprém,20.66820988,30,54,0,54,55.48129630,30,54,0,54
2012,6,Zala,20.70021970,30,44,0,44,50.64272727,30,44,0,44
2012,7,Baranya,23.65234170,31,54,0,54,32.49833333,31,54,0,54
2012,7,Borsod-Abaúj-Zemplén,22.34215304,31,86,0,86,100.03523256,31,86,0,86
2012,7,Bács-Kiskun,24.09045943,31,99,0,99,40.44555556,31,99,0,99
2012,7,Békés,24.21956187,31,67,0,67,54.08313433,31,67,0,67
2012,7,Csongrád-Csanád,24.48752016,31,48,0,48,43.52916667,31,48,0,48
2012,7,Fejér,23.25548387,31,47,0,47,85.06404255,31,47,0,47
2012,7,Győr-Moson-Sopron,22.11891801,31,48,0,48,133.15416667,31,48,0,48
2012,7,Hajdú-Bihar,23.66545906,31,78,0,78,45.27884615,31,78,0,78
2012,7,Heves,22.88049853,31,44,0,44,71.78977273,31,44,0,44
2012,7,Jász-Nagykun-Szolnok,24.06863378,31,68,0,68,39.25220588,31,68,0,68
2012,7,Komárom-Esztergom,22.26951057,31,29,0,29,113.21482759,31,29,0,29
2012,7,Nógrád,21.73520737,31,28,0,28,112.04857143,31,28,0,28
2012,7,Pest,23.35073118,31,75,0,75,72.51026667,31,75,0,75
2012,7,Somogy,23.08444700,31,70,0,70,41.40128571,31,70,0,70
2012,7,Szabolcs-Szatmár-Bereg,23.08089505,31,71,0,71,52.68957746,31,71,0,71
2012,7,Tolna,23.84339085,31,43,0,43,39.45069767,31,43,0,43
2012,7,Vas,21.72309384,31,44,0,44,122.14000000,31,44,0,44
2012,7,Veszprém,22.41215054,31,54,0,54,71.93500000,31,54,0,54
2012,7,Zala,22.16857038,31,44,0,44,90.60045455,31,44,0,44
2012,8,Baranya,23.20702509,31,54,0,54,6.19129630,31,54,0,54
2012,8,Borsod-Abaúj-Zemplén,21.47179670,31,86,0,86,15.36872093,31,86,0,86
2012,8,Bács-Kiskun,23.14580319,31,99,0,99,5.46313131,31,99,0,99
2012,8,Békés,23.38454020,31,67,0,67,8.00194030,31,67,0,67
2012,8,Csongrád-Csanád,23.68335349,31,48,0,48,4.74479167,31,48,0,48
2012,8,Fejér,22.56192862,31,47,0,47,3.42638298,31,47,0,47
2012,8,Győr-Moson-Sopron,21.80262097,31,48,0,48,9.83687500,31,48,0,48
2012,8,Hajdú-Bihar,22.64529777,31,78,0,78,10.78628205,31,78,0,78
2012,8,Heves,22.11398827,31,44,0,44,6.33681818,31,44,0,44
2012,8,Jász-Nagykun-Szolnok,23.25322581,31,68,0,68,4.20705882,31,68,0,68
2012,8,Komárom-Esztergom,21.56700779,31,29,0,29,4.20896552,31,29,0,29
2012,8,Nógrád,20.62184332,31,28,0,28,4.86214286,31,28,0,28
2012,8,Pest,22.46529892,31,75,0,75,3.44240000,31,75,0,75
2012,8,Somogy,22.58594470,31,70,0,70,4.38242857,31,70,0,70
2012,8,Szabolcs-Szatmár-Bereg,21.84950931,31,71,0,71,4.95169014,31,71,0,71
2012,8,Tolna,23.18595649,31,43,0,43,6.78813953,31,43,0,43
2012,8,Vas,21.74677419,31,44,0,44,15.95795455,31,44,0,44
2012,8,Veszprém,22.28140980,31,54,0,54,8.32648148,31,54,0,54
2012,8,Zala,22.05351906,31,44,0,44,7.13045455,31,44,0,44
2012,9,Baranya,17.99657407,30,54,0,54,62.23907407,30,54,0,54
2012,9,Borsod-Abaúj-Zemplén,17.34148062,30,86,0,86,52.52639535,30,86,0,86
2012,9,Bács-Kiskun,18.44571380,30,99,0,99,44.08868687,30,99,0,99
2012,9,Békés,19.40294030,30,67,0,67,28.21820896,30,67,0,67
2012,9,Csongrád-Csanád,19.31839583,30,48,0,48,34.16354167,30,48,0,48
2012,9,Fejér,17.91317730,30,47,0,47,38.82340426,30,47,0,47
2012,9,Győr-Moson-Sopron,17.34695139,30,48,0,48,36.04520833,30,48,0,48
2012,9,Hajdú-Bihar,18.54770085,30,78,0,78,32.76256410,30,78,0,78
2012,9,Heves,17.89581061,30,44,0,44,47.13386364,30,44,0,44
2012,9,Jász-Nagykun-Szolnok,18.93763725,30,68,0,68,46.76985294,30,68,0,68
2012,9,Komárom-Esztergom,17.21887356,30,29,0,29,34.73172414,30,29,0,29
2012,9,Nógrád,16.49508333,30,28,0,28,40.58607143,30,28,0,28
2012,9,Pest,17.93561778,30,75,0,75,38.16240000,30,75,0,75
2012,9,Somogy,17.57893810,30,70,0,70,51.22342857,30,70,0,70
2012,9,Szabolcs-Szatmár-Bereg,17.78193427,30,71,0,71,39.06267606,30,71,0,71
2012,9,Tolna,18.22055814,30,43,0,43,53.29790698,30,43,0,43
2012,9,Vas,16.93426515,30,44,0,44,61.60977273,30,44,0,44
2012,9,Veszprém,17.40900000,30,54,0,54,45.00425926,30,54,0,54
2012,9,Zala,17.19700000,30,44,0,44,55.93909091,30,44,0,44
2012,10,Baranya,11.37865591,31,54,0,54,91.09592593,31,54,0,54
2012,10,Borsod-Abaúj-Zemplén,10.14464366,31,86,0,86,58.16523256,31,86,0,86
2012,10,Bács-Kiskun,11.46081460,31,99,0,99,72.39525253,31,99,0,99
2012,10,Békés,11.75623495,31,67,0,67,66.12074627,31,67,0,67
2012,10,Csongrád-Csanád,11.89129032,31,48,0,48,75.13895833,31,48,0,48
2012,10,Fejér,11.07330817,31,47,0,47,66.61404255,31,47,0,47
2012,10,Győr-Moson-Sopron,10.55643817,31,48,0,48,63.71500000,31,48,0,48
2012,10,Hajdú-Bihar,11.04934657,31,78,0,78,36.56435897,31,78,0,78
2012,10,Heves,10.64001466,31,44,0,44,64.64250000,31,44,0,44
2012,10,Jász-Nagykun-Szolnok,11.36382827,31,68,0,68,57.31529412,31,68,0,68
2012,10,Komárom-Esztergom,10.61559511,31,29,0,29,66.42689655,31,29,0,29
2012,10,Nógrád,9.60955069,31,28,0,28,78.51607143,31,28,0,28
2012,10,Pest,10.80422796,31,75,0,75,67.81746667,31,75,0,75
2012,10,Somogy,11.04646544,31,70,0,70,80.93514286,31,70,0,70
2012,10,Szabolcs-Szatmár-Bereg,10.60297138,31,71,0,71,35.46971831,31,71,0,71
2012,10,Tolna,11.52912228,31,43,0,43,75.71534884,31,43,0,43
2012,10,Vas,10.05563783,31,44,0,44,80.32909091,31,44,0,44
2012,10,Veszprém,10.74080048,31,54,0,54,75.23925926,31,54,0,54
2012,10,Zala,10.63230205,31,44,0,44,87.33227273,31,44,0,44
2012,11,Baranya,8.03566049,30,54,0,54,46.81351852,30,54,0,54
2012,11,Borsod-Abaúj-Zemplén,5.96209690,30,86,0,86,27.62069767,30,86,0,86
2012,11,Bács-Kiskun,7.63540404,30,99,0,99,29.23343434,30,99,0,99
2012,11,Békés,7.34630846,30,67,0,67,31.28298507,30,67,0,67
2012,11,Csongrád-Csanád,7.72488889,30,48,0,48,35.49145833,30,48,0,48
2012,11,Fejér,7.27500000,30,47,0,47,22.73255319,30,47,0,47
2012,11,Győr-Moson-Sopron,7.48827778,30,48,0,48,42.47166667,30,48,0,48
2012,11,Hajdú-Bihar,6.61247863,30,78,0,78,26.83820513,30,78,0,78
2012,11,Heves,6.50931061,30,44,0,44,20.17522727,30,44,0,44
2012,11,Jász-Nagykun-Szolnok,6.92799020,30,68,0,68,19.30735294,30,68,0,68
2012,11,Komárom-Esztergom,7.16826437,30,29,0,29,24.07620690,30,29,0,29
2012,11,Nógrád,6.10335714,30,28,0,28,25.32964286,30,28,0,28
2012,11,Pest,6.95668000,30,75,0,75,16.66280000,30,75,0,75
2012,11,Somogy,7.92539048,30,70,0,70,49.75185714,30,70,0,70
2012,11,Szabolcs-Szatmár-Bereg,6.33676995,30,71,0,71,36.91197183,30,71,0,71
2012,11,Tolna,7.83264341,30,43,0,43,30.58581395,30,43,0,43
2012,11,Vas,7.33255303,30,44,0,44,60.40204545,30,44,0,44
2012,11,Veszprém,7.32470988,30,54,0,54,40.96166667,30,54,0,54
2012,11,Zala,7.76420455,30,44,0,44,55.49704545,30,44,0,44
2012,12,Baranya,0.34900836,31,54,0,54,83.42833333,31,54,0,54
2012,12,Borsod-Abaúj-Zemplén,-1.90727307,31,86,0,86,49.18581395,31,86,0,86
2012,12,Bács-Kiskun,-0.13807429,31,99,0,99,50.48131313,31,99,0,99
2012,12,Békés,-0.50036110,31,67,0,67,51.87298507,31,67,0,67
2012,12,Csongrád-Csanád,-0.27578629,31,48,0,48,46.13895833,31,48,0,48
2012,12,Fejér,-0.22177763,31,47,0,47,52.36553191,31,47,0,47
2012,12,Győr-Moson-Sopron,0.27793011,31,48,0,48,36.87562500,31,48,0,48
2012,12,Hajdú-Bihar,-0.99727461,31,78,0,78,56.33679487,31,78,0,78
2012,12,Heves,-1.68934018,31,44,0,44,48.56090909,31,44,0,44
2012,12,Jász-Nagykun-Szolnok,-0.92368121,31,68,0,68,45.41573529,31,68,0,68
2012,12,Komárom-Esztergom,-0.60482759,31,29,0,29,50.79137931,31,29,0,29
2012,12,Nógrád,-2.38275346,31,28,0,28,53.49678571,31,28,0,28
2012,12,Pest,-1.10596559,31,75,0,75,47.80120000,31,75,0,75
2012,12,Somogy,0.63495853,31,70,0,70,74.74828571,31,70,0,70
2012,12,Szabolcs-Szatmár-Bereg,-1.28940027,31,71,0,71,56.44267606,31,71,0,71
2012,12,Tolna,0.51897974,31,43,0,43,63.86697674,31,43,0,43
2012,12,Vas,0.46237537,31,44,0,44,28.98340909,31,44,0,44
2012,12,Veszprém,0.16115890,31,54,0,54,44.54388889,31,54,0,54
2012,12,Zala,0.63281525,31,44,0,44,40.25977273,31,44,0,44
2013,1,Baranya,1.04534648,31,54,0,54,58.38111111,31,54,0,54
2013,1,Borsod-Abaúj-Zemplén,-1.90697674,31,86,0,86,56.74372093,31,86,0,86
2013,1,Bács-Kiskun,1.01726295,31,99,0,99,47.98565657,31,99,0,99
2013,1,Békés,0.47351468,31,67,0,67,53.00761194,31,67,0,67
2013,1,Csongrád-Csanád,1.06122984,31,48,0,48,48.72333333,31,48,0,48
2013,1,Fejér,0.12304049,31,47,0,47,73.56659574,31,47,0,47
2013,1,Győr-Moson-Sopron,-0.16073253,31,48,0,48,84.63791667,31,48,0,48
2013,1,Hajdú-Bihar,-0.62589744,31,78,0,78,47.51538462,31,78,0,78
2013,1,Heves,-1.14656158,31,44,0,44,65.84295455,31,44,0,44
2013,1,Jász-Nagykun-Szolnok,-0.05990038,31,68,0,68,55.31617647,31,68,0,68
2013,1,Komárom-Esztergom,-0.57892102,31,29,0,29,92.01206897,31,29,0,29
2013,1,Nógrád,-1.73516129,31,28,0,28,71.22571429,31,28,0,28
2013,1,Pest,-0.23096774,31,75,0,75,59.87133333,31,75,0,75
2013,1,Somogy,0.49825806,31,70,0,70,89.95942857,31,70,0,70
2013,1,Szabolcs-Szatmár-Bereg,-1.14904589,31,71,0,71,49.71845070,31,71,0,71
2013,1,Tolna,0.97668417,31,43,0,43,57.76883721,31,43,0,43
2013,1,Vas,-0.22725073,31,44,0,44,88.15227273,31,44,0,44
2013,1,Veszprém,-0.29640980,31,54,0,54,103.37462963,31,54,0,54
2013,1,Zala,0.07697214,31,44,0,44,90.24522727,31,44,0,44
2013,2,Baranya,2.05431878,28,54,0,54,87.41407407,28,54,0,54
2013,2,Borsod-Abaúj-Zemplén,1.30129153,28,86,0,86,74.94732558,28,86,0,86
2013,2,Bács-Kiskun,2.61218254,28,99,0,99,72.98757576,28,99,0,99
2013,2,Békés,3.07291045,28,67,0,67,46.89955224,28,67,0,67
2013,2,Csongrád-Csanád,3.08493304,28,48,0,48,58.76708333,28,48,0,48
2013,2,Fejér,1.86498480,28,47,0,47,74.53361702,28,47,0,47
2013,2,Győr-Moson-Sopron,1.28599702,28,48,0,48,75.00166667,28,48,0,48
2013,2,Hajdú-Bihar,2.53153388,28,78,0,78,57.45782051,28,78,0,78
2013,2,Heves,1.69940747,28,44,0,44,80.80181818,28,44,0,44
2013,2,Jász-Nagykun-Szolnok,2.45636555,28,68,0,68,65.72411765,28,68,0,68
2013,2,Komárom-Esztergom,1.35779557,28,29,0,29,71.62793103,28,29,0,29
2013,2,Nógrád,0.77242347,28,28,0,28,81.76142857,28,28,0,28
2013,2,Pest,1.97440952,28,75,0,75,80.40520000,28,75,0,75
2013,2,Somogy,1.61486735,28,70,0,70,92.82371429,28,70,0,70
2013,2,Szabolcs-Szatmár-Bereg,2.27648893,28,71,0,71,68.05422535,28,71,0,71
2013,2,Tolna,2.20728405,28,43,0,43,81.07465116,28,43,0,43
2013,2,Vas,0.72294643,28,44,0,44,95.83090909,28,44,0,44
2013,2,Veszprém,0.91345899,28,54,0,54,94.74000000,28,54,0,54
2013,2,Zala,0.95848214,28,44,0,44,111.88681818,28,44,0,44
2013,3,Baranya,3.92208483,31,54,0,54,116.95759259,31,54,0,54
2013,3,Borsod-Abaúj-Zemplén,2.30127907,31,86,0,86,92.69976744,31,86,0,86
2013,3,Bács-Kiskun,3.98504399,31,99,0,99,115.90808081,31,99,0,99
2013,3,Békés,4.41990852,31,67,0,67,120.49671642,31,67,0,67
2013,3,Csongrád-Csanád,4.48723790,31,48,0,48,119.04395833,31,48,0,48
2013,3,Fejér,3.27925189,31,47,0,47,101.75702128,31,47,0,47
2013,3,Győr-Moson-Sopron,3.26977151,31,48,0,48,88.70687500,31,48,0,48
2013,3,Hajdú-Bihar,3.55413978,31,78,0,78,121.88512821,31,78,0,78
2013,3,Heves,2.80557918,31,44,0,44,104.79659091,31,44,0,44
2013,3,Jász-Nagykun-Szolnok,3.76555977,31,68,0,68,107.62426471,31,68,0,68
2013,3,Komárom-Esztergom,2.90883204,31,29,0,29,122.09034483,31,29,0,29
2013,3,Nógrád,2.18185484,31,28,0,28,101.67035714,31,28,0,28
2013,3,Pest,3.26393548,31,75,0,75,108.75533333,31,75,0,75
2013,3,Somogy,3.74508295,31,70,0,70,123.82300000,31,70,0,70
2013,3,Szabolcs-Szatmár-Bereg,2.97391186,31,71,0,71,123.49774648,31,71,0,71
2013,3,Tolna,3.77465866,31,43,0,43,127.20325581,31,43,0,43
2013,3,Vas,3.03483871,31,44,0,44,93.29000000,31,44,0,44
2013,3,Veszprém,2.92608722,31,54,0,54,110.87314815,31,54,0,54
2013,3,Zala,3.44241202,31,44,0,44,109.66386364,31,44,0,44
2013,4,Baranya,12.31910494,30,54,0,54,47.08888889,30,54,0,54
2013,4,Borsod-Abaúj-Zemplén,11.39206977,30,86,0,86,39.10953488,30,86,0,86
2013,4,Bács-Kiskun,12.52868350,30,99,0,99,36.34767677,30,99,0,99
2013,4,Békés,12.62502488,30,67,0,67,37.98014925,30,67,0,67
2013,4,Csongrád-Csanád,12.78268750,30,48,0,48,36.61583333,30,48,0,48
2013,4,Fejér,12.23084397,30,47,0,47,30.25744681,30,47,0,47
2013,4,Győr-Moson-Sopron,12.03767361,30,48,0,48,27.77187500,30,48,0,48
2013,4,Hajdú-Bihar,12.26958974,30,78,0,78,45.72628205,30,78,0,78
2013,4,Heves,11.74963636,30,44,0,44,29.38954545,30,44,0,44
2013,4,Jász-Nagykun-Szolnok,12.46264706,30,68,0,68,32.97676471,30,68,0,68
2013,4,Komárom-Esztergom,11.87988506,30,29,0,29,34.78379310,30,29,0,29
2013,4,Nógrád,10.93682143,30,28,0,28,30.14000000,30,28,0,28
2013,4,Pest,12.14040000,30,75,0,75,29.87186667,30,75,0,75
2013,4,Somogy,12.02882381,30,70,0,70,37.88628571,30,70,0,70
2013,4,Szabolcs-Szatmár-Bereg,12.02507981,30,71,0,71,48.19887324,30,71,0,71
2013,4,Tolna,12.38984496,30,43,0,43,37.92162791,30,43,0,43
2013,4,Vas,11.52187121,30,44,0,44,38.66477273,30,44,0,44
2013,4,Veszprém,11.76056790,30,54,0,54,35.54500000,30,54,0,54
2013,4,Zala,11.81161364,30,44,0,44,39.61931818,30,44,0,44
2013,5,Baranya,15.93365591,31,54,0,54,105.06833333,31,54,0,54
2013,5,Borsod-Abaúj-Zemplén,15.67823331,31,86,0,86,125.38941860,31,86,0,86
2013,5,Bács-Kiskun,16.63314761,31,99,0,99,101.35696970,31,99,0,99
2013,5,Békés,17.22768897,31,67,0,67,81.05074627,31,67,0,67
2013,5,Csongrád-Csanád,17.04912634,31,48,0,48,93.21229167,31,48,0,48
2013,5,Fejér,16.08332189,31,47,0,47,65.89936170,31,47,0,47
2013,5,Győr-Moson-Sopron,15.48986559,31,48,0,48,77.64958333,31,48,0,48
2013,5,Hajdú-Bihar,16.95647229,31,78,0,78,77.77358974,31,78,0,78
2013,5,Heves,15.79699413,31,44,0,44,116.71909091,31,44,0,44
2013,5,Jász-Nagykun-Szolnok,16.88972960,31,68,0,68,91.14735294,31,68,0,68
2013,5,Komárom-Esztergom,15.49675195,31,29,0,29,81.96413793,31,29,0,29
2013,5,Nógrád,14.86908986,31,28,0,28,102.07964286,31,28,0,28
2013,5,Pest,16.11929462,31,75,0,75,82.54773333,31,75,0,75
2013,5,Somogy,15.81565899,31,70,0,70,71.45557143,31,70,0,70
2013,5,Szabolcs-Szatmár-Bereg,16.57988642,31,71,0,71,74.42140845,31,71,0,71
2013,5,Tolna,16.31100525,31,43,0,43,75.13720930,31,43,0,43
2013,5,Vas,14.90077713,31,44,0,44,77.46227273,31,44,0,44
2013,5,Veszprém,15.26323178,31,54,0,54,74.34425926,31,54,0,54
2013,5,Zala,15.27451613,31,44,0,44,78.72522727,31,44,0,44
2013,6,Baranya,19.18231481,30,54,0,54,48.95722222,30,54,0,54
2013,6,Borsod-Abaúj-Zemplén,19.25959690,30,86,0,86,94.71418605,30,86,0,86
2013,6,Bács-Kiskun,19.81028620,30,99,0,99,49.00292929,30,99,0,99
2013,6,Békés,20.24623383,30,67,0,67,58.46552239,30,67,0,67
2013,6,Csongrád-Csanád,20.13536111,30,48,0,48,43.91250000,30,48,0,48
2013,6,Fejér,19.42729078,30,47,0,47,54.09063830,30,47,0,47
2013,6,Győr-Moson-Sopron,18.95123611,30,48,0,48,53.66666667,30,48,0,48
2013,6,Hajdú-Bihar,20.12911111,30,78,0,78,63.84346154,30,78,0,78
2013,6,Heves,19.23005303,30,44,0,44,85.77386364,30,44,0,44
2013,6,Jász-Nagykun-Szolnok,20.11365686,30,68,0,68,51.88000000,30,68,0,68
2013,6,Komárom-Esztergom,18.71348276,30,29,0,29,47.38310345,30,29,0,29
2013,6,Nógrád,18.33167857,30,28,0,28,79.74035714,30,28,0,28
2013,6,Pest,19.51346222,30,75,0,75,62.71173333,30,75,0,75
2013,6,Somogy,18.92500952,30,70,0,70,44.10328571,30,70,0,70
2013,6,Szabolcs-Szatmár-Bereg,19.97960563,30,71,0,71,52.12943662,30,71,0,71
2013,6,Tolna,19.47641860,30,43,0,43,44.43674419,30,43,0,43
2013,6,Vas,18.54371970,30,44,0,44,58.01386364,30,44,0,44
2013,6,Veszprém,18.64340741,30,54,0,54,59.35740741,30,54,0,54
2013,6,Zala,18.57431818,30,44,0,44,48.20931818,30,44,0,44
2013,7,Baranya,22.56257467,31,54,0,54,32.08796296,31,54,0,54
2013,7,Borsod-Abaúj-Zemplén,20.92908477,31,86,0,86,34.08488372,31,86,0,86
2013,7,Bács-Kiskun,22.88117954,31,99,0,99,11.79616162,31,99,0,99
2013,7,Békés,22.51647087,31,67,0,67,14.32253731,31,67,0,67
2013,7,Csongrád-Csanád,22.92006720,31,48,0,48,12.78916667,31,48,0,48
2013,7,Fejér,22.70787234,31,47,0,47,8.99531915,31,47,0,47
2013,7,Győr-Moson-Sopron,22.64244624,31,48,0,48,10.49666667,31,48,0,48
2013,7,Hajdú-Bihar,21.97114557,31,78,0,78,17.02666667,31,78,0,78
2013,7,Heves,21.61505132,31,44,0,44,6.81977273,31,44,0,44
2013,7,Jász-Nagykun-Szolnok,22.64462524,31,68,0,68,5.34500000,31,68,0,68
2013,7,Komárom-Esztergom,21.90757508,31,29,0,29,9.70103448,31,29,0,29
2013,7,Nógrád,20.57071429,31,28,0,28,4.60607143,31,28,0,28
2013,7,Pest,22.42558710,31,75,0,75,4.37040000,31,75,0,75
2013,7,Somogy,22.29124424,31,70,0,70,39.11500000,31,70,0,70
2013,7,Szabolcs-Szatmár-Bereg,21.29568832,31,71,0,71,35.02507042,31,71,0,71
2013,7,Tolna,22.79976744,31,43,0,43,22.88279070,31,43,0,43
2013,7,Vas,22.45089443,31,44,0,44,14.92977273,31,44,0,44
2013,7,Veszprém,22.46032258,31,54,0,54,11.64944444,31,54,0,54
2013,7,Zala,22.11969941,31,44,0,44,27.96295455,31,44,0,44
2013,8,Baranya,22.27575269,31,54,0,54,48.39500000,31,54,0,54
2013,8,Borsod-Abaúj-Zemplén,21.33776069,31,86,0,86,18.27267442,31,86,0,86
2013,8,Bács-Kiskun,22.59577061,31,99,0,99,25.02808081,31,99,0,99
2013,8,Békés,23.03140587,31,67,0,67,28.61492537,31,67,0,67
2013,8,Csongrád-Csanád,23.22668683,31,48,0,48,27.72958333,31,48,0,48
2013,8,Fejér,22.27732327,31,47,0,47,34.87829787,31,47,0,47
2013,8,Győr-Moson-Sopron,21.56016801,31,48,0,48,55.58791667,31,48,0,48
2013,8,Hajdú-Bihar,22.25351530,31,78,0,78,33.63602564,31,78,0,78
2013,8,Heves,21.84744135,31,44,0,44,40.98818182,31,44,0,44
2013,8,Jász-Nagykun-Szolnok,22.81693548,31,68,0,68,49.83529412,31,68,0,68
2013,8,Komárom-Esztergom,21.46668521,31,29,0,29,55.61068966,31,29,0,29
2013,8,Nógrád,20.69577189,31,28,0,28,55.98214286,31,28,0,28
2013,8,Pest,22.22602151,31,75,0,75,48.85826667,31,75,0,75
2013,8,Somogy,21.65376959,31,70,0,70,48.15014286,31,70,0,70
2013,8,Szabolcs-Szatmár-Bereg,21.60000454,31,71,0,71,16.48704225,31,71,0,71
2013,8,Tolna,22.47781695,31,43,0,43,24.51697674,31,43,0,43
2013,8,Vas,21.35176686,31,44,0,44,59.10250000,31,44,0,44
2013,8,Veszprém,21.71480287,31,54,0,54,64.66925926,31,54,0,54
2013,8,Zala,21.24250000,31,44,0,44,70.37386364,31,44,0,44
2013,9,Baranya,15.16770988,30,54,0,54,98.71259259,30,54,0,54
2013,9,Borsod-Abaúj-Zemplén,13.77727907,30,86,0,86,34.21046512,30,86,0,86
2013,9,Bács-Kiskun,15.04824916,30,99,0,99,54.92505051,30,99,0,99
2013,9,Békés,14.97661194,30,67,0,67,46.09582090,30,67,0,67
2013,9,Csongrád-Csanád,15.23268056,30,48,0,48,47.31645833,30,48,0,48
2013,9,Fejér,14.95185816,30,47,0,47,51.14553191,30,47,0,47
2013,9,Győr-Moson-Sopron,14.89366667,30,48,0,48,66.81666667,30,48,0,48
2013,9,Hajdú-Bihar,14.46531197,30,78,0,78,29.41564103,30,78,0,78
2013,9,Heves,14.06404545,30,44,0,44,24.85477273,30,44,0,44
2013,9,Jász-Nagykun-Szolnok,14.89092647,30,68,0,68,26.19544118,30,68,0,68
2013,9,Komárom-Esztergom,14.30090805,30,29,0,29,52.09000000,30,29,0,29
2013,9,Nógrád,13.12321429,30,28,0,28,33.42142857,30,28,0,28
2013,9,Pest,14.42076444,30,75,0,75,35.06080000,30,75,0,75
2013,9,Somogy,14.93287619,30,70,0,70,92.65314286,30,70,0,70
2013,9,Szabolcs-Szatmár-Bereg,13.97253991,30,71,0,71,35.31422535,30,71,0,71
2013,9,Tolna,15.23010853,30,43,0,43,73.70860465,30,43,0,43
2013,9,Vas,14.72949242,30,44,0,44,94.75704545,30,44,0,44
2013,9,Veszprém,14.75356790,30,54,0,54,60.85925926,30,54,0,54
2013,9,Zala,14.74379545,30,44,0,44,96.48704545,30,44,0,44
2013,10,Baranya,13.02773596,31,54,0,54,24.78111111,31,54,0,54
2013,10,Borsod-Abaúj-Zemplén,11.27078395,31,86,0,86,33.32186047,31,86,0,86
2013,10,Bács-Kiskun,12.66858260,31,99,0,99,29.95414141,31,99,0,99
2013,10,Békés,12.51956668,31,67,0,67,40.92641791,31,67,0,67
2013,10,Csongrád-Csanád,12.72292339,31,48,0,48,33.77895833,31,48,0,48
2013,10,Fejér,12.39367879,31,47,0,47,35.02872340,31,47,0,47
2013,10,Győr-Moson-Sopron,11.66169355,31,48,0,48,19.10375000,31,48,0,48
2013,10,Hajdú-Bihar,12.14136890,31,78,0,78,43.56307692,31,78,0,78
2013,10,Heves,11.71389296,31,44,0,44,39.64772727,31,44,0,44
2013,10,Jász-Nagykun-Szolnok,12.41976281,31,68,0,68,44.03588235,31,68,0,68
2013,10,Komárom-Esztergom,11.82519466,31,29,0,29,26.64068966,31,29,0,29
2013,10,Nógrád,10.46279954,31,28,0,28,33.77000000,31,28,0,28
2013,10,Pest,12.02931183,31,75,0,75,29.57346667,31,75,0,75
2013,10,Somogy,12.72541014,31,70,0,70,24.08071429,31,70,0,70
2013,10,Szabolcs-Szatmár-Bereg,11.69940936,31,71,0,71,30.78126761,31,71,0,71
2013,10,Tolna,12.97654914,31,43,0,43,39.54302326,31,43,0,43
2013,10,Vas,11.57564516,31,44,0,44,22.59909091,31,44,0,44
2013,10,Veszprém,12.19534648,31,54,0,54,22.89092593,31,54,0,54
2013,10,Zala,12.33040323,31,44,0,44,19.98704545,31,44,0,44
2013,11,Baranya,7.14699383,30,54,0,54,66.19629630,30,54,0,54
2013,11,Borsod-Abaúj-Zemplén,6.60187209,30,86,0,86,51.06511628,30,86,0,86
2013,11,Bács-Kiskun,7.59182828,30,99,0,99,58.59010101,30,99,0,99
2013,11,Békés,8.05527363,30,67,0,67,44.26059701,30,67,0,67
2013,11,Csongrád-Csanád,7.95920833,30,48,0,48,44.64875000,30,48,0,48
2013,11,Fejér,7.03853901,30,47,0,47,75.23957447,30,47,0,47
2013,11,Győr-Moson-Sopron,6.47474306,30,48,0,48,114.19729167,30,48,0,48
2013,11,Hajdú-Bihar,7.76775214,30,78,0,78,45.77141026,30,78,0,78
2013,11,Heves,6.96690909,30,44,0,44,51.18295455,30,44,0,44
2013,11,Jász-Nagykun-Szolnok,7.75764706,30,68,0,68,50.34529412,30,68,0,68
2013,11,Komárom-Esztergom,6.61554023,30,29,0,29,92.71655172,30,29,0,29
2013,11,Nógrád,6.23309524,30,28,0,28,68.21500000,30,28,0,28
2013,11,Pest,7.17422222,30,75,0,75,57.30493333,30,75,0,75
2013,11,Somogy,6.95365714,30,70,0,70,115.40000000,30,70,0,70
2013,11,Szabolcs-Szatmár-Bereg,7.57857277,30,71,0,71,41.89943662,30,71,0,71
2013,11,Tolna,7.32636434,30,43,0,43,75.50000000,30,43,0,43
2013,11,Vas,6.13584848,30,44,0,44,145.02704545,30,44,0,44
2013,11,Veszprém,6.47686420,30,54,0,54,130.23981481,30,54,0,54
2013,11,Zala,6.51465152,30,44,0,44,163.37500000,30,44,0,44
2013,12,Baranya,1.55620072,31,54,0,54,2.37444444,31,54,0,54
2013,12,Borsod-Abaúj-Zemplén,0.04683421,31,86,0,86,2.55593023,31,86,0,86
2013,12,Bács-Kiskun,1.40177908,31,99,0,99,0.71252525,31,99,0,99
2013,12,Békés,1.22959557,31,67,0,67,0.69014925,31,67,0,67
2013,12,Csongrád-Csanád,1.51851478,31,48,0,48,0.30791667,31,48,0,48
2013,12,Fejér,1.66866850,31,47,0,47,4.08808511,31,47,0,47
2013,12,Győr-Moson-Sopron,2.69762769,31,48,0,48,10.96333333,31,48,0,48
2013,12,Hajdú-Bihar,0.70431348,31,78,0,78,1.55487179,31,78,0,78
2013,12,Heves,0.53752199,31,44,0,44,3.02704545,31,44,0,44
2013,12,Jász-Nagykun-Szolnok,1.25190702,31,68,0,68,1.22897059,31,68,0,68
2013,12,Komárom-Esztergom,1.81338154,31,29,0,29,8.40965517,31,29,0,29
2013,12,Nógrád,0.39253456,31,28,0,28,6.28035714,31,28,0,28
2013,12,Pest,1.38815484,31,75,0,75,4.29213333,31,75,0,75
2013,12,Somogy,1.80042396,31,70,0,70,3.47142857,31,70,0,70
2013,12,Szabolcs-Szatmár-Bereg,0.29027715,31,71,0,71,4.19014085,31,71,0,71
2013,12,Tolna,1.57933233,31,43,0,43,2.07093023,31,43,0,43
2013,12,Vas,2.19212610,31,44,0,44,12.83818182,31,44,0,44
2013,12,Veszprém,1.91853047,31,54,0,54,7.92444444,31,54,0,54
2013,12,Zala,1.96286657,31,44,0,44,7.54522727,31,44,0,44
2014,1,Baranya,3.12692951,31,54,0,54,37.51333333,31,54,0,54
2014,1,Borsod-Abaúj-Zemplén,1.44251313,31,86,0,86,42.50709302,31,86,0,86
2014,1,Bács-Kiskun,2.72161616,31,99,0,99,29.85525253,31,99,0,99
2014,1,Békés,2.60786712,31,67,0,67,31.53597015,31,67,0,67
2014,1,Csongrád-Csanád,2.67297043,31,48,0,48,28.80541667,31,48,0,48
2014,1,Fejér,2.36985587,31,47,0,47,21.96574468,31,47,0,47
2014,1,Győr-Moson-Sopron,2.66558468,31,48,0,48,16.86375000,31,48,0,48
2014,1,Hajdú-Bihar,2.29023160,31,78,0,78,37.54538462,31,78,0,78
2014,1,Heves,1.77457478,31,44,0,44,37.69704545,31,44,0,44
2014,1,Jász-Nagykun-Szolnok,2.28747154,31,68,0,68,29.80367647,31,68,0,68
2014,1,Komárom-Esztergom,2.26380423,31,29,0,29,29.11172414,31,29,0,29
2014,1,Nógrád,1.49101382,31,28,0,28,37.03928571,31,28,0,28
2014,1,Pest,2.15635699,31,75,0,75,26.86306667,31,75,0,75
2014,1,Somogy,3.08266359,31,70,0,70,40.18542857,31,70,0,70
2014,1,Szabolcs-Szatmár-Bereg,1.89308950,31,71,0,71,44.35647887,31,71,0,71
2014,1,Tolna,2.98029257,31,43,0,43,33.27674419,31,43,0,43
2014,1,Vas,2.66930352,31,44,0,44,23.18477273,31,44,0,44
2014,1,Veszprém,2.43501195,31,54,0,54,21.68222222,31,54,0,54
2014,1,Zala,3.12590176,31,44,0,44,28.80113636,31,44,0,44
2014,2,Baranya,4.52882275,28,54,0,54,84.35814815,28,54,0,54
2014,2,Borsod-Abaúj-Zemplén,3.25290698,28,86,0,86,37.41244186,28,86,0,86
2014,2,Bács-Kiskun,4.63411977,28,99,0,99,44.24818182,28,99,0,99
2014,2,Békés,4.47300107,28,67,0,67,17.78850746,28,67,0,67
2014,2,Csongrád-Csanád,4.74444196,28,48,0,48,24.22812500,28,48,0,48
2014,2,Fejér,4.19650456,28,47,0,47,54.91063830,28,47,0,47
2014,2,Győr-Moson-Sopron,4.09671131,28,48,0,48,61.51104167,28,48,0,48
2014,2,Hajdú-Bihar,3.89974359,28,78,0,78,23.40000000,28,78,0,78
2014,2,Heves,3.61662338,28,44,0,44,38.03363636,28,44,0,44
2014,2,Jász-Nagykun-Szolnok,4.04316176,28,68,0,68,29.16426471,28,68,0,68
2014,2,Komárom-Esztergom,3.96166256,28,29,0,29,51.66068966,28,29,0,29
2014,2,Nógrád,3.22135204,28,28,0,28,52.41392857,28,28,0,28
2014,2,Pest,3.95831429,28,75,0,75,44.19546667,28,75,0,75
2014,2,Somogy,4.47894388,28,70,0,70,105.04214286,28,70,0,70
2014,2,Szabolcs-Szatmár-Bereg,3.57426056,28,71,0,71,34.04915493,28,71,0,71
2014,2,Tolna,4.54225083,28,43,0,43,59.96302326,28,43,0,43
2014,2,Vas,3.75984578,28,44,0,44,92.05704545,28,44,0,44
2014,2,Veszprém,3.84755952,28,54,0,54,78.40111111,28,54,0,54
2014,2,Zala,4.22997565,28,44,0,44,119.91181818,28,44,0,44
2014,3,Baranya,9.48284946,31,54,0,54,15.58037037,31,54,0,54
2014,3,Borsod-Abaúj-Zemplén,8.68489122,31,86,0,86,15.42767442,31,86,0,86
2014,3,Bács-Kiskun,9.31199088,31,99,0,99,9.24686869,31,99,0,99
2014,3,Békés,9.24015888,31,67,0,67,18.44776119,31,67,0,67
2014,3,Csongrád-Csanád,9.36478495,31,48,0,48,20.59562500,31,48,0,48
2014,3,Fejér,9.22656829,31,47,0,47,14.83148936,31,47,0,47
2014,3,Győr-Moson-Sopron,9.08678091,31,48,0,48,9.82312500,31,48,0,48
2014,3,Hajdú-Bihar,9.14789495,31,78,0,78,11.82269231,31,78,0,78
2014,3,Heves,8.87751466,31,44,0,44,9.02000000,31,44,0,44
2014,3,Jász-Nagykun-Szolnok,9.36318311,31,68,0,68,14.00911765,31,68,0,68
2014,3,Komárom-Esztergom,8.82456062,31,29,0,29,16.44344828,31,29,0,29
2014,3,Nógrád,7.83038018,31,28,0,28,10.78678571,31,28,0,28
2014,3,Pest,9.16229677,31,75,0,75,10.54640000,31,75,0,75
2014,3,Somogy,9.36654839,31,70,0,70,21.98428571,31,70,0,70
2014,3,Szabolcs-Szatmár-Bereg,9.09031804,31,71,0,71,16.66084507,31,71,0,71
2014,3,Tolna,9.45853713,31,43,0,43,10.14465116,31,43,0,43
2014,3,Vas,9.06578446,31,44,0,44,11.74159091,31,44,0,44
2014,3,Veszprém,9.07275388,31,54,0,54,13.59092593,31,54,0,54
2014,3,Zala,9.20461877,31,44,0,44,16.83295455,31,44,0,44
2014,4,Baranya,12.54644444,30,54,0,54,65.75000000,30,54,0,54
2014,4,Borsod-Abaúj-Zemplén,11.75664729,30,86,0,86,48.59232558,30,86,0,86
2014,4,Bács-Kiskun,12.76615825,30,99,0,99,43.18636364,30,99,0,99
2014,4,Békés,12.66993035,30,67,0,67,58.13268657,30,67,0,67
2014,4,Csongrád-Csanád,12.84150000,30,48,0,48,45.29625000,30,48,0,48
2014,4,Fejér,12.45679433,30,47,0,47,31.28510638,30,47,0,47
2014,4,Győr-Moson-Sopron,12.17414583,30,48,0,48,37.74687500,30,48,0,48
2014,4,Hajdú-Bihar,12.64858120,30,78,0,78,43.16089744,30,78,0,78
2014,4,Heves,12.06508333,30,44,0,44,45.22727273,30,44,0,44
2014,4,Jász-Nagykun-Szolnok,12.67492157,30,68,0,68,37.48382353,30,68,0,68
2014,4,Komárom-Esztergom,11.91835632,30,29,0,29,23.70827586,30,29,0,29
2014,4,Nógrád,11.03032143,30,28,0,28,43.74642857,30,28,0,28
2014,4,Pest,12.42263556,30,75,0,75,35.09626667,30,75,0,75
2014,4,Somogy,12.36716190,30,70,0,70,50.25542857,30,70,0,70
2014,4,Szabolcs-Szatmár-Bereg,12.58992958,30,71,0,71,22.03605634,30,71,0,71
2014,4,Tolna,12.77851938,30,43,0,43,47.62093023,30,43,0,43
2014,4,Vas,12.03608333,30,44,0,44,48.81022727,30,44,0,44
2014,4,Veszprém,11.98179630,30,54,0,54,40.56481481,30,54,0,54
2014,4,Zala,12.21275758,30,44,0,44,57.91522727,30,44,0,44
2014,5,Baranya,15.02459976,31,54,0,54,118.48925926,31,54,0,54
2014,5,Borsod-Abaúj-Zemplén,14.86658665,31,86,0,86,91.98279070,31,86,0,86
2014,5,Bács-Kiskun,15.51283480,31,99,0,99,118.56161616,31,99,0,99
2014,5,Békés,16.04884930,31,67,0,67,78.77880597,31,67,0,67
2014,5,Csongrád-Csanád,15.90853495,31,48,0,48,115.66895833,31,48,0,48
2014,5,Fejér,15.15853809,31,47,0,47,89.43319149,31,47,0,47
2014,5,Győr-Moson-Sopron,14.96005376,31,48,0,48,107.25750000,31,48,0,48
2014,5,Hajdú-Bihar,15.95060794,31,78,0,78,64.77743590,31,78,0,78
2014,5,Heves,15.07235337,31,44,0,44,111.19818182,31,44,0,44
2014,5,Jász-Nagykun-Szolnok,15.87158918,31,68,0,68,69.93602941,31,68,0,68
2014,5,Komárom-Esztergom,14.71265851,31,29,0,29,99.32551724,31,29,0,29
2014,5,Nógrád,14.17794931,31,28,0,28,112.50964286,31,28,0,28
2014,5,Pest,15.20340215,31,75,0,75,92.63133333,31,75,0,75
2014,5,Somogy,14.81473272,31,70,0,70,77.92057143,31,70,0,70
2014,5,Szabolcs-Szatmár-Bereg,15.59350295,31,71,0,71,78.00957746,31,71,0,71
2014,5,Tolna,15.34053263,31,43,0,43,86.98697674,31,43,0,43
2014,5,Vas,14.51598240,31,44,0,44,118.74090909,31,44,0,44
2014,5,Veszprém,14.46612903,31,54,0,54,117.24925926,31,54,0,54
2014,5,Zala,14.61087977,31,44,0,44,80.41409091,31,44,0,44
2014,6,Baranya,19.58929630,30,54,0,54,63.82407407,30,54,0,54
2014,6,Borsod-Abaúj-Zemplén,18.58294574,30,86,0,86,30.04372093,30,86,0,86
2014,6,Bács-Kiskun,19.80041077,30,99,0,99,44.95484848,30,99,0,99
2014,6,Békés,20.11558706,30,67,0,67,47.17059701,30,67,0,67
2014,6,Csongrád-Csanád,20.07965972,30,48,0,48,57.95312500,30,48,0,48
2014,6,Fejér,19.62232624,30,47,0,47,33.92085106,30,47,0,47
2014,6,Győr-Moson-Sopron,19.32740972,30,48,0,48,29.07562500,30,48,0,48
2014,6,Hajdú-Bihar,19.87395726,30,78,0,78,27.05346154,30,78,0,78
2014,6,Heves,19.02156818,30,44,0,44,20.48431818,30,44,0,44
2014,6,Jász-Nagykun-Szolnok,19.98339216,30,68,0,68,28.57397059,30,68,0,68
2014,6,Komárom-Esztergom,18.93542529,30,29,0,29,32.81965517,30,29,0,29
2014,6,Nógrád,18.01295238,30,28,0,28,32.82321429,30,28,0,28
2014,6,Pest,19.55200889,30,75,0,75,26.32253333,30,75,0,75
2014,6,Somogy,19.32212857,30,70,0,70,58.45414286,30,70,0,70
2014,6,Szabolcs-Szatmár-Bereg,19.27400469,30,71,0,71,19.97183099,30,71,0,71
2014,6,Tolna,19.82761240,30,43,0,43,45.98302326,30,43,0,43
2014,6,Vas,19.00604545,30,44,0,44,54.45818182,30,44,0,44
2014,6,Veszprém,19.06432716,30,54,0,54,43.17185185,30,54,0,54
2014,6,Zala,19.01860606,30,44,0,44,68.41772727,30,44,0,44
2014,7,Baranya,21.35666667,31,54,0,54,82.73962963,31,54,0,54
2014,7,Borsod-Abaúj-Zemplén,20.92990998,31,86,0,86,132.28232558,31,86,0,86
2014,7,Bács-Kiskun,21.84826654,31,99,0,99,119.59040404,31,99,0,99
2014,7,Békés,21.95373134,31,67,0,67,156.95552239,31,67,0,67
2014,7,Csongrád-Csanád,21.99395833,31,48,0,48,153.10020833,31,48,0,48
2014,7,Fejér,21.66667811,31,47,0,47,111.14212766,31,47,0,47
2014,7,Győr-Moson-Sopron,21.52928091,31,48,0,48,114.06604167,31,48,0,48
2014,7,Hajdú-Bihar,21.80012407,31,78,0,78,115.09012821,31,78,0,78
2014,7,Heves,21.36111437,31,44,0,44,101.03909091,31,44,0,44
2014,7,Jász-Nagykun-Szolnok,22.09048861,31,68,0,68,140.10382353,31,68,0,68
2014,7,Komárom-Esztergom,21.13993326,31,29,0,29,108.97310345,31,29,0,29
2014,7,Nógrád,20.47433180,31,28,0,28,99.92071429,31,28,0,28
2014,7,Pest,21.87190968,31,75,0,75,116.32880000,31,75,0,75
2014,7,Somogy,21.20949770,31,70,0,70,93.87257143,31,70,0,70
2014,7,Szabolcs-Szatmár-Bereg,21.42706043,31,71,0,71,126.30802817,31,71,0,71
2014,7,Tolna,21.67542386,31,43,0,43,90.94767442,31,43,0,43
2014,7,Vas,20.96238270,31,44,0,44,121.55545455,31,44,0,44
2014,7,Veszprém,21.10200717,31,54,0,54,107.15925926,31,54,0,54
2014,7,Zala,20.86485337,31,44,0,44,117.09295455,31,44,0,44
2014,8,Baranya,19.98489845,31,54,0,54,109.70018519,31,54,0,54
2014,8,Borsod-Abaúj-Zemplén,19.05002626,31,86,0,86,74.46848837,31,86,0,86
2014,8,Bács-Kiskun,20.19503747,31,99,0,99,82.06080808,31,99,0,99
2014,8,Békés,20.83828599,31,67,0,67,55.70805970,31,67,0,67
2014,8,Csongrád-Csanád,20.72168683,31,48,0,48,68.15375000,31,48,0,48
2014,8,Fejér,19.53835278,31,47,0,47,107.28723404,31,47,0,47
2014,8,Győr-Moson-Sopron,19.04245968,31,48,0,48,113.33458333,31,48,0,48
2014,8,Hajdú-Bihar,20.42652192,31,78,0,78,46.77333333,31,78,0,78
2014,8,Heves,19.31901760,31,44,0,44,76.34840909,31,44,0,44
2014,8,Jász-Nagykun-Szolnok,20.50443074,31,68,0,68,57.30985294,31,68,0,68
2014,8,Komárom-Esztergom,18.75575083,31,29,0,29,107.06275862,31,29,0,29
2014,8,Nógrád,17.97220046,31,28,0,28,131.24642857,31,28,0,28
2014,8,Pest,19.53125161,31,75,0,75,100.99040000,31,75,0,75
2014,8,Somogy,19.44430876,31,70,0,70,148.83528571,31,70,0,70
2014,8,Szabolcs-Szatmár-Bereg,19.85511131,31,71,0,71,54.85014085,31,71,0,71
2014,8,Tolna,20.07002251,31,43,0,43,93.66651163,31,43,0,43
2014,8,Vas,18.66122434,31,44,0,44,145.13931818,31,44,0,44
2014,8,Veszprém,18.95777778,31,54,0,54,154.32648148,31,54,0,54
2014,8,Zala,18.92934018,31,44,0,44,159.22022727,31,44,0,44
2014,9,Baranya,16.32354321,30,54,0,54,126.46074074,30,54,0,54
2014,9,Borsod-Abaúj-Zemplén,16.20203876,30,86,0,86,71.62546512,30,86,0,86
2014,9,Bács-Kiskun,16.86801684,30,99,0,99,115.82525253,30,99,0,99
2014,9,Békés,17.51226866,30,67,0,67,98.14432836,30,67,0,67
2014,9,Csongrád-Csanád,17.31568056,30,48,0,48,120.40354167,30,48,0,48
2014,9,Fejér,16.49827660,30,47,0,47,127.01936170,30,47,0,47
2014,9,Győr-Moson-Sopron,16.03188194,30,48,0,48,128.51895833,30,48,0,48
2014,9,Hajdú-Bihar,17.19819231,30,78,0,78,74.30358974,30,78,0,78
2014,9,Heves,16.56011364,30,44,0,44,100.39954545,30,44,0,44
2014,9,Jász-Nagykun-Szolnok,17.38901961,30,68,0,68,118.95838235,30,68,0,68
2014,9,Komárom-Esztergom,16.06036782,30,29,0,29,135.27793103,30,29,0,29
2014,9,Nógrád,15.50111905,30,28,0,28,76.47392857,30,28,0,28
2014,9,Pest,16.64326222,30,75,0,75,107.28066667,30,75,0,75
2014,9,Somogy,16.08138571,30,70,0,70,159.39142857,30,70,0,70
2014,9,Szabolcs-Szatmár-Bereg,16.79832394,30,71,0,71,43.56563380,30,71,0,71
2014,9,Tolna,16.64710853,30,43,0,43,130.78976744,30,43,0,43
2014,9,Vas,15.51425758,30,44,0,44,134.86795455,30,44,0,44
2014,9,Veszprém,15.87867901,30,54,0,54,165.81796296,30,54,0,54
2014,9,Zala,15.71778030,30,44,0,44,187.54068182,30,44,0,44
2014,10,Baranya,12.72191159,31,54,0,54,115.85981481,31,54,0,54
2014,10,Borsod-Abaúj-Zemplén,10.87752813,31,86,0,86,61.25523256,31,86,0,86
2014,10,Bács-Kiskun,12.63432063,31,99,0,99,101.93858586,31,99,0,99
2014,10,Békés,12.30468464,31,67,0,67,72.73238806,31,67,0,67
2014,10,Csongrád-Csanád,12.64657930,31,48,0,48,86.22500000,31,48,0,48
2014,10,Fejér,12.37186685,31,47,0,47,76.40680851,31,47,0,47
2014,10,Győr-Moson-Sopron,12.11204973,31,48,0,48,46.53333333,31,48,0,48
2014,10,Hajdú-Bihar,11.68015715,31,78,0,78,67.80282051,31,78,0,78
2014,10,Heves,11.35604106,31,44,0,44,55.14840909,31,44,0,44
2014,10,Jász-Nagykun-Szolnok,12.19969165,31,68,0,68,73.04514706,31,68,0,68
2014,10,Komárom-Esztergom,11.95516129,31,29,0,29,56.91448276,31,29,0,29
2014,10,Nógrád,10.49531106,31,28,0,28,51.26000000,31,28,0,28
2014,10,Pest,11.94987957,31,75,0,75,67.46533333,31,75,0,75
2014,10,Somogy,12.57412903,31,70,0,70,108.73585714,31,70,0,70
2014,10,Szabolcs-Szatmár-Bereg,11.26012721,31,71,0,71,72.20197183,31,71,0,71
2014,10,Tolna,12.79348837,31,43,0,43,121.55441860,31,43,0,43
2014,10,Vas,12.07285924,31,44,0,44,63.21727273,31,44,0,44
2014,10,Veszprém,12.18608124,31,54,0,54,69.38203704,31,54,0,54
2014,10,Zala,12.51307185,31,44,0,44,85.12136364,31,44,0,44
2014,11,Baranya,7.69102469,30,54,0,54,30.88129630,30,54,0,54
2014,11,Borsod-Abaúj-Zemplén,6.13339147,30,86,0,86,10.52220930,30,86,0,86
2014,11,Bács-Kiskun,7.53900337,30,99,0,99,24.80292929,30,99,0,99
2014,11,Békés,7.50698010,30,67,0,67,38.27985075,30,67,0,67
2014,11,Csongrád-Csanád,7.70054861,30,48,0,48,22.63812500,30,48,0,48
2014,11,Fejér,7.27990071,30,47,0,47,36.03042553,30,47,0,47
2014,11,Győr-Moson-Sopron,8.10701389,30,48,0,48,29.29354167,30,48,0,48
2014,11,Hajdú-Bihar,6.64797436,30,78,0,78,24.92423077,30,78,0,78
2014,11,Heves,6.76133333,30,44,0,44,13.44727273,30,44,0,44
2014,11,Jász-Nagykun-Szolnok,7.14012255,30,68,0,68,22.74279412,30,68,0,68
2014,11,Komárom-Esztergom,7.32668966,30,29,0,29,34.20448276,30,29,0,29
2014,11,Nógrád,6.39222619,30,28,0,28,20.26642857,30,28,0,28
2014,11,Pest,7.01772889,30,75,0,75,27.99106667,30,75,0,75
2014,11,Somogy,7.82069524,30,70,0,70,31.47028571,30,70,0,70
2014,11,Szabolcs-Szatmár-Bereg,6.01947887,30,71,0,71,13.66028169,30,71,0,71
2014,11,Tolna,7.76916279,30,43,0,43,31.26930233,30,43,0,43
2014,11,Vas,7.97221212,30,44,0,44,30.77136364,30,44,0,44
2014,11,Veszprém,7.48320988,30,54,0,54,34.95500000,30,54,0,54
2014,11,Zala,8.04703788,30,44,0,44,29.18522727,30,44,0,44
2014,12,Baranya,3.34090203,31,54,0,54,59.86111111,31,54,0,54
2014,12,Borsod-Abaúj-Zemplén,2.04693173,31,86,0,86,25.46476744,31,86,0,86
2014,12,Bács-Kiskun,3.28710655,31,99,0,99,46.70464646,31,99,0,99
2014,12,Békés,3.15403948,31,67,0,67,53.38791045,31,67,0,67
2014,12,Csongrád-Csanád,3.26758065,31,48,0,48,49.39979167,31,48,0,48
2014,12,Fejér,2.67925875,31,47,0,47,45.76425532,31,47,0,47
2014,12,Győr-Moson-Sopron,2.65782258,31,48,0,48,53.10770833,31,48,0,48
2014,12,Hajdú-Bihar,2.78583540,31,78,0,78,40.81166667,31,78,0,78
2014,12,Heves,2.43352639,31,44,0,44,37.02704545,31,44,0,44
2014,12,Jász-Nagykun-Szolnok,3.09437856,31,68,0,68,53.82852941,31,68,0,68
2014,12,Komárom-Esztergom,2.43221357,31,29,0,29,64.36586207,31,29,0,29
2014,12,Nógrád,1.91316820,31,28,0,28,39.29821429,31,28,0,28
2014,12,Pest,2.72927312,31,75,0,75,53.71666667,31,75,0,75
2014,12,Somogy,3.22093548,31,70,0,70,47.02542857,31,70,0,70
2014,12,Szabolcs-Szatmár-Bereg,2.42710586,31,71,0,71,30.72873239,31,71,0,71
2014,12,Tolna,3.45393848,31,43,0,43,46.44116279,31,43,0,43
2014,12,Vas,2.16475073,31,44,0,44,46.27068182,31,44,0,44
2014,12,Veszprém,2.40585424,31,54,0,54,47.67296296,31,54,0,54
2014,12,Zala,2.67737537,31,44,0,44,45.84954545,31,44,0,44
2015,1,Baranya,2.61439068,31,54,0,54,68.33296296,31,54,0,54
2015,1,Borsod-Abaúj-Zemplén,0.50196924,31,86,0,86,56.39930233,31,86,0,86
2015,1,Bács-Kiskun,2.39314435,31,99,0,99,69.76404040,31,99,0,99
2015,1,Békés,1.90994704,31,67,0,67,54.53597015,31,67,0,67
2015,1,Csongrád-Csanád,2.24637097,31,48,0,48,59.11666667,31,48,0,48
2015,1,Fejér,1.92645848,31,47,0,47,73.90148936,31,47,0,47
2015,1,Győr-Moson-Sopron,2.39963710,31,48,0,48,64.80354167,31,48,0,48
2015,1,Hajdú-Bihar,1.34755997,31,78,0,78,43.52653846,31,78,0,78
2015,1,Heves,1.08773460,31,44,0,44,62.02977273,31,44,0,44
2015,1,Jász-Nagykun-Szolnok,1.96539848,31,68,0,68,56.79485294,31,68,0,68
2015,1,Komárom-Esztergom,1.58761958,31,29,0,29,88.87000000,31,29,0,29
2015,1,Nógrád,0.55595622,31,28,0,28,55.59785714,31,28,0,28
2015,1,Pest,1.70239570,31,75,0,75,65.85813333,31,75,0,75
2015,1,Somogy,2.50649309,31,70,0,70,60.26228571,31,70,0,70
2015,1,Szabolcs-Szatmár-Bereg,0.74242617,31,71,0,71,42.71746479,31,71,0,71
2015,1,Tolna,2.61930233,31,43,0,43,67.45906977,31,43,0,43
2015,1,Vas,2.05744135,31,44,0,44,53.65931818,31,44,0,44
2015,1,Veszprém,1.90747909,31,54,0,54,78.86759259,31,54,0,54
2015,1,Zala,2.30412757,31,44,0,44,52.93863636,31,44,0,44
2015,2,Baranya,2.03067460,28,54,0,54,51.89777778,28,54,0,54
2015,2,Borsod-Abaúj-Zemplén,0.89128322,28,86,0,86,13.48395349,28,86,0,86
2015,2,Bács-Kiskun,2.21951659,28,99,0,99,26.49313131,28,99,0,99
2015,2,Békés,2.25807569,28,67,0,67,18.09089552,28,67,0,67
2015,2,Csongrád-Csanád,2.41209821,28,48,0,48,20.81916667,28,48,0,48
2015,2,Fejér,1.99957447,28,47,0,47,15.93765957,28,47,0,47
2015,2,Győr-Moson-Sopron,1.95899554,28,48,0,48,29.25145833,28,48,0,48
2015,2,Hajdú-Bihar,1.79000000,28,78,0,78,15.06743590,28,78,0,78
2015,2,Heves,1.39155844,28,44,0,44,16.13818182,28,44,0,44
2015,2,Jász-Nagykun-Szolnok,2.09328782,28,68,0,68,16.57411765,28,68,0,68
2015,2,Komárom-Esztergom,1.61405172,28,29,0,29,23.50000000,28,29,0,29
2015,2,Nógrád,0.56985969,28,28,0,28,17.14035714,28,28,0,28
2015,2,Pest,1.89456190,28,75,0,75,20.74986667,28,75,0,75
2015,2,Somogy,1.90167347,28,70,0,70,56.93842857,28,70,0,70
2015,2,Szabolcs-Szatmár-Bereg,1.43776660,28,71,0,71,13.96690141,28,71,0,71
2015,2,Tolna,2.23915282,28,43,0,43,39.15534884,28,43,0,43
2015,2,Vas,1.71295455,28,44,0,44,33.07113636,28,44,0,44
2015,2,Veszprém,1.52771164,28,54,0,54,39.21777778,28,54,0,54
2015,2,Zala,1.76663961,28,44,0,44,49.70204545,28,44,0,44
2015,3,Baranya,6.80135006,31,54,0,54,30.05537037,31,54,0,54
2015,3,Borsod-Abaúj-Zemplén,5.94692048,31,86,0,86,21.93720930,31,86,0,86
2015,3,Bács-Kiskun,6.83010101,31,99,0,99,24.00151515,31,99,0,99
2015,3,Békés,7.04738565,31,67,0,67,20.20716418,31,67,0,67
2015,3,Csongrád-Csanád,7.14937500,31,48,0,48,27.49333333,31,48,0,48
2015,3,Fejér,6.31847632,31,47,0,47,12.88446809,31,47,0,47
2015,3,Győr-Moson-Sopron,6.35311828,31,48,0,48,21.26625000,31,48,0,48
2015,3,Hajdú-Bihar,6.64498346,31,78,0,78,13.28217949,31,78,0,78
2015,3,Heves,6.18585044,31,44,0,44,25.37318182,31,44,0,44
2015,3,Jász-Nagykun-Szolnok,6.93830171,31,68,0,68,18.17073529,31,68,0,68
2015,3,Komárom-Esztergom,6.06289210,31,29,0,29,20.83793103,31,29,0,29
2015,3,Nógrád,5.19677419,31,28,0,28,29.82107143,31,28,0,28
2015,3,Pest,6.46312258,31,75,0,75,19.13920000,31,75,0,75
2015,3,Somogy,6.55772811,31,70,0,70,23.55800000,31,70,0,70
2015,3,Szabolcs-Szatmár-Bereg,6.30744662,31,71,0,71,17.52521127,31,71,0,71
2015,3,Tolna,6.69316579,31,43,0,43,19.64627907,31,43,0,43
2015,3,Vas,6.18494135,31,44,0,44,21.69204545,31,44,0,44
2015,3,Veszprém,6.11606332,31,54,0,54,20.17314815,31,54,0,54
2015,3,Zala,6.43099707,31,44,0,44,18.65340909,31,44,0,44
2015,4,Baranya,11.56893827,30,54,0,54,21.86425926,30,54,0,54
2015,4,Borsod-Abaúj-Zemplén,10.00474419,30,86,0,86,7.45383721,30,86,0,86
2015,4,Bács-Kiskun,11.39165320,30,99,0,99,12.31636364,30,99,0,99
2015,4,Békés,11.15037313,30,67,0,67,12.08074627,30,67,0,67
2015,4,Csongrád-Csanád,11.39413889,30,48,0,48,10.42395833,30,48,0,48
2015,4,Fejér,11.07417730,30,47,0,47,10.55404255,30,47,0,47
2015,4,Győr-Moson-Sopron,11.03188889,30,48,0,48,14.89458333,30,48,0,48
2015,4,Hajdú-Bihar,10.77966667,30,78,0,78,16.38910256,30,78,0,78
2015,4,Heves,10.28753030,30,44,0,44,7.28045455,30,44,0,44
2015,4,Jász-Nagykun-Szolnok,11.06837745,30,68,0,68,9.45338235,30,68,0,68
2015,4,Komárom-Esztergom,10.51858621,30,29,0,29,14.41241379,30,29,0,29
2015,4,Nógrád,9.24715476,30,28,0,28,6.11928571,30,28,0,28
2015,4,Pest,10.86453333,30,75,0,75,6.71266667,30,75,0,75
2015,4,Somogy,11.28076667,30,70,0,70,10.41842857,30,70,0,70
2015,4,Szabolcs-Szatmár-Bereg,10.36847418,30,71,0,71,17.09718310,30,71,0,71
2015,4,Tolna,11.55461240,30,43,0,43,7.72069767,30,43,0,43
2015,4,Vas,10.88468939,30,44,0,44,16.04159091,30,44,0,44
2015,4,Veszprém,10.79359259,30,54,0,54,10.98055556,30,54,0,54
2015,4,Zala,11.07541667,30,44,0,44,11.05909091,30,44,0,44
2015,5,Baranya,16.35544205,31,54,0,54,126.68518519,31,54,0,54
2015,5,Borsod-Abaúj-Zemplén,15.16660165,31,86,0,86,63.51500000,31,86,0,86
2015,5,Bács-Kiskun,16.65054089,31,99,0,99,82.64090909,31,99,0,99
2015,5,Békés,16.82691382,31,67,0,67,68.07029851,31,67,0,67
2015,5,Csongrád-Csanád,16.95975134,31,48,0,48,83.26666667,31,48,0,48
2015,5,Fejér,15.98658202,31,47,0,47,74.19978723,31,47,0,47
2015,5,Győr-Moson-Sopron,15.49395161,31,48,0,48,97.25645833,31,48,0,48
2015,5,Hajdú-Bihar,16.36327957,31,78,0,78,52.54064103,31,78,0,78
2015,5,Heves,15.57336510,31,44,0,44,60.02318182,31,44,0,44
2015,5,Jász-Nagykun-Szolnok,16.56702087,31,68,0,68,49.73941176,31,68,0,68
2015,5,Komárom-Esztergom,15.28575083,31,29,0,29,81.99551724,31,29,0,29
2015,5,Nógrád,14.68663594,31,28,0,28,85.15464286,31,28,0,28
2015,5,Pest,15.96210323,31,75,0,75,62.79333333,31,75,0,75
2015,5,Somogy,15.93284332,31,70,0,70,132.16342857,31,70,0,70
2015,5,Szabolcs-Szatmár-Bereg,15.82137665,31,71,0,71,67.72267606,31,71,0,71
2015,5,Tolna,16.44336084,31,43,0,43,108.75465116,31,43,0,43
2015,5,Vas,15.22070381,31,44,0,44,104.33113636,31,44,0,44
2015,5,Veszprém,15.31074671,31,54,0,54,111.29166667,31,54,0,54
2015,5,Zala,15.52837977,31,44,0,44,115.55954545,31,44,0,44
2015,6,Baranya,20.00502469,30,54,0,54,28.61333333,30,54,0,54
2015,6,Borsod-Abaúj-Zemplén,19.39406202,30,86,0,86,33.15651163,30,86,0,86
2015,6,Bács-Kiskun,20.33911111,30,99,0,99,26.04202020,30,99,0,99
2015,6,Békés,20.72004975,30,67,0,67,31.25328358,30,67,0,67
2015,6,Csongrád-Csanád,20.65976389,30,48,0,48,24.70375000,30,48,0,48
2015,6,Fejér,20.04328369,30,47,0,47,31.34765957,30,47,0,47
2015,6,Győr-Moson-Sopron,19.77481250,30,48,0,48,23.63166667,30,48,0,48
2015,6,Hajdú-Bihar,20.44153846,30,78,0,78,35.90730769,30,78,0,78
2015,6,Heves,19.57669697,30,44,0,44,36.14931818,30,44,0,44
2015,6,Jász-Nagykun-Szolnok,20.51493627,30,68,0,68,40.30602941,30,68,0,68
2015,6,Komárom-Esztergom,19.37594253,30,29,0,29,28.60068966,30,29,0,29
2015,6,Nógrád,18.60526190,30,28,0,28,25.93714286,30,28,0,28
2015,6,Pest,20.03318222,30,75,0,75,31.67746667,30,75,0,75
2015,6,Somogy,19.77147619,30,70,0,70,25.43600000,30,70,0,70
2015,6,Szabolcs-Szatmár-Bereg,19.89102347,30,71,0,71,31.41788732,30,71,0,71
2015,6,Tolna,20.20737984,30,43,0,43,17.66023256,30,43,0,43
2015,6,Vas,19.43077273,30,44,0,44,31.42613636,30,44,0,44
2015,6,Veszprém,19.51057407,30,54,0,54,23.42722222,30,54,0,54
2015,6,Zala,19.51924242,30,44,0,44,29.59522727,30,44,0,44
2015,7,Baranya,23.37226404,31,54,0,54,48.96074074,31,54,0,54
2015,7,Borsod-Abaúj-Zemplén,22.43516129,31,86,0,86,42.70279070,31,86,0,86
2015,7,Bács-Kiskun,23.75754643,31,99,0,99,35.97333333,31,99,0,99
2015,7,Békés,23.96927299,31,67,0,67,38.47880597,31,67,0,67
2015,7,Csongrád-Csanád,24.02231855,31,48,0,48,35.43583333,31,48,0,48
2015,7,Fejér,23.53122169,31,47,0,47,42.83148936,31,47,0,47
2015,7,Győr-Moson-Sopron,23.64005376,31,48,0,48,36.14770833,31,48,0,48
2015,7,Hajdú-Bihar,23.50060380,31,78,0,78,33.52551282,31,78,0,78
2015,7,Heves,23.00809384,31,44,0,44,34.41545455,31,44,0,44
2015,7,Jász-Nagykun-Szolnok,23.87782732,31,68,0,68,26.62470588,31,68,0,68
2015,7,Komárom-Esztergom,23.12952169,31,29,0,29,42.99241379,31,29,0,29
2015,7,Nógrád,21.87047235,31,28,0,28,45.55571429,31,28,0,28
2015,7,Pest,23.44942796,31,75,0,75,35.59866667,31,75,0,75
2015,7,Somogy,23.07692627,31,70,0,70,58.84714286,31,70,0,70
2015,7,Szabolcs-Szatmár-Bereg,22.62965925,31,71,0,71,29.22380282,31,71,0,71
2015,7,Tolna,23.47363841,31,43,0,43,42.42023256,31,43,0,43
2015,7,Vas,22.98258798,31,44,0,44,61.91000000,31,44,0,44
2015,7,Veszprém,23.20528076,31,54,0,54,52.78574074,31,54,0,54
2015,7,Zala,22.89085044,31,44,0,44,60.32409091,31,44,0,44
2015,8,Baranya,23.07566906,31,54,0,54,46.70703704,31,54,0,54
2015,8,Borsod-Abaúj-Zemplén,22.92244561,31,86,0,86,67.64918605,31,86,0,86
2015,8,Bács-Kiskun,23.34011404,31,99,0,99,81.17474747,31,99,0,99
2015,8,Békés,23.83208955,31,67,0,67,79.48597015,31,67,0,67
2015,8,Csongrád-Csanád,23.78397177,31,48,0,48,78.58708333,31,48,0,48
2015,8,Fejér,23.25748113,31,47,0,47,57.87042553,31,47,0,47
2015,8,Győr-Moson-Sopron,23.16258065,31,48,0,48,61.81104167,31,48,0,48
2015,8,Hajdú-Bihar,23.79462779,31,78,0,78,67.22089744,31,78,0,78
2015,8,Heves,23.06372434,31,44,0,44,97.86090909,31,44,0,44
2015,8,Jász-Nagykun-Szolnok,23.80127609,31,68,0,68,81.13352941,31,68,0,68
2015,8,Komárom-Esztergom,22.82126808,31,29,0,29,76.21862069,31,29,0,29
2015,8,Nógrád,21.81804147,31,28,0,28,77.88107143,31,28,0,28
2015,8,Pest,23.13827957,31,75,0,75,67.86253333,31,75,0,75
2015,8,Somogy,22.64334101,31,70,0,70,41.17000000,31,70,0,70
2015,8,Szabolcs-Szatmár-Bereg,23.61014993,31,71,0,71,24.01718310,31,71,0,71
2015,8,Tolna,23.29092273,31,43,0,43,84.38395349,31,43,0,43
2015,8,Vas,22.67839443,31,44,0,44,37.86909091,31,44,0,44
2015,8,Veszprém,23.03124253,31,54,0,54,64.15666667,31,54,0,54
2015,8,Zala,22.52598974,31,44,0,44,32.01613636,31,44,0,44
2015,9,Baranya,17.10616049,30,54,0,54,71.82018519,30,54,0,54
2015,9,Borsod-Abaúj-Zemplén,17.13306977,30,86,0,86,69.69593023,30,86,0,86
2015,9,Bács-Kiskun,17.65005387,30,99,0,99,56.80353535,30,99,0,99
2015,9,Békés,18.48144279,30,67,0,67,59.34910448,30,67,0,67
2015,9,Csongrád-Csanád,18.32354861,30,48,0,48,47.30041667,30,48,0,48
2015,9,Fejér,17.01876596,30,47,0,47,69.79340426,30,47,0,47
2015,9,Győr-Moson-Sopron,16.66611111,30,48,0,48,58.50875000,30,48,0,48
2015,9,Hajdú-Bihar,18.17150855,30,78,0,78,42.45705128,30,78,0,78
2015,9,Heves,17.29728030,30,44,0,44,70.32590909,30,44,0,44
2015,9,Jász-Nagykun-Szolnok,18.23396569,30,68,0,68,53.27588235,30,68,0,68
2015,9,Komárom-Esztergom,16.41495402,30,29,0,29,77.24206897,30,29,0,29
2015,9,Nógrád,16.06361905,30,28,0,28,88.54107143,30,28,0,28
2015,9,Pest,17.24312000,30,75,0,75,78.79773333,30,75,0,75
2015,9,Somogy,16.69315714,30,70,0,70,79.89200000,30,70,0,70
2015,9,Szabolcs-Szatmár-Bereg,17.87186385,30,71,0,71,49.97267606,30,71,0,71
2015,9,Tolna,17.24298450,30,43,0,43,65.22162791,30,43,0,43
2015,9,Vas,16.26736364,30,44,0,44,62.70000000,30,44,0,44
2015,9,Veszprém,16.39861111,30,54,0,54,75.49111111,30,54,0,54
2015,9,Zala,16.42885606,30,44,0,44,78.37295455,30,44,0,44
2015,10,Baranya,10.18777180,31,54,0,54,126.59018519,31,54,0,54
2015,10,Borsod-Abaúj-Zemplén,9.32458365,31,86,0,86,111.83872093,31,86,0,86
2015,10,Bács-Kiskun,10.11038123,31,99,0,99,98.32727273,31,99,0,99
2015,10,Békés,10.46358690,31,67,0,67,80.59447761,31,67,0,67
2015,10,Csongrád-Csanád,10.47385081,31,48,0,48,88.79895833,31,48,0,48
2015,10,Fejér,9.93417296,31,47,0,47,113.84404255,31,47,0,47
2015,10,Győr-Moson-Sopron,9.94144489,31,48,0,48,113.65291667,31,48,0,48
2015,10,Hajdú-Bihar,10.22440447,31,78,0,78,85.64076923,31,78,0,78
2015,10,Heves,9.67265396,31,44,0,44,102.14977273,31,44,0,44
2015,10,Jász-Nagykun-Szolnok,10.17561670,31,68,0,68,95.17985294,31,68,0,68
2015,10,Komárom-Esztergom,9.68876529,31,29,0,29,91.23551724,31,29,0,29
2015,10,Nógrád,8.75244240,31,28,0,28,90.60750000,31,28,0,28
2015,10,Pest,9.74107097,31,75,0,75,98.32226667,31,75,0,75
2015,10,Somogy,9.91230876,31,70,0,70,146.07828571,31,70,0,70
2015,10,Szabolcs-Szatmár-Bereg,9.93910495,31,71,0,71,81.06140845,31,71,0,71
2015,10,Tolna,10.13692423,31,43,0,43,124.56837209,31,43,0,43
2015,10,Vas,9.73288123,31,44,0,44,140.24000000,31,44,0,44
2015,10,Veszprém,9.77587216,31,54,0,54,133.19074074,31,54,0,54
2015,10,Zala,9.95411290,31,44,0,44,148.61136364,31,44,0,44
2015,11,Baranya,7.33464815,30,54,0,54,31.35722222,30,54,0,54
2015,11,Borsod-Abaúj-Zemplén,5.16767054,30,86,0,86,28.98348837,30,86,0,86
2015,11,Bács-Kiskun,6.77930976,30,99,0,99,33.73888889,30,99,0,99
2015,11,Békés,6.11233333,30,67,0,67,41.88462687,30,67,0,67
2015,11,Csongrád-Csanád,6.58250000,30,48,0,48,38.08000000,30,48,0,48
2015,11,Fejér,7.06557447,30,47,0,47,13.70170213,30,47,0,47
2015,11,Győr-Moson-Sopron,7.04170833,30,48,0,48,13.70270833,30,48,0,48
2015,11,Hajdú-Bihar,5.66900000,30,78,0,78,43.20269231,30,78,0,78
2015,11,Heves,5.91003030,30,44,0,44,32.90954545,30,44,0,44
2015,11,Jász-Nagykun-Szolnok,6.26994608,30,68,0,68,32.93485294,30,68,0,68
2015,11,Komárom-Esztergom,6.61098851,30,29,0,29,20.30310345,30,29,0,29
2015,11,Nógrád,5.45798810,30,28,0,28,39.33964286,30,28,0,28
2015,11,Pest,6.48184889,30,75,0,75,27.51506667,30,75,0,75
2015,11,Somogy,6.98516190,30,70,0,70,26.00400000,30,70,0,70
2015,11,Szabolcs-Szatmár-Bereg,5.09482160,30,71,0,71,50.74690141,30,71,0,71
2015,11,Tolna,7.29627907,30,43,0,43,25.37023256,30,43,0,43
2015,11,Vas,6.87817424,30,44,0,44,5.49818182,30,44,0,44
2015,11,Veszprém,7.19020988,30,54,0,54,12.12592593,30,54,0,54
2015,11,Zala,6.83542424,30,44,0,44,19.72681818,30,44,0,44
2015,12,Baranya,2.79500000,31,54,0,54,2.57370370,31,54,0,54
2015,12,Borsod-Abaúj-Zemplén,2.03674419,31,86,0,86,7.55755814,31,86,0,86
2015,12,Bács-Kiskun,2.68561095,31,99,0,99,2.37252525,31,99,0,99
2015,12,Békés,2.68005296,31,67,0,67,6.43373134,31,67,0,67
2015,12,Csongrád-Csanád,2.73563844,31,48,0,48,2.85312500,31,48,0,48
2015,12,Fejér,2.64901167,31,47,0,47,3.25127660,31,47,0,47
2015,12,Győr-Moson-Sopron,2.82235215,31,48,0,48,7.00604167,31,48,0,48
2015,12,Hajdú-Bihar,2.54243590,31,78,0,78,7.06564103,31,78,0,78
2015,12,Heves,2.24405425,31,44,0,44,6.95477273,31,44,0,44
2015,12,Jász-Nagykun-Szolnok,2.68176471,31,68,0,68,6.02852941,31,68,0,68
2015,12,Komárom-Esztergom,2.50560623,31,29,0,29,5.89068966,31,29,0,29
2015,12,Nógrád,1.92471198,31,28,0,28,6.44428571,31,28,0,28
2015,12,Pest,2.59797419,31,75,0,75,4.51226667,31,75,0,75
2015,12,Somogy,2.58208756,31,70,0,70,4.68171429,31,70,0,70
2015,12,Szabolcs-Szatmár-Bereg,2.39426624,31,71,0,71,7.40507042,31,71,0,71
2015,12,Tolna,2.75438110,31,43,0,43,3.38767442,31,43,0,43
2015,12,Vas,2.23813050,31,44,0,44,4.36522727,31,44,0,44
2015,12,Veszprém,2.53148148,31,54,0,54,4.90851852,31,54,0,54
2015,12,Zala,2.34057185,31,44,0,44,3.39454545,31,44,0,44
2016,1,Baranya,0.38197133,31,54,0,54,70.60055556,31,54,0,54
2016,1,Borsod-Abaúj-Zemplén,-2.74595274,31,86,0,86,52.07674419,31,86,0,86
2016,1,Bács-Kiskun,-0.37535354,31,99,0,99,63.83545455,31,99,0,99
2016,1,Békés,-1.08333654,31,67,0,67,52.70044776,31,67,0,67
2016,1,Csongrád-Csanád,-0.41673387,31,48,0,48,51.70687500,31,48,0,48
2016,1,Fejér,-0.76106383,31,47,0,47,58.31510638,31,47,0,47
2016,1,Győr-Moson-Sopron,-0.14748656,31,48,0,48,49.92166667,31,48,0,48
2016,1,Hajdú-Bihar,-1.82943755,31,78,0,78,63.02525641,31,78,0,78
2016,1,Heves,-2.14343842,31,44,0,44,59.89659091,31,44,0,44
2016,1,Jász-Nagykun-Szolnok,-1.30599146,31,68,0,68,61.75205882,31,68,0,68
2016,1,Komárom-Esztergom,-0.91798665,31,29,0,29,52.03310345,31,29,0,29
2016,1,Nógrád,-2.51464286,31,28,0,28,51.24107143,31,28,0,28
2016,1,Pest,-1.31619355,31,75,0,75,62.27986667,31,75,0,75
2016,1,Somogy,-0.01922581,31,70,0,70,70.08457143,31,70,0,70
2016,1,Szabolcs-Szatmár-Bereg,-2.31327578,31,71,0,71,60.53746479,31,71,0,71
2016,1,Tolna,-0.02732183,31,43,0,43,73.80395349,31,43,0,43
2016,1,Vas,-0.18123900,31,44,0,44,46.98704545,31,44,0,44
2016,1,Veszprém,-0.32923536,31,54,0,54,58.68222222,31,54,0,54
2016,1,Zala,-0.07192082,31,44,0,44,47.09136364,31,44,0,44
2016,2,Baranya,6.14339719,29,54,0,54,72.35148148,29,54,0,54
2016,2,Borsod-Abaúj-Zemplén,4.51131115,29,86,0,86,96.78500000,29,86,0,86
2016,2,Bács-Kiskun,6.13600488,29,99,0,99,86.22181818,29,99,0,99
2016,2,Békés,6.09084406,29,67,0,67,77.20626866,29,67,0,67
2016,2,Csongrád-Csanád,6.26625718,29,48,0,48,87.80062500,29,48,0,48
2016,2,Fejér,5.67545121,29,47,0,47,99.21808511,29,47,0,47
2016,2,Győr-Moson-Sopron,5.90928879,29,48,0,48,95.78333333,29,48,0,48
2016,2,Hajdú-Bihar,5.76717949,29,78,0,78,88.51833333,29,78,0,78
2016,2,Heves,4.91654389,29,44,0,44,106.93181818,29,44,0,44
2016,2,Jász-Nagykun-Szolnok,5.83101927,29,68,0,68,87.48073529,29,68,0,68
2016,2,Komárom-Esztergom,5.47695600,29,29,0,29,124.29620690,29,29,0,29
2016,2,Nógrád,4.34837438,29,28,0,28,119.77107143,29,28,0,28
2016,2,Pest,5.46752644,29,75,0,75,104.17266667,29,75,0,75
2016,2,Somogy,5.94509852,29,70,0,70,97.10514286,29,70,0,70
2016,2,Szabolcs-Szatmár-Bereg,5.53157358,29,71,0,71,80.36971831,29,71,0,71
2016,2,Tolna,6.05645549,29,43,0,43,78.22744186,29,43,0,43
2016,2,Vas,5.39225705,29,44,0,44,107.01704545,29,44,0,44
2016,2,Veszprém,5.38102810,29,54,0,54,118.22759259,29,54,0,54
2016,2,Zala,5.72231191,29,44,0,44,127.08954545,29,44,0,44
2016,3,Baranya,7.09703106,31,54,0,54,43.95333333,31,54,0,54
2016,3,Borsod-Abaúj-Zemplén,6.03223556,31,86,0,86,32.07302326,31,86,0,86
2016,3,Bács-Kiskun,7.03001629,31,99,0,99,25.78151515,31,99,0,99
2016,3,Békés,7.01742417,31,67,0,67,23.46776119,31,67,0,67
2016,3,Csongrád-Csanád,7.23506048,31,48,0,48,24.27875000,31,48,0,48
2016,3,Fejér,6.76098833,31,47,0,47,24.72893617,31,47,0,47
2016,3,Győr-Moson-Sopron,6.58583333,31,48,0,48,19.80625000,31,48,0,48
2016,3,Hajdú-Bihar,6.75846567,31,78,0,78,37.68461538,31,78,0,78
2016,3,Heves,6.32845308,31,44,0,44,31.57886364,31,44,0,44
2016,3,Jász-Nagykun-Szolnok,7.06214896,31,68,0,68,26.26220588,31,68,0,68
2016,3,Komárom-Esztergom,6.19056730,31,29,0,29,29.97655172,31,29,0,29
2016,3,Nógrád,5.63769585,31,28,0,28,29.11500000,31,28,0,28
2016,3,Pest,6.71299355,31,75,0,75,32.52133333,31,75,0,75
2016,3,Somogy,6.94552995,31,70,0,70,34.45128571,31,70,0,70
2016,3,Szabolcs-Szatmár-Bereg,6.53338483,31,71,0,71,28.57535211,31,71,0,71
2016,3,Tolna,7.01213053,31,43,0,43,27.24674419,31,43,0,43
2016,3,Vas,6.35846774,31,44,0,44,26.46568182,31,44,0,44
2016,3,Veszprém,6.35006571,31,54,0,54,24.61166667,31,54,0,54
2016,3,Zala,6.62688416,31,44,0,44,29.65250000,31,44,0,44
2016,4,Baranya,12.68766667,30,54,0,54,20.25277778,30,54,0,54
2016,4,Borsod-Abaúj-Zemplén,11.80257752,30,86,0,86,20.84534884,30,86,0,86
2016,4,Bács-Kiskun,12.92118182,30,99,0,99,21.58191919,30,99,0,99
2016,4,Békés,13.26049751,30,67,0,67,16.02208955,30,67,0,67
2016,4,Csongrád-Csanád,13.22850694,30,48,0,48,20.71812500,30,48,0,48
2016,4,Fejér,12.41575887,30,47,0,47,18.90170213,30,47,0,47
2016,4,Győr-Moson-Sopron,11.60729167,30,48,0,48,19.59520833,30,48,0,48
2016,4,Hajdú-Bihar,12.91689316,30,78,0,78,11.60115385,30,78,0,78
2016,4,Heves,12.04840152,30,44,0,44,25.59045455,30,44,0,44
2016,4,Jász-Nagykun-Szolnok,12.96976961,30,68,0,68,20.17573529,30,68,0,68
2016,4,Komárom-Esztergom,11.64083908,30,29,0,29,23.27551724,30,29,0,29
2016,4,Nógrád,10.93738095,30,28,0,28,25.46928571,30,28,0,28
2016,4,Pest,12.40020889,30,75,0,75,17.32973333,30,75,0,75
2016,4,Somogy,12.35346190,30,70,0,70,19.94285714,30,70,0,70
2016,4,Szabolcs-Szatmár-Bereg,12.61397653,30,71,0,71,19.65535211,30,71,0,71
2016,4,Tolna,12.84183721,30,43,0,43,15.68953488,30,43,0,43
2016,4,Vas,11.50142424,30,44,0,44,26.96340909,30,44,0,44
2016,4,Veszprém,11.83162346,30,54,0,54,16.39685185,30,54,0,54
2016,4,Zala,11.94753788,30,44,0,44,21.93136364,30,44,0,44
2016,5,Baranya,15.69673835,31,54,0,54,86.68722222,31,54,0,54
2016,5,Borsod-Abaúj-Zemplén,15.47889722,31,86,0,86,52.35174419,31,86,0,86
2016,5,Bács-Kiskun,16.01065819,31,99,0,99,66.34656566,31,99,0,99
2016,5,Békés,16.37915262,31,67,0,67,33.40417910,31,67,0,67
2016,5,Csongrád-Csanád,16.30405242,31,48,0,48,42.89583333,31,48,0,48
2016,5,Fejér,15.84072752,31,47,0,47,83.73638298,31,47,0,47
2016,5,Győr-Moson-Sopron,15.66893817,31,48,0,48,95.31854167,31,48,0,48
2016,5,Hajdú-Bihar,16.20607113,31,78,0,78,50.91589744,31,78,0,78
2016,5,Heves,15.68318915,31,44,0,44,52.95454545,31,44,0,44
2016,5,Jász-Nagykun-Szolnok,16.30891841,31,68,0,68,44.87352941,31,68,0,68
2016,5,Komárom-Esztergom,15.34955506,31,29,0,29,106.98827586,31,29,0,29
2016,5,Nógrád,14.77263825,31,28,0,28,75.19785714,31,28,0,28
2016,5,Pest,15.80324731,31,75,0,75,81.50520000,31,75,0,75
2016,5,Somogy,15.54564516,31,70,0,70,84.51185714,31,70,0,70
2016,5,Szabolcs-Szatmár-Bereg,15.81895502,31,71,0,71,52.48985915,31,71,0,71
2016,5,Tolna,15.92098275,31,43,0,43,74.70046512,31,43,0,43
2016,5,Vas,15.06950147,31,44,0,44,117.52886364,31,44,0,44
2016,5,Veszprém,15.29525090,31,54,0,54,104.29888889,31,54,0,54
2016,5,Zala,15.23222874,31,44,0,44,97.82431818,31,44,0,44
2016,6,Baranya,20.48012346,30,54,0,54,87.33962963,30,54,0,54
2016,6,Borsod-Abaúj-Zemplén,20.16225194,30,86,0,86,47.15883721,30,86,0,86
2016,6,Bács-Kiskun,20.91573064,30,99,0,99,86.04787879,30,99,0,99
2016,6,Békés,21.05577612,30,67,0,67,142.06149254,30,67,0,67
2016,6,Csongrád-Csanád,21.23454167,30,48,0,48,95.87645833,30,48,0,48
2016,6,Fejér,20.50432624,30,47,0,47,64.67510638,30,47,0,47
2016,6,Győr-Moson-Sopron,20.08959028,30,48,0,48,54.29020833,30,48,0,48
2016,6,Hajdú-Bihar,20.84007692,30,78,0,78,115.42910256,30,78,0,78
2016,6,Heves,20.37659091,30,44,0,44,44.13136364,30,44,0,44
2016,6,Jász-Nagykun-Szolnok,21.04849510,30,68,0,68,84.87264706,30,68,0,68
2016,6,Komárom-Esztergom,19.88986207,30,29,0,29,50.82965517,30,29,0,29
2016,6,Nógrád,19.48827381,30,28,0,28,48.00892857,30,28,0,28
2016,6,Pest,20.57929333,30,75,0,75,66.94253333,30,75,0,75
2016,6,Somogy,20.24238571,30,70,0,70,61.93700000,30,70,0,70
2016,6,Szabolcs-Szatmár-Bereg,20.42918310,30,71,0,71,98.17394366,30,71,0,71
2016,6,Tolna,20.68203101,30,43,0,43,67.44046512,30,43,0,43
2016,6,Vas,19.51069697,30,44,0,44,92.42272727,30,44,0,44
2016,6,Veszprém,19.94948765,30,54,0,54,71.07240741,30,54,0,54
2016,6,Zala,19.69206818,30,44,0,44,89.65045455,30,44,0,44
2016,7,Baranya,22.21454002,31,54,0,54,136.86333333,31,54,0,54
2016,7,Borsod-Abaúj-Zemplén,20.97591148,31,86,0,86,128.43697674,31,86,0,86
2016,7,Bács-Kiskun,22.32018247,31,99,0,99,102.93252525,31,99,0,99
2016,7,Békés,22.22559942,31,67,0,67,101.24716418,31,67,0,67
2016,7,Csongrád-Csanád,22.54389113,31,48,0,48,105.94250000,31,48,0,48
2016,7,Fejér,21.99698010,31,47,0,47,138.16829787,31,47,0,47
2016,7,Győr-Moson-Sopron,21.99297043,31,48,0,48,99.01666667,31,48,0,48
2016,7,Hajdú-Bihar,21.85728288,31,78,0,78,94.94833333,31,78,0,78
2016,7,Heves,21.52532991,31,44,0,44,152.10931818,31,44,0,44
2016,7,Jász-Nagykun-Szolnok,22.23836812,31,68,0,68,111.66838235,31,68,0,68
2016,7,Komárom-Esztergom,21.32299221,31,29,0,29,158.81551724,31,29,0,29
2016,7,Nógrád,20.56199309,31,28,0,28,144.67000000,31,28,0,28
2016,7,Pest,21.83909247,31,75,0,75,133.49306667,31,75,0,75
2016,7,Somogy,22.03588940,31,70,0,70,134.62771429,31,70,0,70
2016,7,Szabolcs-Szatmár-Bereg,21.24236711,31,71,0,71,95.01323944,31,71,0,71
2016,7,Tolna,22.22059265,31,43,0,43,147.15674419,31,43,0,43
2016,7,Vas,21.67589443,31,44,0,44,125.55204545,31,44,0,44
2016,7,Veszprém,21.71539427,31,54,0,54,153.33703704,31,54,0,54
2016,7,Zala,21.79792522,31,44,0,44,108.06250000,31,44,0,44
2016,8,Baranya,19.98419952,31,54,0,54,69.06240741,31,54,0,54
2016,8,Borsod-Abaúj-Zemplén,19.42055514,31,86,0,86,74.52604651,31,86,0,86
2016,8,Bács-Kiskun,20.45702509,31,99,0,99,37.43040404,31,99,0,99
2016,8,Békés,20.95240732,31,67,0,67,41.39313433,31,67,0,67
2016,8,Csongrád-Csanád,21.07145833,31,48,0,48,36.98166667,31,48,0,48
2016,8,Fejér,19.91224434,31,47,0,47,37.65553191,31,47,0,47
2016,8,Győr-Moson-Sopron,19.73655242,31,48,0,48,48.45750000,31,48,0,48
2016,8,Hajdú-Bihar,20.49199338,31,78,0,78,59.90064103,31,78,0,78
2016,8,Heves,19.81875367,31,44,0,44,44.75704545,31,44,0,44
2016,8,Jász-Nagykun-Szolnok,20.71653700,31,68,0,68,57.33735294,31,68,0,68
2016,8,Komárom-Esztergom,19.19202447,31,29,0,29,52.69586207,31,29,0,29
2016,8,Nógrád,18.68868664,31,28,0,28,56.30285714,31,28,0,28
2016,8,Pest,20.00772473,31,75,0,75,52.10280000,31,75,0,75
2016,8,Somogy,19.59720276,31,70,0,70,82.94214286,31,70,0,70
2016,8,Szabolcs-Szatmár-Bereg,19.96925488,31,71,0,71,41.78056338,31,71,0,71
2016,8,Tolna,20.10787697,31,43,0,43,51.72418605,31,43,0,43
2016,8,Vas,19.37398094,31,44,0,44,54.99568182,31,44,0,44
2016,8,Veszprém,19.47093190,31,54,0,54,54.87944444,31,54,0,54
2016,8,Zala,19.34996334,31,44,0,44,75.50977273,31,44,0,44
2016,9,Baranya,17.85983951,30,54,0,54,44.83129630,30,54,0,54
2016,9,Borsod-Abaúj-Zemplén,17.11260465,30,86,0,86,27.99802326,30,86,0,86
2016,9,Bács-Kiskun,17.86703367,30,99,0,99,38.60787879,30,99,0,99
2016,9,Békés,18.18385075,30,67,0,67,31.05477612,30,67,0,67
2016,9,Csongrád-Csanád,18.22385417,30,48,0,48,36.94729167,30,48,0,48
2016,9,Fejér,17.93559574,30,47,0,47,39.22936170,30,47,0,47
2016,9,Győr-Moson-Sopron,17.93948611,30,48,0,48,27.07229167,30,48,0,48
2016,9,Hajdú-Bihar,17.75104701,30,78,0,78,36.68717949,30,78,0,78
2016,9,Heves,17.50575758,30,44,0,44,25.59931818,30,44,0,44
2016,9,Jász-Nagykun-Szolnok,18.06714706,30,68,0,68,22.25544118,30,68,0,68
2016,9,Komárom-Esztergom,17.38281609,30,29,0,29,31.79206897,30,29,0,29
2016,9,Nógrád,16.28160714,30,28,0,28,28.52071429,30,28,0,28
2016,9,Pest,17.63444444,30,75,0,75,36.18826667,30,75,0,75
2016,9,Somogy,17.63065238,30,70,0,70,33.04357143,30,70,0,70
2016,9,Szabolcs-Szatmár-Bereg,17.31810329,30,71,0,71,41.63281690,30,71,0,71
2016,9,Tolna,17.95779070,30,43,0,43,42.63790698,30,43,0,43
2016,9,Vas,17.65825000,30,44,0,44,31.91636364,30,44,0,44
2016,9,Veszprém,17.75662346,30,54,0,54,22.00333333,30,54,0,54
2016,9,Zala,17.57302273,30,44,0,44,25.89909091,30,44,0,44
2016,10,Baranya,9.62621864,31,54,0,54,65.50574074,31,54,0,54
2016,10,Borsod-Abaúj-Zemplén,8.31669167,31,86,0,86,102.66325581,31,86,0,86
2016,10,Bács-Kiskun,9.66755621,31,99,0,99,76.50737374,31,99,0,99
2016,10,Békés,9.82583534,31,67,0,67,96.22223881,31,67,0,67
2016,10,Csongrád-Csanád,9.85163306,31,48,0,48,85.70500000,31,48,0,48
2016,10,Fejér,9.43165408,31,47,0,47,53.33914894,31,47,0,47
2016,10,Győr-Moson-Sopron,9.63032930,31,48,0,48,70.53437500,31,48,0,48
2016,10,Hajdú-Bihar,9.48143507,31,78,0,78,85.94282051,31,78,0,78
2016,10,Heves,8.77628299,31,44,0,44,67.33045455,31,44,0,44
2016,10,Jász-Nagykun-Szolnok,9.63351992,31,68,0,68,68.12838235,31,68,0,68
2016,10,Komárom-Esztergom,9.04084538,31,29,0,29,71.11310345,31,29,0,29
2016,10,Nógrád,8.06109447,31,28,0,28,60.85250000,31,28,0,28
2016,10,Pest,9.16923871,31,75,0,75,59.86906667,31,75,0,75
2016,10,Somogy,9.67363594,31,70,0,70,73.96557143,31,70,0,70
2016,10,Szabolcs-Szatmár-Bereg,8.99866424,31,71,0,71,98.73718310,31,71,0,71
2016,10,Tolna,9.69643661,31,43,0,43,65.91023256,31,43,0,43
2016,10,Vas,9.43566716,31,44,0,44,84.08636364,31,44,0,44
2016,10,Veszprém,9.37136201,31,54,0,54,79.26111111,31,54,0,54
2016,10,Zala,9.63694282,31,44,0,44,84.29068182,31,44,0,44
2016,11,Baranya,5.53127778,30,54,0,54,62.33907407,30,54,0,54
2016,11,Borsod-Abaúj-Zemplén,3.77718992,30,86,0,86,54.21348837,30,86,0,86
2016,11,Bács-Kiskun,5.26407407,30,99,0,99,43.64727273,30,99,0,99
2016,11,Békés,4.90766667,30,67,0,67,56.14567164,30,67,0,67
2016,11,Csongrád-Csanád,5.29799306,30,48,0,48,45.07145833,30,48,0,48
2016,11,Fejér,4.78922695,30,47,0,47,46.18787234,30,47,0,47
2016,11,Győr-Moson-Sopron,5.18093056,30,48,0,48,61.92208333,30,48,0,48
2016,11,Hajdú-Bihar,4.34092735,30,78,0,78,49.96384615,30,78,0,78
2016,11,Heves,4.10940909,30,44,0,44,46.15681818,30,44,0,44
2016,11,Jász-Nagykun-Szolnok,4.77070098,30,68,0,68,40.72500000,30,68,0,68
2016,11,Komárom-Esztergom,4.54635632,30,29,0,29,58.53344828,30,29,0,29
2016,11,Nógrád,3.36202381,30,28,0,28,43.57678571,30,28,0,28
2016,11,Pest,4.55985333,30,75,0,75,40.55386667,30,75,0,75
2016,11,Somogy,5.52798571,30,70,0,70,62.40928571,30,70,0,70
2016,11,Szabolcs-Szatmár-Bereg,3.96708451,30,71,0,71,60.01408451,30,71,0,71
2016,11,Tolna,5.34413178,30,43,0,43,52.69488372,30,43,0,43
2016,11,Vas,5.09684848,30,44,0,44,73.39795455,30,44,0,44
2016,11,Veszprém,4.87578395,30,54,0,54,66.24925926,30,54,0,54
2016,11,Zala,5.38575758,30,44,0,44,77.27636364,30,44,0,44
2016,12,Baranya,-0.44552569,31,54,0,54,1.30648148,31,54,0,54
2016,12,Borsod-Abaúj-Zemplén,-2.26453863,31,86,0,86,3.05453488,31,86,0,86
2016,12,Bács-Kiskun,-0.51729228,31,99,0,99,2.42959596,31,99,0,99
2016,12,Békés,-1.34413096,31,67,0,67,3.66373134,31,67,0,67
2016,12,Csongrád-Csanád,-0.70034274,31,48,0,48,1.58895833,31,48,0,48
2016,12,Fejér,-0.28838023,31,47,0,47,2.94127660,31,47,0,47
2016,12,Győr-Moson-Sopron,0.20237231,31,48,0,48,6.94312500,31,48,0,48
2016,12,Hajdú-Bihar,-1.82034739,31,78,0,78,3.11474359,31,78,0,78
2016,12,Heves,-1.84008065,31,44,0,44,1.24159091,31,44,0,44
2016,12,Jász-Nagykun-Szolnok,-1.26497628,31,68,0,68,1.26808824,31,68,0,68
2016,12,Komárom-Esztergom,-0.59746385,31,29,0,29,6.32344828,31,29,0,29
2016,12,Nógrád,-1.96014977,31,28,0,28,1.75321429,31,28,0,28
2016,12,Pest,-0.82261935,31,75,0,75,2.77733333,31,75,0,75
2016,12,Somogy,-0.60861290,31,70,0,70,4.41385714,31,70,0,70
2016,12,Szabolcs-Szatmár-Bereg,-2.14393912,31,71,0,71,8.52859155,31,71,0,71
2016,12,Tolna,-0.26207052,31,43,0,43,2.68860465,31,43,0,43
2016,12,Vas,-0.26302786,31,44,0,44,8.05477273,31,44,0,44
2016,12,Veszprém,-0.23989247,31,54,0,54,5.78666667,31,54,0,54
2016,12,Zala,-0.64901760,31,44,0,44,6.20522727,31,44,0,44
2017,1,Baranya,-4.87487455,31,54,0,54,32.78203704,31,54,0,54
2017,1,Borsod-Abaúj-Zemplén,-7.20413353,31,86,0,86,33.34151163,31,86,0,86
2017,1,Bács-Kiskun,-5.54315738,31,99,0,99,31.72898990,31,99,0,99
2017,1,Békés,-6.38441021,31,67,0,67,22.91761194,31,67,0,67
2017,1,Csongrád-Csanád,-5.69460349,31,48,0,48,21.14104167,31,48,0,48
2017,1,Fejér,-4.93662320,31,47,0,47,24.16234043,31,47,0,47
2017,1,Győr-Moson-Sopron,-4.54060484,31,48,0,48,14.04187500,31,48,0,48
2017,1,Hajdú-Bihar,-6.57323408,31,78,0,78,24.71923077,31,78,0,78
2017,1,Heves,-7.25838710,31,44,0,44,36.22068182,31,44,0,44
2017,1,Jász-Nagykun-Szolnok,-6.86760436,31,68,0,68,32.48426471,31,68,0,68
2017,1,Komárom-Esztergom,-5.52709677,31,29,0,29,21.40758621,31,29,0,29
2017,1,Nógrád,-8.12857143,31,28,0,28,28.67321429,31,28,0,28
2017,1,Pest,-6.25105376,31,75,0,75,31.27120000,31,75,0,75
2017,1,Somogy,-4.86914747,31,70,0,70,25.60700000,31,70,0,70
2017,1,Szabolcs-Szatmár-Bereg,-6.67127669,31,71,0,71,30.21295775,31,71,0,71
2017,1,Tolna,-4.85858965,31,43,0,43,29.66930233,31,43,0,43
2017,1,Vas,-4.72965543,31,44,0,44,20.30772727,31,44,0,44
2017,1,Veszprém,-4.90370370,31,54,0,54,22.95222222,31,54,0,54
2017,1,Zala,-4.89292522,31,44,0,44,29.61750000,31,44,0,44
2017,2,Baranya,3.71375000,28,54,0,54,46.63685185,28,54,0,54
2017,2,Borsod-Abaúj-Zemplén,1.08568106,28,86,0,86,20.54860465,28,86,0,86
2017,2,Bács-Kiskun,3.09790765,28,99,0,99,37.58888889,28,99,0,99
2017,2,Békés,2.45260661,28,67,0,67,23.94641791,28,67,0,67
2017,2,Csongrád-Csanád,2.85651786,28,48,0,48,22.77270833,28,48,0,48
2017,2,Fejér,2.77683891,28,47,0,47,36.65638298,28,47,0,47
2017,2,Győr-Moson-Sopron,2.74091518,28,48,0,48,26.79708333,28,48,0,48
2017,2,Hajdú-Bihar,1.92469780,28,78,0,78,29.25628205,28,78,0,78
2017,2,Heves,1.74241883,28,44,0,44,32.82159091,28,44,0,44
2017,2,Jász-Nagykun-Szolnok,2.34002626,28,68,0,68,29.86485294,28,68,0,68
2017,2,Komárom-Esztergom,2.48359606,28,29,0,29,30.74206897,28,29,0,29
2017,2,Nógrád,1.47626276,28,28,0,28,36.46250000,28,28,0,28
2017,2,Pest,2.38850476,28,75,0,75,35.22666667,28,75,0,75
2017,2,Somogy,3.52220918,28,70,0,70,54.43485714,28,70,0,70
2017,2,Szabolcs-Szatmár-Bereg,1.53566398,28,71,0,71,32.90676056,28,71,0,71
2017,2,Tolna,3.42554817,28,43,0,43,44.77534884,28,43,0,43
2017,2,Vas,2.80025974,28,44,0,44,45.96068182,28,44,0,44
2017,2,Veszprém,2.75220899,28,54,0,54,45.77370370,28,54,0,54
2017,2,Zala,3.33765422,28,44,0,44,60.10931818,28,44,0,44
2017,3,Baranya,9.54983274,31,54,0,54,34.01481481,31,54,0,54
2017,3,Borsod-Abaúj-Zemplén,7.74178920,31,86,0,86,14.17395349,31,86,0,86
2017,3,Bács-Kiskun,9.28439231,31,99,0,99,24.84666667,31,99,0,99
2017,3,Békés,9.28558498,31,67,0,67,16.88477612,31,67,0,67
2017,3,Csongrád-Csanád,9.40978495,31,48,0,48,16.36062500,31,48,0,48
2017,3,Fejér,9.10922443,31,47,0,47,27.40212766,31,47,0,47
2017,3,Győr-Moson-Sopron,8.90624328,31,48,0,48,28.08458333,31,48,0,48
2017,3,Hajdú-Bihar,8.78197270,31,78,0,78,22.26141026,31,78,0,78
2017,3,Heves,8.30192082,31,44,0,44,20.84386364,31,44,0,44
2017,3,Jász-Nagykun-Szolnok,9.09864801,31,68,0,68,20.00808824,31,68,0,68
2017,3,Komárom-Esztergom,8.57521691,31,29,0,29,41.69931034,31,29,0,29
2017,3,Nógrád,7.46940092,31,28,0,28,35.30714286,31,28,0,28
2017,3,Pest,8.96622796,31,75,0,75,37.05520000,31,75,0,75
2017,3,Somogy,9.30220737,31,70,0,70,15.21900000,31,70,0,70
2017,3,Szabolcs-Szatmár-Bereg,8.25665607,31,71,0,71,21.20661972,31,71,0,71
2017,3,Tolna,9.44348837,31,43,0,43,26.32116279,31,43,0,43
2017,3,Vas,8.84364370,31,44,0,44,6.46136364,31,44,0,44
2017,3,Veszprém,8.87411589,31,54,0,54,15.85462963,31,54,0,54
2017,3,Zala,9.05091642,31,44,0,44,9.50295455,31,44,0,44
2017,4,Baranya,10.80372840,30,54,0,54,36.65203704,30,54,0,54
2017,4,Borsod-Abaúj-Zemplén,9.58924031,30,86,0,86,55.35372093,30,86,0,86
2017,4,Bács-Kiskun,10.89626936,30,99,0,99,50.27575758,30,99,0,99
2017,4,Békés,10.79046269,30,67,0,67,37.54402985,30,67,0,67
2017,4,Csongrád-Csanád,10.94541667,30,48,0,48,43.22145833,30,48,0,48
2017,4,Fejér,10.45877305,30,47,0,47,40.62000000,30,47,0,47
2017,4,Győr-Moson-Sopron,10.30790278,30,48,0,48,41.24520833,30,48,0,48
2017,4,Hajdú-Bihar,10.49572222,30,78,0,78,47.12051282,30,78,0,78
2017,4,Heves,9.98571212,30,44,0,44,64.51318182,30,44,0,44
2017,4,Jász-Nagykun-Szolnok,10.78687255,30,68,0,68,52.04602941,30,68,0,68
2017,4,Komárom-Esztergom,9.86810345,30,29,0,29,52.23448276,30,29,0,29
2017,4,Nógrád,9.07145238,30,28,0,28,59.39750000,30,28,0,28
2017,4,Pest,10.40455111,30,75,0,75,59.67920000,30,75,0,75
2017,4,Somogy,10.76232857,30,70,0,70,26.18128571,30,70,0,70
2017,4,Szabolcs-Szatmár-Bereg,10.24519249,30,71,0,71,45.56492958,30,71,0,71
2017,4,Tolna,10.88612403,30,43,0,43,45.12069767,30,43,0,43
2017,4,Vas,10.22038636,30,44,0,44,45.41250000,30,44,0,44
2017,4,Veszprém,10.10819136,30,54,0,54,42.36722222,30,54,0,54
2017,4,Zala,10.54561364,30,44,0,44,27.56136364,30,44,0,44
2017,5,Baranya,16.73766428,31,54,0,54,61.67037037,31,54,0,54
2017,5,Borsod-Abaúj-Zemplén,15.81550263,31,86,0,86,67.61790698,31,86,0,86
2017,5,Bács-Kiskun,16.89448029,31,99,0,99,58.12202020,31,99,0,99
2017,5,Békés,17.10628310,31,67,0,67,33.45791045,31,67,0,67
2017,5,Csongrád-Csanád,17.10819892,31,48,0,48,41.45583333,31,48,0,48
2017,5,Fejér,16.56035690,31,47,0,47,53.61191489,31,47,0,47
2017,5,Győr-Moson-Sopron,16.31433468,31,48,0,48,41.65812500,31,48,0,48
2017,5,Hajdú-Bihar,16.80952854,31,78,0,78,40.36089744,31,78,0,78
2017,5,Heves,15.96397361,31,44,0,44,84.74204545,31,44,0,44
2017,5,Jász-Nagykun-Szolnok,16.78611480,31,68,0,68,52.30132353,31,68,0,68
2017,5,Komárom-Esztergom,15.92638487,31,29,0,29,40.87103448,31,29,0,29
2017,5,Nógrád,15.21456221,31,28,0,28,66.43000000,31,28,0,28
2017,5,Pest,16.47427957,31,75,0,75,51.88453333,31,75,0,75
2017,5,Somogy,16.49581106,31,70,0,70,48.73500000,31,70,0,70
2017,5,Szabolcs-Szatmár-Bereg,16.39676511,31,71,0,71,70.98619718,31,71,0,71
2017,5,Tolna,16.85282821,31,43,0,43,64.90139535,31,43,0,43
2017,5,Vas,16.04912757,31,44,0,44,53.12568182,31,44,0,44
2017,5,Veszprém,16.01104540,31,54,0,54,46.96351852,31,54,0,54
2017,5,Zala,16.23480205,31,44,0,44,35.22250000,31,44,0,44
2017,6,Baranya,21.89793827,30,54,0,54,62.70814815,30,54,0,54
2017,6,Borsod-Abaúj-Zemplén,20.34448450,30,86,0,86,66.91860465,30,86,0,86
2017,6,Bács-Kiskun,22.05034343,30,99,0,99,65.52959596,30,99,0,99
2017,6,Békés,21.99289055,30,67,0,67,48.78805970,30,67,0,67
2017,6,Csongrád-Csanád,22.17631250,30,48,0,48,65.32791667,30,48,0,48
2017,6,Fejér,21.81320567,30,47,0,47,55.75340426,30,47,0,47
2017,6,Győr-Moson-Sopron,21.69604167,30,48,0,48,44.03958333,30,48,0,48
2017,6,Hajdú-Bihar,21.45586752,30,78,0,78,71.84692308,30,78,0,78
2017,6,Heves,20.78597727,30,44,0,44,51.41568182,30,44,0,44
2017,6,Jász-Nagykun-Szolnok,21.72974020,30,68,0,68,59.64426471,30,68,0,68
2017,6,Komárom-Esztergom,21.17827586,30,29,0,29,34.02862069,30,29,0,29
2017,6,Nógrád,20.00994048,30,28,0,28,34.04000000,30,28,0,28
2017,6,Pest,21.57932000,30,75,0,75,45.56653333,30,75,0,75
2017,6,Somogy,21.63971429,30,70,0,70,70.89500000,30,70,0,70
2017,6,Szabolcs-Szatmár-Bereg,20.64630516,30,71,0,71,73.54929577,30,71,0,71
2017,6,Tolna,22.01917829,30,43,0,43,64.58906977,30,43,0,43
2017,6,Vas,21.14015152,30,44,0,44,68.56977273,30,44,0,44
2017,6,Veszprém,21.31596914,30,54,0,54,72.09574074,30,54,0,54
2017,6,Zala,21.21737879,30,44,0,44,72.80613636,30,44,0,44
2017,7,Baranya,22.65361410,31,54,0,54,72.05055556,31,54,0,54
2017,7,Borsod-Abaúj-Zemplén,20.33522506,31,86,0,86,89.81686047,31,86,0,86
2017,7,Bács-Kiskun,22.57810362,31,99,0,99,47.79969697,31,99,0,99
2017,7,Békés,22.83834377,31,67,0,67,36.49492537,31,67,0,67
2017,7,Csongrád-Csanád,23.14905242,31,48,0,48,36.98145833,31,48,0,48
2017,7,Fejér,22.12256005,31,47,0,47,59.71127660,31,47,0,47
2017,7,Győr-Moson-Sopron,22.04303091,31,48,0,48,69.99062500,31,48,0,48
2017,7,Hajdú-Bihar,21.77113317,31,78,0,78,47.12410256,31,78,0,78
2017,7,Heves,20.98393695,31,44,0,44,59.48704545,31,44,0,44
2017,7,Jász-Nagykun-Szolnok,22.21524668,31,68,0,68,37.09558824,31,68,0,68
2017,7,Komárom-Esztergom,21.38996663,31,29,0,29,77.87896552,31,29,0,29
2017,7,Nógrád,20.02993088,31,28,0,28,69.91714286,31,28,0,28
2017,7,Pest,21.77411183,31,75,0,75,52.04573333,31,75,0,75
2017,7,Somogy,22.29099078,31,70,0,70,73.17985714,31,70,0,70
2017,7,Szabolcs-Szatmár-Bereg,20.71725579,31,71,0,71,78.91253521,31,71,0,71
2017,7,Tolna,22.49410353,31,43,0,43,72.53813953,31,43,0,43
2017,7,Vas,21.70174487,31,44,0,44,54.79363636,31,44,0,44
2017,7,Veszprém,21.84030466,31,54,0,54,66.56814815,31,54,0,54
2017,7,Zala,21.92586510,31,44,0,44,62.76431818,31,44,0,44
2017,8,Baranya,23.18631422,31,54,0,54,43.48518519,31,54,0,54
2017,8,Borsod-Abaúj-Zemplén,21.70624906,31,86,0,86,40.28279070,31,86,0,86
2017,8,Bács-Kiskun,23.11076246,31,99,0,99,34.27131313,31,99,0,99
2017,8,Békés,23.52092441,31,67,0,67,43.19955224,31,67,0,67
2017,8,Csongrád-Csanád,23.78838710,31,48,0,48,33.59750000,31,48,0,48
2017,8,Fejér,22.81498970,31,47,0,47,52.97042553,31,47,0,47
2017,8,Győr-Moson-Sopron,22.50334005,31,48,0,48,38.60937500,31,48,0,48
2017,8,Hajdú-Bihar,22.81753929,31,78,0,78,47.18538462,31,78,0,78
2017,8,Heves,22.26519062,31,44,0,44,50.06204545,31,44,0,44
2017,8,Jász-Nagykun-Szolnok,23.20781309,31,68,0,68,45.51308824,31,68,0,68
2017,8,Komárom-Esztergom,22.00229143,31,29,0,29,54.15586207,31,29,0,29
2017,8,Nógrád,21.03881336,31,28,0,28,54.39678571,31,28,0,28
2017,8,Pest,22.58393978,31,75,0,75,53.77333333,31,75,0,75
2017,8,Somogy,22.76625346,31,70,0,70,36.35085714,31,70,0,70
2017,8,Szabolcs-Szatmár-Bereg,22.03838255,31,71,0,71,54.55507042,31,71,0,71
2017,8,Tolna,23.16205551,31,43,0,43,42.36604651,31,43,0,43
2017,8,Vas,22.15824047,31,44,0,44,59.88909091,31,44,0,44
2017,8,Veszprém,22.54588411,31,54,0,54,49.48351852,31,54,0,54
2017,8,Zala,22.30795455,31,44,0,44,43.36931818,31,44,0,44
2017,9,Baranya,15.55090123,30,54,0,54,84.89425926,30,54,0,54
2017,9,Borsod-Abaúj-Zemplén,14.92371318,30,86,0,86,78.17941860,30,86,0,86
2017,9,Bács-Kiskun,15.88921549,30,99,0,99,94.89282828,30,99,0,99
2017,9,Békés,16.52257214,30,67,0,67,77.37388060,30,67,0,67
2017,9,Csongrád-Csanád,16.61068750,30,48,0,48,65.65708333,30,48,0,48
2017,9,Fejér,15.42020567,30,47,0,47,81.19787234,30,47,0,47
2017,9,Győr-Moson-Sopron,15.09759722,30,48,0,48,100.82520833,30,48,0,48
2017,9,Hajdú-Bihar,15.94533333,30,78,0,78,77.70115385,30,78,0,78
2017,9,Heves,15.16015152,30,44,0,44,86.32636364,30,44,0,44
2017,9,Jász-Nagykun-Szolnok,16.07224510,30,68,0,68,88.25205882,30,68,0,68
2017,9,Komárom-Esztergom,14.82336782,30,29,0,29,93.65896552,30,29,0,29
2017,9,Nógrád,14.19511905,30,28,0,28,106.30250000,30,28,0,28
2017,9,Pest,15.28029778,30,75,0,75,104.41333333,30,75,0,75
2017,9,Somogy,15.23408095,30,70,0,70,123.01328571,30,70,0,70
2017,9,Szabolcs-Szatmár-Bereg,15.45769953,30,71,0,71,74.67845070,30,71,0,71
2017,9,Tolna,15.72044961,30,43,0,43,90.28674419,30,43,0,43
2017,9,Vas,14.56480303,30,44,0,44,155.41295455,30,44,0,44
2017,9,Veszprém,14.80741975,30,54,0,54,119.09037037,30,54,0,54
2017,9,Zala,14.76772727,30,44,0,44,166.25363636,30,44,0,44
2017,10,Baranya,11.68592593,31,54,0,54,68.41611111,31,54,0,54
2017,10,Borsod-Abaúj-Zemplén,9.82555514,31,86,0,86,43.77302326,31,86,0,86
2017,10,Bács-Kiskun,11.51065819,31,99,0,99,54.17343434,31,99,0,99
2017,10,Békés,11.34361098,31,67,0,67,37.74149254,31,67,0,67
2017,10,Csongrád-Csanád,11.67515457,31,48,0,48,36.10895833,31,48,0,48
2017,10,Fejér,11.36586136,31,47,0,47,67.89553191,31,47,0,47
2017,10,Győr-Moson-Sopron,11.45421371,31,48,0,48,55.70729167,31,48,0,48
2017,10,Hajdú-Bihar,10.68748966,31,78,0,78,37.80051282,31,78,0,78
2017,10,Heves,10.44232405,31,44,0,44,52.97250000,31,44,0,44
2017,10,Jász-Nagykun-Szolnok,11.24512334,31,68,0,68,44.74647059,31,68,0,68
2017,10,Komárom-Esztergom,10.90454950,31,29,0,29,75.52310345,31,29,0,29
2017,10,Nógrád,9.42013825,31,28,0,28,62.80571429,31,28,0,28
2017,10,Pest,10.91061935,31,75,0,75,67.68320000,31,75,0,75
2017,10,Somogy,11.19404147,31,70,0,70,78.98171429,31,70,0,70
2017,10,Szabolcs-Szatmár-Bereg,10.13778283,31,71,0,71,35.05591549,31,71,0,71
2017,10,Tolna,11.78731433,31,43,0,43,66.38860465,31,43,0,43
2017,10,Vas,11.00102639,31,44,0,44,40.03500000,31,44,0,44
2017,10,Veszprém,11.33847670,31,54,0,54,72.98537037,31,54,0,54
2017,10,Zala,10.92756598,31,44,0,44,51.02045455,31,44,0,44
2017,11,Baranya,6.20687654,30,54,0,54,39.33351852,30,54,0,54
2017,11,Borsod-Abaúj-Zemplén,4.52147287,30,86,0,86,51.54965116,30,86,0,86
2017,11,Bács-Kiskun,6.05863300,30,99,0,99,38.14343434,30,99,0,99
2017,11,Békés,5.84608458,30,67,0,67,48.17447761,30,67,0,67
2017,11,Csongrád-Csanád,6.20150694,30,48,0,48,43.43000000,30,48,0,48
2017,11,Fejér,5.72868085,30,47,0,47,39.66425532,30,47,0,47
2017,11,Győr-Moson-Sopron,5.68359028,30,48,0,48,43.35812500,30,48,0,48
2017,11,Hajdú-Bihar,5.37679060,30,78,0,78,50.35743590,30,78,0,78
2017,11,Heves,4.92468939,30,44,0,44,48.48204545,30,44,0,44
2017,11,Jász-Nagykun-Szolnok,5.67177451,30,68,0,68,37.73411765,30,68,0,68
2017,11,Komárom-Esztergom,5.27002299,30,29,0,29,45.37965517,30,29,0,29
2017,11,Nógrád,4.22827381,30,28,0,28,61.51107143,30,28,0,28
2017,11,Pest,5.44773333,30,75,0,75,45.05053333,30,75,0,75
2017,11,Somogy,5.96827143,30,70,0,70,56.11785714,30,70,0,70
2017,11,Szabolcs-Szatmár-Bereg,5.03312207,30,71,0,71,60.56464789,30,71,0,71
2017,11,Tolna,6.19406202,30,43,0,43,38.72674419,30,43,0,43
2017,11,Vas,5.31827273,30,44,0,44,57.28250000,30,44,0,44
2017,11,Veszprém,5.51416667,30,54,0,54,52.34740741,30,54,0,54
2017,11,Zala,5.59018182,30,44,0,44,78.77181818,30,44,0,44
2017,12,Baranya,3.18835125,31,54,0,54,73.98740741,31,54,0,54
2017,12,Borsod-Abaúj-Zemplén,0.98582146,31,86,0,86,54.42674419,31,86,0,86
2017,12,Bács-Kiskun,2.73434018,31,99,0,99,66.09686869,31,99,0,99
2017,12,Békés,2.75896485,31,67,0,67,74.41597015,31,67,0,67
2017,12,Csongrád-Csanád,2.77860215,31,48,0,48,58.42479167,31,48,0,48
2017,12,Fejér,2.60928620,31,47,0,47,48.50936170,31,47,0,47
2017,12,Győr-Moson-Sopron,2.43658602,31,48,0,48,55.10916667,31,48,0,48
2017,12,Hajdú-Bihar,2.54177833,31,78,0,78,87.35935897,31,78,0,78
2017,12,Heves,1.27789589,31,44,0,44,51.41022727,31,44,0,44
2017,12,Jász-Nagykun-Szolnok,2.48268501,31,68,0,68,76.13676471,31,68,0,68
2017,12,Komárom-Esztergom,1.81202447,31,29,0,29,45.50586207,31,29,0,29
2017,12,Nógrád,0.48100230,31,28,0,28,34.91785714,31,28,0,28
2017,12,Pest,2.03445161,31,75,0,75,43.90866667,31,75,0,75
2017,12,Somogy,3.15461751,31,70,0,70,83.05414286,31,70,0,70
2017,12,Szabolcs-Szatmár-Bereg,2.15316220,31,71,0,71,97.86028169,31,71,0,71
2017,12,Tolna,3.13749437,31,43,0,43,69.74651163,31,43,0,43
2017,12,Vas,2.02759531,31,44,0,44,54.50000000,31,44,0,44
2017,12,Veszprém,2.35222820,31,54,0,54,66.47833333,31,54,0,54
2017,12,Zala,2.55255132,31,44,0,44,75.12500000,31,44,0,44
2018,1,Baranya,3.97456989,31,54,0,54,41.23444444,31,54,0,54
2018,1,Borsod-Abaúj-Zemplén,1.36967742,31,86,0,86,19.31011628,31,86,0,86
2018,1,Bács-Kiskun,3.39746823,31,99,0,99,28.65878788,31,99,0,99
2018,1,Békés,2.75162735,31,67,0,67,28.62059701,31,67,0,67
2018,1,Csongrád-Csanád,3.12671371,31,48,0,48,37.03562500,31,48,0,48
2018,1,Fejér,3.16208648,31,47,0,47,16.96489362,31,47,0,47
2018,1,Győr-Moson-Sopron,3.34262769,31,48,0,48,22.00458333,31,48,0,48
2018,1,Hajdú-Bihar,2.20276261,31,78,0,78,23.47525641,31,78,0,78
2018,1,Heves,1.63009531,31,44,0,44,21.35545455,31,44,0,44
2018,1,Jász-Nagykun-Szolnok,2.49804554,31,68,0,68,24.18470588,31,68,0,68
2018,1,Komárom-Esztergom,2.83816463,31,29,0,29,19.09793103,31,29,0,29
2018,1,Nógrád,1.23385945,31,28,0,28,24.29821429,31,28,0,28
2018,1,Pest,2.56018925,31,75,0,75,23.16253333,31,75,0,75
2018,1,Somogy,3.93903226,31,70,0,70,28.03257143,31,70,0,70
2018,1,Szabolcs-Szatmár-Bereg,1.88970922,31,71,0,71,19.83591549,31,71,0,71
2018,1,Tolna,3.83639160,31,43,0,43,24.08418605,31,43,0,43
2018,1,Vas,3.05983138,31,44,0,44,21.29636364,31,44,0,44
2018,1,Veszprém,3.20353644,31,54,0,54,16.87407407,31,54,0,54
2018,1,Zala,3.57844575,31,44,0,44,21.63068182,31,44,0,44
2018,2,Baranya,-0.02650794,28,54,0,54,84.58074074,28,54,0,54
2018,2,Borsod-Abaúj-Zemplén,-1.05088040,28,86,0,86,61.03209302,28,86,0,86
2018,2,Bács-Kiskun,0.20872294,28,99,0,99,80.87515152,28,99,0,99
2018,2,Békés,0.85947228,28,67,0,67,70.38686567,28,67,0,67
2018,2,Csongrád-Csanád,0.74582589,28,48,0,48,83.15291667,28,48,0,48
2018,2,Fejér,-0.17243161,28,47,0,47,60.62425532,28,47,0,47
2018,2,Győr-Moson-Sopron,-0.73860119,28,48,0,48,56.17354167,28,48,0,48
2018,2,Hajdú-Bihar,0.27591117,28,78,0,78,58.96461538,28,78,0,78
2018,2,Heves,-0.66474026,28,44,0,44,69.20977273,28,44,0,44
2018,2,Jász-Nagykun-Szolnok,0.26983193,28,68,0,68,68.84000000,28,68,0,68
2018,2,Komárom-Esztergom,-0.84057882,28,29,0,29,53.52517241,28,29,0,29
2018,2,Nógrád,-1.36812500,28,28,0,28,64.65428571,28,28,0,28
2018,2,Pest,-0.31694286,28,75,0,75,68.06746667,28,75,0,75
2018,2,Somogy,-0.25876531,28,70,0,70,88.31671429,28,70,0,70
2018,2,Szabolcs-Szatmár-Bereg,-0.01822435,28,71,0,71,48.21267606,28,71,0,71
2018,2,Tolna,0.08668605,28,43,0,43,84.27534884,28,43,0,43
2018,2,Vas,-1.11005682,28,44,0,44,68.94636364,28,44,0,44
2018,2,Veszprém,-1.00773810,28,54,0,54,71.21166667,28,54,0,54
2018,2,Zala,-0.87889610,28,44,0,44,86.55136364,28,44,0,44
2018,3,Baranya,3.96516726,31,54,0,54,115.70388889,31,54,0,54
2018,3,Borsod-Abaúj-Zemplén,2.33249437,31,86,0,86,55.61034884,31,86,0,86
2018,3,Bács-Kiskun,3.74352232,31,99,0,99,94.99858586,31,99,0,99
2018,3,Békés,3.64907078,31,67,0,67,86.82716418,31,67,0,67
2018,3,Csongrád-Csanád,3.81664651,31,48,0,48,88.42208333,31,48,0,48
2018,3,Fejér,3.31496911,31,47,0,47,100.26851064,31,47,0,47
2018,3,Győr-Moson-Sopron,3.51719758,31,48,0,48,65.81229167,31,48,0,48
2018,3,Hajdú-Bihar,3.24469810,31,78,0,78,75.23205128,31,78,0,78
2018,3,Heves,2.77230205,31,44,0,44,59.21727273,31,44,0,44
2018,3,Jász-Nagykun-Szolnok,3.48583491,31,68,0,68,77.22102941,31,68,0,68
2018,3,Komárom-Esztergom,3.15338154,31,29,0,29,80.42827586,31,29,0,29
2018,3,Nógrád,2.22761521,31,28,0,28,60.55571429,31,28,0,28
2018,3,Pest,3.27501935,31,75,0,75,79.33573333,31,75,0,75
2018,3,Somogy,3.87180645,31,70,0,70,121.32928571,31,70,0,70
2018,3,Szabolcs-Szatmár-Bereg,2.85809632,31,71,0,71,66.89295775,31,71,0,71
2018,3,Tolna,3.83306827,31,43,0,43,110.03418605,31,43,0,43
2018,3,Vas,3.18244135,31,44,0,44,78.96068182,31,44,0,44
2018,3,Veszprém,3.08888889,31,54,0,54,110.47777778,31,54,0,54
2018,3,Zala,3.65940616,31,44,0,44,105.37272727,31,44,0,44
2018,4,Baranya,15.87138272,30,54,0,54,14.06592593,30,54,0,54
2018,4,Borsod-Abaúj-Zemplén,14.89416667,30,86,0,86,26.23744186,30,86,0,86
2018,4,Bács-Kiskun,16.17039394,30,99,0,99,9.50181818,30,99,0,99
2018,4,Békés,16.19031343,30,67,0,67,15.05626866,30,67,0,67
2018,4,Csongrád-Csanád,16.24428472,30,48,0,48,8.56604167,30,48,0,48
2018,4,Fejér,15.80621277,30,47,0,47,12.70702128,30,47,0,47
2018,4,Győr-Moson-Sopron,15.53938194,30,48,0,48,24.64083333,30,48,0,48
2018,4,Hajdú-Bihar,15.92688889,30,78,0,78,16.04923077,30,78,0,78
2018,4,Heves,15.27434848,30,44,0,44,13.93113636,30,44,0,44
2018,4,Jász-Nagykun-Szolnok,16.04566176,30,68,0,68,9.55411765,30,68,0,68
2018,4,Komárom-Esztergom,15.44180460,30,29,0,29,13.56137931,30,29,0,29
2018,4,Nógrád,14.17013095,30,28,0,28,17.34464286,30,28,0,28
2018,4,Pest,15.64990667,30,75,0,75,15.42000000,30,75,0,75
2018,4,Somogy,15.44683810,30,70,0,70,20.78742857,30,70,0,70
2018,4,Szabolcs-Szatmár-Bereg,15.56956808,30,71,0,71,17.53887324,30,71,0,71
2018,4,Tolna,16.17258140,30,43,0,43,7.55046512,30,43,0,43
2018,4,Vas,15.01279545,30,44,0,44,16.50522727,30,44,0,44
2018,4,Veszprém,15.31262346,30,54,0,54,20.69592593,30,54,0,54
2018,4,Zala,15.10331061,30,44,0,44,17.37681818,30,44,0,44
2018,5,Baranya,19.26615293,31,54,0,54,47.04796296,31,54,0,54
2018,5,Borsod-Abaúj-Zemplén,18.61153038,31,86,0,86,46.90244186,31,86,0,86
2018,5,Bács-Kiskun,19.63008146,31,99,0,99,40.23040404,31,99,0,99
2018,5,Békés,19.75565238,31,67,0,67,60.01313433,31,67,0,67
2018,5,Csongrád-Csanád,19.83344086,31,48,0,48,45.77500000,31,48,0,48
2018,5,Fejér,19.30290323,31,47,0,47,39.45319149,31,47,0,47
2018,5,Győr-Moson-Sopron,18.51702957,31,48,0,48,50.31416667,31,48,0,48
2018,5,Hajdú-Bihar,19.60326716,31,78,0,78,57.13551282,31,78,0,78
2018,5,Heves,18.89598974,31,44,0,44,46.22477273,31,44,0,44
2018,5,Jász-Nagykun-Szolnok,19.63937381,31,68,0,68,44.46000000,31,68,0,68
2018,5,Komárom-Esztergom,18.55640712,31,29,0,29,45.44034483,31,29,0,29
2018,5,Nógrád,17.81591014,31,28,0,28,46.90357143,31,28,0,28
2018,5,Pest,19.11027097,31,75,0,75,47.19173333,31,75,0,75
2018,5,Somogy,18.87964977,31,70,0,70,53.68242857,31,70,0,70
2018,5,Szabolcs-Szatmár-Bereg,19.15257610,31,71,0,71,53.31873239,31,71,0,71
2018,5,Tolna,19.60298575,31,43,0,43,31.87627907,31,43,0,43
2018,5,Vas,17.97992669,31,44,0,44,91.39909091,31,44,0,44
2018,5,Veszprém,18.47712664,31,54,0,54,64.43925926,31,54,0,54
2018,5,Zala,18.21727273,31,44,0,44,76.12522727,31,44,0,44
2018,6,Baranya,20.62322840,30,54,0,54,114.30333333,30,54,0,54
2018,6,Borsod-Abaúj-Zemplén,19.93179845,30,86,0,86,89.57604651,30,86,0,86
2018,6,Bács-Kiskun,20.95613468,30,99,0,99,126.97515152,30,99,0,99
2018,6,Békés,21.13031343,30,67,0,67,69.79208955,30,67,0,67
2018,6,Csongrád-Csanád,21.13079167,30,48,0,48,104.10270833,30,48,0,48
2018,6,Fejér,20.77558865,30,47,0,47,104.52680851,30,47,0,47
2018,6,Győr-Moson-Sopron,20.48101389,30,48,0,48,109.38562500,30,48,0,48
2018,6,Hajdú-Bihar,20.92655128,30,78,0,78,59.65858974,30,78,0,78
2018,6,Heves,20.21563636,30,44,0,44,88.77568182,30,44,0,44
2018,6,Jász-Nagykun-Szolnok,21.10080392,30,68,0,68,56.38970588,30,68,0,68
2018,6,Komárom-Esztergom,20.16468966,30,29,0,29,96.02172414,30,29,0,29
2018,6,Nógrád,19.35608333,30,28,0,28,93.55000000,30,28,0,28
2018,6,Pest,20.62103556,30,75,0,75,113.01693333,30,75,0,75
2018,6,Somogy,20.42358095,30,70,0,70,108.28128571,30,70,0,70
2018,6,Szabolcs-Szatmár-Bereg,20.57084038,30,71,0,71,61.14042254,30,71,0,71
2018,6,Tolna,20.92386822,30,43,0,43,106.43813953,30,43,0,43
2018,6,Vas,19.91034091,30,44,0,44,129.95045455,30,44,0,44
2018,6,Veszprém,20.08351852,30,54,0,54,134.45018519,30,54,0,54
2018,6,Zala,19.97167424,30,44,0,44,126.51886364,30,44,0,44
2018,7,Baranya,21.77109319,31,54,0,54,79.92722222,31,54,0,54
2018,7,Borsod-Abaúj-Zemplén,21.42501500,31,86,0,86,53.01046512,31,86,0,86
2018,7,Bács-Kiskun,22.22163897,31,99,0,99,67.02353535,31,99,0,99
2018,7,Békés,22.39107366,31,67,0,67,60.43731343,31,67,0,67
2018,7,Csongrád-Csanád,22.46436156,31,48,0,48,61.25791667,31,48,0,48
2018,7,Fejér,22.07932739,31,47,0,47,54.75978723,31,47,0,47
2018,7,Győr-Moson-Sopron,21.89448925,31,48,0,48,43.25125000,31,48,0,48
2018,7,Hajdú-Bihar,22.27568652,31,78,0,78,45.90269231,31,78,0,78
2018,7,Heves,21.55051320,31,44,0,44,54.23113636,31,44,0,44
2018,7,Jász-Nagykun-Szolnok,22.52447343,31,68,0,68,50.72323529,31,68,0,68
2018,7,Komárom-Esztergom,21.36761958,31,29,0,29,47.22862069,31,29,0,29
2018,7,Nógrád,20.47291475,31,28,0,28,57.68571429,31,28,0,28
2018,7,Pest,21.94774624,31,75,0,75,54.84293333,31,75,0,75
2018,7,Somogy,21.64461751,31,70,0,70,70.41100000,31,70,0,70
2018,7,Szabolcs-Szatmár-Bereg,21.80816901,31,71,0,71,39.83014085,31,71,0,71
2018,7,Tolna,22.16662416,31,43,0,43,70.99767442,31,43,0,43
2018,7,Vas,21.48787390,31,44,0,44,60.04954545,31,44,0,44
2018,7,Veszprém,21.49609319,31,54,0,54,77.84870370,31,54,0,54
2018,7,Zala,21.33513930,31,44,0,44,90.28545455,31,44,0,44
2018,8,Baranya,23.06947431,31,54,0,54,42.31925926,31,54,0,54
2018,8,Borsod-Abaúj-Zemplén,22.70243811,31,86,0,86,46.20232558,31,86,0,86
2018,8,Bács-Kiskun,23.52855653,31,99,0,99,44.93161616,31,99,0,99
2018,8,Békés,24.13820896,31,67,0,67,31.96223881,31,67,0,67
2018,8,Csongrád-Csanád,24.17222446,31,48,0,48,33.83979167,31,48,0,48
2018,8,Fejér,23.13921757,31,47,0,47,61.00404255,31,47,0,47
2018,8,Győr-Moson-Sopron,22.81737231,31,48,0,48,49.51354167,31,48,0,48
2018,8,Hajdú-Bihar,23.71006203,31,78,0,78,35.71230769,31,78,0,78
2018,8,Heves,22.99081378,31,44,0,44,52.22909091,31,44,0,44
2018,8,Jász-Nagykun-Szolnok,23.90365750,31,68,0,68,44.83867647,31,68,0,68
2018,8,Komárom-Esztergom,22.59090100,31,29,0,29,47.02448276,31,29,0,29
2018,8,Nógrád,21.66599078,31,28,0,28,74.34571429,31,28,0,28
2018,8,Pest,23.19234409,31,75,0,75,54.70453333,31,75,0,75
2018,8,Somogy,22.68613825,31,70,0,70,54.63700000,31,70,0,70
2018,8,Szabolcs-Szatmár-Bereg,23.14237619,31,71,0,71,24.43788732,31,71,0,71
2018,8,Tolna,23.36015004,31,43,0,43,50.76046512,31,43,0,43
2018,8,Vas,22.33254399,31,44,0,44,58.73909091,31,44,0,44
2018,8,Veszprém,22.62695938,31,54,0,54,75.64666667,31,54,0,54
2018,8,Zala,22.24637830,31,44,0,44,73.94636364,31,44,0,44
2018,9,Baranya,17.41897531,30,54,0,54,70.04055556,30,54,0,54
2018,9,Borsod-Abaúj-Zemplén,16.87705814,30,86,0,86,25.80883721,30,86,0,86
2018,9,Bács-Kiskun,17.52359596,30,99,0,99,41.72181818,30,99,0,99
2018,9,Békés,18.10635821,30,67,0,67,30.88313433,30,67,0,67
2018,9,Csongrád-Csanád,18.19122917,30,48,0,48,22.17375000,30,48,0,48
2018,9,Fejér,17.35105674,30,47,0,47,87.67723404,30,47,0,47
2018,9,Győr-Moson-Sopron,16.98075694,30,48,0,48,98.74250000,30,48,0,48
2018,9,Hajdú-Bihar,17.61983333,30,78,0,78,26.84717949,30,78,0,78
2018,9,Heves,17.26225758,30,44,0,44,25.57568182,30,44,0,44
2018,9,Jász-Nagykun-Szolnok,17.97222549,30,68,0,68,23.82647059,30,68,0,68
2018,9,Komárom-Esztergom,16.75049425,30,29,0,29,106.76103448,30,29,0,29
2018,9,Nógrád,15.85738095,30,28,0,28,38.04821429,30,28,0,28
2018,9,Pest,17.12884000,30,75,0,75,48.88333333,30,75,0,75
2018,9,Somogy,16.95985714,30,70,0,70,87.30500000,30,70,0,70
2018,9,Szabolcs-Szatmár-Bereg,16.88593427,30,71,0,71,33.55295775,30,71,0,71
2018,9,Tolna,17.55900000,30,43,0,43,82.97534884,30,43,0,43
2018,9,Vas,16.73084848,30,44,0,44,95.15204545,30,44,0,44
2018,9,Veszprém,16.89034568,30,54,0,54,116.14925926,30,54,0,54
2018,9,Zala,16.69241667,30,44,0,44,93.92727273,30,44,0,44
2018,10,Baranya,13.42454002,31,54,0,54,10.87037037,31,54,0,54
2018,10,Borsod-Abaúj-Zemplén,11.92554764,31,86,0,86,23.36604651,31,86,0,86
2018,10,Bács-Kiskun,13.46959922,31,99,0,99,13.77535354,31,99,0,99
2018,10,Békés,13.52011555,31,67,0,67,9.08701493,31,67,0,67
2018,10,Csongrád-Csanád,13.74141801,31,48,0,48,12.52854167,31,48,0,48
2018,10,Fejér,13.02999314,31,47,0,47,16.78936170,31,47,0,47
2018,10,Győr-Moson-Sopron,12.93845430,31,48,0,48,20.14500000,31,48,0,48
2018,10,Hajdú-Bihar,12.83752275,31,78,0,78,13.04128205,31,78,0,78
2018,10,Heves,12.53593842,31,44,0,44,23.44250000,31,44,0,44
2018,10,Jász-Nagykun-Szolnok,13.20832543,31,68,0,68,14.27838235,31,68,0,68
2018,10,Komárom-Esztergom,12.70739711,31,29,0,29,19.27241379,31,29,0,29
2018,10,Nógrád,11.22078341,31,28,0,28,24.09214286,31,28,0,28
2018,10,Pest,12.75672258,31,75,0,75,19.02840000,31,75,0,75
2018,10,Somogy,12.85814747,31,70,0,70,18.06300000,31,70,0,70
2018,10,Szabolcs-Szatmár-Bereg,12.19411631,31,71,0,71,21.93042254,31,71,0,71
2018,10,Tolna,13.53084021,31,43,0,43,11.05860465,31,43,0,43
2018,10,Vas,12.52221408,31,44,0,44,24.23386364,31,44,0,44
2018,10,Veszprém,12.86019116,31,54,0,54,23.15277778,31,54,0,54
2018,10,Zala,12.60692082,31,44,0,44,28.25431818,31,44,0,44
2018,11,Baranya,6.87758642,30,54,0,54,26.35629630,30,54,0,54
2018,11,Borsod-Abaúj-Zemplén,5.93194961,30,86,0,86,45.18441860,30,86,0,86
2018,11,Bács-Kiskun,7.02283502,30,99,0,99,32.80191919,30,99,0,99
2018,11,Békés,7.35025373,30,67,0,67,36.09179104,30,67,0,67
2018,11,Csongrád-Csanád,7.42709028,30,48,0,48,29.17333333,30,48,0,48
2018,11,Fejér,6.71825532,30,47,0,47,38.35063830,30,47,0,47
2018,11,Győr-Moson-Sopron,6.53802083,30,48,0,48,49.53937500,30,48,0,48
2018,11,Hajdú-Bihar,6.66897009,30,78,0,78,46.58820513,30,78,0,78
2018,11,Heves,6.36288636,30,44,0,44,56.20977273,30,44,0,44
2018,11,Jász-Nagykun-Szolnok,6.89202451,30,68,0,68,51.78176471,30,68,0,68
2018,11,Komárom-Esztergom,6.55732184,30,29,0,29,41.71862069,30,29,0,29
2018,11,Nógrád,5.57644048,30,28,0,28,43.47535714,30,28,0,28
2018,11,Pest,6.59156000,30,75,0,75,47.14200000,30,75,0,75
2018,11,Somogy,6.83947143,30,70,0,70,40.20514286,30,70,0,70
2018,11,Szabolcs-Szatmár-Bereg,6.22999531,30,71,0,71,40.24873239,30,71,0,71
2018,11,Tolna,6.97290698,30,43,0,43,26.20604651,30,43,0,43
2018,11,Vas,6.32485606,30,44,0,44,50.12568182,30,44,0,44
2018,11,Veszprém,6.39740123,30,54,0,54,45.22537037,30,54,0,54
2018,11,Zala,6.71798485,30,44,0,44,51.33181818,30,44,0,44
2018,12,Baranya,1.54931900,31,54,0,54,20.04462963,31,54,0,54
2018,12,Borsod-Abaúj-Zemplén,-0.59888972,31,86,0,86,39.24197674,31,86,0,86
2018,12,Bács-Kiskun,1.25058977,31,99,0,99,23.10232323,31,99,0,99
2018,12,Békés,0.83986038,31,67,0,67,47.29343284,31,67,0,67
2018,12,Csongrád-Csanád,1.12135081,31,48,0,48,35.24875000,31,48,0,48
2018,12,Fejér,1.26982155,31,47,0,47,26.08234043,31,47,0,47
2018,12,Győr-Moson-Sopron,2.11854839,31,48,0,48,43.21270833,31,48,0,48
2018,12,Hajdú-Bihar,0.53122829,31,78,0,78,50.63076923,31,78,0,78
2018,12,Heves,-0.21910557,31,44,0,44,44.92022727,31,44,0,44
2018,12,Jász-Nagykun-Szolnok,0.66802182,31,68,0,68,41.27735294,31,68,0,68
2018,12,Komárom-Esztergom,1.16750834,31,29,0,29,48.69758621,31,29,0,29
2018,12,Nógrád,-0.58566820,31,28,0,28,43.95071429,31,28,0,28
2018,12,Pest,0.63751398,31,75,0,75,33.90413333,31,75,0,75
2018,12,Somogy,1.65682488,31,70,0,70,14.71542857,31,70,0,70
2018,12,Szabolcs-Szatmár-Bereg,0.18726942,31,71,0,71,57.43352113,31,71,0,71
2018,12,Tolna,1.65153788,31,43,0,43,22.25813953,31,43,0,43
2018,12,Vas,1.72583578,31,44,0,44,16.48704545,31,44,0,44
2018,12,Veszprém,1.50464755,31,54,0,54,25.08333333,31,54,0,54
2018,12,Zala,1.64678886,31,44,0,44,14.77977273,31,44,0,44
2019,1,Baranya,0.15971924,31,54,0,54,35.96351852,31,54,0,54
2019,1,Borsod-Abaúj-Zemplén,-2.24867592,31,86,0,86,27.34953488,31,86,0,86
2019,1,Bács-Kiskun,-0.17108179,31,99,0,99,32.17777778,31,99,0,99
2019,1,Békés,-0.93466538,31,67,0,67,50.05970149,31,67,0,67
2019,1,Csongrád-Csanád,-0.39085349,31,48,0,48,39.38458333,31,48,0,48
2019,1,Fejér,-0.29726150,31,47,0,47,29.39957447,31,47,0,47
2019,1,Győr-Moson-Sopron,0.05664651,31,48,0,48,41.51041667,31,48,0,48
2019,1,Hajdú-Bihar,-1.37976427,31,78,0,78,39.14141026,31,78,0,78
2019,1,Heves,-1.84354839,31,44,0,44,29.29886364,31,44,0,44
2019,1,Jász-Nagykun-Szolnok,-0.91389469,31,68,0,68,31.35264706,31,68,0,68
2019,1,Komárom-Esztergom,-0.78919911,31,29,0,29,38.27689655,31,29,0,29
2019,1,Nógrád,-2.46000000,31,28,0,28,32.12214286,31,28,0,28
2019,1,Pest,-0.89958280,31,75,0,75,30.16560000,31,75,0,75
2019,1,Somogy,0.30023963,31,70,0,70,30.03957143,31,70,0,70
2019,1,Szabolcs-Szatmár-Bereg,-1.85654248,31,71,0,71,48.24436620,31,71,0,71
2019,1,Tolna,0.15129032,31,43,0,43,31.35348837,31,43,0,43
2019,1,Vas,-0.04398827,31,44,0,44,28.01613636,31,44,0,44
2019,1,Veszprém,-0.38854241,31,54,0,54,40.81500000,31,54,0,54
2019,1,Zala,0.24783724,31,44,0,44,23.94431818,31,44,0,44
2019,2,Baranya,4.15904101,28,54,0,54,24.94777778,28,54,0,54
2019,2,Borsod-Abaúj-Zemplén,2.21115449,28,86,0,86,9.38209302,28,86,0,86
2019,2,Bács-Kiskun,3.95630231,28,99,0,99,14.64646465,28,99,0,99
2019,2,Békés,3.74309701,28,67,0,67,8.82402985,28,67,0,67
2019,2,Csongrád-Csanád,4.02103423,28,48,0,48,12.99416667,28,48,0,48
2019,2,Fejér,3.78481763,28,47,0,47,16.45872340,28,47,0,47
2019,2,Győr-Moson-Sopron,4.13697173,28,48,0,48,13.01000000,28,48,0,48
2019,2,Hajdú-Bihar,3.19390568,28,78,0,78,7.48705128,28,78,0,78
2019,2,Heves,2.74501623,28,44,0,44,7.76750000,28,44,0,44
2019,2,Jász-Nagykun-Szolnok,3.57693277,28,68,0,68,6.84676471,28,68,0,68
2019,2,Komárom-Esztergom,3.45193350,28,29,0,29,17.35517241,28,29,0,29
2019,2,Nógrád,1.90913265,28,28,0,28,12.32428571,28,28,0,28
2019,2,Pest,3.49132857,28,75,0,75,10.17120000,28,75,0,75
2019,2,Somogy,4.00492857,28,70,0,70,16.54042857,28,70,0,70
2019,2,Szabolcs-Szatmár-Bereg,2.84746479,28,71,0,71,9.48140845,28,71,0,71
2019,2,Tolna,4.07680233,28,43,0,43,21.48162791,28,43,0,43
2019,2,Vas,4.14506494,28,44,0,44,20.77431818,28,44,0,44
2019,2,Veszprém,3.75596561,28,54,0,54,17.27777778,28,54,0,54
2019,2,Zala,4.07977273,28,44,0,44,29.16181818,28,44,0,44
2019,3,Baranya,9.08728196,31,54,0,54,11.02222222,31,54,0,54
2019,3,Borsod-Abaúj-Zemplén,7.61553638,31,86,0,86,6.75174419,31,86,0,86
2019,3,Bács-Kiskun,8.92831867,31,99,0,99,4.01373737,31,99,0,99
2019,3,Békés,8.88114588,31,67,0,67,3.45074627,31,67,0,67
2019,3,Csongrád-Csanád,9.15309140,31,48,0,48,1.98416667,31,48,0,48
2019,3,Fejér,8.66315031,31,47,0,47,7.95191489,31,47,0,47
2019,3,Győr-Moson-Sopron,8.59450269,31,48,0,48,13.68666667,31,48,0,48
2019,3,Hajdú-Bihar,8.50734491,31,78,0,78,7.54256410,31,78,0,78
2019,3,Heves,7.87274927,31,44,0,44,7.65613636,31,44,0,44
2019,3,Jász-Nagykun-Szolnok,8.82830645,31,68,0,68,5.12323529,31,68,0,68
2019,3,Komárom-Esztergom,8.18155729,31,29,0,29,14.53758621,31,29,0,29
2019,3,Nógrád,6.91217742,31,28,0,28,13.30285714,31,28,0,28
2019,3,Pest,8.48316559,31,75,0,75,9.23853333,31,75,0,75
2019,3,Somogy,8.76585714,31,70,0,70,16.94885714,31,70,0,70
2019,3,Szabolcs-Szatmár-Bereg,7.97896411,31,71,0,71,9.04802817,31,71,0,71
2019,3,Tolna,8.96996999,31,43,0,43,10.19837209,31,43,0,43
2019,3,Vas,8.35027126,31,44,0,44,17.29272727,31,44,0,44
2019,3,Veszprém,8.44436679,31,54,0,54,9.62722222,31,54,0,54
2019,3,Zala,8.45846774,31,44,0,44,25.32068182,31,44,0,44
2019,4,Baranya,12.19988272,30,54,0,54,58.00277778,30,54,0,54
2019,4,Borsod-Abaúj-Zemplén,11.95060853,30,86,0,86,45.48337209,30,86,0,86
2019,4,Bács-Kiskun,12.76116498,30,99,0,99,36.06979798,30,99,0,99
2019,4,Békés,12.85683085,30,67,0,67,52.08686567,30,67,0,67
2019,4,Csongrád-Csanád,12.99417361,30,48,0,48,43.45041667,30,48,0,48
2019,4,Fejér,12.39585106,30,47,0,47,33.13446809,30,47,0,47
2019,4,Győr-Moson-Sopron,11.99620139,30,48,0,48,25.18000000,30,48,0,48
2019,4,Hajdú-Bihar,12.79344444,30,78,0,78,38.29512821,30,78,0,78
2019,4,Heves,12.14572727,30,44,0,44,54.03727273,30,44,0,44
2019,4,Jász-Nagykun-Szolnok,12.79806373,30,68,0,68,48.83014706,30,68,0,68
2019,4,Komárom-Esztergom,12.00163218,30,29,0,29,25.33586207,30,29,0,29
2019,4,Nógrád,11.21773810,30,28,0,28,36.53928571,30,28,0,28
2019,4,Pest,12.58492889,30,75,0,75,30.18306667,30,75,0,75
2019,4,Somogy,11.87327143,30,70,0,70,50.81685714,30,70,0,70
2019,4,Szabolcs-Szatmár-Bereg,12.79074648,30,71,0,71,40.19774648,30,71,0,71
2019,4,Tolna,12.47220930,30,43,0,43,49.16697674,30,43,0,43
2019,4,Vas,11.51718182,30,44,0,44,31.65772727,30,44,0,44
2019,4,Veszprém,11.69735185,30,54,0,54,34.15074074,30,54,0,54
2019,4,Zala,11.54071212,30,44,0,44,34.36181818,30,44,0,44
2019,5,Baranya,13.35268817,31,54,0,54,153.32555556,31,54,0,54
2019,5,Borsod-Abaúj-Zemplén,13.55117029,31,86,0,86,116.19453488,31,86,0,86
2019,5,Bács-Kiskun,14.21982405,31,99,0,99,130.09909091,31,99,0,99
2019,5,Békés,14.73267694,31,67,0,67,130.69985075,31,67,0,67
2019,5,Csongrád-Csanád,14.77805780,31,48,0,48,137.87208333,31,48,0,48
2019,5,Fejér,13.34127660,31,47,0,47,138.72085106,31,47,0,47
2019,5,Győr-Moson-Sopron,12.81813844,31,48,0,48,132.69729167,31,48,0,48
2019,5,Hajdú-Bihar,14.49146402,31,78,0,78,104.12974359,31,78,0,78
2019,5,Heves,13.58312317,31,44,0,44,146.66522727,31,44,0,44
2019,5,Jász-Nagykun-Szolnok,14.48010911,31,68,0,68,122.03602941,31,68,0,68
2019,5,Komárom-Esztergom,12.72655172,31,29,0,29,151.22655172,31,29,0,29
2019,5,Nógrád,12.76443548,31,28,0,28,157.98928571,31,28,0,28
2019,5,Pest,13.75391828,31,75,0,75,151.50866667,31,75,0,75
2019,5,Somogy,13.01267281,31,70,0,70,137.30785714,31,70,0,70
2019,5,Szabolcs-Szatmár-Bereg,14.36276692,31,71,0,71,96.10464789,31,71,0,71
2019,5,Tolna,13.61746437,31,43,0,43,137.13279070,31,43,0,43
2019,5,Vas,12.54517595,31,44,0,44,144.63000000,31,44,0,44
2019,5,Veszprém,12.41505376,31,54,0,54,147.79277778,31,54,0,54
2019,5,Zala,12.68145894,31,44,0,44,165.35386364,31,44,0,44
2019,6,Baranya,22.69742593,30,54,0,54,80.24277778,30,54,0,54
2019,6,Borsod-Abaúj-Zemplén,22.24163566,30,86,0,86,96.62755814,30,86,0,86
2019,6,Bács-Kiskun,22.94268350,30,99,0,99,84.52050505,30,99,0,99
2019,6,Békés,22.95579104,30,67,0,67,79.19895522,30,67,0,67
2019,6,Csongrád-Csanád,22.97124306,30,48,0,48,95.53479167,30,48,0,48
2019,6,Fejér,22.82569504,30,47,0,47,56.26319149,30,47,0,47
2019,6,Győr-Moson-Sopron,22.89122222,30,48,0,48,33.01812500,30,48,0,48
2019,6,Hajdú-Bihar,23.01791453,30,78,0,78,72.71871795,30,78,0,78
2019,6,Heves,22.47931061,30,44,0,44,73.07909091,30,44,0,44
2019,6,Jász-Nagykun-Szolnok,23.10743137,30,68,0,68,75.57161765,30,68,0,68
2019,6,Komárom-Esztergom,22.35332184,30,29,0,29,71.93758621,30,29,0,29
2019,6,Nógrád,21.55723810,30,28,0,28,51.30392857,30,28,0,28
2019,6,Pest,22.82546222,30,75,0,75,57.00320000,30,75,0,75
2019,6,Somogy,22.57933810,30,70,0,70,61.05414286,30,70,0,70
2019,6,Szabolcs-Szatmár-Bereg,22.69632864,30,71,0,71,95.57901408,30,71,0,71
2019,6,Tolna,22.93803876,30,43,0,43,58.12186047,30,43,0,43
2019,6,Vas,22.39275758,30,44,0,44,56.54250000,30,44,0,44
2019,6,Veszprém,22.30225926,30,54,0,54,63.78425926,30,54,0,54
2019,6,Zala,22.29881061,30,44,0,44,72.38409091,30,44,0,44
2019,7,Baranya,22.00790920,31,54,0,54,52.87740741,31,54,0,54
2019,7,Borsod-Abaúj-Zemplén,20.34099775,31,86,0,86,69.91720930,31,86,0,86
2019,7,Bács-Kiskun,22.13135875,31,99,0,99,50.87858586,31,99,0,99
2019,7,Békés,21.87081367,31,67,0,67,77.95059701,31,67,0,67
2019,7,Csongrád-Csanád,22.15726478,31,48,0,48,69.62458333,31,48,0,48
2019,7,Fejér,22.02641043,31,47,0,47,55.05851064,31,47,0,47
2019,7,Győr-Moson-Sopron,22.26871640,31,48,0,48,28.05812500,31,48,0,48
2019,7,Hajdú-Bihar,21.39540529,31,78,0,78,75.08282051,31,78,0,78
2019,7,Heves,20.94532258,31,44,0,44,59.95181818,31,44,0,44
2019,7,Jász-Nagykun-Szolnok,21.86088710,31,68,0,68,52.29102941,31,68,0,68
2019,7,Komárom-Esztergom,21.48730812,31,29,0,29,48.82448276,31,29,0,29
2019,7,Nógrád,19.94503456,31,28,0,28,77.08500000,31,28,0,28
2019,7,Pest,21.63725161,31,75,0,75,61.64880000,31,75,0,75
2019,7,Somogy,21.87951152,31,70,0,70,80.49557143,31,70,0,70
2019,7,Szabolcs-Szatmár-Bereg,20.59699682,31,71,0,71,89.14084507,31,71,0,71
2019,7,Tolna,22.18242311,31,43,0,43,60.37697674,31,43,0,43
2019,7,Vas,21.68769062,31,44,0,44,78.23818182,31,44,0,44
2019,7,Veszprém,21.78498805,31,54,0,54,52.80259259,31,54,0,54
2019,7,Zala,21.51881965,31,44,0,44,103.24886364,31,44,0,44
2019,8,Baranya,22.92027479,31,54,0,54,58.60944444,31,54,0,54
2019,8,Borsod-Abaúj-Zemplén,21.81270068,31,86,0,86,80.08744186,31,86,0,86
2019,8,Bács-Kiskun,23.28070055,31,99,0,99,41.79818182,31,99,0,99
2019,8,Békés,23.63254694,31,67,0,67,16.68358209,31,67,0,67
2019,8,Csongrád-Csanád,23.75979839,31,48,0,48,30.11437500,31,48,0,48
2019,8,Fejér,22.81727522,31,47,0,47,51.09659574,31,47,0,47
2019,8,Győr-Moson-Sopron,22.61737231,31,48,0,48,53.59187500,31,48,0,48
2019,8,Hajdú-Bihar,23.08499586,31,78,0,78,20.73679487,31,78,0,78
2019,8,Heves,22.39967742,31,44,0,44,49.69159091,31,44,0,44
2019,8,Jász-Nagykun-Szolnok,23.41906072,31,68,0,68,40.85014706,31,68,0,68
2019,8,Komárom-Esztergom,22.17429366,31,29,0,29,47.76068966,31,29,0,29
2019,8,Nógrád,21.15423963,31,28,0,28,52.72428571,31,28,0,28
2019,8,Pest,22.80633548,31,75,0,75,39.83106667,31,75,0,75
2019,8,Somogy,22.36260829,31,70,0,70,53.60100000,31,70,0,70
2019,8,Szabolcs-Szatmár-Bereg,22.51716493,31,71,0,71,16.08690141,31,71,0,71
2019,8,Tolna,23.00729932,31,43,0,43,60.26906977,31,43,0,43
2019,8,Vas,21.88531525,31,44,0,44,57.57000000,31,44,0,44
2019,8,Veszprém,22.24758662,31,54,0,54,56.74351852,31,54,0,54
2019,8,Zala,21.92057918,31,44,0,44,47.51545455,31,44,0,44
2019,9,Baranya,17.32524691,30,54,0,54,50.20388889,30,54,0,54
2019,9,Borsod-Abaúj-Zemplén,15.87719380,30,86,0,86,43.68523256,30,86,0,86
2019,9,Bács-Kiskun,17.15140067,30,99,0,99,56.66484848,30,99,0,99
2019,9,Békés,17.58887562,30,67,0,67,47.35611940,30,67,0,67
2019,9,Csongrád-Csanád,17.55752778,30,48,0,48,48.94187500,30,48,0,48
2019,9,Fejér,16.95232624,30,47,0,47,31.29255319,30,47,0,47
2019,9,Győr-Moson-Sopron,16.50811806,30,48,0,48,54.82666667,30,48,0,48
2019,9,Hajdú-Bihar,16.97965385,30,78,0,78,35.57333333,30,78,0,78
2019,9,Heves,16.22925000,30,44,0,44,49.49818182,30,44,0,44
2019,9,Jász-Nagykun-Szolnok,17.14994118,30,68,0,68,46.07176471,30,68,0,68
2019,9,Komárom-Esztergom,16.19465517,30,29,0,29,25.88965517,30,29,0,29
2019,9,Nógrád,14.88753571,30,28,0,28,58.73571429,30,28,0,28
2019,9,Pest,16.58847111,30,75,0,75,46.40906667,30,75,0,75
2019,9,Somogy,16.92360952,30,70,0,70,41.25671429,30,70,0,70
2019,9,Szabolcs-Szatmár-Bereg,16.51990610,30,71,0,71,21.26000000,30,71,0,71
2019,9,Tolna,17.30989147,30,43,0,43,41.30441860,30,43,0,43
2019,9,Vas,16.35434091,30,44,0,44,53.78227273,30,44,0,44
2019,9,Veszprém,16.60758642,30,54,0,54,52.03185185,30,54,0,54
2019,9,Zala,16.54227273,30,44,0,44,57.12295455,30,44,0,44
2019,10,Baranya,13.14530466,31,54,0,54,35.27148148,31,54,0,54
2019,10,Borsod-Abaúj-Zemplén,11.35021755,31,86,0,86,25.45965116,31,86,0,86
2019,10,Bács-Kiskun,12.70177256,31,99,0,99,28.70555556,31,99,0,99
2019,10,Békés,12.93495426,31,67,0,67,12.63238806,31,67,0,67
2019,10,Csongrád-Csanád,12.91612231,31,48,0,48,19.70208333,31,48,0,48
2019,10,Fejér,12.57971860,31,47,0,47,23.76617021,31,47,0,47
2019,10,Győr-Moson-Sopron,12.21575941,31,48,0,48,25.20666667,31,48,0,48
2019,10,Hajdú-Bihar,12.36827543,31,78,0,78,15.38282051,31,78,0,78
2019,10,Heves,11.98659824,31,44,0,44,13.98272727,31,44,0,44
2019,10,Jász-Nagykun-Szolnok,12.55706357,31,68,0,68,15.13588235,31,68,0,68
2019,10,Komárom-Esztergom,12.40704116,31,29,0,29,20.54206897,31,29,0,29
2019,10,Nógrád,10.74760369,31,28,0,28,11.61214286,31,28,0,28
2019,10,Pest,12.35218925,31,75,0,75,14.91426667,31,75,0,75
2019,10,Somogy,12.63704147,31,70,0,70,30.07985714,31,70,0,70
2019,10,Szabolcs-Szatmár-Bereg,11.84838255,31,71,0,71,20.10774648,31,71,0,71
2019,10,Tolna,13.07858215,31,43,0,43,28.06930233,31,43,0,43
2019,10,Vas,11.91770528,31,44,0,44,38.26454545,31,44,0,44
2019,10,Veszprém,12.50094385,31,54,0,54,27.02518519,31,54,0,54
2019,10,Zala,12.37780792,31,44,0,44,33.89840909,31,44,0,44
2019,11,Baranya,8.86892593,30,54,0,54,80.00333333,30,54,0,54
2019,11,Borsod-Abaúj-Zemplén,8.07593023,30,86,0,86,99.31848837,30,86,0,86
2019,11,Bács-Kiskun,9.06842761,30,99,0,99,68.37363636,30,99,0,99
2019,11,Békés,9.77051244,30,67,0,67,52.34134328,30,67,0,67
2019,11,Csongrád-Csanád,9.55468056,30,48,0,48,55.17916667,30,48,0,48
2019,11,Fejér,8.47146809,30,47,0,47,89.39404255,30,47,0,47
2019,11,Győr-Moson-Sopron,8.15063889,30,48,0,48,78.12187500,30,48,0,48
2019,11,Hajdú-Bihar,9.24020085,30,78,0,78,73.62756410,30,78,0,78
2019,11,Heves,8.38467424,30,44,0,44,102.68363636,30,44,0,44
2019,11,Jász-Nagykun-Szolnok,9.02800980,30,68,0,68,74.97720588,30,68,0,68
2019,11,Komárom-Esztergom,8.27435632,30,29,0,29,85.86586207,30,29,0,29
2019,11,Nógrád,7.65333333,30,28,0,28,105.46428571,30,28,0,28
2019,11,Pest,8.51337778,30,75,0,75,86.52280000,30,75,0,75
2019,11,Somogy,8.49030952,30,70,0,70,108.87400000,30,70,0,70
2019,11,Szabolcs-Szatmár-Bereg,9.06817840,30,71,0,71,73.20183099,30,71,0,71
2019,11,Tolna,8.77206202,30,43,0,43,89.84976744,30,43,0,43
2019,11,Vas,7.65874242,30,44,0,44,101.77159091,30,44,0,44
2019,11,Veszprém,7.99259259,30,54,0,54,104.41462963,30,54,0,54
2019,11,Zala,8.10953788,30,44,0,44,119.20954545,30,44,0,44
2019,12,Baranya,3.85342294,31,54,0,54,55.16351852,31,54,0,54
2019,12,Borsod-Abaúj-Zemplén,1.75275319,31,86,0,86,49.63058140,31,86,0,86
2019,12,Bács-Kiskun,3.80978820,31,99,0,99,51.07757576,31,99,0,99
2019,12,Békés,3.60838228,31,67,0,67,33.02925373,31,67,0,67
2019,12,Csongrád-Csanád,3.72860215,31,48,0,48,34.22270833,31,48,0,48
2019,12,Fejér,3.52093342,31,47,0,47,76.71170213,31,47,0,47
2019,12,Győr-Moson-Sopron,3.78454301,31,48,0,48,57.37437500,31,48,0,48
2019,12,Hajdú-Bihar,3.14984698,31,78,0,78,46.65615385,31,78,0,78
2019,12,Heves,2.12429619,31,44,0,44,53.55295455,31,44,0,44
2019,12,Jász-Nagykun-Szolnok,3.25561195,31,68,0,68,45.06500000,31,68,0,68
2019,12,Komárom-Esztergom,3.20620690,31,29,0,29,74.93413793,31,29,0,29
2019,12,Nógrád,1.52220046,31,28,0,28,61.45535714,31,28,0,28
2019,12,Pest,3.06098495,31,75,0,75,62.20586667,31,75,0,75
2019,12,Somogy,3.94219355,31,70,0,70,82.31657143,31,70,0,70
2019,12,Szabolcs-Szatmár-Bereg,2.81139482,31,71,0,71,54.91239437,31,71,0,71
2019,12,Tolna,3.97024006,31,43,0,43,59.96651163,31,43,0,43
2019,12,Vas,3.50279326,31,44,0,44,71.50022727,31,44,0,44
2019,12,Veszprém,3.55213859,31,54,0,54,100.67055556,31,54,0,54
2019,12,Zala,3.81308651,31,44,0,44,92.43022727,31,44,0,44
2020,1,Baranya,-0.01639785,31,54,0,54,20.83092593,31,54,0,54
2020,1,Borsod-Abaúj-Zemplén,-1.76367217,31,86,0,86,15.37465116,31,86,0,86
2020,1,Bács-Kiskun,-0.43128055,31,99,0,99,14.52484848,31,99,0,99
2020,1,Békés,-1.19381319,31,67,0,67,13.33507463,31,67,0,67
2020,1,Csongrád-Csanád,-0.76219758,31,48,0,48,12.70166667,31,48,0,48
2020,1,Fejér,-0.23462594,31,47,0,47,12.81659574,31,47,0,47
2020,1,Győr-Moson-Sopron,0.33346774,31,48,0,48,19.72104167,31,48,0,48
2020,1,Hajdú-Bihar,-1.39301489,31,78,0,78,20.84974359,31,78,0,78
2020,1,Heves,-1.47523460,31,44,0,44,16.43136364,31,44,0,44
2020,1,Jász-Nagykun-Szolnok,-1.01623814,31,68,0,68,16.91882353,31,68,0,68
2020,1,Komárom-Esztergom,-0.30860957,31,29,0,29,11.60586207,31,29,0,29
2020,1,Nógrád,-1.73059908,31,28,0,28,13.32857143,31,28,0,28
2020,1,Pest,-0.74438710,31,75,0,75,15.23773333,31,75,0,75
2020,1,Somogy,0.03437788,31,70,0,70,21.91985714,31,70,0,70
2020,1,Szabolcs-Szatmár-Bereg,-1.40043162,31,71,0,71,24.91788732,31,71,0,71
2020,1,Tolna,-0.00875469,31,43,0,43,17.51976744,31,43,0,43
2020,1,Vas,0.14373167,31,44,0,44,9.87704545,31,44,0,44
2020,1,Veszprém,0.03366189,31,54,0,54,11.80000000,31,54,0,54
2020,1,Zala,0.23087977,31,44,0,44,16.69954545,31,44,0,44
2020,2,Baranya,6.32602171,29,54,0,54,38.83888889,29,54,0,54
2020,2,Borsod-Abaúj-Zemplén,3.62350842,29,86,0,86,29.72569767,29,86,0,86
2020,2,Bács-Kiskun,5.90741553,29,99,0,99,48.64797980,29,99,0,99
2020,2,Békés,5.09466289,29,67,0,67,54.37940299,29,67,0,67
2020,2,Csongrád-Csanád,5.56135776,29,48,0,48,45.34770833,29,48,0,48
2020,2,Fejér,5.83883346,29,47,0,47,30.35382979,29,47,0,47
2020,2,Győr-Moson-Sopron,6.43992098,29,48,0,48,17.63979167,29,48,0,48
2020,2,Hajdú-Bihar,4.54508842,29,78,0,78,43.01012821,29,78,0,78
2020,2,Heves,4.25738245,29,44,0,44,30.49227273,29,44,0,44
2020,2,Jász-Nagykun-Szolnok,5.20649087,29,68,0,68,39.47588235,29,68,0,68
2020,2,Komárom-Esztergom,5.54627824,29,29,0,29,24.93689655,29,29,0,29
2020,2,Nógrád,3.65070197,29,28,0,28,32.98000000,29,28,0,28
2020,2,Pest,5.32823448,29,75,0,75,31.54253333,29,75,0,75
2020,2,Somogy,6.45662069,29,70,0,70,32.78200000,29,70,0,70
2020,2,Szabolcs-Szatmár-Bereg,3.95871782,29,71,0,71,53.37380282,29,71,0,71
2020,2,Tolna,6.27698476,29,43,0,43,43.88139535,29,43,0,43
2020,2,Vas,6.14490596,29,44,0,44,23.44590909,29,44,0,44
2020,2,Veszprém,5.91718391,29,54,0,54,30.65518519,29,54,0,54
2020,2,Zala,6.33528997,29,44,0,44,35.06704545,29,44,0,44
2020,3,Baranya,7.24103345,31,54,0,54,44.15462963,31,54,0,54
2020,3,Borsod-Abaúj-Zemplén,5.94135034,31,86,0,86,27.29162791,31,86,0,86
2020,3,Bács-Kiskun,6.95472467,31,99,0,99,41.10363636,31,99,0,99
2020,3,Békés,7.12339432,31,67,0,67,52.50567164,31,67,0,67
2020,3,Csongrád-Csanád,7.20183468,31,48,0,48,55.49458333,31,48,0,48
2020,3,Fejér,6.86010295,31,47,0,47,37.17851064,31,47,0,47
2020,3,Győr-Moson-Sopron,6.89557796,31,48,0,48,33.01666667,31,48,0,48
2020,3,Hajdú-Bihar,6.78808933,31,78,0,78,36.74974359,31,78,0,78
2020,3,Heves,6.16096041,31,44,0,44,38.84522727,31,44,0,44
2020,3,Jász-Nagykun-Szolnok,6.88948292,31,68,0,68,40.70176471,31,68,0,68
2020,3,Komárom-Esztergom,6.62312570,31,29,0,29,46.40655172,31,29,0,29
2020,3,Nógrád,5.34502304,31,28,0,28,45.77964286,31,28,0,28
2020,3,Pest,6.71861935,31,75,0,75,39.41853333,31,75,0,75
2020,3,Somogy,7.13759447,31,70,0,70,34.54628571,31,70,0,70
2020,3,Szabolcs-Szatmár-Bereg,6.47250341,31,71,0,71,37.13788732,31,71,0,71
2020,3,Tolna,7.04409602,31,43,0,43,41.68767442,31,43,0,43
2020,3,Vas,6.65403959,31,44,0,44,25.49500000,31,44,0,44
2020,3,Veszprém,6.75178614,31,54,0,54,35.28370370,31,54,0,54
2020,3,Zala,6.92241202,31,44,0,44,28.86568182,31,44,0,44
2020,4,Baranya,12.23856173,30,54,0,54,11.28462963,30,54,0,54
2020,4,Borsod-Abaúj-Zemplén,10.72827519,30,86,0,86,11.53476744,30,86,0,86
2020,4,Bács-Kiskun,11.98603367,30,99,0,99,8.86929293,30,99,0,99
2020,4,Békés,11.51814428,30,67,0,67,11.10492537,30,67,0,67
2020,4,Csongrád-Csanád,11.99501389,30,48,0,48,8.16812500,30,48,0,48
2020,4,Fejér,11.98308511,30,47,0,47,8.59978723,30,47,0,47
2020,4,Győr-Moson-Sopron,11.86708333,30,48,0,48,7.20187500,30,48,0,48
2020,4,Hajdú-Bihar,11.21042735,30,78,0,78,13.67807692,30,78,0,78
2020,4,Heves,11.04549242,30,44,0,44,8.08045455,30,44,0,44
2020,4,Jász-Nagykun-Szolnok,11.56215196,30,68,0,68,10.71985294,30,68,0,68
2020,4,Komárom-Esztergom,11.60922989,30,29,0,29,6.70758621,30,29,0,29
2020,4,Nógrád,9.74960714,30,28,0,28,6.36642857,30,28,0,28
2020,4,Pest,11.73922222,30,75,0,75,9.40946667,30,75,0,75
2020,4,Somogy,11.99749524,30,70,0,70,18.54814286,30,70,0,70
2020,4,Szabolcs-Szatmár-Bereg,11.04115493,30,71,0,71,10.65788732,30,71,0,71
2020,4,Tolna,12.24315504,30,43,0,43,10.86372093,30,43,0,43
2020,4,Vas,11.66646970,30,44,0,44,16.46909091,30,44,0,44
2020,4,Veszprém,11.98223457,30,54,0,54,11.97129630,30,54,0,54
2020,4,Zala,11.80387879,30,44,0,44,25.53045455,30,44,0,44
2020,5,Baranya,14.66782557,31,54,0,54,45.64074074,31,54,0,54
2020,5,Borsod-Abaúj-Zemplén,13.28024381,31,86,0,86,34.17081395,31,86,0,86
2020,5,Bács-Kiskun,14.91142392,31,99,0,99,27.68272727,31,99,0,99
2020,5,Békés,14.81000000,31,67,0,67,35.01119403,31,67,0,67
2020,5,Csongrád-Csanád,15.18319892,31,48,0,48,33.63083333,31,48,0,48
2020,5,Fejér,14.42358270,31,47,0,47,27.00446809,31,47,0,47
2020,5,Győr-Moson-Sopron,14.23821909,31,48,0,48,31.70437500,31,48,0,48
2020,5,Hajdú-Bihar,14.39435070,31,78,0,78,38.38384615,31,78,0,78
2020,5,Heves,13.69175953,31,44,0,44,22.59659091,31,44,0,44
2020,5,Jász-Nagykun-Szolnok,14.61993833,31,68,0,68,29.86485294,31,68,0,68
2020,5,Komárom-Esztergom,13.71246941,31,29,0,29,25.82896552,31,29,0,29
2020,5,Nógrád,12.67010369,31,28,0,28,20.95571429,31,28,0,28
2020,5,Pest,14.28698925,31,75,0,75,23.22320000,31,75,0,75
2020,5,Somogy,14.47183410,31,70,0,70,38.72885714,31,70,0,70
2020,5,Szabolcs-Szatmár-Bereg,13.73543844,31,71,0,71,45.57788732,31,71,0,71
2020,5,Tolna,14.78057764,31,43,0,43,34.13674419,31,43,0,43
2020,5,Vas,14.01264663,31,44,0,44,42.48522727,31,44,0,44
2020,5,Veszprém,13.94168459,31,54,0,54,36.52537037,31,54,0,54
2020,5,Zala,14.09096041,31,44,0,44,44.10659091,31,44,0,44
2020,6,Baranya,19.69858642,30,54,0,54,65.76888889,30,54,0,54
2020,6,Borsod-Abaúj-Zemplén,19.20806589,30,86,0,86,146.38639535,30,86,0,86
2020,6,Bács-Kiskun,20.07373401,30,99,0,99,106.45484848,30,99,0,99
2020,6,Békés,20.32720896,30,67,0,67,137.08582090,30,67,0,67
2020,6,Csongrád-Csanád,20.34495139,30,48,0,48,152.93729167,30,48,0,48
2020,6,Fejér,19.65981560,30,47,0,47,82.62595745,30,47,0,47
2020,6,Győr-Moson-Sopron,19.12727083,30,48,0,48,87.34562500,30,48,0,48
2020,6,Hajdú-Bihar,20.18996581,30,78,0,78,131.65205128,30,78,0,78
2020,6,Heves,19.44901515,30,44,0,44,110.33318182,30,44,0,44
2020,6,Jász-Nagykun-Szolnok,20.27122549,30,68,0,68,97.99617647,30,68,0,68
2020,6,Komárom-Esztergom,18.89549425,30,29,0,29,99.55206897,30,29,0,29
2020,6,Nógrád,18.60203571,30,28,0,28,105.94535714,30,28,0,28
2020,6,Pest,19.72612444,30,75,0,75,119.72773333,30,75,0,75
2020,6,Somogy,19.30342381,30,70,0,70,91.84228571,30,70,0,70
2020,6,Szabolcs-Szatmár-Bereg,19.86677465,30,71,0,71,146.97436620,30,71,0,71
2020,6,Tolna,19.88148837,30,43,0,43,92.00860465,30,43,0,43
2020,6,Vas,18.80628788,30,44,0,44,92.76590909,30,44,0,44
2020,6,Veszprém,18.90293210,30,54,0,54,78.96296296,30,54,0,54
2020,6,Zala,18.78596970,30,44,0,44,101.25431818,30,44,0,44
2020,7,Baranya,21.69207288,31,54,0,54,67.77370370,31,54,0,54
2020,7,Borsod-Abaúj-Zemplén,20.21500750,31,86,0,86,86.29441860,31,86,0,86
2020,7,Bács-Kiskun,21.69663408,31,99,0,99,58.11010101,31,99,0,99
2020,7,Békés,21.61087626,31,67,0,67,94.79597015,31,67,0,67
2020,7,Csongrád-Csanád,21.82493952,31,48,0,48,91.58645833,31,48,0,48
2020,7,Fejér,21.60954701,31,47,0,47,59.38000000,31,47,0,47
2020,7,Győr-Moson-Sopron,21.37999328,31,48,0,48,46.53250000,31,48,0,48
2020,7,Hajdú-Bihar,21.16943342,31,78,0,78,103.36525641,31,78,0,78
2020,7,Heves,20.69310850,31,44,0,44,98.65659091,31,44,0,44
2020,7,Jász-Nagykun-Szolnok,21.52409867,31,68,0,68,95.34691176,31,68,0,68
2020,7,Komárom-Esztergom,20.94004449,31,29,0,29,52.04965517,31,29,0,29
2020,7,Nógrád,19.84964286,31,28,0,28,76.34642857,31,28,0,28
2020,7,Pest,21.27963871,31,75,0,75,59.51120000,31,75,0,75
2020,7,Somogy,21.26414286,31,70,0,70,102.41371429,31,70,0,70
2020,7,Szabolcs-Szatmár-Bereg,20.55582008,31,71,0,71,76.77971831,31,71,0,71
2020,7,Tolna,21.75098275,31,43,0,43,54.50441860,31,43,0,43
2020,7,Vas,20.66468475,31,44,0,44,95.53318182,31,44,0,44
2020,7,Veszprém,21.14139785,31,54,0,54,67.68055556,31,54,0,54
2020,7,Zala,20.60636364,31,44,0,44,128.37977273,31,44,0,44
2020,8,Baranya,22.73923536,31,54,0,54,88.72740741,31,54,0,54
2020,8,Borsod-Abaúj-Zemplén,21.72713803,31,86,0,86,89.06906977,31,86,0,86
2020,8,Bács-Kiskun,22.87227436,31,99,0,99,81.30323232,31,99,0,99
2020,8,Békés,23.00746269,31,67,0,67,45.60776119,31,67,0,67
2020,8,Csongrád-Csanád,23.16368952,31,48,0,48,70.48541667,31,48,0,48
2020,8,Fejér,22.53106383,31,47,0,47,83.55489362,31,47,0,47
2020,8,Győr-Moson-Sopron,22.12452285,31,48,0,48,100.07875000,31,48,0,48
2020,8,Hajdú-Bihar,22.61036394,31,78,0,78,45.71833333,31,78,0,78
2020,8,Heves,22.15687683,31,44,0,44,75.68500000,31,44,0,44
2020,8,Jász-Nagykun-Szolnok,22.97148008,31,68,0,68,53.33073529,31,68,0,68
2020,8,Komárom-Esztergom,21.80441602,31,29,0,29,100.74655172,31,29,0,29
2020,8,Nógrád,21.02670507,31,28,0,28,88.31142857,31,28,0,28
2020,8,Pest,22.47463226,31,75,0,75,79.78093333,31,75,0,75
2020,8,Somogy,22.13256221,31,70,0,70,102.22442857,31,70,0,70
2020,8,Szabolcs-Szatmár-Bereg,22.07276238,31,71,0,71,53.38070423,31,71,0,71
2020,8,Tolna,22.82028507,31,43,0,43,76.45372093,31,43,0,43
2020,8,Vas,21.48943548,31,44,0,44,133.21772727,31,44,0,44
2020,8,Veszprém,21.90219833,31,54,0,54,106.83370370,31,54,0,54
2020,8,Zala,21.48513196,31,44,0,44,124.42159091,31,44,0,44
2020,9,Baranya,18.12409877,30,54,0,54,36.57037037,30,54,0,54
2020,9,Borsod-Abaúj-Zemplén,16.81087984,30,86,0,86,42.99290698,30,86,0,86
2020,9,Bács-Kiskun,18.17462290,30,99,0,99,23.12272727,30,99,0,99
2020,9,Békés,18.58059701,30,67,0,67,31.80208955,30,67,0,67
2020,9,Csongrád-Csanád,18.67556944,30,48,0,48,23.92104167,30,48,0,48
2020,9,Fejér,17.72826241,30,47,0,47,29.85425532,30,47,0,47
2020,9,Győr-Moson-Sopron,16.94889583,30,48,0,48,52.28541667,30,48,0,48
2020,9,Hajdú-Bihar,17.82194444,30,78,0,78,41.09615385,30,78,0,78
2020,9,Heves,17.23795455,30,44,0,44,29.20272727,30,44,0,44
2020,9,Jász-Nagykun-Szolnok,18.13390686,30,68,0,68,26.09014706,30,68,0,68
2020,9,Komárom-Esztergom,16.88372414,30,29,0,29,38.46896552,30,29,0,29
2020,9,Nógrád,16.03713095,30,28,0,28,32.34571429,30,28,0,28
2020,9,Pest,17.53644444,30,75,0,75,25.27893333,30,75,0,75
2020,9,Somogy,17.42157143,30,70,0,70,34.16557143,30,70,0,70
2020,9,Szabolcs-Szatmár-Bereg,17.15484507,30,71,0,71,65.45211268,30,71,0,71
2020,9,Tolna,18.14717829,30,43,0,43,31.29255814,30,43,0,43
2020,9,Vas,16.63402273,30,44,0,44,56.75409091,30,44,0,44
2020,9,Veszprém,17.17356173,30,54,0,54,40.51759259,30,54,0,54
2020,9,Zala,16.77146970,30,44,0,44,48.18181818,30,44,0,44
2020,10,Baranya,12.27707288,31,54,0,54,94.00777778,31,54,0,54
2020,10,Borsod-Abaúj-Zemplén,10.83820330,31,86,0,86,122.06151163,31,86,0,86
2020,10,Bács-Kiskun,12.07981753,31,99,0,99,70.67060606,31,99,0,99
2020,10,Békés,12.36707270,31,67,0,67,87.11835821,31,67,0,67
2020,10,Csongrád-Csanád,12.35404570,31,48,0,48,81.55250000,31,48,0,48
2020,10,Fejér,11.48928620,31,47,0,47,94.33872340,31,47,0,47
2020,10,Győr-Moson-Sopron,10.98622984,31,48,0,48,115.15937500,31,48,0,48
2020,10,Hajdú-Bihar,11.96535980,31,78,0,78,76.43269231,31,78,0,78
2020,10,Heves,11.13231672,31,44,0,44,128.77500000,31,44,0,44
2020,10,Jász-Nagykun-Szolnok,11.99854364,31,68,0,68,99.20323529,31,68,0,68
2020,10,Komárom-Esztergom,10.86827586,31,29,0,29,132.81103448,31,29,0,29
2020,10,Nógrád,10.31830645,31,28,0,28,132.76678571,31,28,0,28
2020,10,Pest,11.31906667,31,75,0,75,102.95253333,31,75,0,75
2020,10,Somogy,11.97764977,31,70,0,70,104.51200000,31,70,0,70
2020,10,Szabolcs-Szatmár-Bereg,11.68309405,31,71,0,71,76.71323944,31,71,0,71
2020,10,Tolna,12.22166542,31,43,0,43,82.52232558,31,43,0,43
2020,10,Vas,10.77334311,31,44,0,44,109.87204545,31,44,0,44
2020,10,Veszprém,11.15919952,31,54,0,54,113.19777778,31,54,0,54
2020,10,Zala,11.31291789,31,44,0,44,106.89409091,31,44,0,44
2020,11,Baranya,5.86924074,30,54,0,54,11.80944444,30,54,0,54
2020,11,Borsod-Abaúj-Zemplén,4.11078295,30,86,0,86,20.51267442,30,86,0,86
2020,11,Bács-Kiskun,5.43119192,30,99,0,99,18.70383838,30,99,0,99
2020,11,Békés,5.19681095,30,67,0,67,15.24208955,30,67,0,67
2020,11,Csongrád-Csanád,5.49871528,30,48,0,48,17.80625000,30,48,0,48
2020,11,Fejér,5.26707092,30,47,0,47,13.75361702,30,47,0,47
2020,11,Győr-Moson-Sopron,5.57326389,30,48,0,48,12.08229167,30,48,0,48
2020,11,Hajdú-Bihar,4.87439744,30,78,0,78,15.94525641,30,78,0,78
2020,11,Heves,4.32467424,30,44,0,44,25.00431818,30,44,0,44
2020,11,Jász-Nagykun-Szolnok,4.96668627,30,68,0,68,20.40985294,30,68,0,68
2020,11,Komárom-Esztergom,5.03741379,30,29,0,29,15.19172414,30,29,0,29
2020,11,Nógrád,4.10954762,30,28,0,28,23.00964286,30,28,0,28
2020,11,Pest,4.85474222,30,75,0,75,22.25840000,30,75,0,75
2020,11,Somogy,5.67940000,30,70,0,70,7.44128571,30,70,0,70
2020,11,Szabolcs-Szatmár-Bereg,4.48591080,30,71,0,71,18.14704225,30,71,0,71
2020,11,Tolna,5.65675194,30,43,0,43,11.98441860,30,43,0,43
2020,11,Vas,5.22792424,30,44,0,44,7.91409091,30,44,0,44
2020,11,Veszprém,5.31882099,30,54,0,54,7.19833333,30,54,0,54
2020,11,Zala,5.28725000,30,44,0,44,11.78568182,30,44,0,44
2020,12,Baranya,3.55762246,31,54,0,54,58.49425926,31,54,0,54
2020,12,Borsod-Abaúj-Zemplén,3.00460990,31,86,0,86,43.93802326,31,86,0,86
2020,12,Bács-Kiskun,3.92154448,31,99,0,99,48.63616162,31,99,0,99
2020,12,Békés,4.31252287,31,67,0,67,49.94820896,31,67,0,67
2020,12,Csongrád-Csanád,4.36479839,31,48,0,48,53.29520833,31,48,0,48
2020,12,Fejér,3.30582018,31,47,0,47,29.46127660,31,47,0,47
2020,12,Győr-Moson-Sopron,3.15145161,31,48,0,48,39.07770833,31,48,0,48
2020,12,Hajdú-Bihar,3.92670389,31,78,0,78,44.49987179,31,78,0,78
2020,12,Heves,3.23493402,31,44,0,44,43.38090909,31,44,0,44
2020,12,Jász-Nagykun-Szolnok,3.78861954,31,68,0,68,47.48426471,31,68,0,68
2020,12,Komárom-Esztergom,3.04540601,31,29,0,29,27.82448276,31,29,0,29
2020,12,Nógrád,2.94315668,31,28,0,28,38.66535714,31,28,0,28
2020,12,Pest,3.34560860,31,75,0,75,37.68160000,31,75,0,75
2020,12,Somogy,3.38781567,31,70,0,70,61.43814286,31,70,0,70
2020,12,Szabolcs-Szatmár-Bereg,3.92042708,31,71,0,71,52.31197183,31,71,0,71
2020,12,Tolna,3.65027007,31,43,0,43,40.50139535,31,43,0,43
2020,12,Vas,2.43971408,31,44,0,44,58.66431818,31,44,0,44
2020,12,Veszprém,2.74134409,31,54,0,54,41.03703704,31,54,0,54
2020,12,Zala,2.79489003,31,44,0,44,72.57477273,31,44,0,44
2021,1,Baranya,2.21631422,31,54,0,54,39.72203704,31,54,0,54
2021,1,Borsod-Abaúj-Zemplén,-0.04163166,31,86,0,86,55.78965116,31,86,0,86
2021,1,Bács-Kiskun,1.94610622,31,99,0,99,27.11484848,31,99,0,99
2021,1,Békés,1.64179586,31,67,0,67,57.81044776,31,67,0,67
2021,1,Csongrád-Csanád,1.91399194,31,48,0,48,52.39437500,31,48,0,48
2021,1,Fejér,1.71887440,31,47,0,47,19.41553191,31,47,0,47
2021,1,Győr-Moson-Sopron,1.73450269,31,48,0,48,41.85666667,31,48,0,48
2021,1,Hajdú-Bihar,1.17488834,31,78,0,78,56.73076923,31,78,0,78
2021,1,Heves,0.28348240,31,44,0,44,37.56590909,31,44,0,44
2021,1,Jász-Nagykun-Szolnok,1.43725332,31,68,0,68,37.93044118,31,68,0,68
2021,1,Komárom-Esztergom,1.24698554,31,29,0,29,26.23103448,31,29,0,29
2021,1,Nógrád,-0.29479263,31,28,0,28,26.31857143,31,28,0,28
2021,1,Pest,1.22204731,31,75,0,75,19.17493333,31,75,0,75
2021,1,Somogy,2.19138249,31,70,0,70,34.12614286,31,70,0,70
2021,1,Szabolcs-Szatmár-Bereg,0.75980463,31,71,0,71,73.70661972,31,71,0,71
2021,1,Tolna,2.28411103,31,43,0,43,18.77930233,31,43,0,43
2021,1,Vas,1.49604106,31,44,0,44,30.88022727,31,44,0,44
2021,1,Veszprém,1.50415771,31,54,0,54,32.32166667,31,54,0,54
2021,1,Zala,1.84252199,31,44,0,44,30.88772727,31,44,0,44
2021,2,Baranya,4.18130291,28,54,0,54,25.57666667,28,54,0,54
2021,2,Borsod-Abaúj-Zemplén,0.61927741,28,86,0,86,53.17674419,28,86,0,86
2021,2,Bács-Kiskun,3.33490260,28,99,0,99,26.32808081,28,99,0,99
2021,2,Békés,3.33594883,28,67,0,67,34.02611940,28,67,0,67
2021,2,Csongrád-Csanád,3.65471726,28,48,0,48,29.89666667,28,48,0,48
2021,2,Fejér,2.64579027,28,47,0,47,33.20872340,28,47,0,47
2021,2,Győr-Moson-Sopron,2.66374256,28,48,0,48,23.79104167,28,48,0,48
2021,2,Hajdú-Bihar,2.24078755,28,78,0,78,45.33064103,28,78,0,78
2021,2,Heves,1.23406656,28,44,0,44,49.78045455,28,44,0,44
2021,2,Jász-Nagykun-Szolnok,2.38886555,28,68,0,68,37.14676471,28,68,0,68
2021,2,Komárom-Esztergom,2.10800493,28,29,0,29,36.65482759,28,29,0,29
2021,2,Nógrád,0.42107143,28,28,0,28,50.11035714,28,28,0,28
2021,2,Pest,2.14908095,28,75,0,75,38.75173333,28,75,0,75
2021,2,Somogy,3.57709184,28,70,0,70,24.77357143,28,70,0,70
2021,2,Szabolcs-Szatmár-Bereg,1.45545775,28,71,0,71,63.60225352,28,71,0,71
2021,2,Tolna,3.62104651,28,43,0,43,24.89581395,28,43,0,43
2021,2,Vas,2.93650974,28,44,0,44,19.88227273,28,44,0,44
2021,2,Veszprém,2.72064153,28,54,0,54,22.53537037,28,54,0,54
2021,2,Zala,3.26882305,28,44,0,44,18.33545455,28,44,0,44
2021,3,Baranya,5.88196535,31,54,0,54,27.84962963,31,54,0,54
2021,3,Borsod-Abaúj-Zemplén,4.30140285,31,86,0,86,10.13755814,31,86,0,86
2021,3,Bács-Kiskun,5.58500815,31,99,0,99,17.83050505,31,99,0,99
2021,3,Békés,5.27772749,31,67,0,67,14.89343284,31,67,0,67
2021,3,Csongrád-Csanád,5.51113575,31,48,0,48,18.83604167,31,48,0,48
2021,3,Fejér,5.68197666,31,47,0,47,6.67702128,31,47,0,47
2021,3,Győr-Moson-Sopron,5.59624328,31,48,0,48,2.49020833,31,48,0,48
2021,3,Hajdú-Bihar,5.00353598,31,78,0,78,16.75743590,31,78,0,78
2021,3,Heves,4.82920088,31,44,0,44,7.08022727,31,44,0,44
2021,3,Jász-Nagykun-Szolnok,5.58567362,31,68,0,68,5.60279412,31,68,0,68
2021,3,Komárom-Esztergom,5.21041157,31,29,0,29,2.33724138,31,29,0,29
2021,3,Nógrád,3.98360599,31,28,0,28,4.48892857,31,28,0,28
2021,3,Pest,5.43103656,31,75,0,75,5.74640000,31,75,0,75
2021,3,Somogy,5.83225346,31,70,0,70,14.40171429,31,70,0,70
2021,3,Szabolcs-Szatmár-Bereg,4.48272603,31,71,0,71,23.69845070,31,71,0,71
2021,3,Tolna,5.88219805,31,43,0,43,17.07581395,31,43,0,43
2021,3,Vas,5.56742669,31,44,0,44,7.26113636,31,44,0,44
2021,3,Veszprém,5.44469534,31,54,0,54,8.08629630,31,54,0,54
2021,3,Zala,5.70834311,31,44,0,44,10.48931818,31,44,0,44
2021,4,Baranya,8.87528395,30,54,0,54,36.93648148,30,54,0,54
2021,4,Borsod-Abaúj-Zemplén,7.85327519,30,86,0,86,56.84313953,30,86,0,86
2021,4,Bács-Kiskun,8.92954209,30,99,0,99,31.63676768,30,99,0,99
2021,4,Békés,8.93386070,30,67,0,67,31.53402985,30,67,0,67
2021,4,Csongrád-Csanád,9.02340278,30,48,0,48,27.78791667,30,48,0,48
2021,4,Fejér,8.66448227,30,47,0,47,31.03127660,30,47,0,47
2021,4,Győr-Moson-Sopron,8.65492361,30,48,0,48,40.59395833,30,48,0,48
2021,4,Hajdú-Bihar,8.70860256,30,78,0,78,41.50000000,30,78,0,78
2021,4,Heves,8.04450758,30,44,0,44,47.30795455,30,44,0,44
2021,4,Jász-Nagykun-Szolnok,8.83154902,30,68,0,68,31.37205882,30,68,0,68
2021,4,Komárom-Esztergom,8.18539080,30,29,0,29,48.33172414,30,29,0,29
2021,4,Nógrád,7.32009524,30,28,0,28,37.49607143,30,28,0,28
2021,4,Pest,8.48150222,30,75,0,75,38.87613333,30,75,0,75
2021,4,Somogy,8.82306667,30,70,0,70,33.10114286,30,70,0,70
2021,4,Szabolcs-Szatmár-Bereg,8.53180751,30,71,0,71,52.83633803,30,71,0,71
2021,4,Tolna,9.00446512,30,43,0,43,32.40604651,30,43,0,43
2021,4,Vas,8.35274242,30,44,0,44,37.22227273,30,44,0,44
2021,4,Veszprém,8.28112963,30,54,0,54,43.98574074,30,54,0,54
2021,4,Zala,8.56012879,30,44,0,44,37.29750000,30,44,0,44
2021,5,Baranya,14.21090203,31,54,0,54,68.92444444,31,54,0,54
2021,5,Borsod-Abaúj-Zemplén,13.53902476,31,86,0,86,78.07255814,31,86,0,86
2021,5,Bács-Kiskun,14.55496253,31,99,0,99,81.06848485,31,99,0,99
2021,5,Békés,14.89133365,31,67,0,67,61.73373134,31,67,0,67
2021,5,Csongrád-Csanád,14.89443548,31,48,0,48,66.73791667,31,48,0,48
2021,5,Fejér,13.84851750,31,47,0,47,91.05702128,31,47,0,47
2021,5,Győr-Moson-Sopron,13.61368280,31,48,0,48,73.02270833,31,48,0,48
2021,5,Hajdú-Bihar,14.62846981,31,78,0,78,68.62884615,31,78,0,78
2021,5,Heves,13.52797654,31,44,0,44,74.61272727,31,44,0,44
2021,5,Jász-Nagykun-Szolnok,14.49730550,31,68,0,68,65.27500000,31,68,0,68
2021,5,Komárom-Esztergom,13.24136819,31,29,0,29,94.01655172,31,29,0,29
2021,5,Nógrád,12.53240783,31,28,0,28,83.60321429,31,28,0,28
2021,5,Pest,13.73470538,31,75,0,75,85.90173333,31,75,0,75
2021,5,Somogy,13.85443318,31,70,0,70,92.78985714,31,70,0,70
2021,5,Szabolcs-Szatmár-Bereg,14.49168105,31,71,0,71,61.73549296,31,71,0,71
2021,5,Tolna,14.40792948,31,43,0,43,76.59488372,31,43,0,43
2021,5,Vas,13.24021994,31,44,0,44,97.22977273,31,44,0,44
2021,5,Veszprém,13.34692354,31,54,0,54,95.66259259,31,54,0,54
2021,5,Zala,13.47365103,31,44,0,44,115.99863636,31,44,0,44
2021,6,Baranya,22.21517284,30,54,0,54,20.49888889,30,54,0,54
2021,6,Borsod-Abaúj-Zemplén,21.19659302,30,86,0,86,19.34465116,30,86,0,86
2021,6,Bács-Kiskun,22.33516835,30,99,0,99,21.40878788,30,99,0,99
2021,6,Békés,22.47541294,30,67,0,67,17.09000000,30,67,0,67
2021,6,Csongrád-Csanád,22.52577083,30,48,0,48,13.86333333,30,48,0,48
2021,6,Fejér,22.27473759,30,47,0,47,9.03702128,30,47,0,47
2021,6,Győr-Moson-Sopron,22.07996528,30,48,0,48,9.47104167,30,48,0,48
2021,6,Hajdú-Bihar,22.19421795,30,78,0,78,14.95051282,30,78,0,78
2021,6,Heves,21.62900000,30,44,0,44,15.15386364,30,44,0,44
2021,6,Jász-Nagykun-Szolnok,22.42745588,30,68,0,68,10.71735294,30,68,0,68
2021,6,Komárom-Esztergom,21.66355172,30,29,0,29,7.07827586,30,29,0,29
2021,6,Nógrád,20.62663095,30,28,0,28,13.65000000,30,28,0,28
2021,6,Pest,22.05245778,30,75,0,75,17.71946667,30,75,0,75
2021,6,Somogy,21.90097619,30,70,0,70,10.51257143,30,70,0,70
2021,6,Szabolcs-Szatmár-Bereg,21.64854930,30,71,0,71,14.60901408,30,71,0,71
2021,6,Tolna,22.48808527,30,43,0,43,15.76162791,30,43,0,43
2021,6,Vas,21.64659091,30,44,0,44,29.12431818,30,44,0,44
2021,6,Veszprém,21.73091975,30,54,0,54,13.99185185,30,54,0,54
2021,6,Zala,21.63471970,30,44,0,44,13.84318182,30,44,0,44
2021,7,Baranya,23.82241338,31,54,0,54,83.96740741,31,54,0,54
2021,7,Borsod-Abaúj-Zemplén,23.15798950,31,86,0,86,67.07418605,31,86,0,86
2021,7,Bács-Kiskun,24.53235582,31,99,0,99,53.21434343,31,99,0,99
2021,7,Békés,25.14198363,31,67,0,67,27.08761194,31,67,0,67
2021,7,Csongrád-Csanád,25.08776882,31,48,0,48,46.63291667,31,48,0,48
2021,7,Fejér,23.76599863,31,47,0,47,73.82957447,31,47,0,47
2021,7,Győr-Moson-Sopron,23.07234543,31,48,0,48,108.13166667,31,48,0,48
2021,7,Hajdú-Bihar,24.33007031,31,78,0,78,55.30128205,31,78,0,78
2021,7,Heves,23.58758065,31,44,0,44,60.44136364,31,44,0,44
2021,7,Jász-Nagykun-Szolnok,24.72868121,31,68,0,68,47.70323529,31,68,0,68
2021,7,Komárom-Esztergom,22.79985539,31,29,0,29,77.48896552,31,29,0,29
2021,7,Nógrád,22.31116359,31,28,0,28,57.00071429,31,28,0,28
2021,7,Pest,23.91338065,31,75,0,75,65.98173333,31,75,0,75
2021,7,Somogy,23.36318894,31,70,0,70,59.27971429,31,70,0,70
2021,7,Szabolcs-Szatmár-Bereg,23.61726942,31,71,0,71,81.47929577,31,71,0,71
2021,7,Tolna,24.19675169,31,43,0,43,55.81953488,31,43,0,43
2021,7,Vas,22.69870968,31,44,0,44,71.14659091,31,44,0,44
2021,7,Veszprém,23.06061529,31,54,0,54,58.00574074,31,54,0,54
2021,7,Zala,22.78782991,31,44,0,44,53.40227273,31,44,0,44
2021,8,Baranya,20.87428315,31,54,0,54,55.75925926,31,54,0,54
2021,8,Borsod-Abaúj-Zemplén,19.11381845,31,86,0,86,85.65686047,31,86,0,86
2021,8,Bács-Kiskun,21.13465950,31,99,0,99,47.49484848,31,99,0,99
2021,8,Békés,21.66989408,31,67,0,67,37.75134328,31,67,0,67
2021,8,Csongrád-Csanád,21.67032930,31,48,0,48,41.24250000,31,48,0,48
2021,8,Fejér,20.51608785,31,47,0,47,53.23000000,31,47,0,47
2021,8,Győr-Moson-Sopron,19.68692204,31,48,0,48,56.83979167,31,48,0,48
2021,8,Hajdú-Bihar,20.74168321,31,78,0,78,50.36666667,31,78,0,78
2021,8,Heves,19.71762463,31,44,0,44,72.84159091,31,44,0,44
2021,8,Jász-Nagykun-Szolnok,21.08388046,31,68,0,68,45.31588235,31,68,0,68
2021,8,Komárom-Esztergom,19.48390434,31,29,0,29,40.70413793,31,29,0,29
2021,8,Nógrád,18.54044931,31,28,0,28,89.89214286,31,28,0,28
2021,8,Pest,20.21388817,31,75,0,75,56.85280000,31,75,0,75
2021,8,Somogy,20.39697235,31,70,0,70,48.66557143,31,70,0,70
2021,8,Szabolcs-Szatmár-Bereg,19.71548841,31,71,0,71,62.31802817,31,71,0,71
2021,8,Tolna,21.11609902,31,43,0,43,48.17209302,31,43,0,43
2021,8,Vas,19.54228006,31,44,0,44,64.13886364,31,44,0,44
2021,8,Veszprém,19.99684588,31,54,0,54,41.67888889,31,54,0,54
2021,8,Zala,19.73434018,31,44,0,44,76.92636364,31,44,0,44
2021,9,Baranya,17.06903704,30,54,0,54,35.25555556,30,54,0,54
2021,9,Borsod-Abaúj-Zemplén,15.38741085,30,86,0,86,26.66313953,30,86,0,86
2021,9,Bács-Kiskun,17.04103030,30,99,0,99,33.25535354,30,99,0,99
2021,9,Békés,17.19967662,30,67,0,67,25.08522388,30,67,0,67
2021,9,Csongrád-Csanád,17.31222222,30,48,0,48,25.51854167,30,48,0,48
2021,9,Fejér,16.92671631,30,47,0,47,46.47234043,30,47,0,47
2021,9,Győr-Moson-Sopron,16.63869444,30,48,0,48,40.60500000,30,48,0,48
2021,9,Hajdú-Bihar,16.32187179,30,78,0,78,15.83307692,30,78,0,78
2021,9,Heves,16.24940909,30,44,0,44,16.45068182,30,44,0,44
2021,9,Jász-Nagykun-Szolnok,17.03657353,30,68,0,68,12.20176471,30,68,0,68
2021,9,Komárom-Esztergom,16.18804598,30,29,0,29,38.95448276,30,29,0,29
2021,9,Nógrád,14.92703571,30,28,0,28,39.87607143,30,28,0,28
2021,9,Pest,16.52664889,30,75,0,75,27.65080000,30,75,0,75
2021,9,Somogy,16.78846667,30,70,0,70,38.67828571,30,70,0,70
2021,9,Szabolcs-Szatmár-Bereg,15.43306573,30,71,0,71,22.65183099,30,71,0,71
2021,9,Tolna,17.26671318,30,43,0,43,40.79534884,30,43,0,43
2021,9,Vas,16.63065909,30,44,0,44,37.16159091,30,44,0,44
2021,9,Veszprém,16.84514815,30,54,0,54,27.33314815,30,54,0,54
2021,9,Zala,16.63561364,30,44,0,44,35.51500000,30,44,0,44
2021,10,Baranya,9.65117682,31,54,0,54,63.54962963,31,54,0,54
2021,10,Borsod-Abaúj-Zemplén,8.65976369,31,86,0,86,10.89767442,31,86,0,86
2021,10,Bács-Kiskun,9.81743239,31,99,0,99,41.31353535,31,99,0,99
2021,10,Békés,10.02465094,31,67,0,67,15.49358209,31,67,0,67
2021,10,Csongrád-Csanád,10.10202957,31,48,0,48,26.34229167,31,48,0,48
2021,10,Fejér,9.60561428,31,47,0,47,36.29680851,31,47,0,47
2021,10,Győr-Moson-Sopron,10.18941532,31,48,0,48,38.55770833,31,48,0,48
2021,10,Hajdú-Bihar,9.44752688,31,78,0,78,11.39948718,31,78,0,78
2021,10,Heves,9.16276393,31,44,0,44,12.15363636,31,44,0,44
2021,10,Jász-Nagykun-Szolnok,9.70569734,31,68,0,68,12.07220588,31,68,0,68
2021,10,Komárom-Esztergom,9.53943270,31,29,0,29,25.78965517,31,29,0,29
2021,10,Nógrád,7.95205069,31,28,0,28,16.69607143,31,28,0,28
2021,10,Pest,9.41846452,31,75,0,75,22.90573333,31,75,0,75
2021,10,Somogy,9.41519816,31,70,0,70,57.59114286,31,70,0,70
2021,10,Szabolcs-Szatmár-Bereg,8.97774194,31,71,0,71,4.01887324,31,71,0,71
2021,10,Tolna,9.86981995,31,43,0,43,52.98488372,31,43,0,43
2021,10,Vas,9.77023460,31,44,0,44,40.97250000,31,44,0,44
2021,10,Veszprém,9.71556153,31,54,0,54,46.71462963,31,54,0,54
2021,10,Zala,9.52293255,31,44,0,44,43.48931818,31,44,0,44
2021,11,Baranya,5.71002469,30,54,0,54,73.67407407,30,54,0,54
2021,11,Borsod-Abaúj-Zemplén,4.17874419,30,86,0,86,71.33988372,30,86,0,86
2021,11,Bács-Kiskun,5.75273064,30,99,0,99,51.25888889,30,99,0,99
2021,11,Békés,5.67402985,30,67,0,67,51.55089552,30,67,0,67
2021,11,Csongrád-Csanád,5.93450694,30,48,0,48,46.40250000,30,48,0,48
2021,11,Fejér,5.49435461,30,47,0,47,51.70234043,30,47,0,47
2021,11,Győr-Moson-Sopron,5.29044444,30,48,0,48,39.67270833,30,48,0,48
2021,11,Hajdú-Bihar,4.92114103,30,78,0,78,56.35128205,30,78,0,78
2021,11,Heves,4.65468182,30,44,0,44,62.94818182,30,44,0,44
2021,11,Jász-Nagykun-Szolnok,5.11883824,30,68,0,68,57.57544118,30,68,0,68
2021,11,Komárom-Esztergom,4.99594253,30,29,0,29,32.25862069,30,29,0,29
2021,11,Nógrád,4.06192857,30,28,0,28,45.67642857,30,28,0,28
2021,11,Pest,5.20007111,30,75,0,75,52.77880000,30,75,0,75
2021,11,Somogy,5.57642857,30,70,0,70,73.60071429,30,70,0,70
2021,11,Szabolcs-Szatmár-Bereg,4.65421596,30,71,0,71,51.71281690,30,71,0,71
2021,11,Tolna,5.71255814,30,43,0,43,62.03697674,30,43,0,43
2021,11,Vas,4.99418939,30,44,0,44,49.11363636,30,44,0,44
2021,11,Veszprém,5.15162963,30,54,0,54,44.72962963,30,54,0,54
2021,11,Zala,5.34804545,30,44,0,44,57.86045455,30,44,0,44
2021,12,Baranya,2.46213262,31,54,0,54,84.55759259,31,54,0,54
2021,12,Borsod-Abaúj-Zemplén,0.07204051,31,86,0,86,41.07813953,31,86,0,86
2021,12,Bács-Kiskun,1.89301075,31,99,0,99,55.05090909,31,99,0,99
2021,12,Békés,1.85246991,31,67,0,67,60.69671642,31,67,0,67
2021,12,Csongrád-Csanád,2.09263441,31,48,0,48,62.18979167,31,48,0,48
2021,12,Fejér,1.74530542,31,47,0,47,50.65744681,31,47,0,47
2021,12,Győr-Moson-Sopron,2.34153898,31,48,0,48,41.42270833,31,48,0,48
2021,12,Hajdú-Bihar,1.19968569,31,78,0,78,51.66025641,31,78,0,78
2021,12,Heves,0.50003666,31,44,0,44,39.84227273,31,44,0,44
2021,12,Jász-Nagykun-Szolnok,1.48724383,31,68,0,68,44.17970588,31,68,0,68
2021,12,Komárom-Esztergom,1.28788654,31,29,0,29,50.42689655,31,29,0,29
2021,12,Nógrád,-0.19385945,31,28,0,28,39.13464286,31,28,0,28
2021,12,Pest,1.23198710,31,75,0,75,41.58173333,31,75,0,75
2021,12,Somogy,2.49875576,31,70,0,70,72.58057143,31,70,0,70
2021,12,Szabolcs-Szatmár-Bereg,0.63467969,31,71,0,71,69.19394366,31,71,0,71
2021,12,Tolna,2.24361590,31,43,0,43,69.57627907,31,43,0,43
2021,12,Vas,2.17030059,31,44,0,44,41.54068182,31,44,0,44
2021,12,Veszprém,1.90703704,31,54,0,54,49.60666667,31,54,0,54
2021,12,Zala,2.38794721,31,44,0,44,53.39954545,31,44,0,44
2022,1,Baranya,1.44347670,31,54,0,54,6.51777778,31,54,0,54
2022,1,Borsod-Abaúj-Zemplén,-1.03967742,31,86,0,86,5.21848837,31,86,0,86
2022,1,Bács-Kiskun,1.16340828,31,99,0,99,5.31676768,31,99,0,99
2022,1,Békés,-0.07562831,31,67,0,67,13.18791045,31,67,0,67
2022,1,Csongrád-Csanád,0.74411290,31,48,0,48,9.77916667,31,48,0,48
2022,1,Fejér,1.52676733,31,47,0,47,6.31957447,31,47,0,47
2022,1,Győr-Moson-Sopron,2.16368280,31,48,0,48,11.92875000,31,48,0,48
2022,1,Hajdú-Bihar,-0.49911084,31,78,0,78,11.61230769,31,78,0,78
2022,1,Heves,-0.43030792,31,44,0,44,2.77750000,31,44,0,44
2022,1,Jász-Nagykun-Szolnok,0.27510436,31,68,0,68,5.21044118,31,68,0,68
2022,1,Komárom-Esztergom,1.31789766,31,29,0,29,9.69172414,31,29,0,29
2022,1,Nógrád,-0.65148618,31,28,0,28,4.70785714,31,28,0,28
2022,1,Pest,0.91600860,31,75,0,75,4.03000000,31,75,0,75
2022,1,Somogy,1.31911982,31,70,0,70,9.63285714,31,70,0,70
2022,1,Szabolcs-Szatmár-Bereg,-0.85862335,31,71,0,71,18.26563380,31,71,0,71
2022,1,Tolna,1.63202551,31,43,0,43,6.00209302,31,43,0,43
2022,1,Vas,1.45785924,31,44,0,44,17.47181818,31,44,0,44
2022,1,Veszprém,1.39807646,31,54,0,54,14.49870370,31,54,0,54
2022,1,Zala,1.16891496,31,44,0,44,16.62954545,31,44,0,44
2022,2,Baranya,5.06998016,28,54,0,54,23.57333333,28,54,0,54
2022,2,Borsod-Abaúj-Zemplén,2.89133721,28,86,0,86,6.50674419,28,86,0,86
2022,2,Bács-Kiskun,5.21212121,28,99,0,99,9.17515152,28,99,0,99
2022,2,Békés,4.55738806,28,67,0,67,11.37238806,28,67,0,67
2022,2,Csongrád-Csanád,5.03949405,28,48,0,48,10.09458333,28,48,0,48
2022,2,Fejér,4.89892857,28,47,0,47,10.78893617,28,47,0,47
2022,2,Győr-Moson-Sopron,5.08609375,28,48,0,48,19.14875000,28,48,0,48
2022,2,Hajdú-Bihar,3.79127747,28,78,0,78,12.40358974,28,78,0,78
2022,2,Heves,3.73243506,28,44,0,44,8.06090909,28,44,0,44
2022,2,Jász-Nagykun-Szolnok,4.61431723,28,68,0,68,7.49382353,28,68,0,68
2022,2,Komárom-Esztergom,4.46546798,28,29,0,29,19.68862069,28,29,0,29
2022,2,Nógrád,2.95867347,28,28,0,28,12.51642857,28,28,0,28
2022,2,Pest,4.61286667,28,75,0,75,11.37600000,28,75,0,75
2022,2,Somogy,4.92441327,28,70,0,70,20.50342857,28,70,0,70
2022,2,Szabolcs-Szatmár-Bereg,3.09315895,28,71,0,71,16.26690141,28,71,0,71
2022,2,Tolna,5.26814784,28,43,0,43,12.55069767,28,43,0,43
2022,2,Vas,4.62499188,28,44,0,44,15.79363636,28,44,0,44
2022,2,Veszprém,4.67358466,28,54,0,54,16.50074074,28,54,0,54
2022,2,Zala,4.70451299,28,44,0,44,18.28772727,28,44,0,44
2022,3,Baranya,5.49710275,31,54,0,54,21.49129630,31,54,0,54
2022,3,Borsod-Abaúj-Zemplén,4.55688297,31,86,0,86,36.11546512,31,86,0,86
2022,3,Bács-Kiskun,5.23773868,31,99,0,99,13.34171717,31,99,0,99
2022,3,Békés,5.22198844,31,67,0,67,7.97671642,31,67,0,67
2022,3,Csongrád-Csanád,5.45819892,31,48,0,48,6.63750000,31,48,0,48
2022,3,Fejér,5.19180508,31,47,0,47,20.80574468,31,47,0,47
2022,3,Győr-Moson-Sopron,5.21805108,31,48,0,48,17.03479167,31,48,0,48
2022,3,Hajdú-Bihar,4.95109181,31,78,0,78,13.75230769,31,78,0,78
2022,3,Heves,4.82626833,31,44,0,44,23.19409091,31,44,0,44
2022,3,Jász-Nagykun-Szolnok,5.24958729,31,68,0,68,13.80823529,31,68,0,68
2022,3,Komárom-Esztergom,4.86165740,31,29,0,29,19.62586207,31,29,0,29
2022,3,Nógrád,3.57746544,31,28,0,28,18.91000000,31,28,0,28
2022,3,Pest,5.14141075,31,75,0,75,17.45600000,31,75,0,75
2022,3,Somogy,5.22040092,31,70,0,70,30.06014286,31,70,0,70
2022,3,Szabolcs-Szatmár-Bereg,4.87470241,31,71,0,71,19.65042254,31,71,0,71
2022,3,Tolna,5.34265566,31,43,0,43,22.36279070,31,43,0,43
2022,3,Vas,5.13088710,31,44,0,44,22.16272727,31,44,0,44
2022,3,Veszprém,5.17358423,31,54,0,54,26.06518519,31,54,0,54
2022,3,Zala,5.19224340,31,44,0,44,34.13181818,31,44,0,44
2022,4,Baranya,10.04656173,30,54,0,54,46.83500000,30,54,0,54
2022,4,Borsod-Abaúj-Zemplén,8.54149225,30,86,0,86,47.49476744,30,86,0,86
2022,4,Bács-Kiskun,9.89833670,30,99,0,99,48.92222222,30,99,0,99
2022,4,Békés,9.80495025,30,67,0,67,51.04328358,30,67,0,67
2022,4,Csongrád-Csanád,9.97238889,30,48,0,48,43.78166667,30,48,0,48
2022,4,Fejér,9.61178723,30,47,0,47,64.98212766,30,47,0,47
2022,4,Győr-Moson-Sopron,9.45993750,30,48,0,48,30.90270833,30,48,0,48
2022,4,Hajdú-Bihar,9.43197009,30,78,0,78,45.67256410,30,78,0,78
2022,4,Heves,8.91551515,30,44,0,44,51.57795455,30,44,0,44
2022,4,Jász-Nagykun-Szolnok,9.67584804,30,68,0,68,45.34102941,30,68,0,68
2022,4,Komárom-Esztergom,9.11940230,30,29,0,29,64.06517241,30,29,0,29
2022,4,Nógrád,8.04325000,30,28,0,28,57.32178571,30,28,0,28
2022,4,Pest,9.42054222,30,75,0,75,61.53693333,30,75,0,75
2022,4,Somogy,9.86152381,30,70,0,70,51.96071429,30,70,0,70
2022,4,Szabolcs-Szatmár-Bereg,9.08441784,30,71,0,71,49.33408451,30,71,0,71
2022,4,Tolna,9.93974419,30,43,0,43,57.78744186,30,43,0,43
2022,4,Vas,9.16143182,30,44,0,44,50.75704545,30,44,0,44
2022,4,Veszprém,9.24034568,30,54,0,54,62.11888889,30,54,0,54
2022,4,Zala,9.51125758,30,44,0,44,55.77295455,30,44,0,44
2022,5,Baranya,17.75724612,31,54,0,54,61.33500000,31,54,0,54
2022,5,Borsod-Abaúj-Zemplén,16.40272318,31,86,0,86,11.88500000,31,86,0,86
2022,5,Bács-Kiskun,17.86502770,31,99,0,99,38.33191919,31,99,0,99
2022,5,Békés,17.79225806,31,67,0,67,24.17791045,31,67,0,67
2022,5,Csongrád-Csanád,18.01759409,31,48,0,48,28.41145833,31,48,0,48
2022,5,Fejér,17.69472889,31,47,0,47,29.33468085,31,47,0,47
2022,5,Győr-Moson-Sopron,17.41705645,31,48,0,48,53.53708333,31,48,0,48
2022,5,Hajdú-Bihar,17.47656741,31,78,0,78,12.95141026,31,78,0,78
2022,5,Heves,16.68951613,31,44,0,44,23.39318182,31,44,0,44
2022,5,Jász-Nagykun-Szolnok,17.69330171,31,68,0,68,14.27705882,31,68,0,68
2022,5,Komárom-Esztergom,17.10724138,31,29,0,29,32.39413793,31,29,0,29
2022,5,Nógrád,15.54839862,31,28,0,28,38.28928571,31,28,0,28
2022,5,Pest,17.28182796,31,75,0,75,28.21586667,31,75,0,75
2022,5,Somogy,17.42924885,31,70,0,70,52.74685714,31,70,0,70
2022,5,Szabolcs-Szatmár-Bereg,16.98770559,31,71,0,71,9.21507042,31,71,0,71
2022,5,Tolna,17.80915979,31,43,0,43,47.69232558,31,43,0,43
2022,5,Vas,16.98081378,31,44,0,44,50.81840909,31,44,0,44
2022,5,Veszprém,17.21170848,31,54,0,54,30.19351852,31,54,0,54
2022,5,Zala,17.11601173,31,44,0,44,47.99340909,31,44,0,44
2022,6,Baranya,22.22812963,30,54,0,54,61.38000000,30,54,0,54
2022,6,Borsod-Abaúj-Zemplén,21.54992248,30,86,0,86,35.23953488,30,86,0,86
2022,6,Bács-Kiskun,22.62062626,30,99,0,99,55.30636364,30,99,0,99
2022,6,Békés,23.24570149,30,67,0,67,10.93268657,30,67,0,67
2022,6,Csongrád-Csanád,23.23729861,30,48,0,48,33.79875000,30,48,0,48
2022,6,Fejér,22.12843262,30,47,0,47,69.88510638,30,47,0,47
2022,6,Győr-Moson-Sopron,21.72452778,30,48,0,48,98.44187500,30,48,0,48
2022,6,Hajdú-Bihar,22.67144017,30,78,0,78,22.81474359,30,78,0,78
2022,6,Heves,21.93246970,30,44,0,44,36.88954545,30,44,0,44
2022,6,Jász-Nagykun-Szolnok,22.95110294,30,68,0,68,27.26661765,30,68,0,68
2022,6,Komárom-Esztergom,21.35202299,30,29,0,29,60.19862069,30,29,0,29
2022,6,Nógrád,20.55057143,30,28,0,28,47.16535714,30,28,0,28
2022,6,Pest,22.11094222,30,75,0,75,47.40973333,30,75,0,75
2022,6,Somogy,21.81987619,30,70,0,70,75.55600000,30,70,0,70
2022,6,Szabolcs-Szatmár-Bereg,22.02131925,30,71,0,71,20.82492958,30,71,0,71
2022,6,Tolna,22.25475194,30,43,0,43,74.44209302,30,43,0,43
2022,6,Vas,21.32504545,30,44,0,44,106.12477273,30,44,0,44
2022,6,Veszprém,21.46356790,30,54,0,54,89.95055556,30,54,0,54
2022,6,Zala,21.41700758,30,44,0,44,110.60659091,30,44,0,44
2022,7,Baranya,23.22436679,31,54,0,54,20.85648148,31,54,0,54
2022,7,Borsod-Abaúj-Zemplén,22.57083271,31,86,0,86,46.05953488,31,86,0,86
2022,7,Bács-Kiskun,23.89215380,31,99,0,99,8.94585859,31,99,0,99
2022,7,Békés,24.34655753,31,67,0,67,24.54432836,31,67,0,67
2022,7,Csongrád-Csanád,24.47831989,31,48,0,48,13.98041667,31,48,0,48
2022,7,Fejér,23.33725463,31,47,0,47,14.41638298,31,47,0,47
2022,7,Győr-Moson-Sopron,22.42885081,31,48,0,48,51.15937500,31,48,0,48
2022,7,Hajdú-Bihar,23.77000827,31,78,0,78,30.21243590,31,78,0,78
2022,7,Heves,23.11474340,31,44,0,44,35.37409091,31,44,0,44
2022,7,Jász-Nagykun-Szolnok,24.15120968,31,68,0,68,22.54955882,31,68,0,68
2022,7,Komárom-Esztergom,22.32733037,31,29,0,29,27.74344828,31,29,0,29
2022,7,Nógrád,21.89614055,31,28,0,28,83.46500000,31,28,0,28
2022,7,Pest,23.53049892,31,75,0,75,17.94120000,31,75,0,75
2022,7,Somogy,22.51826267,31,70,0,70,37.74314286,31,70,0,70
2022,7,Szabolcs-Szatmár-Bereg,22.90024080,31,71,0,71,29.98732394,31,71,0,71
2022,7,Tolna,23.41996999,31,43,0,43,16.24162791,31,43,0,43
2022,7,Vas,21.98576246,31,44,0,44,72.41954545,31,44,0,44
2022,7,Veszprém,22.41654122,31,54,0,54,38.79722222,31,54,0,54
2022,7,Zala,21.93914223,31,44,0,44,57.70477273,31,44,0,44
2022,8,Baranya,23.03721027,31,54,0,54,53.47574074,31,54,0,54
2022,8,Borsod-Abaúj-Zemplén,22.89222806,31,86,0,86,44.29697674,31,86,0,86
2022,8,Bács-Kiskun,23.95240469,31,99,0,99,51.07383838,31,99,0,99
2022,8,Békés,24.23565238,31,67,0,67,43.80298507,31,67,0,67
2022,8,Csongrád-Csanád,24.41133737,31,48,0,48,51.49729167,31,48,0,48
2022,8,Fejér,23.42326012,31,47,0,47,63.86042553,31,47,0,47
2022,8,Győr-Moson-Sopron,22.46288978,31,48,0,48,55.67041667,31,48,0,48
2022,8,Hajdú-Bihar,23.87346981,31,78,0,78,31.41935897,31,78,0,78
2022,8,Heves,23.50438416,31,44,0,44,42.18636364,31,44,0,44
2022,8,Jász-Nagykun-Szolnok,24.33621917,31,68,0,68,33.44382353,31,68,0,68
2022,8,Komárom-Esztergom,22.44303671,31,29,0,29,89.43620690,31,29,0,29
2022,8,Nógrád,21.98582949,31,28,0,28,57.45714286,31,28,0,28
2022,8,Pest,23.67116559,31,75,0,75,48.30013333,31,75,0,75
2022,8,Somogy,22.49310599,31,70,0,70,61.40614286,31,70,0,70
2022,8,Szabolcs-Szatmár-Bereg,23.24810086,31,71,0,71,26.69760563,31,71,0,71
2022,8,Tolna,23.53611403,31,43,0,43,49.75767442,31,43,0,43
2022,8,Vas,22.02688416,31,44,0,44,78.45863636,31,44,0,44
2022,8,Veszprém,22.49320191,31,54,0,54,68.94148148,31,54,0,54
2022,8,Zala,21.85162023,31,44,0,44,74.01704545,31,44,0,44
2022,9,Baranya,16.15824691,30,54,0,54,127.05240741,30,54,0,54
2022,9,Borsod-Abaúj-Zemplén,14.65006202,30,86,0,86,115.40790698,30,86,0,86
2022,9,Bács-Kiskun,16.11977778,30,99,0,99,70.27565657,30,99,0,99
2022,9,Békés,16.45738308,30,67,0,67,94.57223881,30,67,0,67
2022,9,Csongrád-Csanád,16.46782639,30,48,0,48,99.34854167,30,48,0,48
2022,9,Fejér,15.69651064,30,47,0,47,83.30106383,30,47,0,47
2022,9,Győr-Moson-Sopron,15.42541667,30,48,0,48,59.21187500,30,48,0,48
2022,9,Hajdú-Bihar,15.80515812,30,78,0,78,116.55884615,30,78,0,78
2022,9,Heves,15.13787121,30,44,0,44,117.21159091,30,44,0,44
2022,9,Jász-Nagykun-Szolnok,16.21139216,30,68,0,68,85.76794118,30,68,0,68
2022,9,Komárom-Esztergom,14.94543678,30,29,0,29,84.87689655,30,29,0,29
2022,9,Nógrád,14.12772619,30,28,0,28,101.27142857,30,28,0,28
2022,9,Pest,15.41649333,30,75,0,75,89.27186667,30,75,0,75
2022,9,Somogy,15.92320476,30,70,0,70,107.26857143,30,70,0,70
2022,9,Szabolcs-Szatmár-Bereg,14.98298122,30,71,0,71,137.42943662,30,71,0,71
2022,9,Tolna,16.13370543,30,43,0,43,79.78558140,30,43,0,43
2022,9,Vas,15.19294697,30,44,0,44,74.39159091,30,44,0,44
2022,9,Veszprém,15.27177160,30,54,0,54,78.04111111,30,54,0,54
2022,9,Zala,15.45729545,30,44,0,44,107.32568182,30,44,0,44
2022,10,Baranya,13.29120669,31,54,0,54,16.94518519,31,54,0,54
2022,10,Borsod-Abaúj-Zemplén,11.46135034,31,86,0,86,13.21662791,31,86,0,86
2022,10,Bács-Kiskun,12.89450961,31,99,0,99,7.63080808,31,99,0,99
2022,10,Békés,12.82755416,31,67,0,67,4.79179104,31,67,0,67
2022,10,Csongrád-Csanád,13.17742608,31,48,0,48,7.45312500,31,48,0,48
2022,10,Fejér,12.61740563,31,47,0,47,8.26468085,31,47,0,47
2022,10,Győr-Moson-Sopron,12.69227823,31,48,0,48,8.28145833,31,48,0,48
2022,10,Hajdú-Bihar,12.17576096,31,78,0,78,5.91858974,31,78,0,78
2022,10,Heves,12.16499267,31,44,0,44,9.70977273,31,44,0,44
2022,10,Jász-Nagykun-Szolnok,12.67487666,31,68,0,68,4.84985294,31,68,0,68
2022,10,Komárom-Esztergom,12.37539488,31,29,0,29,4.21931034,31,29,0,29
2022,10,Nógrád,11.27292627,31,28,0,28,9.95892857,31,28,0,28
2022,10,Pest,12.31758710,31,75,0,75,7.47346667,31,75,0,75
2022,10,Somogy,12.96240553,31,70,0,70,12.07928571,31,70,0,70
2022,10,Szabolcs-Szatmár-Bereg,11.67580645,31,71,0,71,13.93380282,31,71,0,71
2022,10,Tolna,13.04679670,31,43,0,43,10.56790698,31,43,0,43
2022,10,Vas,12.54065982,31,44,0,44,11.89363636,31,44,0,44
2022,10,Veszprém,12.70548984,31,54,0,54,9.15925926,31,54,0,54
2022,10,Zala,12.81224340,31,44,0,44,8.27159091,31,44,0,44
2022,11,Baranya,7.22879012,30,54,0,54,71.62722222,30,54,0,54
2022,11,Borsod-Abaúj-Zemplén,5.51480620,30,86,0,86,27.88930233,30,86,0,86
2022,11,Bács-Kiskun,6.84094613,30,99,0,99,59.73303030,30,99,0,99
2022,11,Békés,7.09271642,30,67,0,67,44.05014925,30,67,0,67
2022,11,Csongrád-Csanád,7.19006944,30,48,0,48,40.70354167,30,48,0,48
2022,11,Fejér,6.56109220,30,47,0,47,60.72872340,30,47,0,47
2022,11,Győr-Moson-Sopron,6.48268056,30,48,0,48,36.13500000,30,48,0,48
2022,11,Hajdú-Bihar,6.47683333,30,78,0,78,46.75358974,30,78,0,78
2022,11,Heves,5.99606061,30,44,0,44,38.09840909,30,44,0,44
2022,11,Jász-Nagykun-Szolnok,6.56587255,30,68,0,68,46.95588235,30,68,0,68
2022,11,Komárom-Esztergom,6.14868966,30,29,0,29,30.72206897,30,29,0,29
2022,11,Nógrád,5.58340476,30,28,0,28,35.33285714,30,28,0,28
2022,11,Pest,6.22725778,30,75,0,75,51.03293333,30,75,0,75
2022,11,Somogy,7.02223333,30,70,0,70,68.18542857,30,70,0,70
2022,11,Szabolcs-Szatmár-Bereg,5.89433803,30,71,0,71,38.36971831,30,71,0,71
2022,11,Tolna,6.94843411,30,43,0,43,74.83488372,30,43,0,43
2022,11,Vas,6.34467424,30,44,0,44,46.12068182,30,44,0,44
2022,11,Veszprém,6.49279012,30,54,0,54,48.10611111,30,54,0,54
2022,11,Zala,6.59701515,30,44,0,44,67.07227273,30,44,0,44
2022,12,Baranya,3.86473118,31,54,0,54,85.27870370,31,54,0,54
2022,12,Borsod-Abaúj-Zemplén,1.22163166,31,86,0,86,81.01011628,31,86,0,86
2022,12,Bács-Kiskun,3.28021180,31,99,0,99,76.97606061,31,99,0,99
2022,12,Békés,3.38617236,31,67,0,67,72.73641791,31,67,0,67
2022,12,Csongrád-Csanád,3.73706989,31,48,0,48,68.93020833,31,48,0,48
2022,12,Fejér,2.32654770,31,47,0,47,74.14787234,31,47,0,47
2022,12,Győr-Moson-Sopron,2.37656586,31,48,0,48,48.53833333,31,48,0,48
2022,12,Hajdú-Bihar,2.50587676,31,78,0,78,88.08448718,31,78,0,78
2022,12,Heves,1.83606305,31,44,0,44,82.42045455,31,44,0,44
2022,12,Jász-Nagykun-Szolnok,2.60411765,31,68,0,68,86.97632353,31,68,0,68
2022,12,Komárom-Esztergom,2.01248053,31,29,0,29,73.76931034,31,29,0,29
2022,12,Nógrád,1.38008065,31,28,0,28,78.15428571,31,28,0,28
2022,12,Pest,2.12300645,31,75,0,75,80.86066667,31,75,0,75
2022,12,Somogy,3.29494931,31,70,0,70,78.34028571,31,70,0,70
2022,12,Szabolcs-Szatmár-Bereg,2.19891413,31,71,0,71,95.74394366,31,71,0,71
2022,12,Tolna,3.33249062,31,43,0,43,82.22744186,31,43,0,43
2022,12,Vas,2.11638563,31,44,0,44,46.63204545,31,44,0,44
2022,12,Veszprém,2.26650538,31,54,0,54,60.34833333,31,54,0,54
2022,12,Zala,2.72392962,31,44,0,44,59.20931818,31,44,0,44
2023,1,Baranya,4.19274791,31,54,0,54,101.63592593,31,54,0,54
2023,1,Borsod-Abaúj-Zemplén,3.41465866,31,86,0,86,88.33034884,31,86,0,86
2023,1,Bács-Kiskun,4.37844901,31,99,0,99,61.81707071,31,99,0,99
2023,1,Békés,4.67866635,31,67,0,67,52.06910448,31,67,0,67
2023,1,Csongrád-Csanád,4.69687500,31,48,0,48,42.79854167,31,48,0,48
2023,1,Fejér,3.91085793,31,47,0,47,107.52914894,31,47,0,47
2023,1,Győr-Moson-Sopron,3.61473118,31,48,0,48,63.76916667,31,48,0,48
2023,1,Hajdú-Bihar,4.37723739,31,78,0,78,60.92243590,31,78,0,78
2023,1,Heves,3.59929619,31,44,0,44,96.78454545,31,44,0,44
2023,1,Jász-Nagykun-Szolnok,4.44163662,31,68,0,68,67.68235294,31,68,0,68
2023,1,Komárom-Esztergom,3.29604004,31,29,0,29,102.79310345,31,29,0,29
2023,1,Nógrád,2.80518433,31,28,0,28,112.59535714,31,28,0,28
2023,1,Pest,3.82402151,31,75,0,75,96.95600000,31,75,0,75
2023,1,Somogy,4.06014286,31,70,0,70,114.79928571,31,70,0,70
2023,1,Szabolcs-Szatmár-Bereg,4.28441163,31,71,0,71,65.43408451,31,71,0,71
2023,1,Tolna,4.33648162,31,43,0,43,87.55976744,31,43,0,43
2023,1,Vas,3.26627566,31,44,0,44,70.56840909,31,44,0,44
2023,1,Veszprém,3.43801673,31,54,0,54,97.62962963,31,54,0,54
2023,1,Zala,3.65821114,31,44,0,44,104.92500000,31,44,0,44
2023,2,Baranya,3.53578704,28,54,0,54,34.16148148,28,54,0,54
2023,2,Borsod-Abaúj-Zemplén,1.69121262,28,86,0,86,8.15372093,28,86,0,86
2023,2,Bács-Kiskun,3.39653319,28,99,0,99,17.30363636,28,99,0,99
2023,2,Békés,2.71582623,28,67,0,67,18.85477612,28,67,0,67
2023,2,Csongrád-Csanád,3.25325149,28,48,0,48,16.00458333,28,48,0,48
2023,2,Fejér,3.35570669,28,47,0,47,17.11361702,28,47,0,47
2023,2,Győr-Moson-Sopron,3.31926339,28,48,0,48,21.17020833,28,48,0,48
2023,2,Hajdú-Bihar,2.44584707,28,78,0,78,15.17512821,28,78,0,78
2023,2,Heves,2.23387175,28,44,0,44,10.64795455,28,44,0,44
2023,2,Jász-Nagykun-Szolnok,3.03298845,28,68,0,68,9.92882353,28,68,0,68
2023,2,Komárom-Esztergom,2.84539409,28,29,0,29,23.40344828,28,29,0,29
2023,2,Nógrád,1.50089286,28,28,0,28,17.38142857,28,28,0,28
2023,2,Pest,2.97314286,28,75,0,75,16.42520000,28,75,0,75
2023,2,Somogy,3.34317347,28,70,0,70,16.66514286,28,70,0,70
2023,2,Szabolcs-Szatmár-Bereg,2.02010060,28,71,0,71,18.02633803,28,71,0,71
2023,2,Tolna,3.51830565,28,43,0,43,18.72860465,28,43,0,43
2023,2,Vas,3.16363636,28,44,0,44,7.72772727,28,44,0,44
2023,2,Veszprém,3.06763228,28,54,0,54,14.19574074,28,54,0,54
2023,2,Zala,3.12477273,28,44,0,44,5.33636364,28,44,0,44
2023,3,Baranya,8.23817204,31,54,0,54,45.68425926,31,54,0,54
2023,3,Borsod-Abaúj-Zemplén,6.26007502,31,86,0,86,50.46511628,31,86,0,86
2023,3,Bács-Kiskun,8.11716520,31,99,0,99,36.57090909,31,99,0,99
2023,3,Békés,7.76722195,31,67,0,67,34.06701493,31,67,0,67
2023,3,Csongrád-Csanád,8.11411290,31,48,0,48,32.07625000,31,48,0,48
2023,3,Fejér,7.82417982,31,47,0,47,41.18914894,31,47,0,47
2023,3,Győr-Moson-Sopron,7.87196237,31,48,0,48,18.54187500,31,48,0,48
2023,3,Hajdú-Bihar,7.23171216,31,78,0,78,39.46205128,31,78,0,78
2023,3,Heves,6.68804252,31,44,0,44,42.27000000,31,44,0,44
2023,3,Jász-Nagykun-Szolnok,7.64990512,31,68,0,68,38.92514706,31,68,0,68
2023,3,Komárom-Esztergom,7.44420467,31,29,0,29,29.35103448,31,29,0,29
2023,3,Nógrád,5.92543779,31,28,0,28,36.32428571,31,28,0,28
2023,3,Pest,7.50747957,31,75,0,75,38.15733333,31,75,0,75
2023,3,Somogy,8.19070046,31,70,0,70,64.49628571,31,70,0,70
2023,3,Szabolcs-Szatmár-Bereg,6.63029078,31,71,0,71,48.36056338,31,71,0,71
2023,3,Tolna,8.18220555,31,43,0,43,46.92976744,31,43,0,43
2023,3,Vas,7.65676686,31,44,0,44,38.83227273,31,44,0,44
2023,3,Veszprém,7.70133214,31,54,0,54,41.32185185,31,54,0,54
2023,3,Zala,7.87286657,31,44,0,44,59.69795455,31,44,0,44
2023,4,Baranya,9.85730864,30,54,0,54,49.69000000,30,54,0,54
2023,4,Borsod-Abaúj-Zemplén,8.87259690,30,86,0,86,53.29418605,30,86,0,86
2023,4,Bács-Kiskun,9.95616162,30,99,0,99,34.72444444,30,99,0,99
2023,4,Békés,9.66486070,30,67,0,67,22.67104478,30,67,0,67
2023,4,Csongrád-Csanád,9.95604167,30,48,0,48,25.80229167,30,48,0,48
2023,4,Fejér,9.65109929,30,47,0,47,35.78404255,30,47,0,47
2023,4,Győr-Moson-Sopron,9.14379167,30,48,0,48,80.02875000,30,48,0,48
2023,4,Hajdú-Bihar,9.68855983,30,78,0,78,37.23525641,30,78,0,78
2023,4,Heves,9.09156818,30,44,0,44,48.26590909,30,44,0,44
2023,4,Jász-Nagykun-Szolnok,9.76163725,30,68,0,68,29.49323529,30,68,0,68
2023,4,Komárom-Esztergom,8.93560920,30,29,0,29,44.57034483,30,29,0,29
2023,4,Nógrád,8.27326190,30,28,0,28,44.60142857,30,28,0,28
2023,4,Pest,9.51474222,30,75,0,75,32.03920000,30,75,0,75
2023,4,Somogy,9.63895238,30,70,0,70,50.32571429,30,70,0,70
2023,4,Szabolcs-Szatmár-Bereg,9.60538498,30,71,0,71,36.33577465,30,71,0,71
2023,4,Tolna,9.88601550,30,43,0,43,34.47302326,30,43,0,43
2023,4,Vas,8.95559091,30,44,0,44,81.46613636,30,44,0,44
2023,4,Veszprém,8.90221605,30,54,0,54,71.76814815,30,54,0,54
2023,4,Zala,9.29894697,30,44,0,44,65.39363636,30,44,0,44
2023,5,Baranya,15.89290920,31,54,0,54,120.05333333,31,54,0,54
2023,5,Borsod-Abaúj-Zemplén,15.30544636,31,86,0,86,57.62151163,31,86,0,86
2023,5,Bács-Kiskun,16.48318671,31,99,0,99,80.81393939,31,99,0,99
2023,5,Békés,16.68261916,31,67,0,67,73.19059701,31,67,0,67
2023,5,Csongrád-Csanád,16.80383065,31,48,0,48,69.69166667,31,48,0,48
2023,5,Fejér,15.88310913,31,47,0,47,88.07063830,31,47,0,47
2023,5,Győr-Moson-Sopron,15.00254032,31,48,0,48,77.85875000,31,48,0,48
2023,5,Hajdú-Bihar,16.51025227,31,78,0,78,49.39397436,31,78,0,78
2023,5,Heves,15.62682551,31,44,0,44,84.49636364,31,44,0,44
2023,5,Jász-Nagykun-Szolnok,16.54211575,31,68,0,68,57.66250000,31,68,0,68
2023,5,Komárom-Esztergom,15.06338154,31,29,0,29,86.01448276,31,29,0,29
2023,5,Nógrád,14.71478111,31,28,0,28,91.05607143,31,28,0,28
2023,5,Pest,15.99858065,31,75,0,75,74.64693333,31,75,0,75
2023,5,Somogy,15.57610599,31,70,0,70,90.76542857,31,70,0,70
2023,5,Szabolcs-Szatmár-Bereg,16.32963653,31,71,0,71,36.71140845,31,71,0,71
2023,5,Tolna,16.10605401,31,43,0,43,104.68325581,31,43,0,43
2023,5,Vas,14.71437683,31,44,0,44,86.22000000,31,44,0,44
2023,5,Veszprém,14.92122461,31,54,0,54,87.80518519,31,54,0,54
2023,5,Zala,15.04523460,31,44,0,44,85.31340909,31,44,0,44
2023,6,Baranya,20.23966049,30,54,0,54,72.30351852,30,54,0,54
2023,6,Borsod-Abaúj-Zemplén,18.87108527,30,86,0,86,107.75453488,30,86,0,86
2023,6,Bács-Kiskun,20.45731650,30,99,0,99,54.06888889,30,99,0,99
2023,6,Békés,20.27951244,30,67,0,67,78.64208955,30,67,0,67
2023,6,Csongrád-Csanád,20.60850000,30,48,0,48,50.41729167,30,48,0,48
2023,6,Fejér,20.13399291,30,47,0,47,65.01297872,30,47,0,47
2023,6,Győr-Moson-Sopron,19.80660417,30,48,0,48,72.53979167,30,48,0,48
2023,6,Hajdú-Bihar,19.92594017,30,78,0,78,92.38705128,30,78,0,78
2023,6,Heves,19.31544697,30,44,0,44,124.46431818,30,44,0,44
2023,6,Jász-Nagykun-Szolnok,20.25215686,30,68,0,68,81.81676471,30,68,0,68
2023,6,Komárom-Esztergom,19.44731034,30,29,0,29,69.25862069,30,29,0,29
2023,6,Nógrád,18.52348810,30,28,0,28,120.45250000,30,28,0,28
2023,6,Pest,19.89376889,30,75,0,75,63.55906667,30,75,0,75
2023,6,Somogy,20.06067619,30,70,0,70,73.64357143,30,70,0,70
2023,6,Szabolcs-Szatmár-Bereg,19.38307512,30,71,0,71,93.83014085,30,71,0,71
2023,6,Tolna,20.37190698,30,43,0,43,70.79511628,30,43,0,43
2023,6,Vas,19.49174242,30,44,0,44,73.78318182,30,44,0,44
2023,6,Veszprém,19.63980247,30,54,0,54,73.58925926,30,54,0,54
2023,6,Zala,19.69984848,30,44,0,44,85.29681818,30,44,0,44
2023,7,Baranya,23.04951613,31,54,0,54,70.51388889,31,54,0,54
2023,7,Borsod-Abaúj-Zemplén,21.57079520,31,86,0,86,65.47813953,31,86,0,86
2023,7,Bács-Kiskun,23.75452265,31,99,0,99,45.46595960,31,99,0,99
2023,7,Békés,23.81118922,31,67,0,67,56.90074627,31,67,0,67
2023,7,Csongrád-Csanád,24.28157930,31,48,0,48,46.82750000,31,48,0,48
2023,7,Fejér,23.05113246,31,47,0,47,51.11659574,31,47,0,47
2023,7,Győr-Moson-Sopron,22.84550403,31,48,0,48,73.61416667,31,48,0,48
2023,7,Hajdú-Bihar,23.02114971,31,78,0,78,54.06538462,31,78,0,78
2023,7,Heves,22.09178886,31,44,0,44,61.29090909,31,44,0,44
2023,7,Jász-Nagykun-Szolnok,23.51873814,31,68,0,68,39.87764706,31,68,0,68
2023,7,Komárom-Esztergom,22.31885428,31,29,0,29,62.70103448,31,29,0,29
2023,7,Nógrád,21.03763825,31,28,0,28,60.56464286,31,28,0,28
2023,7,Pest,22.96756989,31,75,0,75,42.46360000,31,75,0,75
2023,7,Somogy,22.53822120,31,70,0,70,81.36600000,31,70,0,70
2023,7,Szabolcs-Szatmár-Bereg,21.98432076,31,71,0,71,79.44281690,31,71,0,71
2023,7,Tolna,23.21941485,31,43,0,43,54.78395349,31,43,0,43
2023,7,Vas,21.99869501,31,44,0,44,117.49363636,31,44,0,44
2023,7,Veszprém,22.32029271,31,54,0,54,97.84333333,31,54,0,54
2023,7,Zala,21.95539589,31,44,0,44,123.37250000,31,44,0,44
2023,8,Baranya,22.29083632,31,54,0,54,58.25592593,31,54,0,54
2023,8,Borsod-Abaúj-Zemplén,21.89218305,31,86,0,86,85.39813953,31,86,0,86
2023,8,Bács-Kiskun,22.83208537,31,99,0,99,63.86161616,31,99,0,99
2023,8,Békés,23.49862783,31,67,0,67,41.93298507,31,67,0,67
2023,8,Csongrád-Csanád,23.55044355,31,48,0,48,52.75270833,31,48,0,48
2023,8,Fejér,22.09849005,31,47,0,47,80.88510638,31,47,0,47
2023,8,Győr-Moson-Sopron,21.27936828,31,48,0,48,106.14541667,31,48,0,48
2023,8,Hajdú-Bihar,23.06915633,31,78,0,78,52.16628205,31,78,0,78
2023,8,Heves,22.08844575,31,44,0,44,81.61840909,31,44,0,44
2023,8,Jász-Nagykun-Szolnok,23.33781309,31,68,0,68,48.05573529,31,68,0,68
2023,8,Komárom-Esztergom,21.20932147,31,29,0,29,106.69172414,31,29,0,29
2023,8,Nógrád,20.80082949,31,28,0,28,106.38142857,31,28,0,28
2023,8,Pest,22.19623656,31,75,0,75,82.51000000,31,75,0,75
2023,8,Somogy,21.61876959,31,70,0,70,70.18300000,31,70,0,70
2023,8,Szabolcs-Szatmár-Bereg,22.50424807,31,71,0,71,58.77394366,31,71,0,71
2023,8,Tolna,22.41200300,31,43,0,43,57.51744186,31,43,0,43
2023,8,Vas,20.68744135,31,44,0,44,134.20204545,31,44,0,44
2023,8,Veszprém,21.20095579,31,54,0,54,115.54703704,31,54,0,54
2023,8,Zala,20.94066716,31,44,0,44,107.33522727,31,44,0,44
2023,9,Baranya,20.05153704,30,54,0,54,37.33703704,30,54,0,54
2023,9,Borsod-Abaúj-Zemplén,18.71149612,30,86,0,86,46.09732558,30,86,0,86
2023,9,Bács-Kiskun,20.22925589,30,99,0,99,30.45161616,30,99,0,99
2023,9,Békés,20.60500995,30,67,0,67,46.31701493,30,67,0,67
2023,9,Csongrád-Csanád,20.71198611,30,48,0,48,46.45250000,30,48,0,48
2023,9,Fejér,19.81022695,30,47,0,47,21.22191489,30,47,0,47
2023,9,Győr-Moson-Sopron,19.18447222,30,48,0,48,38.30166667,30,48,0,48
2023,9,Hajdú-Bihar,19.98182051,30,78,0,78,33.51320513,30,78,0,78
2023,9,Heves,19.27129545,30,44,0,44,42.45659091,30,44,0,44
2023,9,Jász-Nagykun-Szolnok,20.38196078,30,68,0,68,30.36911765,30,68,0,68
2023,9,Komárom-Esztergom,19.06129885,30,29,0,29,35.35000000,30,29,0,29
2023,9,Nógrád,17.83132143,30,28,0,28,45.06571429,30,28,0,28
2023,9,Pest,19.60689778,30,75,0,75,23.01320000,30,75,0,75
2023,9,Somogy,19.36400952,30,70,0,70,48.02457143,30,70,0,70
2023,9,Szabolcs-Szatmár-Bereg,19.38182629,30,71,0,71,32.79929577,30,71,0,71
2023,9,Tolna,20.14935659,30,43,0,43,26.57883721,30,43,0,43
2023,9,Vas,18.81044697,30,44,0,44,33.81000000,30,44,0,44
2023,9,Veszprém,19.22027160,30,54,0,54,38.38740741,30,54,0,54
2023,9,Zala,18.90889394,30,44,0,44,44.27863636,30,44,0,44
2023,10,Baranya,15.28083035,31,54,0,54,66.56629630,31,54,0,54
2023,10,Borsod-Abaúj-Zemplén,12.37487247,31,86,0,86,66.21779070,31,86,0,86
2023,10,Bács-Kiskun,14.91448029,31,99,0,99,33.37222222,31,99,0,99
2023,10,Békés,14.92788156,31,67,0,67,21.13462687,31,67,0,67
2023,10,Csongrád-Csanád,15.16017473,31,48,0,48,20.57583333,31,48,0,48
2023,10,Fejér,14.60231297,31,47,0,47,59.94510638,31,47,0,47
2023,10,Győr-Moson-Sopron,14.66897177,31,48,0,48,80.61104167,31,48,0,48
2023,10,Hajdú-Bihar,13.95254756,31,78,0,78,41.40820513,31,78,0,78
2023,10,Heves,12.93786657,31,44,0,44,68.88318182,31,44,0,44
2023,10,Jász-Nagykun-Szolnok,14.45310247,31,68,0,68,35.24691176,31,68,0,68
2023,10,Komárom-Esztergom,14.10532814,31,29,0,29,90.26068966,31,29,0,29
2023,10,Nógrád,11.77433180,31,28,0,28,86.23000000,31,28,0,28
2023,10,Pest,13.77682581,31,75,0,75,61.40026667,31,75,0,75
2023,10,Somogy,14.91258065,31,70,0,70,62.95214286,31,70,0,70
2023,10,Szabolcs-Szatmár-Bereg,13.08369832,31,71,0,71,53.62633803,31,71,0,71
2023,10,Tolna,15.27942986,31,43,0,43,44.36418605,31,43,0,43
2023,10,Vas,14.29066716,31,44,0,44,75.86772727,31,44,0,44
2023,10,Veszprém,14.59304659,31,54,0,54,79.83925926,31,54,0,54
2023,10,Zala,14.56629032,31,44,0,44,69.22772727,31,44,0,44
2023,11,Baranya,6.98456173,30,54,0,54,123.77796296,30,54,0,54
2023,11,Borsod-Abaúj-Zemplén,4.87793798,30,86,0,86,127.96453488,30,86,0,86
2023,11,Bács-Kiskun,6.99454545,30,99,0,99,109.06545455,30,99,0,99
2023,11,Békés,6.76880100,30,67,0,67,97.10985075,30,67,0,67
2023,11,Csongrád-Csanád,7.08100694,30,48,0,48,92.93833333,30,48,0,48
2023,11,Fejér,6.59413475,30,47,0,47,94.48382979,30,47,0,47
2023,11,Győr-Moson-Sopron,6.65512500,30,48,0,48,75.92916667,30,48,0,48
2023,11,Hajdú-Bihar,5.95504701,30,78,0,78,129.94500000,30,78,0,78
2023,11,Heves,5.42345455,30,44,0,44,128.07863636,30,44,0,44
2023,11,Jász-Nagykun-Szolnok,6.53743627,30,68,0,68,117.42779412,30,68,0,68
2023,11,Komárom-Esztergom,6.07785057,30,29,0,29,80.14034483,30,29,0,29
2023,11,Nógrád,4.96595238,30,28,0,28,105.21642857,30,28,0,28
2023,11,Pest,6.18677778,30,75,0,75,107.90373333,30,75,0,75
2023,11,Somogy,6.98872381,30,70,0,70,111.22728571,30,70,0,70
2023,11,Szabolcs-Szatmár-Bereg,5.42810329,30,71,0,71,134.95281690,30,71,0,71
2023,11,Tolna,7.12824806,30,43,0,43,118.58000000,30,43,0,43
2023,11,Vas,6.21243939,30,44,0,44,65.54409091,30,44,0,44
2023,11,Veszprém,6.51482099,30,54,0,54,87.04370370,30,54,0,54
2023,11,Zala,6.46805303,30,44,0,44,76.31931818,30,44,0,44
2023,12,Baranya,3.74115293,31,54,0,54,88.24814815,31,54,0,54
2023,12,Borsod-Abaúj-Zemplén,1.59112903,31,86,0,86,63.23232558,31,86,0,86
2023,12,Bács-Kiskun,3.16509286,31,99,0,99,81.46141414,31,99,0,99
2023,12,Békés,3.22989889,31,67,0,67,65.53298507,31,67,0,67
2023,12,Csongrád-Csanád,3.37806452,31,48,0,48,67.03083333,31,48,0,48
2023,12,Fejér,2.72336307,31,47,0,47,110.46446809,31,47,0,47
2023,12,Győr-Moson-Sopron,2.72903898,31,48,0,48,106.44583333,31,48,0,48
2023,12,Hajdú-Bihar,2.80729529,31,78,0,78,66.20500000,31,78,0,78
2023,12,Heves,1.85777126,31,44,0,44,70.97181818,31,44,0,44
2023,12,Jász-Nagykun-Szolnok,2.78390417,31,68,0,68,68.77882353,31,68,0,68
2023,12,Komárom-Esztergom,2.42230256,31,29,0,29,127.44896552,31,29,0,29
2023,12,Nógrád,1.21376728,31,28,0,28,81.68571429,31,28,0,28
2023,12,Pest,2.29230538,31,75,0,75,91.28733333,31,75,0,75
2023,12,Somogy,3.32530876,31,70,0,70,104.29042857,31,70,0,70
2023,12,Szabolcs-Szatmár-Bereg,2.36577919,31,71,0,71,67.72788732,31,71,0,71
2023,12,Tolna,3.49067517,31,43,0,43,104.28953488,31,43,0,43
2023,12,Vas,2.34370968,31,44,0,44,95.28954545,31,44,0,44
2023,12,Veszprém,2.88879331,31,54,0,54,112.23888889,31,54,0,54
2023,12,Zala,2.86129032,31,44,0,44,84.46522727,31,44,0,44
2024,1,Baranya,1.81463560,31,54,0,54,31.64962963,31,54,0,54
2024,1,Borsod-Abaúj-Zemplén,0.37307202,31,86,0,86,37.70081395,31,86,0,86
2024,1,Bács-Kiskun,1.82213425,31,99,0,99,24.20838384,31,99,0,99
2024,1,Békés,1.64179586,31,67,0,67,28.21850746,31,67,0,67
2024,1,Csongrád-Csanád,1.95287634,31,48,0,48,24.41937500,31,48,0,48
2024,1,Fejér,1.62670556,31,47,0,47,24.99085106,31,47,0,47
2024,1,Győr-Moson-Sopron,1.67123656,31,48,0,48,35.39916667,31,48,0,48
2024,1,Hajdú-Bihar,1.10483044,31,78,0,78,33.96641026,31,78,0,78
2024,1,Heves,0.65849707,31,44,0,44,33.93340909,31,44,0,44
2024,1,Jász-Nagykun-Szolnok,1.41988615,31,68,0,68,25.41044118,31,68,0,68
2024,1,Komárom-Esztergom,1.39159066,31,29,0,29,33.96310345,31,29,0,29
2024,1,Nógrád,0.19739631,31,28,0,28,38.20714286,31,28,0,28
2024,1,Pest,1.35006022,31,75,0,75,30.46373333,31,75,0,75
2024,1,Somogy,1.52020276,31,70,0,70,26.85900000,31,70,0,70
2024,1,Szabolcs-Szatmár-Bereg,0.70839618,31,71,0,71,42.45718310,31,71,0,71
2024,1,Tolna,1.99660165,31,43,0,43,22.97279070,31,43,0,43
2024,1,Vas,1.14859238,31,44,0,44,33.98500000,31,44,0,44
2024,1,Veszprém,1.36435484,31,54,0,54,34.53555556,31,54,0,54
2024,1,Zala,1.14490469,31,44,0,44,33.94613636,31,44,0,44
2024,2,Baranya,8.76476373,29,54,0,54,24.61407407,29,54,0,54
2024,2,Borsod-Abaúj-Zemplén,7.09492783,29,86,0,86,27.22116279,29,86,0,86
2024,2,Bács-Kiskun,8.86908743,29,99,0,99,13.08929293,29,99,0,99
2024,2,Békés,8.46581575,29,67,0,67,5.14940299,29,67,0,67
2024,2,Csongrád-Csanád,8.76482040,29,48,0,48,7.78416667,29,48,0,48
2024,2,Fejér,8.58617755,29,47,0,47,23.26255319,29,47,0,47
2024,2,Győr-Moson-Sopron,8.73202586,29,48,0,48,21.03333333,29,48,0,48
2024,2,Hajdú-Bihar,8.05312113,29,78,0,78,8.85846154,29,78,0,78
2024,2,Heves,7.59539185,29,44,0,44,29.94000000,29,44,0,44
2024,2,Jász-Nagykun-Szolnok,8.47120690,29,68,0,68,11.27117647,29,68,0,68
2024,2,Komárom-Esztergom,8.37634958,29,29,0,29,19.76586207,29,29,0,29
2024,2,Nógrád,7.04000000,29,28,0,28,29.36607143,29,28,0,28
2024,2,Pest,8.33862529,29,75,0,75,20.12106667,29,75,0,75
2024,2,Somogy,8.48864532,29,70,0,70,25.41300000,29,70,0,70
2024,2,Szabolcs-Szatmár-Bereg,7.44370568,29,71,0,71,16.71056338,29,71,0,71
2024,2,Tolna,8.91732959,29,43,0,43,23.27720930,29,43,0,43
2024,2,Vas,8.06754702,29,44,0,44,19.66954545,29,44,0,44
2024,2,Veszprém,8.31067050,29,54,0,54,20.22796296,29,54,0,54
2024,2,Zala,8.06373041,29,44,0,44,29.00000000,29,44,0,44
2024,3,Baranya,10.28170251,31,54,0,54,23.01370370,31,54,0,54
2024,3,Borsod-Abaúj-Zemplén,8.55143286,31,86,0,86,17.91383721,31,86,0,86
2024,3,Bács-Kiskun,10.06335288,31,99,0,99,16.52000000,31,99,0,99
2024,3,Békés,9.88971594,31,67,0,67,18.55134328,31,67,0,67
2024,3,Csongrád-Csanád,10.10023522,31,48,0,48,16.72708333,31,48,0,48
2024,3,Fejér,9.65494166,31,47,0,47,21.61510638,31,47,0,47
2024,3,Győr-Moson-Sopron,9.71539651,31,48,0,48,41.15062500,31,48,0,48
2024,3,Hajdú-Bihar,9.53014888,31,78,0,78,11.07653846,31,78,0,78
2024,3,Heves,8.75354106,31,44,0,44,20.77045455,31,44,0,44
2024,3,Jász-Nagykun-Szolnok,9.60895161,31,68,0,68,12.83882353,31,68,0,68
2024,3,Komárom-Esztergom,9.30875417,31,29,0,29,26.49448276,31,29,0,29
2024,3,Nógrád,8.13816820,31,28,0,28,29.85964286,31,28,0,28
2024,3,Pest,9.35227097,31,75,0,75,22.71066667,31,75,0,75
2024,3,Somogy,10.00441014,31,70,0,70,27.54685714,31,70,0,70
2024,3,Szabolcs-Szatmár-Bereg,9.21493412,31,71,0,71,16.49760563,31,71,0,71
2024,3,Tolna,10.14579895,31,43,0,43,17.16465116,31,43,0,43
2024,3,Vas,9.35900293,31,44,0,44,53.78818182,31,44,0,44
2024,3,Veszprém,9.47100956,31,54,0,54,35.46888889,31,54,0,54
2024,3,Zala,9.66807918,31,44,0,44,52.06909091,31,44,0,44
2024,4,Baranya,13.58404938,30,54,0,54,31.02814815,30,54,0,54
2024,4,Borsod-Abaúj-Zemplén,12.72033333,30,86,0,86,40.91976744,30,86,0,86
2024,4,Bács-Kiskun,13.84208754,30,99,0,99,20.66131313,30,99,0,99
2024,4,Békés,14.04358706,30,67,0,67,35.53552239,30,67,0,67
2024,4,Csongrád-Csanád,14.09304167,30,48,0,48,26.90416667,30,48,0,48
2024,4,Fejér,13.28011348,30,47,0,47,33.17255319,30,47,0,47
2024,4,Győr-Moson-Sopron,13.02798611,30,48,0,48,61.87020833,30,48,0,48
2024,4,Hajdú-Bihar,13.72755983,30,78,0,78,35.11076923,30,78,0,78
2024,4,Heves,12.99329545,30,44,0,44,39.22113636,30,44,0,44
2024,4,Jász-Nagykun-Szolnok,13.89911275,30,68,0,68,29.70720588,30,68,0,68
2024,4,Komárom-Esztergom,12.73472414,30,29,0,29,55.78620690,30,29,0,29
2024,4,Nógrád,11.95491667,30,28,0,28,53.04607143,30,28,0,28
2024,4,Pest,13.23254222,30,75,0,75,36.97493333,30,75,0,75
2024,4,Somogy,13.21485714,30,70,0,70,41.10257143,30,70,0,70
2024,4,Szabolcs-Szatmár-Bereg,13.26454930,30,71,0,71,38.83169014,30,71,0,71
2024,4,Tolna,13.71740310,30,43,0,43,26.13372093,30,43,0,43
2024,4,Vas,12.64271970,30,44,0,44,46.61090909,30,44,0,44
2024,4,Veszprém,12.84176543,30,54,0,54,41.05888889,30,54,0,54
2024,4,Zala,12.83159848,30,44,0,44,55.33045455,30,44,0,44
2024,5,Baranya,17.73989247,31,54,0,54,89.13240741,31,54,0,54
2024,5,Borsod-Abaúj-Zemplén,16.68582146,31,86,0,86,73.39953488,31,86,0,86
2024,5,Bács-Kiskun,18.29061909,31,99,0,99,57.25313131,31,99,0,99
2024,5,Békés,18.06047183,31,67,0,67,45.55089552,31,67,0,67
2024,5,Csongrád-Csanád,18.43718414,31,48,0,48,40.55583333,31,48,0,48
2024,5,Fejér,17.81037062,31,47,0,47,58.09765957,31,47,0,47
2024,5,Győr-Moson-Sopron,17.21442204,31,48,0,48,65.27687500,31,48,0,48
2024,5,Hajdú-Bihar,17.65574855,31,78,0,78,48.27923077,31,78,0,78
2024,5,Heves,16.89428886,31,44,0,44,89.26181818,31,44,0,44
2024,5,Jász-Nagykun-Szolnok,17.88171252,31,68,0,68,57.30691176,31,68,0,68
2024,5,Komárom-Esztergom,17.15189099,31,29,0,29,66.46000000,31,29,0,29
2024,5,Nógrád,16.01049539,31,28,0,28,87.28142857,31,28,0,28
2024,5,Pest,17.50747957,31,75,0,75,66.87040000,31,75,0,75
2024,5,Somogy,17.43384332,31,70,0,70,86.80414286,31,70,0,70
2024,5,Szabolcs-Szatmár-Bereg,17.34923671,31,71,0,71,65.73802817,31,71,0,71
2024,5,Tolna,18.18969992,31,43,0,43,74.45116279,31,43,0,43
2024,5,Vas,16.50481672,31,44,0,44,117.70500000,31,44,0,44
2024,5,Veszprém,17.05823178,31,54,0,54,64.26333333,31,54,0,54
2024,5,Zala,16.80269062,31,44,0,44,129.89704545,31,44,0,44
2024,6,Baranya,21.97580247,30,54,0,54,71.05370370,30,54,0,54
2024,6,Borsod-Abaúj-Zemplén,20.54023256,30,86,0,86,124.02069767,30,86,0,86
2024,6,Bács-Kiskun,22.54324916,30,99,0,99,59.71282828,30,99,0,99
2024,6,Békés,22.79299005,30,67,0,67,67.00343284,30,67,0,67
2024,6,Csongrád-Csanád,23.14490278,30,48,0,48,62.47020833,30,48,0,48
2024,6,Fejér,21.68495745,30,47,0,47,84.24829787,30,47,0,47
2024,6,Győr-Moson-Sopron,20.98729167,30,48,0,48,102.95583333,30,48,0,48
2024,6,Hajdú-Bihar,21.85362393,30,78,0,78,76.62243590,30,78,0,78
2024,6,Heves,21.01234091,30,44,0,44,90.78477273,30,44,0,44
2024,6,Jász-Nagykun-Szolnok,22.34594118,30,68,0,68,72.88544118,30,68,0,68
2024,6,Komárom-Esztergom,20.81848276,30,29,0,29,80.78689655,30,29,0,29
2024,6,Nógrád,20.23733333,30,28,0,28,80.64392857,30,28,0,28
2024,6,Pest,21.67172444,30,75,0,75,67.36893333,30,75,0,75
2024,6,Somogy,21.55326667,30,70,0,70,88.71428571,30,70,0,70
2024,6,Szabolcs-Szatmár-Bereg,21.17366667,30,71,0,71,107.74816901,30,71,0,71
2024,6,Tolna,22.12315504,30,43,0,43,75.89255814,30,43,0,43
2024,6,Vas,20.56133333,30,44,0,44,105.20363636,30,44,0,44
2024,6,Veszprém,20.91169136,30,54,0,54,115.28351852,30,54,0,54
2024,6,Zala,20.96467424,30,44,0,44,78.72409091,30,44,0,44
2024,7,Baranya,24.99436081,31,54,0,54,26.79796296,31,54,0,54
2024,7,Borsod-Abaúj-Zemplén,23.49239310,31,86,0,86,28.43372093,31,86,0,86
2024,7,Bács-Kiskun,25.60229391,31,99,0,99,16.67424242,31,99,0,99
2024,7,Békés,25.58710640,31,67,0,67,37.60029851,31,67,0,67
2024,7,Csongrád-Csanád,25.97802419,31,48,0,48,30.61687500,31,48,0,48
2024,7,Fejér,25.00465340,31,47,0,47,3.57148936,31,47,0,47
2024,7,Győr-Moson-Sopron,24.07890457,31,48,0,48,10.53062500,31,48,0,48
2024,7,Hajdú-Bihar,24.87740695,31,78,0,78,18.90282051,31,78,0,78
2024,7,Heves,23.96952346,31,44,0,44,23.93431818,31,44,0,44
2024,7,Jász-Nagykun-Szolnok,25.20773719,31,68,0,68,31.22367647,31,68,0,68
2024,7,Komárom-Esztergom,23.86043382,31,29,0,29,2.94310345,31,29,0,29
2024,7,Nógrád,22.92465438,31,28,0,28,26.60392857,31,28,0,28
2024,7,Pest,24.75393978,31,75,0,75,18.59373333,31,75,0,75
2024,7,Somogy,24.45563134,31,70,0,70,20.73442857,31,70,0,70
2024,7,Szabolcs-Szatmár-Bereg,24.04279873,31,71,0,71,29.59267606,31,71,0,71
2024,7,Tolna,25.38381845,31,43,0,43,10.81023256,31,43,0,43
2024,7,Vas,23.58597507,31,44,0,44,31.55818182,31,44,0,44
2024,7,Veszprém,24.14041816,31,54,0,54,4.09018519,31,54,0,54
2024,7,Zala,23.75648827,31,44,0,44,28.79090909,31,44,0,44
2024,8,Baranya,25.44559140,31,54,0,54,15.96796296,31,54,0,54
2024,8,Borsod-Abaúj-Zemplén,23.22505251,31,86,0,86,33.97837209,31,86,0,86
2024,8,Bács-Kiskun,25.81463995,31,99,0,99,13.33797980,31,99,0,99
2024,8,Békés,25.59323062,31,67,0,67,11.99835821,31,67,0,67
2024,8,Csongrád-Csanád,26.17072581,31,48,0,48,4.25083333,31,48,0,48
2024,8,Fejér,25.00676047,31,47,0,47,31.40340426,31,47,0,47
2024,8,Győr-Moson-Sopron,24.14206989,31,48,0,48,41.44416667,31,48,0,48
2024,8,Hajdú-Bihar,24.62155087,31,78,0,78,14.75038462,31,78,0,78
2024,8,Heves,23.99082111,31,44,0,44,29.94613636,31,44,0,44
2024,8,Jász-Nagykun-Szolnok,25.34032732,31,68,0,68,10.76485294,31,68,0,68
2024,8,Komárom-Esztergom,23.71997775,31,29,0,29,50.75034483,31,29,0,29
2024,8,Nógrád,22.68697005,31,28,0,28,38.99357143,31,28,0,28
2024,8,Pest,24.65805591,31,75,0,75,34.16920000,31,75,0,75
2024,8,Somogy,24.71685253,31,70,0,70,29.57371429,31,70,0,70
2024,8,Szabolcs-Szatmár-Bereg,23.46583826,31,71,0,71,14.73450704,31,71,0,71
2024,8,Tolna,25.72298575,31,43,0,43,16.27604651,31,43,0,43
2024,8,Vas,23.97453079,31,44,0,44,33.60113636,31,44,0,44
2024,8,Veszprém,24.37609916,31,54,0,54,37.74074074,31,54,0,54
2024,8,Zala,24.14039589,31,44,0,44,40.08000000,31,44,0,44
2024,9,Baranya,17.77621605,30,54,0,54,119.59648148,30,54,0,54
2024,9,Borsod-Abaúj-Zemplén,17.52083333,30,86,0,86,88.35162791,30,86,0,86
2024,9,Bács-Kiskun,18.21446801,30,99,0,99,83.30606061,30,99,0,99
2024,9,Békés,18.74143781,30,67,0,67,72.51895522,30,67,0,67
2024,9,Csongrád-Csanád,18.67875694,30,48,0,48,77.15479167,30,48,0,48
2024,9,Fejér,17.73187234,30,47,0,47,96.89446809,30,47,0,47
2024,9,Győr-Moson-Sopron,17.24067361,30,48,0,48,131.81270833,30,48,0,48
2024,9,Hajdú-Bihar,18.42623504,30,78,0,78,69.72371795,30,78,0,78
2024,9,Heves,17.63531818,30,44,0,44,87.64772727,30,44,0,44
2024,9,Jász-Nagykun-Szolnok,18.41912745,30,68,0,68,78.40485294,30,68,0,68
2024,9,Komárom-Esztergom,17.05040230,30,29,0,29,105.02517241,30,29,0,29
2024,9,Nógrád,16.37765476,30,28,0,28,84.64285714,30,28,0,28
2024,9,Pest,17.67754222,30,75,0,75,91.04293333,30,75,0,75
2024,9,Somogy,17.34685238,30,70,0,70,116.52642857,30,70,0,70
2024,9,Szabolcs-Szatmár-Bereg,18.12496714,30,71,0,71,90.97887324,30,71,0,71
2024,9,Tolna,17.98458140,30,43,0,43,112.61116279,30,43,0,43
2024,9,Vas,16.83397727,30,44,0,44,131.76840909,30,44,0,44
2024,9,Veszprém,17.17617284,30,54,0,54,115.52814815,30,54,0,54
2024,9,Zala,16.98177273,30,44,0,44,130.46590909,30,44,0,44
2024,10,Baranya,12.48694743,31,54,0,54,50.52759259,31,54,0,54
2024,10,Borsod-Abaúj-Zemplén,10.21766692,31,86,0,86,54.42000000,31,86,0,86
2024,10,Bács-Kiskun,11.84752036,31,99,0,99,45.96696970,31,99,0,99
2024,10,Békés,11.60380356,31,67,0,67,27.64179104,31,67,0,67
2024,10,Csongrád-Csanád,11.94677419,31,48,0,48,34.71270833,31,48,0,48
2024,10,Fejér,11.82717227,31,47,0,47,55.16234043,31,47,0,47
2024,10,Győr-Moson-Sopron,12.03415323,31,48,0,48,55.73041667,31,48,0,48
2024,10,Hajdú-Bihar,10.91991729,31,78,0,78,44.49102564,31,78,0,78
2024,10,Heves,10.62445748,31,44,0,44,52.41000000,31,44,0,44
2024,10,Jász-Nagykun-Szolnok,11.32796490,31,68,0,68,52.88955882,31,68,0,68
2024,10,Komárom-Esztergom,11.41619577,31,29,0,29,50.19310345,31,29,0,29
2024,10,Nógrád,9.65647465,31,28,0,28,38.36250000,31,28,0,28
2024,10,Pest,11.12661505,31,75,0,75,47.23733333,31,75,0,75
2024,10,Somogy,12.28308756,31,70,0,70,73.14914286,31,70,0,70
2024,10,Szabolcs-Szatmár-Bereg,10.55887324,31,71,0,71,60.51028169,31,71,0,71
2024,10,Tolna,12.33826707,31,43,0,43,48.99348837,31,43,0,43
2024,10,Vas,11.98159091,31,44,0,44,77.39727273,31,44,0,44
2024,10,Veszprém,11.90666667,31,54,0,54,74.78703704,31,54,0,54
2024,10,Zala,12.32700880,31,44,0,44,80.40795455,31,44,0,44
2024,11,Baranya,4.50601852,30,54,0,54,51.19092593,30,54,0,54
2024,11,Borsod-Abaúj-Zemplén,2.43193411,30,86,0,86,25.84186047,30,86,0,86
2024,11,Bács-Kiskun,3.82347811,30,99,0,99,39.96121212,30,99,0,99
2024,11,Békés,3.53343284,30,67,0,67,35.35417910,30,67,0,67
2024,11,Csongrád-Csanád,3.87077083,30,48,0,48,35.76750000,30,48,0,48
2024,11,Fejér,3.87581560,30,47,0,47,28.61851064,30,47,0,47
2024,11,Győr-Moson-Sopron,4.37093750,30,48,0,48,10.39375000,30,48,0,48
2024,11,Hajdú-Bihar,2.91939744,30,78,0,78,34.23333333,30,78,0,78
2024,11,Heves,2.66797727,30,44,0,44,23.71659091,30,44,0,44
2024,11,Jász-Nagykun-Szolnok,3.21745098,30,68,0,68,30.07397059,30,68,0,68
2024,11,Komárom-Esztergom,3.66062069,30,29,0,29,17.56827586,30,29,0,29
2024,11,Nógrád,2.16738095,30,28,0,28,21.95821429,30,28,0,28
2024,11,Pest,3.26778222,30,75,0,75,24.57866667,30,75,0,75
2024,11,Somogy,4.46849048,30,70,0,70,45.82700000,30,70,0,70
2024,11,Szabolcs-Szatmár-Bereg,2.65950704,30,71,0,71,32.54746479,30,71,0,71
2024,11,Tolna,4.29341860,30,43,0,43,47.11930233,30,43,0,43
2024,11,Vas,4.04464394,30,44,0,44,16.68181818,30,44,0,44
2024,11,Veszprém,4.20800000,30,54,0,54,28.12888889,30,54,0,54
2024,11,Zala,4.27208333,30,44,0,44,38.12068182,30,44,0,44
2024,12,Baranya,2.33602151,31,54,0,54,47.57500000,31,54,0,54
2024,12,Borsod-Abaúj-Zemplén,1.53925356,31,86,0,86,13.33883721,31,86,0,86
2024,12,Bács-Kiskun,2.25478983,31,99,0,99,47.05757576,31,99,0,99
2024,12,Békés,2.07073182,31,67,0,67,24.88238806,31,67,0,67
2024,12,Csongrád-Csanád,2.20040323,31,48,0,48,43.12187500,31,48,0,48
2024,12,Fejér,2.20243651,31,47,0,47,28.30085106,31,47,0,47
2024,12,Győr-Moson-Sopron,2.25676075,31,48,0,48,24.60770833,31,48,0,48
2024,12,Hajdú-Bihar,1.92221671,31,78,0,78,13.27128205,31,78,0,78
2024,12,Heves,1.77328446,31,44,0,44,20.47590909,31,44,0,44
2024,12,Jász-Nagykun-Szolnok,2.22849620,31,68,0,68,23.94426471,31,68,0,68
2024,12,Komárom-Esztergom,1.72543938,31,29,0,29,28.24793103,31,29,0,29
2024,12,Nógrád,1.11228111,31,28,0,28,22.14714286,31,28,0,28
2024,12,Pest,2.04828387,31,75,0,75,28.94760000,31,75,0,75
2024,12,Somogy,2.20668203,31,70,0,70,27.96771429,31,70,0,70
2024,12,Szabolcs-Szatmár-Bereg,1.84410268,31,71,0,71,11.47084507,31,71,0,71
2024,12,Tolna,2.37995499,31,43,0,43,38.78441860,31,43,0,43
2024,12,Vas,1.89939883,31,44,0,44,12.92795455,31,44,0,44
2024,12,Veszprém,1.99951613,31,54,0,54,19.72481481,31,54,0,54
2024,12,Zala,2.10928886,31,44,0,44,13.10772727,31,44,0,44
2025,1,Baranya,2.62581840,31,54,0,54,37.87148148,31,54,0,54
2025,1,Borsod-Abaúj-Zemplén,1.28749062,31,86,0,86,23.95651163,31,86,0,86
2025,1,Bács-Kiskun,2.65614858,31,99,0,99,20.48474747,31,99,0,99
2025,1,Békés,2.76352913,31,67,0,67,22.71313433,31,67,0,67
2025,1,Csongrád-Csanád,2.71846102,31,48,0,48,22.54125000,31,48,0,48
2025,1,Fejér,2.45630062,31,47,0,47,12.42595745,31,47,0,47
2025,1,Győr-Moson-Sopron,2.71870968,31,48,0,48,12.99104167,31,48,0,48
2025,1,Hajdú-Bihar,2.55376758,31,78,0,78,25.32410256,31,78,0,78
2025,1,Heves,1.56010997,31,44,0,44,15.18636364,31,44,0,44
2025,1,Jász-Nagykun-Szolnok,2.56876660,31,68,0,68,15.28955882,31,68,0,68
2025,1,Komárom-Esztergom,2.25572859,31,29,0,29,9.60655172,31,29,0,29
2025,1,Nógrád,0.79170507,31,28,0,28,11.65500000,31,28,0,28
2025,1,Pest,2.14801290,31,75,0,75,11.93640000,31,75,0,75
2025,1,Somogy,2.98690783,31,70,0,70,32.19442857,31,70,0,70
2025,1,Szabolcs-Szatmár-Bereg,2.22689687,31,71,0,71,28.01633803,31,71,0,71
2025,1,Tolna,2.84225056,31,43,0,43,23.59720930,31,43,0,43
2025,1,Vas,2.55616569,31,44,0,44,19.37045455,31,44,0,44
2025,1,Veszprém,2.60442652,31,54,0,54,16.04018519,31,54,0,54
2025,1,Zala,2.96452346,31,44,0,44,27.87090909,31,44,0,44
2025,2,Baranya,1.39050265,28,54,0,54,27.08129630,28,54,0,54
2025,2,Borsod-Abaúj-Zemplén,-0.52057724,28,86,0,86,16.46360465,28,86,0,86
2025,2,Bács-Kiskun,0.68065657,28,99,0,99,22.47979798,28,99,0,99
2025,2,Békés,0.61449360,28,67,0,67,17.31477612,28,67,0,67
2025,2,Csongrád-Csanád,0.92866815,28,48,0,48,24.76437500,28,48,0,48
2025,2,Fejér,0.65082827,28,47,0,47,17.53148936,28,47,0,47
2025,2,Győr-Moson-Sopron,1.22284226,28,48,0,48,17.11812500,28,48,0,48
2025,2,Hajdú-Bihar,0.08390568,28,78,0,78,17.08602564,28,78,0,78
2025,2,Heves,-0.32448864,28,44,0,44,15.20522727,28,44,0,44
2025,2,Jász-Nagykun-Szolnok,0.28775210,28,68,0,68,15.10544118,28,68,0,68
2025,2,Komárom-Esztergom,0.37231527,28,29,0,29,21.08068966,28,29,0,29
2025,2,Nógrád,-0.95765306,28,28,0,28,16.16535714,28,28,0,28
2025,2,Pest,0.22680476,28,75,0,75,15.11533333,28,75,0,75
2025,2,Somogy,1.42408673,28,70,0,70,20.47214286,28,70,0,70
2025,2,Szabolcs-Szatmár-Bereg,-0.11663984,28,71,0,71,17.81380282,28,71,0,71
2025,2,Tolna,0.97307309,28,43,0,43,17.70046512,28,43,0,43
2025,2,Vas,1.21357143,28,44,0,44,20.36818182,28,44,0,44
2025,2,Veszprém,0.86274471,28,54,0,54,22.14833333,28,54,0,54
2025,2,Zala,1.48748377,28,44,0,44,28.86045455,28,44,0,44
2025,3,Baranya,8.70243728,31,54,0,54,84.61851852,31,54,0,54
2025,3,Borsod-Abaúj-Zemplén,7.25581395,31,86,0,86,77.54790698,31,86,0,86
2025,3,Bács-Kiskun,8.39981753,31,99,0,99,70.94848485,31,99,0,99
2025,3,Békés,8.38541647,31,67,0,67,66.03358209,31,67,0,67
2025,3,Csongrád-Csanád,8.58401210,31,48,0,48,64.13375000,31,48,0,48
2025,3,Fejér,8.11036376,31,47,0,47,68.18063830,31,47,0,47
2025,3,Győr-Moson-Sopron,8.29309140,31,48,0,48,54.12687500,31,48,0,48
2025,3,Hajdú-Bihar,7.89556245,31,78,0,78,78.59307692,31,78,0,78
2025,3,Heves,7.41885630,31,44,0,44,72.89045455,31,44,0,44
2025,3,Jász-Nagykun-Szolnok,8.11221063,31,68,0,68,67.56088235,31,68,0,68
2025,3,Komárom-Esztergom,8.00060067,31,29,0,29,50.61310345,31,29,0,29
2025,3,Nógrád,6.62569124,31,28,0,28,54.42714286,31,28,0,28
2025,3,Pest,7.89419785,31,75,0,75,67.05613333,31,75,0,75
2025,3,Somogy,8.46041014,31,70,0,70,92.47814286,31,70,0,70
2025,3,Szabolcs-Szatmár-Bereg,7.76230350,31,71,0,71,74.12154930,31,71,0,71
2025,3,Tolna,8.55243061,31,43,0,43,81.96976744,31,43,0,43
2025,3,Vas,8.06877566,31,44,0,44,65.06045455,31,44,0,44
2025,3,Veszprém,8.17350060,31,54,0,54,61.10629630,31,54,0,54
2025,3,Zala,8.36797654,31,44,0,44,79.33136364,31,44,0,44
2025,4,Baranya,13.11632099,30,54,0,54,34.05259259,30,54,0,54
2025,4,Borsod-Abaúj-Zemplén,11.97682558,30,86,0,86,36.36976744,30,86,0,86
2025,4,Bács-Kiskun,13.18297643,30,99,0,99,30.31090909,30,99,0,99
2025,4,Békés,12.95467662,30,67,0,67,9.97432836,30,67,0,67
2025,4,Csongrád-Csanád,13.20352083,30,48,0,48,9.62437500,30,48,0,48
2025,4,Fejér,12.99501418,30,47,0,47,45.99531915,30,47,0,47
2025,4,Győr-Moson-Sopron,12.85650694,30,48,0,48,18.46708333,30,48,0,48
2025,4,Hajdú-Bihar,12.67873932,30,78,0,78,20.18294872,30,78,0,78
2025,4,Heves,12.27408333,30,44,0,44,32.48818182,30,44,0,44
2025,4,Jász-Nagykun-Szolnok,13.00170588,30,68,0,68,14.89279412,30,68,0,68
2025,4,Komárom-Esztergom,12.52464368,30,29,0,29,50.39034483,30,29,0,29
2025,4,Nógrád,11.51014286,30,28,0,28,44.39964286,30,28,0,28
2025,4,Pest,12.85509333,30,75,0,75,34.29360000,30,75,0,75
2025,4,Somogy,12.95559048,30,70,0,70,38.31871429,30,70,0,70
2025,4,Szabolcs-Szatmár-Bereg,12.35234742,30,71,0,71,20.43549296,30,71,0,71
2025,4,Tolna,13.21355039,30,43,0,43,35.93302326,30,43,0,43
2025,4,Vas,12.54263636,30,44,0,44,15.94000000,30,44,0,44
2025,4,Veszprém,12.57488272,30,54,0,54,23.31796296,30,54,0,54
2025,4,Zala,12.74849242,30,44,0,44,23.13227273,30,44,0,44
2025,5,Baranya,14.64941458,31,54,0,54,60.21500000,31,54,0,54
2025,5,Borsod-Abaúj-Zemplén,13.28333458,31,86,0,86,52.74046512,31,86,0,86
2025,5,Bács-Kiskun,14.63851417,31,99,0,99,39.19757576,31,99,0,99
2025,5,Békés,14.53278286,31,67,0,67,40.46313433,31,67,0,67
2025,5,Csongrád-Csanád,14.82629032,31,48,0,48,54.97416667,31,48,0,48
2025,5,Fejér,14.27965683,31,47,0,47,31.91106383,31,47,0,47
2025,5,Győr-Moson-Sopron,13.93911962,31,48,0,48,47.72895833,31,48,0,48
2025,5,Hajdú-Bihar,14.15597188,31,78,0,78,44.94987179,31,78,0,78
2025,5,Heves,13.64178886,31,44,0,44,40.06590909,31,44,0,44
2025,5,Jász-Nagykun-Szolnok,14.60445920,31,68,0,68,33.93044118,31,68,0,68
2025,5,Komárom-Esztergom,13.54875417,31,29,0,29,39.32724138,31,29,0,29
2025,5,Nógrád,12.83497696,31,28,0,28,48.09214286,31,28,0,28
2025,5,Pest,14.06984516,31,75,0,75,39.65786667,31,75,0,75
2025,5,Somogy,14.46147926,31,70,0,70,42.15971429,31,70,0,70
2025,5,Szabolcs-Szatmár-Bereg,13.56397092,31,71,0,71,51.44169014,31,71,0,71
2025,5,Tolna,14.67049512,31,43,0,43,41.58302326,31,43,0,43
2025,5,Vas,13.90017595,31,44,0,44,53.11840909,31,44,0,44
2025,5,Veszprém,13.85940860,31,54,0,54,45.67592593,31,54,0,54
2025,5,Zala,14.24378299,31,44,0,44,50.39386364,31,44,0,44
2025,6,Baranya,22.50541358,30,54,0,54,3.99833333,30,54,0,54
2025,6,Borsod-Abaúj-Zemplén,21.41637209,30,86,0,86,13.06255814,30,86,0,86
2025,6,Bács-Kiskun,22.97776094,30,99,0,99,5.18474747,30,99,0,99
2025,6,Békés,23.25013930,30,67,0,67,9.12208955,30,67,0,67
2025,6,Csongrád-Csanád,23.43043056,30,48,0,48,5.71125000,30,48,0,48
2025,6,Fejér,22.46968085,30,47,0,47,11.73680851,30,47,0,47
2025,6,Győr-Moson-Sopron,21.87833333,30,48,0,48,30.03479167,30,48,0,48
2025,6,Hajdú-Bihar,22.53933333,30,78,0,78,12.45897436,30,78,0,78
2025,6,Heves,22.01579545,30,44,0,44,5.49090909,30,44,0,44
2025,6,Jász-Nagykun-Szolnok,23.16412255,30,68,0,68,5.43617647,30,68,0,68
2025,6,Komárom-Esztergom,21.62111494,30,29,0,29,16.26379310,30,29,0,29
2025,6,Nógrád,20.71739286,30,28,0,28,3.62750000,30,28,0,28
2025,6,Pest,22.46659556,30,75,0,75,6.64853333,30,75,0,75
2025,6,Somogy,22.14441429,30,70,0,70,11.57400000,30,70,0,70
2025,6,Szabolcs-Szatmár-Bereg,21.72624413,30,71,0,71,10.38380282,30,71,0,71
2025,6,Tolna,22.70807752,30,43,0,43,8.22069767,30,43,0,43
2025,6,Vas,21.79640152,30,44,0,44,38.25931818,30,44,0,44
2025,6,Veszprém,21.95941358,30,54,0,54,19.37888889,30,54,0,54
2025,6,Zala,21.96023485,30,44,0,44,25.42977273,30,44,0,44
2025,7,Baranya,22.50880526,31,54,0,54,52.62333333,31,54,0,54
2025,7,Borsod-Abaúj-Zemplén,21.32111028,31,86,0,86,63.31290698,31,86,0,86
2025,7,Bács-Kiskun,23.06418377,31,99,0,99,35.86151515,31,99,0,99
2025,7,Békés,23.34404429,31,67,0,67,52.31492537,31,67,0,67
2025,7,Csongrád-Csanád,23.53047715,31,48,0,48,34.23375000,31,48,0,48
2025,7,Fejér,22.35910776,31,47,0,47,50.64978723,31,47,0,47
2025,7,Győr-Moson-Sopron,21.57215054,31,48,0,48,94.12229167,31,48,0,48
2025,7,Hajdú-Bihar,22.52401158,31,78,0,78,75.89179487,31,78,0,78
2025,7,Heves,21.99675953,31,44,0,44,54.63159091,31,44,0,44
2025,7,Jász-Nagykun-Szolnok,23.15752372,31,68,0,68,43.08823529,31,68,0,68
2025,7,Komárom-Esztergom,21.37622914,31,29,0,29,67.75275862,31,29,0,29
2025,7,Nógrád,20.79301843,31,28,0,28,50.74464286,31,28,0,28
2025,7,Pest,22.44193118,31,75,0,75,44.68893333,31,75,0,75
2025,7,Somogy,22.07729032,31,70,0,70,71.23300000,31,70,0,70
2025,7,Szabolcs-Szatmár-Bereg,21.71768287,31,71,0,71,88.63084507,31,71,0,71
2025,7,Tolna,22.72949737,31,43,0,43,57.34093023,31,43,0,43
2025,7,Vas,21.26103372,31,44,0,44,79.78659091,31,44,0,44
2025,7,Veszprém,21.62538232,31,54,0,54,66.60148148,31,54,0,54
2025,7,Zala,21.47159091,31,44,0,44,78.29568182,31,44,0,44
2025,8,Baranya,21.95904421,31,54,0,54,43.46074074,31,54,0,54
2025,8,Borsod-Abaúj-Zemplén,20.73137659,31,86,0,86,63.27767442,31,86,0,86
2025,8,Bács-Kiskun,22.51927012,31,99,0,99,24.58585859,31,99,0,99
2025,8,Békés,22.80463168,31,67,0,67,22.25597015,31,67,0,67
2025,8,Csongrád-Csanád,23.04499328,31,48,0,48,33.99562500,31,48,0,48
2025,8,Fejér,22.09061771,31,47,0,47,34.47914894,31,47,0,47
2025,8,Győr-Moson-Sopron,21.22040323,31,48,0,48,75.14000000,31,48,0,48
2025,8,Hajdú-Bihar,21.82793631,31,78,0,78,32.20269231,31,78,0,78
2025,8,Heves,21.43300587,31,44,0,44,56.54704545,31,44,0,44
2025,8,Jász-Nagykun-Szolnok,22.60447818,31,68,0,68,35.34161765,31,68,0,68
2025,8,Komárom-Esztergom,21.11351502,31,29,0,29,45.38620690,31,29,0,29
2025,8,Nógrád,20.09284562,31,28,0,28,81.19714286,31,28,0,28
2025,8,Pest,21.97194409,31,75,0,75,39.72986667,31,75,0,75
2025,8,Somogy,21.49588018,31,70,0,70,57.28414286,31,70,0,70
2025,8,Szabolcs-Szatmár-Bereg,21.01137210,31,71,0,71,24.12380282,31,71,0,71
2025,8,Tolna,22.34381845,31,43,0,43,37.74093023,31,43,0,43
2025,8,Vas,21.19417155,31,44,0,44,68.09500000,31,44,0,44
2025,8,Veszprém,21.57826762,31,54,0,54,79.35796296,31,54,0,54
2025,8,Zala,21.13382698,31,44,0,44,72.27318182,31,44,0,44
2025,9,Baranya,18.74918519,30,54,0,54,16.54574074,30,54,0,54
2025,9,Borsod-Abaúj-Zemplén,17.25593411,30,86,0,86,71.73127907,30,86,0,86
2025,9,Bács-Kiskun,19.20246801,30,99,0,99,20.65242424,30,99,0,99
2025,9,Békés,19.69407960,30,67,0,67,35.83059701,30,67,0,67
2025,9,Csongrád-Csanád,19.91990278,30,48,0,48,17.61979167,30,48,0,48
2025,9,Fejér,18.39307801,30,47,0,47,34.62170213,30,47,0,47
2025,9,Győr-Moson-Sopron,17.60040972,30,48,0,48,42.64666667,30,48,0,48
2025,9,Hajdú-Bihar,18.60830769,30,78,0,78,49.22025641,30,78,0,78
2025,9,Heves,17.82275758,30,44,0,44,57.08818182,30,44,0,44
2025,9,Jász-Nagykun-Szolnok,19.11042157,30,68,0,68,38.31514706,30,68,0,68
2025,9,Komárom-Esztergom,17.54017241,30,29,0,29,38.54896552,30,29,0,29
2025,9,Nógrád,16.66004762,30,28,0,28,47.93107143,30,28,0,28
2025,9,Pest,18.29803111,30,75,0,75,30.10093333,30,75,0,75
2025,9,Somogy,18.02995714,30,70,0,70,32.98571429,30,70,0,70
2025,9,Szabolcs-Szatmár-Bereg,18.03305634,30,71,0,71,52.27971831,30,71,0,71
2025,9,Tolna,18.91012403,30,43,0,43,22.20465116,30,43,0,43
2025,9,Vas,17.31165152,30,44,0,44,61.28886364,30,44,0,44
2025,9,Veszprém,17.67875926,30,54,0,54,43.46555556,30,54,0,54
2025,9,Zala,17.53123485,30,44,0,44,53.97159091,30,44,0,44
2025,10,Baranya,11.18470131,31,54,0,54,42.12962963,31,54,0,54
2025,10,Borsod-Abaúj-Zemplén,8.96241185,31,86,0,86,33.37790698,31,86,0,86
2025,10,Bács-Kiskun,10.87791137,31,99,0,99,25.24080808,31,99,0,99
2025,10,Békés,10.69607607,31,67,0,67,16.01716418,31,67,0,67
2025,10,Csongrád-Csanád,11.06821909,31,48,0,48,18.43625000,31,48,0,48
2025,10,Fejér,10.93294441,31,47,0,47,32.58872340,31,47,0,47
2025,10,Győr-Moson-Sopron,10.92447581,31,48,0,48,41.67416667,31,48,0,48
2025,10,Hajdú-Bihar,10.02538462,31,78,0,78,17.44487179,31,78,0,78
2025,10,Heves,9.57970674,31,44,0,44,27.24431818,31,44,0,44
2025,10,Jász-Nagykun-Szolnok,10.60639469,31,68,0,68,22.98720588,31,68,0,68
2025,10,Komárom-Esztergom,10.35392659,31,29,0,29,33.96482759,31,29,0,29
2025,10,Nógrád,8.64700461,31,28,0,28,28.84785714,31,28,0,28
2025,10,Pest,10.34803441,31,75,0,75,27.50213333,31,75,0,75
2025,10,Somogy,11.01525346,31,70,0,70,39.46000000,31,70,0,70
2025,10,Szabolcs-Szatmár-Bereg,9.59352113,31,71,0,71,22.72183099,31,71,0,71
2025,10,Tolna,11.23595649,31,43,0,43,34.30837209,31,43,0,43
2025,10,Vas,10.61036657,31,44,0,44,45.80772727,31,44,0,44
2025,10,Veszprém,10.65010155,31,54,0,54,42.66907407,31,54,0,54
2025,10,Zala,10.75613636,31,44,0,44,45.66568182,31,44,0,44
2025,11,Baranya,6.28995062,30,54,0,54,70.21611111,30,54,0,54
2025,11,Borsod-Abaúj-Zemplén,5.20372481,30,86,0,86,73.72290698,30,86,0,86
2025,11,Bács-Kiskun,6.27031987,30,99,0,99,42.54939394,30,99,0,99
2025,11,Békés,6.79318408,30,67,0,67,47.34641791,30,67,0,67
2025,11,Csongrád-Csanád,6.71602778,30,48,0,48,40.27062500,30,48,0,48
2025,11,Fejér,5.51870922,30,47,0,47,57.22978723,30,47,0,47
2025,11,Győr-Moson-Sopron,5.12497917,30,48,0,48,60.57770833,30,48,0,48
2025,11,Hajdú-Bihar,6.48665812,30,78,0,78,44.53410256,30,78,0,78
2025,11,Heves,5.41885606,30,44,0,44,74.55181818,30,44,0,44
2025,11,Jász-Nagykun-Szolnok,6.24716667,30,68,0,68,47.36852941,30,68,0,68
2025,11,Komárom-Esztergom,5.01381609,30,29,0,29,81.26586207,30,29,0,29
2025,11,Nógrád,4.59864286,30,28,0,28,93.08178571,30,28,0,28
2025,11,Pest,5.53706667,30,75,0,75,63.73333333,30,75,0,75
2025,11,Somogy,5.84064762,30,70,0,70,74.71571429,30,70,0,70
2025,11,Szabolcs-Szatmár-Bereg,6.26076056,30,71,0,71,45.52507042,30,71,0,71
2025,11,Tolna,6.14020930,30,43,0,43,58.24627907,30,43,0,43
2025,11,Vas,4.80278030,30,44,0,44,62.10977273,30,44,0,44
2025,11,Veszprém,5.20074691,30,54,0,54,64.75129630,30,54,0,54
2025,11,Zala,5.27202273,30,44,0,44,73.38840909,30,44,0,44
2025,12,Baranya,2.75968339,31,54,0,54,20.13111111,31,54,0,54
2025,12,Borsod-Abaúj-Zemplén,2.98834959,31,86,0,86,3.01860465,31,86,0,86
2025,12,Bács-Kiskun,3.35558488,31,99,0,99,7.88101010,31,99,0,99
2025,12,Békés,3.33268175,31,67,0,67,7.91462687,31,67,0,67
2025,12,Csongrád-Csanád,3.48128360,31,48,0,48,11.78104167,31,48,0,48
2025,12,Fejér,3.07368566,31,47,0,47,13.39531915,31,47,0,47
2025,12,Győr-Moson-Sopron,2.77207661,31,48,0,48,24.99604167,31,48,0,48
2025,12,Hajdú-Bihar,3.34165840,31,78,0,78,3.71743590,31,78,0,78
2025,12,Heves,3.10496334,31,44,0,44,4.35295455,31,44,0,44
2025,12,Jász-Nagykun-Szolnok,3.46413188,31,68,0,68,7.30764706,31,68,0,68
2025,12,Komárom-Esztergom,2.85511680,31,29,0,29,16.70551724,31,29,0,29
2025,12,Nógrád,2.79197005,31,28,0,28,6.94428571,31,28,0,28
2025,12,Pest,3.20315269,31,75,0,75,7.55706667,31,75,0,75
2025,12,Somogy,2.39882949,31,70,0,70,28.23985714,31,70,0,70
2025,12,Szabolcs-Szatmár-Bereg,3.50452976,31,71,0,71,5.23704225,31,71,0,71
2025,12,Tolna,3.07991748,31,43,0,43,10.45093023,31,43,0,43
2025,12,Vas,1.81395894,31,44,0,44,35.38795455,31,44,0,44
2025,12,Veszprém,2.36835125,31,54,0,54,31.30611111,31,54,0,54
2025,12,Zala,1.86165689,31,44,0,44,38.77909091,31,44,0,44
