yield_year,county_name,crop,average_yield_t_ha,recent_yield_mean_t_ha,period,model,features,prediction
2015,Bács-Kiskun,barley,4.79,3.956,2015-2016,baseline,five_year_mean,3.956
2015,Bács-Kiskun,maize,5.6,5.64,2015-2016,baseline,five_year_mean,5.64
2015,Bács-Kiskun,wheat,5.03,4.246,2015-2016,baseline,five_year_mean,4.246
2015,Baranya,barley,5.06,4.7,2015-2016,baseline,five_year_mean,4.7
2015,Baranya,maize,6.57,6.46,2015-2016,baseline,five_year_mean,6.46
2015,Baranya,wheat,5.78,5.184,2015-2016,baseline,five_year_mean,5.184
2015,Békés,barley,4.99,3.552,2015-2016,baseline,five_year_mean,3.552
2015,Békés,maize,6.25,5.976,2015-2016,baseline,five_year_mean,5.976
2015,Békés,wheat,5.42,3.976,2015-2016,baseline,five_year_mean,3.976
2015,Borsod-Abaúj-Zemplén,barley,4.58,3.628,2015-2016,baseline,five_year_mean,3.628
2015,Borsod-Abaúj-Zemplén,maize,4.93,6.37,2015-2016,baseline,five_year_mean,6.37
2015,Borsod-Abaúj-Zemplén,wheat,4.98,4.16,2015-2016,baseline,five_year_mean,4.16
2015,Csongrád-Csanád,barley,4.37,3.566,2015-2016,baseline,five_year_mean,3.566
2015,Csongrád-Csanád,maize,5.22,5.25,2015-2016,baseline,five_year_mean,5.25
2015,Csongrád-Csanád,wheat,4.91,4.062,2015-2016,baseline,five_year_mean,4.062
2015,Fejér,barley,5.79,4.256,2015-2016,baseline,five_year_mean,4.256
2015,Fejér,maize,6.21,6.674,2015-2016,baseline,five_year_mean,6.674
2015,Fejér,wheat,5.87,4.696,2015-2016,baseline,five_year_mean,4.696
2015,Győr-Moson-Sopron,barley,4.89,3.852,2015-2016,baseline,five_year_mean,3.852
2015,Győr-Moson-Sopron,maize,5.51,6.822,2015-2016,baseline,five_year_mean,6.822
2015,Győr-Moson-Sopron,wheat,5.17,4.452,2015-2016,baseline,five_year_mean,4.452
2015,Hajdú-Bihar,barley,5.03,3.816,2015-2016,baseline,five_year_mean,3.816
2015,Hajdú-Bihar,maize,6.07,6.292,2015-2016,baseline,five_year_mean,6.292
2015,Hajdú-Bihar,wheat,5.15,4.328,2015-2016,baseline,five_year_mean,4.328
2015,Heves,barley,4.54,3.33,2015-2016,baseline,five_year_mean,3.33
2015,Heves,maize,3.88,4.654,2015-2016,baseline,five_year_mean,4.654
2015,Heves,wheat,4.88,3.622,2015-2016,baseline,five_year_mean,3.622
2015,Jász-Nagykun-Szolnok,barley,4.64,3.436,2015-2016,baseline,five_year_mean,3.436
2015,Jász-Nagykun-Szolnok,maize,4.53,4.168,2015-2016,baseline,five_year_mean,4.168
2015,Jász-Nagykun-Szolnok,wheat,4.73,3.498,2015-2016,baseline,five_year_mean,3.498
2015,Komárom-Esztergom,barley,4.98,3.724,2015-2016,baseline,five_year_mean,3.724
2015,Komárom-Esztergom,maize,6.13,6.25,2015-2016,baseline,five_year_mean,6.25
2015,Komárom-Esztergom,wheat,5.5,4.14,2015-2016,baseline,five_year_mean,4.14
2015,Nógrád,barley,3.21,2.59,2015-2016,baseline,five_year_mean,2.59
2015,Nógrád,maize,3.54,4.436,2015-2016,baseline,five_year_mean,4.436
2015,Nógrád,wheat,4.06,3.346,2015-2016,baseline,five_year_mean,3.346
2015,Pest,barley,4.55,3.688,2015-2016,baseline,five_year_mean,3.688
2015,Pest,maize,5.5,5.528,2015-2016,baseline,five_year_mean,5.528
2015,Pest,wheat,4.91,3.854,2015-2016,baseline,five_year_mean,3.854
2015,Somogy,barley,4.37,4.12,2015-2016,baseline,five_year_mean,4.12
2015,Somogy,maize,6.9,5.96,2015-2016,baseline,five_year_mean,5.96
2015,Somogy,wheat,5.53,4.69,2015-2016,baseline,five_year_mean,4.69
2015,Szabolcs-Szatmár-Bereg,barley,4.03,3.282,2015-2016,baseline,five_year_mean,3.282
2015,Szabolcs-Szatmár-Bereg,maize,3.62,5.78,2015-2016,baseline,five_year_mean,5.78
2015,Szabolcs-Szatmár-Bereg,wheat,4.88,3.964,2015-2016,baseline,five_year_mean,3.964
2015,Tolna,barley,5.69,4.66,2015-2016,baseline,five_year_mean,4.66
2015,Tolna,maize,7.34,6.69,2015-2016,baseline,five_year_mean,6.69
2015,Tolna,wheat,6.08,5.018,2015-2016,baseline,five_year_mean,5.018
2015,Vas,barley,4.69,4.168,2015-2016,baseline,five_year_mean,4.168
2015,Vas,maize,6.11,6.624,2015-2016,baseline,five_year_mean,6.624
2015,Vas,wheat,5.24,4.558,2015-2016,baseline,five_year_mean,4.558
2015,Veszprém,barley,3.91,3.402,2015-2016,baseline,five_year_mean,3.402
2015,Veszprém,maize,5.22,5.352,2015-2016,baseline,five_year_mean,5.352
2015,Veszprém,wheat,4.48,3.754,2015-2016,baseline,five_year_mean,3.754
2015,Zala,barley,4.6,4.348,2015-2016,baseline,five_year_mean,4.348
2015,Zala,maize,6.3,6.074,2015-2016,baseline,five_year_mean,6.074
2015,Zala,wheat,5.26,4.722,2015-2016,baseline,five_year_mean,4.722
2016,Bács-Kiskun,barley,4.7,4.21,2015-2016,baseline,five_year_mean,4.21
2016,Bács-Kiskun,maize,8.1,5.534,2015-2016,baseline,five_year_mean,5.534
2016,Bács-Kiskun,wheat,5.42,4.484,2015-2016,baseline,five_year_mean,4.484
2016,Baranya,barley,6.06,4.936,2015-2016,baseline,five_year_mean,4.936
2016,Baranya,maize,9.02,6.394,2015-2016,baseline,five_year_mean,6.394
2016,Baranya,wheat,6.42,5.5,2015-2016,baseline,five_year_mean,5.5
2016,Békés,barley,5.13,3.958,2015-2016,baseline,five_year_mean,3.958
2016,Békés,maize,8.73,5.902,2015-2016,baseline,five_year_mean,5.902
2016,Békés,wheat,5.01,4.364,2015-2016,baseline,five_year_mean,4.364
2016,Borsod-Abaúj-Zemplén,barley,4.94,3.916,2015-2016,baseline,five_year_mean,3.916
2016,Borsod-Abaúj-Zemplén,maize,8.54,6.344,2015-2016,baseline,five_year_mean,6.344
2016,Borsod-Abaúj-Zemplén,wheat,5.48,4.396,2015-2016,baseline,five_year_mean,4.396
2016,Csongrád-Csanád,barley,4.28,3.806,2015-2016,baseline,five_year_mean,3.806
2016,Csongrád-Csanád,maize,7.44,5.07,2015-2016,baseline,five_year_mean,5.07
2016,Csongrád-Csanád,wheat,4.8,4.29,2015-2016,baseline,five_year_mean,4.29
2016,Fejér,barley,5.85,4.65,2015-2016,baseline,five_year_mean,4.65
2016,Fejér,maize,9.37,6.432,2015-2016,baseline,five_year_mean,6.432
2016,Fejér,wheat,6.3,5.01,2015-2016,baseline,five_year_mean,5.01
2016,Győr-Moson-Sopron,barley,5.09,4.182,2015-2016,baseline,five_year_mean,4.182
2016,Győr-Moson-Sopron,maize,8.73,6.58,2015-2016,baseline,five_year_mean,6.58
2016,Győr-Moson-Sopron,wheat,5.1,4.698,2015-2016,baseline,five_year_mean,4.698
2016,Hajdú-Bihar,barley,5.31,4.226,2015-2016,baseline,five_year_mean,4.226
2016,Hajdú-Bihar,maize,9.57,6.234,2015-2016,baseline,five_year_mean,6.234
2016,Hajdú-Bihar,wheat,5.47,4.674,2015-2016,baseline,five_year_mean,4.674
2016,Heves,barley,4.86,3.622,2015-2016,baseline,five_year_mean,3.622
2016,Heves,maize,7.11,4.46,2015-2016,baseline,five_year_mean,4.46
2016,Heves,wheat,4.71,3.958,2015-2016,baseline,five_year_mean,3.958
2016,Jász-Nagykun-Szolnok,barley,4.88,3.824,2015-2016,baseline,five_year_mean,3.824
2016,Jász-Nagykun-Szolnok,maize,6.79,4.238,2015-2016,baseline,five_year_mean,4.238
2016,Jász-Nagykun-Szolnok,wheat,4.52,3.86,2015-2016,baseline,five_year_mean,3.86
2016,Komárom-Esztergom,barley,5.08,4.07,2015-2016,baseline,five_year_mean,4.07
2016,Komárom-Esztergom,maize,8.34,6.16,2015-2016,baseline,five_year_mean,6.16
2016,Komárom-Esztergom,wheat,5.42,4.464,2015-2016,baseline,five_year_mean,4.464
2016,Nógrád,barley,4.0,2.734,2015-2016,baseline,five_year_mean,2.734
2016,Nógrád,maize,6.29,4.226,2015-2016,baseline,five_year_mean,4.226
2016,Nógrád,wheat,4.6,3.488,2015-2016,baseline,five_year_mean,3.488
2016,Pest,barley,4.64,3.992,2015-2016,baseline,five_year_mean,3.992
2016,Pest,maize,7.41,5.4,2015-2016,baseline,five_year_mean,5.4
2016,Pest,wheat,4.75,4.182,2015-2016,baseline,five_year_mean,4.182
2016,Somogy,barley,5.93,4.256,2015-2016,baseline,five_year_mean,4.256
2016,Somogy,maize,9.62,5.924,2015-2016,baseline,five_year_mean,5.924
2016,Somogy,wheat,6.18,4.974,2015-2016,baseline,five_year_mean,4.974
2016,Szabolcs-Szatmár-Bereg,barley,4.49,3.518,2015-2016,baseline,five_year_mean,3.518
2016,Szabolcs-Szatmár-Bereg,maize,8.47,5.514,2015-2016,baseline,five_year_mean,5.514
2016,Szabolcs-Szatmár-Bereg,wheat,4.85,4.24,2015-2016,baseline,five_year_mean,4.24
2016,Tolna,barley,6.3,5.028,2015-2016,baseline,five_year_mean,5.028
2016,Tolna,maize,9.45,6.608,2015-2016,baseline,five_year_mean,6.608
2016,Tolna,wheat,6.39,5.386,2015-2016,baseline,five_year_mean,5.386
2016,Vas,barley,4.75,4.236,2015-2016,baseline,five_year_mean,4.236
2016,Vas,maize,8.8,6.434,2015-2016,baseline,five_year_mean,6.434
2016,Vas,wheat,6.06,4.686,2015-2016,baseline,five_year_mean,4.686
2016,Veszprém,barley,4.4,3.542,2015-2016,baseline,five_year_mean,3.542
2016,Veszprém,maize,6.89,5.37,2015-2016,baseline,five_year_mean,5.37
2016,Veszprém,wheat,5.07,3.966,2015-2016,baseline,five_year_mean,3.966
2016,Zala,barley,5.48,4.438,2015-2016,baseline,five_year_mean,4.438
2016,Zala,maize,8.37,5.99,2015-2016,baseline,five_year_mean,5.99
2016,Zala,wheat,5.94,4.888,2015-2016,baseline,five_year_mean,4.888
2015,Bács-Kiskun,barley,4.79,3.956,2015-2016,xgboost,base,4.20850133895874
2015,Bács-Kiskun,maize,5.6,5.64,2015-2016,xgboost,base,6.081982135772705
2015,Bács-Kiskun,wheat,5.03,4.246,2015-2016,xgboost,base,4.3209919929504395
2015,Baranya,barley,5.06,4.7,2015-2016,xgboost,base,4.776828289031982
2015,Baranya,maize,6.57,6.46,2015-2016,xgboost,base,6.048063278198242
2015,Baranya,wheat,5.78,5.184,2015-2016,xgboost,base,4.695207595825195
2015,Békés,barley,4.99,3.552,2015-2016,xgboost,base,3.7892301082611084
2015,Békés,maize,6.25,5.976,2015-2016,xgboost,base,6.295490741729736
2015,Békés,wheat,5.42,3.976,2015-2016,xgboost,base,4.1517744064331055
2015,Borsod-Abaúj-Zemplén,barley,4.58,3.628,2015-2016,xgboost,base,3.774841547012329
2015,Borsod-Abaúj-Zemplén,maize,4.93,6.37,2015-2016,xgboost,base,5.440220832824707
2015,Borsod-Abaúj-Zemplén,wheat,4.98,4.16,2015-2016,xgboost,base,4.16644811630249
2015,Csongrád-Csanád,barley,4.37,3.566,2015-2016,xgboost,base,3.7814042568206787
2015,Csongrád-Csanád,maize,5.22,5.25,2015-2016,xgboost,base,5.9334797859191895
2015,Csongrád-Csanád,wheat,4.91,4.062,2015-2016,xgboost,base,4.2151970863342285
2015,Fejér,barley,5.79,4.256,2015-2016,xgboost,base,4.265002727508545
2015,Fejér,maize,6.21,6.674,2015-2016,xgboost,base,5.513113021850586
2015,Fejér,wheat,5.87,4.696,2015-2016,xgboost,base,4.852129936218262
2015,Győr-Moson-Sopron,barley,4.89,3.852,2015-2016,xgboost,base,3.7661404609680176
2015,Győr-Moson-Sopron,maize,5.51,6.822,2015-2016,xgboost,base,6.64687967300415
2015,Győr-Moson-Sopron,wheat,5.17,4.452,2015-2016,xgboost,base,4.332280158996582
2015,Hajdú-Bihar,barley,5.03,3.816,2015-2016,xgboost,base,3.7661404609680176
2015,Hajdú-Bihar,maize,6.07,6.292,2015-2016,xgboost,base,7.466488361358643
2015,Hajdú-Bihar,wheat,5.15,4.328,2015-2016,xgboost,base,4.255026340484619
2015,Heves,barley,4.54,3.33,2015-2016,xgboost,base,3.609783172607422
2015,Heves,maize,3.88,4.654,2015-2016,xgboost,base,4.824912071228027
2015,Heves,wheat,4.88,3.622,2015-2016,xgboost,base,3.852504253387451
2015,Jász-Nagykun-Szolnok,barley,4.64,3.436,2015-2016,xgboost,base,3.746598958969116
2015,Jász-Nagykun-Szolnok,maize,4.53,4.168,2015-2016,xgboost,base,5.254701614379883
2015,Jász-Nagykun-Szolnok,wheat,4.73,3.498,2015-2016,xgboost,base,3.9356136322021484
2015,Komárom-Esztergom,barley,4.98,3.724,2015-2016,xgboost,base,3.765963315963745
2015,Komárom-Esztergom,maize,6.13,6.25,2015-2016,xgboost,base,7.56893253326416
2015,Komárom-Esztergom,wheat,5.5,4.14,2015-2016,xgboost,base,4.21486234664917
2015,Nógrád,barley,3.21,2.59,2015-2016,xgboost,base,3.2695610523223877
2015,Nógrád,maize,3.54,4.436,2015-2016,xgboost,base,5.387700080871582
2015,Nógrád,wheat,4.06,3.346,2015-2016,xgboost,base,3.7844412326812744
2015,Pest,barley,4.55,3.688,2015-2016,xgboost,base,3.765963315963745
2015,Pest,maize,5.5,5.528,2015-2016,xgboost,base,5.488302707672119
2015,Pest,wheat,4.91,3.854,2015-2016,xgboost,base,3.8516314029693604
2015,Somogy,barley,4.37,4.12,2015-2016,xgboost,base,4.177698135375977
2015,Somogy,maize,6.9,5.96,2015-2016,xgboost,base,6.295490741729736
2015,Somogy,wheat,5.53,4.69,2015-2016,xgboost,base,4.852129936218262
2015,Szabolcs-Szatmár-Bereg,barley,4.03,3.282,2015-2016,xgboost,base,3.571631908416748
2015,Szabolcs-Szatmár-Bereg,maize,3.62,5.78,2015-2016,xgboost,base,5.341660022735596
2015,Szabolcs-Szatmár-Bereg,wheat,4.88,3.964,2015-2016,xgboost,base,4.252405166625977
2015,Tolna,barley,5.69,4.66,2015-2016,xgboost,base,4.582003593444824
2015,Tolna,maize,7.34,6.69,2015-2016,xgboost,base,5.513113021850586
2015,Tolna,wheat,6.08,5.018,2015-2016,xgboost,base,5.239784240722656
2015,Vas,barley,4.69,4.168,2015-2016,xgboost,base,4.3776702880859375
2015,Vas,maize,6.11,6.624,2015-2016,xgboost,base,6.363775253295898
2015,Vas,wheat,5.24,4.558,2015-2016,xgboost,base,4.585172176361084
2015,Veszprém,barley,3.91,3.402,2015-2016,xgboost,base,3.7181129455566406
2015,Veszprém,maize,5.22,5.352,2015-2016,xgboost,base,5.513304710388184
2015,Veszprém,wheat,4.48,3.754,2015-2016,xgboost,base,3.850043296813965
2015,Zala,barley,4.6,4.348,2015-2016,xgboost,base,4.445556640625
2015,Zala,maize,6.3,6.074,2015-2016,xgboost,base,6.069258689880371
2015,Zala,wheat,5.26,4.722,2015-2016,xgboost,base,4.799859523773193
2016,Bács-Kiskun,barley,4.7,4.21,2015-2016,xgboost,base,4.359025478363037
2016,Bács-Kiskun,maize,8.1,5.534,2015-2016,xgboost,base,5.488302707672119
2016,Bács-Kiskun,wheat,5.42,4.484,2015-2016,xgboost,base,4.47875452041626
2016,Baranya,barley,6.06,4.936,2015-2016,xgboost,base,4.638142108917236
2016,Baranya,maize,9.02,6.394,2015-2016,xgboost,base,5.440220832824707
2016,Baranya,wheat,6.42,5.5,2015-2016,xgboost,base,4.714023113250732
2016,Békés,barley,5.13,3.958,2015-2016,xgboost,base,4.20850133895874
2016,Békés,maize,8.73,5.902,2015-2016,xgboost,base,6.580422878265381
2016,Békés,wheat,5.01,4.364,2015-2016,xgboost,base,4.168664932250977
2016,Borsod-Abaúj-Zemplén,barley,4.94,3.916,2015-2016,xgboost,base,4.168423652648926
2016,Borsod-Abaúj-Zemplén,maize,8.54,6.344,2015-2016,xgboost,base,7.276970863342285
2016,Borsod-Abaúj-Zemplén,wheat,5.48,4.396,2015-2016,xgboost,base,4.578633785247803
2016,Csongrád-Csanád,barley,4.28,3.806,2015-2016,xgboost,base,3.7728796005249023
2016,Csongrád-Csanád,maize,7.44,5.07,2015-2016,xgboost,base,5.96975564956665
2016,Csongrád-Csanád,wheat,4.8,4.29,2015-2016,xgboost,base,4.29143762588501
2016,Fejér,barley,5.85,4.65,2015-2016,xgboost,base,4.4838361740112305
2016,Fejér,maize,9.37,6.432,2015-2016,xgboost,base,6.048063278198242
2016,Fejér,wheat,6.3,5.01,2015-2016,xgboost,base,4.760683536529541
2016,Győr-Moson-Sopron,barley,5.09,4.182,2015-2016,xgboost,base,4.3776702880859375
2016,Győr-Moson-Sopron,maize,8.73,6.58,2015-2016,xgboost,base,7.165485382080078
2016,Győr-Moson-Sopron,wheat,5.1,4.698,2015-2016,xgboost,base,4.799859523773193
2016,Hajdú-Bihar,barley,5.31,4.226,2015-2016,xgboost,base,4.335841178894043
2016,Hajdú-Bihar,maize,9.57,6.234,2015-2016,xgboost,base,7.56893253326416
2016,Hajdú-Bihar,wheat,5.47,4.674,2015-2016,xgboost,base,4.852129936218262
2016,Heves,barley,4.86,3.622,2015-2016,xgboost,base,3.774841547012329
2016,Heves,maize,7.11,4.46,2015-2016,xgboost,base,4.862610816955566
2016,Heves,wheat,4.71,3.958,2015-2016,xgboost,base,4.252405166625977
2016,Jász-Nagykun-Szolnok,barley,4.88,3.824,2015-2016,xgboost,base,3.7661404609680176
2016,Jász-Nagykun-Szolnok,maize,6.79,4.238,2015-2016,xgboost,base,5.1258015632629395
2016,Jász-Nagykun-Szolnok,wheat,4.52,3.86,2015-2016,xgboost,base,3.8615005016326904
2016,Komárom-Esztergom,barley,5.08,4.07,2015-2016,xgboost,base,4.186407089233398
2016,Komárom-Esztergom,maize,8.34,6.16,2015-2016,xgboost,base,5.639654159545898
2016,Komárom-Esztergom,wheat,5.42,4.464,2015-2016,xgboost,base,4.322983264923096
2016,Nógrád,barley,4.0,2.734,2015-2016,xgboost,base,3.2152388095855713
2016,Nógrád,maize,6.29,4.226,2015-2016,xgboost,base,5.1258015632629395
2016,Nógrád,wheat,4.6,3.488,2015-2016,xgboost,base,3.9356136322021484
2016,Pest,barley,4.64,3.992,2015-2016,xgboost,base,4.101512432098389
2016,Pest,maize,7.41,5.4,2015-2016,xgboost,base,5.513304710388184
2016,Pest,wheat,4.75,4.182,2015-2016,xgboost,base,4.362821102142334
2016,Somogy,barley,5.93,4.256,2015-2016,xgboost,base,4.265002727508545
2016,Somogy,maize,9.62,5.924,2015-2016,xgboost,base,6.5801005363464355
2016,Somogy,wheat,6.18,4.974,2015-2016,xgboost,base,4.760683536529541
2016,Szabolcs-Szatmár-Bereg,barley,4.49,3.518,2015-2016,xgboost,base,3.689953565597534
2016,Szabolcs-Szatmár-Bereg,maize,8.47,5.514,2015-2016,xgboost,base,5.488302707672119
2016,Szabolcs-Szatmár-Bereg,wheat,4.85,4.24,2015-2016,xgboost,base,4.3209919929504395
2016,Tolna,barley,6.3,5.028,2015-2016,xgboost,base,5.218801498413086
2016,Tolna,maize,9.45,6.608,2015-2016,xgboost,base,7.3785176277160645
2016,Tolna,wheat,6.39,5.386,2015-2016,xgboost,base,4.7200703620910645
2016,Vas,barley,4.75,4.236,2015-2016,xgboost,base,4.335841178894043
2016,Vas,maize,8.8,6.434,2015-2016,xgboost,base,6.048063278198242
2016,Vas,wheat,6.06,4.686,2015-2016,xgboost,base,4.852129936218262
2016,Veszprém,barley,4.4,3.542,2015-2016,xgboost,base,3.7328193187713623
2016,Veszprém,maize,6.89,5.37,2015-2016,xgboost,base,5.513304710388184
2016,Veszprém,wheat,5.07,3.966,2015-2016,xgboost,base,4.252405166625977
2016,Zala,barley,5.48,4.438,2015-2016,xgboost,base,4.290102005004883
2016,Zala,maize,8.37,5.99,2015-2016,xgboost,base,6.321413516998291
2016,Zala,wheat,5.94,4.888,2015-2016,xgboost,base,4.935598850250244
2015,Bács-Kiskun,barley,4.79,3.956,2015-2016,ridge,base,3.977711996563471
2015,Bács-Kiskun,maize,5.6,5.64,2015-2016,ridge,base,5.932069209146119
2015,Bács-Kiskun,wheat,5.03,4.246,2015-2016,ridge,base,4.322906766179107
2015,Baranya,barley,5.06,4.7,2015-2016,ridge,base,4.39869112901517
2015,Baranya,maize,6.57,6.46,2015-2016,ridge,base,6.396051586310627
2015,Baranya,wheat,5.78,5.184,2015-2016,ridge,base,4.853657339081921
2015,Békés,barley,4.99,3.552,2015-2016,ridge,base,3.749115800984861
2015,Békés,maize,6.25,5.976,2015-2016,ridge,base,6.1221888173501124
2015,Békés,wheat,5.42,3.976,2015-2016,ridge,base,4.1701320810151845
2015,Borsod-Abaúj-Zemplén,barley,4.58,3.628,2015-2016,ridge,base,3.7921190456976688
2015,Borsod-Abaúj-Zemplén,maize,4.93,6.37,2015-2016,ridge,base,6.345126691255985
2015,Borsod-Abaúj-Zemplén,wheat,4.98,4.16,2015-2016,ridge,base,4.274245199793562
2015,Csongrád-Csanád,barley,4.37,3.566,2015-2016,ridge,base,3.7570374513266938
2015,Csongrád-Csanád,maize,5.22,5.25,2015-2016,ridge,base,5.711394663909342
2015,Csongrád-Csanád,wheat,4.91,4.062,2015-2016,ridge,base,4.21879364740073
2015,Fejér,barley,5.79,4.256,2015-2016,ridge,base,4.147461646745608
2015,Fejér,maize,6.21,6.674,2015-2016,ridge,base,6.517139670107218
2015,Fejér,wheat,5.87,4.696,2015-2016,ridge,base,4.577531241452312
2015,Győr-Moson-Sopron,barley,4.89,3.852,2015-2016,ridge,base,3.9188654511669974
2015,Győr-Moson-Sopron,maize,5.51,6.822,2015-2016,ridge,base,6.600882830863737
2015,Győr-Moson-Sopron,wheat,5.17,4.452,2015-2016,ridge,base,4.4394681926375075
2015,Hajdú-Bihar,barley,5.03,3.816,2015-2016,ridge,base,3.8984954931451408
2015,Hajdú-Bihar,maize,6.07,6.292,2015-2016,ridge,base,6.30099178220863
2015,Hajdú-Bihar,wheat,5.15,4.328,2015-2016,ridge,base,4.369305003895558
2015,Heves,barley,4.54,3.33,2015-2016,ridge,base,3.6235010598500796
2015,Heves,maize,3.88,4.654,2015-2016,ridge,base,5.374158692214165
2015,Heves,wheat,4.88,3.622,2015-2016,ridge,base,3.9698274938002633
2015,Jász-Nagykun-Szolnok,barley,4.64,3.436,2015-2016,ridge,base,3.683479269581101
2015,Jász-Nagykun-Szolnok,maize,4.53,4.168,2015-2016,ridge,base,5.099164258919103
2015,Jász-Nagykun-Szolnok,wheat,4.73,3.498,2015-2016,ridge,base,3.8996643050583133
2015,Komárom-Esztergom,barley,4.98,3.724,2015-2016,ridge,base,3.8464389337559526
2015,Komárom-Esztergom,maize,6.13,6.25,2015-2016,ridge,base,6.277226831183131
2015,Komárom-Esztergom,wheat,5.5,4.14,2015-2016,ridge,base,4.262928556448085
2015,Nógrád,barley,3.21,2.59,2015-2016,ridge,base,3.204785256067476
2015,Nógrád,maize,3.54,4.436,2015-2016,ridge,base,5.250807279748479
2015,Nógrád,wheat,4.06,3.346,2015-2016,ridge,base,3.8136578156326975
2015,Pest,barley,4.55,3.688,2015-2016,ridge,base,3.826068975734096
2015,Pest,maize,5.5,5.528,2015-2016,ridge,base,5.868696006411455
2015,Pest,wheat,4.91,3.854,2015-2016,ridge,base,4.101100556607782
2015,Somogy,barley,4.37,4.12,2015-2016,ridge,base,4.070508471996373
2015,Somogy,maize,6.9,5.96,2015-2016,ridge,base,6.113135502673732
2015,Somogy,wheat,5.53,4.69,2015-2016,ridge,base,4.57413624844867
2015,Szabolcs-Szatmár-Bereg,barley,4.03,3.282,2015-2016,ridge,base,3.5963411158209375
2015,Szabolcs-Szatmár-Bereg,maize,3.62,5.78,2015-2016,ridge,base,6.01128571256445
2015,Szabolcs-Szatmár-Bereg,wheat,4.88,3.964,2015-2016,ridge,base,4.1633420950078985
2015,Tolna,barley,5.69,4.66,2015-2016,ridge,base,4.376057842324219
2015,Tolna,maize,7.34,6.69,2015-2016,ridge,base,6.526192984783599
2015,Tolna,wheat,6.08,5.018,2015-2016,ridge,base,4.759729199314472
2015,Vas,barley,4.69,4.168,2015-2016,ridge,base,4.097668416025514
2015,Vas,maize,6.11,6.624,2015-2016,ridge,base,6.488848061743528
2015,Vas,wheat,5.24,4.558,2015-2016,ridge,base,4.499446402368529
2015,Veszprém,barley,3.91,3.402,2015-2016,ridge,base,3.6642409758937924
2015,Veszprém,maize,5.22,5.352,2015-2016,ridge,base,5.769109544971268
2015,Veszprém,wheat,4.48,3.754,2015-2016,ridge,base,4.044517339880403
2015,Zala,barley,4.6,4.348,2015-2016,ridge,base,4.199518206134796
2015,Zala,maize,6.3,6.074,2015-2016,ridge,base,6.177640369742944
2015,Zala,wheat,5.26,4.722,2015-2016,ridge,base,4.59224287780143
2016,Bács-Kiskun,barley,4.7,4.21,2015-2016,ridge,base,4.121433367051013
2016,Bács-Kiskun,maize,8.1,5.534,2015-2016,ridge,base,5.872090999415098
2016,Bács-Kiskun,wheat,5.42,4.484,2015-2016,ridge,base,4.457574821990269
2016,Baranya,barley,6.06,4.936,2015-2016,ridge,base,4.532227520491784
2016,Baranya,maize,9.02,6.394,2015-2016,ridge,base,6.3587066632705564
2016,Baranya,wheat,6.42,5.5,2015-2016,ridge,base,5.032460303940438
2016,Békés,barley,5.13,3.958,2015-2016,ridge,base,3.978843660898019
2016,Békés,maize,8.73,5.902,2015-2016,ridge,base,6.080317236971853
2016,Békés,wheat,5.01,4.364,2015-2016,ridge,base,4.3896749619174145
2016,Borsod-Abaúj-Zemplén,barley,4.94,3.916,2015-2016,ridge,base,3.9550787098725197
2016,Borsod-Abaúj-Zemplén,maize,8.54,6.344,2015-2016,ridge,base,6.330415054906867
2016,Borsod-Abaúj-Zemplén,wheat,5.48,4.396,2015-2016,ridge,base,4.407781591270175
2016,Csongrád-Csanád,barley,4.28,3.806,2015-2016,ridge,base,3.892837171472403
2016,Csongrád-Csanád,maize,7.44,5.07,2015-2016,ridge,base,5.60954487380006
2016,Csongrád-Csanád,wheat,4.8,4.29,2015-2016,ridge,base,4.347803381539154
2016,Fejér,barley,5.85,4.65,2015-2016,ridge,base,4.370399520651481
2016,Fejér,maize,9.37,6.432,2015-2016,ridge,base,6.38020828562696
2016,Fejér,wheat,6.3,5.01,2015-2016,ridge,base,4.755202541976281
2016,Győr-Moson-Sopron,barley,5.09,4.182,2015-2016,ridge,base,4.1055900663673475
2016,Győr-Moson-Sopron,maize,8.73,6.58,2015-2016,ridge,base,6.463951446383481
2016,Győr-Moson-Sopron,wheat,5.1,4.698,2015-2016,ridge,base,4.57866290578686
2016,Hajdú-Bihar,barley,5.31,4.226,2015-2016,ridge,base,4.130486681727394
2016,Hajdú-Bihar,maize,9.57,6.234,2015-2016,ridge,base,6.26817351650675
2016,Hajdú-Bihar,wheat,5.47,4.674,2015-2016,ridge,base,4.565082933772289
2016,Heves,barley,4.86,3.622,2015-2016,ridge,base,3.788724052694026
2016,Heves,maize,7.11,4.46,2015-2016,ridge,base,5.26438725176305
2016,Heves,wheat,4.71,3.958,2015-2016,ridge,base,4.159947102004256
2016,Jász-Nagykun-Szolnok,barley,4.88,3.824,2015-2016,ridge,base,3.903022150483331
2016,Jász-Nagykun-Szolnok,maize,6.79,4.238,2015-2016,ridge,base,5.138772510628269
2016,Jász-Nagykun-Szolnok,wheat,4.52,3.86,2015-2016,ridge,base,4.104495549611425
2016,Komárom-Esztergom,barley,5.08,4.07,2015-2016,ridge,base,4.042216863632683
2016,Komárom-Esztergom,maize,8.34,6.16,2015-2016,ridge,base,6.22630193612849
2016,Komárom-Esztergom,wheat,5.42,4.464,2015-2016,ridge,base,4.4462581786447934
2016,Nógrád,barley,4.0,2.734,2015-2016,ridge,base,3.2862650881549014
2016,Nógrád,maize,6.29,4.226,2015-2016,ridge,base,5.131982524620983
2016,Nógrád,wheat,4.6,3.488,2015-2016,ridge,base,3.8940059833855756
2016,Pest,barley,4.64,3.992,2015-2016,ridge,base,3.9980819545853277
2016,Pest,maize,7.41,5.4,2015-2016,ridge,base,5.7962694890004105
2016,Pest,wheat,4.75,4.182,2015-2016,ridge,base,4.286693507473585
2016,Somogy,barley,5.93,4.256,2015-2016,ridge,base,4.147461646745608
2016,Somogy,maize,9.62,5.924,2015-2016,ridge,base,6.092765544651876
2016,Somogy,wheat,6.18,4.974,2015-2016,ridge,base,4.734832583954425
2016,Szabolcs-Szatmár-Bereg,barley,4.49,3.518,2015-2016,ridge,base,3.7298775072975516
2016,Szabolcs-Szatmár-Bereg,maize,8.47,5.514,2015-2016,ridge,base,5.860774356069623
2016,Szabolcs-Szatmár-Bereg,wheat,4.85,4.24,2015-2016,ridge,base,4.319511773175464
2016,Tolna,barley,6.3,5.028,2015-2016,ridge,base,4.584284079880972
2016,Tolna,maize,9.45,6.608,2015-2016,ridge,base,6.479794747067147
2016,Tolna,wheat,6.39,5.386,2015-2016,ridge,base,4.967955436871226
2016,Vas,barley,4.75,4.236,2015-2016,ridge,base,4.136145003400132
2016,Vas,maize,8.8,6.434,2015-2016,ridge,base,6.381339949961507
2016,Vas,wheat,6.06,4.686,2015-2016,ridge,base,4.571872919779574
2016,Veszprém,barley,4.4,3.542,2015-2016,ridge,base,3.7434574793121227
2016,Veszprém,maize,6.89,5.37,2015-2016,ridge,base,5.7792945239821965
2016,Veszprém,wheat,5.07,3.966,2015-2016,ridge,base,4.164473759342447
2016,Zala,barley,5.48,4.438,2015-2016,ridge,base,4.250443101189437
2016,Zala,maize,8.37,5.99,2015-2016,ridge,base,6.130110467691946
2016,Zala,wheat,5.94,4.888,2015-2016,ridge,base,4.6861710175688795
2015,Bács-Kiskun,barley,4.79,3.956,2015-2016,xgboost,base_soil,4.222132682800293
2015,Bács-Kiskun,maize,5.6,5.64,2015-2016,xgboost,base_soil,5.937794208526611
2015,Bács-Kiskun,wheat,5.03,4.246,2015-2016,xgboost,base_soil,4.300848960876465
2015,Baranya,barley,5.06,4.7,2015-2016,xgboost,base_soil,4.876894950866699
2015,Baranya,maize,6.57,6.46,2015-2016,xgboost,base_soil,6.970154285430908
2015,Baranya,wheat,5.78,5.184,2015-2016,xgboost,base_soil,5.0620012283325195
2015,Békés,barley,4.99,3.552,2015-2016,xgboost,base_soil,3.7175960540771484
2015,Békés,maize,6.25,5.976,2015-2016,xgboost,base_soil,6.028774261474609
2015,Békés,wheat,5.42,3.976,2015-2016,xgboost,base_soil,4.031038761138916
2015,Borsod-Abaúj-Zemplén,barley,4.58,3.628,2015-2016,xgboost,base_soil,3.6338560581207275
2015,Borsod-Abaúj-Zemplén,maize,4.93,6.37,2015-2016,xgboost,base_soil,5.885565757751465
2015,Borsod-Abaúj-Zemplén,wheat,4.98,4.16,2015-2016,xgboost,base_soil,4.193321228027344
2015,Csongrád-Csanád,barley,4.37,3.566,2015-2016,xgboost,base_soil,3.6558592319488525
2015,Csongrád-Csanád,maize,5.22,5.25,2015-2016,xgboost,base_soil,4.604736328125
2015,Csongrád-Csanád,wheat,4.91,4.062,2015-2016,xgboost,base_soil,4.077260494232178
2015,Fejér,barley,5.79,4.256,2015-2016,xgboost,base_soil,4.335561275482178
2015,Fejér,maize,6.21,6.674,2015-2016,xgboost,base_soil,5.212011337280273
2015,Fejér,wheat,5.87,4.696,2015-2016,xgboost,base_soil,4.894237995147705
2015,Győr-Moson-Sopron,barley,4.89,3.852,2015-2016,xgboost,base_soil,3.7329113483428955
2015,Győr-Moson-Sopron,maize,5.51,6.822,2015-2016,xgboost,base_soil,6.357771873474121
2015,Győr-Moson-Sopron,wheat,5.17,4.452,2015-2016,xgboost,base_soil,4.253626823425293
2015,Hajdú-Bihar,barley,5.03,3.816,2015-2016,xgboost,base_soil,3.654237985610962
2015,Hajdú-Bihar,maize,6.07,6.292,2015-2016,xgboost,base_soil,7.656985759735107
2015,Hajdú-Bihar,wheat,5.15,4.328,2015-2016,xgboost,base_soil,4.154249668121338
2015,Heves,barley,4.54,3.33,2015-2016,xgboost,base_soil,3.339435577392578
2015,Heves,maize,3.88,4.654,2015-2016,xgboost,base_soil,4.5399298667907715
2015,Heves,wheat,4.88,3.622,2015-2016,xgboost,base_soil,3.655574083328247
2015,Jász-Nagykun-Szolnok,barley,4.64,3.436,2015-2016,xgboost,base_soil,3.4607696533203125
2015,Jász-Nagykun-Szolnok,maize,4.53,4.168,2015-2016,xgboost,base_soil,4.9826340675354
2015,Jász-Nagykun-Szolnok,wheat,4.73,3.498,2015-2016,xgboost,base_soil,3.7134344577789307
2015,Komárom-Esztergom,barley,4.98,3.724,2015-2016,xgboost,base_soil,3.8054990768432617
2015,Komárom-Esztergom,maize,6.13,6.25,2015-2016,xgboost,base_soil,6.808849811553955
2015,Komárom-Esztergom,wheat,5.5,4.14,2015-2016,xgboost,base_soil,4.23958683013916
2015,Nógrád,barley,3.21,2.59,2015-2016,xgboost,base_soil,2.9559311866760254
2015,Nógrád,maize,3.54,4.436,2015-2016,xgboost,base_soil,4.683087348937988
2015,Nógrád,wheat,4.06,3.346,2015-2016,xgboost,base_soil,3.534111976623535
2015,Pest,barley,4.55,3.688,2015-2016,xgboost,base_soil,3.6388814449310303
2015,Pest,maize,5.5,5.528,2015-2016,xgboost,base_soil,5.038606643676758
2015,Pest,wheat,4.91,3.854,2015-2016,xgboost,base_soil,3.889193296432495
2015,Somogy,barley,4.37,4.12,2015-2016,xgboost,base_soil,4.259826183319092
2015,Somogy,maize,6.9,5.96,2015-2016,xgboost,base_soil,6.277607440948486
2015,Somogy,wheat,5.53,4.69,2015-2016,xgboost,base_soil,4.865310192108154
2015,Szabolcs-Szatmár-Bereg,barley,4.03,3.282,2015-2016,xgboost,base_soil,3.4393372535705566
2015,Szabolcs-Szatmár-Bereg,maize,3.62,5.78,2015-2016,xgboost,base_soil,5.126191139221191
2015,Szabolcs-Szatmár-Bereg,wheat,4.88,3.964,2015-2016,xgboost,base_soil,4.094473361968994
2015,Tolna,barley,5.69,4.66,2015-2016,xgboost,base_soil,4.731431007385254
2015,Tolna,maize,7.34,6.69,2015-2016,xgboost,base_soil,5.532595634460449
2015,Tolna,wheat,6.08,5.018,2015-2016,xgboost,base_soil,4.926083087921143
2015,Vas,barley,4.69,4.168,2015-2016,xgboost,base_soil,4.444136142730713
2015,Vas,maize,6.11,6.624,2015-2016,xgboost,base_soil,6.22965145111084
2015,Vas,wheat,5.24,4.558,2015-2016,xgboost,base_soil,4.736270427703857
2015,Veszprém,barley,3.91,3.402,2015-2016,xgboost,base_soil,3.5318236351013184
2015,Veszprém,maize,5.22,5.352,2015-2016,xgboost,base_soil,5.353869915008545
2015,Veszprém,wheat,4.48,3.754,2015-2016,xgboost,base_soil,3.6759746074676514
2015,Zala,barley,4.6,4.348,2015-2016,xgboost,base_soil,4.444738864898682
2015,Zala,maize,6.3,6.074,2015-2016,xgboost,base_soil,6.537325382232666
2015,Zala,wheat,5.26,4.722,2015-2016,xgboost,base_soil,4.788628101348877
2016,Bács-Kiskun,barley,4.7,4.21,2015-2016,xgboost,base_soil,4.215806007385254
2016,Bács-Kiskun,maize,8.1,5.534,2015-2016,xgboost,base_soil,4.996848106384277
2016,Bács-Kiskun,wheat,5.42,4.484,2015-2016,xgboost,base_soil,4.439427852630615
2016,Baranya,barley,6.06,4.936,2015-2016,xgboost,base_soil,4.925286769866943
2016,Baranya,maize,9.02,6.394,2015-2016,xgboost,base_soil,7.149153232574463
2016,Baranya,wheat,6.42,5.5,2015-2016,xgboost,base_soil,4.780866622924805
2016,Békés,barley,5.13,3.958,2015-2016,xgboost,base_soil,3.8300352096557617
2016,Békés,maize,8.73,5.902,2015-2016,xgboost,base_soil,6.001941204071045
2016,Békés,wheat,5.01,4.364,2015-2016,xgboost,base_soil,3.8197059631347656
2016,Borsod-Abaúj-Zemplén,barley,4.94,3.916,2015-2016,xgboost,base_soil,3.875225305557251
2016,Borsod-Abaúj-Zemplén,maize,8.54,6.344,2015-2016,xgboost,base_soil,6.618690013885498
2016,Borsod-Abaúj-Zemplén,wheat,5.48,4.396,2015-2016,xgboost,base_soil,4.256601333618164
2016,Csongrád-Csanád,barley,4.28,3.806,2015-2016,xgboost,base_soil,3.5809004306793213
2016,Csongrád-Csanád,maize,7.44,5.07,2015-2016,xgboost,base_soil,5.883017539978027
2016,Csongrád-Csanád,wheat,4.8,4.29,2015-2016,xgboost,base_soil,3.980813503265381
2016,Fejér,barley,5.85,4.65,2015-2016,xgboost,base_soil,4.605930805206299
2016,Fejér,maize,9.37,6.432,2015-2016,xgboost,base_soil,7.21066951751709
2016,Fejér,wheat,6.3,5.01,2015-2016,xgboost,base_soil,4.868394374847412
2016,Győr-Moson-Sopron,barley,5.09,4.182,2015-2016,xgboost,base_soil,4.272393226623535
2016,Győr-Moson-Sopron,maize,8.73,6.58,2015-2016,xgboost,base_soil,7.96786642074585
2016,Győr-Moson-Sopron,wheat,5.1,4.698,2015-2016,xgboost,base_soil,4.661369800567627
2016,Hajdú-Bihar,barley,5.31,4.226,2015-2016,xgboost,base_soil,4.132177352905273
2016,Hajdú-Bihar,maize,9.57,6.234,2015-2016,xgboost,base_soil,7.6196675300598145
2016,Hajdú-Bihar,wheat,5.47,4.674,2015-2016,xgboost,base_soil,4.576111316680908
2016,Heves,barley,4.86,3.622,2015-2016,xgboost,base_soil,3.3585205078125
2016,Heves,maize,7.11,4.46,2015-2016,xgboost,base_soil,4.467572212219238
2016,Heves,wheat,4.71,3.958,2015-2016,xgboost,base_soil,3.7579174041748047
2016,Jász-Nagykun-Szolnok,barley,4.88,3.824,2015-2016,xgboost,base_soil,3.3050754070281982
2016,Jász-Nagykun-Szolnok,maize,6.79,4.238,2015-2016,xgboost,base_soil,4.746871471405029
2016,Jász-Nagykun-Szolnok,wheat,4.52,3.86,2015-2016,xgboost,base_soil,3.549978017807007
2016,Komárom-Esztergom,barley,5.08,4.07,2015-2016,xgboost,base_soil,4.037210464477539
2016,Komárom-Esztergom,maize,8.34,6.16,2015-2016,xgboost,base_soil,6.056314468383789
2016,Komárom-Esztergom,wheat,5.42,4.464,2015-2016,xgboost,base_soil,4.216320514678955
2016,Nógrád,barley,4.0,2.734,2015-2016,xgboost,base_soil,2.984177827835083
2016,Nógrád,maize,6.29,4.226,2015-2016,xgboost,base_soil,4.884418487548828
2016,Nógrád,wheat,4.6,3.488,2015-2016,xgboost,base_soil,3.517540693283081
2016,Pest,barley,4.64,3.992,2015-2016,xgboost,base_soil,3.9124319553375244
2016,Pest,maize,7.41,5.4,2015-2016,xgboost,base_soil,5.197636127471924
2016,Pest,wheat,4.75,4.182,2015-2016,xgboost,base_soil,4.23258638381958
2016,Somogy,barley,5.93,4.256,2015-2016,xgboost,base_soil,4.324854373931885
2016,Somogy,maize,9.62,5.924,2015-2016,xgboost,base_soil,6.4652252197265625
2016,Somogy,wheat,6.18,4.974,2015-2016,xgboost,base_soil,4.957618236541748
2016,Szabolcs-Szatmár-Bereg,barley,4.49,3.518,2015-2016,xgboost,base_soil,3.5851855278015137
2016,Szabolcs-Szatmár-Bereg,maize,8.47,5.514,2015-2016,xgboost,base_soil,5.248023986816406
2016,Szabolcs-Szatmár-Bereg,wheat,4.85,4.24,2015-2016,xgboost,base_soil,4.168255805969238
2016,Tolna,barley,6.3,5.028,2015-2016,xgboost,base_soil,4.742894649505615
2016,Tolna,maize,9.45,6.608,2015-2016,xgboost,base_soil,7.911850929260254
2016,Tolna,wheat,6.39,5.386,2015-2016,xgboost,base_soil,4.543644905090332
2016,Vas,barley,4.75,4.236,2015-2016,xgboost,base_soil,4.440480709075928
2016,Vas,maize,8.8,6.434,2015-2016,xgboost,base_soil,6.542105674743652
2016,Vas,wheat,6.06,4.686,2015-2016,xgboost,base_soil,4.852395057678223
2016,Veszprém,barley,4.4,3.542,2015-2016,xgboost,base_soil,3.532517910003662
2016,Veszprém,maize,6.89,5.37,2015-2016,xgboost,base_soil,5.353869915008545
2016,Veszprém,wheat,5.07,3.966,2015-2016,xgboost,base_soil,3.941765785217285
2016,Zala,barley,5.48,4.438,2015-2016,xgboost,base_soil,4.352323532104492
2016,Zala,maize,8.37,5.99,2015-2016,xgboost,base_soil,6.993024826049805
2016,Zala,wheat,5.94,4.888,2015-2016,xgboost,base_soil,4.772375583648682
2015,Bács-Kiskun,barley,4.79,3.956,2015-2016,ridge,base_soil,4.148860494323847
2015,Bács-Kiskun,maize,5.6,5.64,2015-2016,ridge,base_soil,6.124740120466509
2015,Bács-Kiskun,wheat,5.03,4.246,2015-2016,ridge,base_soil,4.5046116856394836
2015,Baranya,barley,5.06,4.7,2015-2016,ridge,base_soil,4.351493061071525
2015,Baranya,maize,6.57,6.46,2015-2016,ridge,base_soil,6.367595200562092
2015,Baranya,wheat,5.78,5.184,2015-2016,ridge,base_soil,4.809917510143655
2015,Békés,barley,4.99,3.552,2015-2016,ridge,base_soil,3.543164744131363
2015,Békés,maize,6.25,5.976,2015-2016,ridge,base_soil,5.910684631819412
2015,Békés,wheat,5.42,3.976,2015-2016,ridge,base_soil,3.9698345774025157
2015,Borsod-Abaúj-Zemplén,barley,4.58,3.628,2015-2016,ridge,base_soil,3.670992876797018
2015,Borsod-Abaúj-Zemplén,maize,4.93,6.37,2015-2016,ridge,base_soil,6.2068122282302465
2015,Borsod-Abaúj-Zemplén,wheat,4.98,4.16,2015-2016,ridge,base_soil,4.15482101850993
2015,Csongrád-Csanád,barley,4.37,3.566,2015-2016,ridge,base_soil,3.7143931021973717
2015,Csongrád-Csanád,maize,5.22,5.25,2015-2016,ridge,base_soil,5.690272728340034
2015,Csongrád-Csanád,wheat,4.91,4.062,2015-2016,ridge,base_soil,4.179168474429697
2015,Fejér,barley,5.79,4.256,2015-2016,ridge,base_soil,4.193364121857521
2015,Fejér,maize,6.21,6.674,2015-2016,ridge,base_soil,6.557708547965472
2015,Fejér,wheat,5.87,4.696,2015-2016,ridge,base_soil,4.628501852675601
2015,Győr-Moson-Sopron,barley,4.89,3.852,2015-2016,ridge,base_soil,3.895508482343881
2015,Győr-Moson-Sopron,maize,5.51,6.822,2015-2016,ridge,base_soil,6.551995373820823
2015,Győr-Moson-Sopron,wheat,5.17,4.452,2015-2016,ridge,base_soil,4.4153251886312335
2015,Hajdú-Bihar,barley,5.03,3.816,2015-2016,ridge,base_soil,3.8505325362532465
2015,Hajdú-Bihar,maize,6.07,6.292,2015-2016,ridge,base_soil,6.24557309096881
2015,Hajdú-Bihar,wheat,5.15,4.328,2015-2016,ridge,base_soil,4.3237758060325
2015,Heves,barley,4.54,3.33,2015-2016,ridge,base_soil,3.483350160956947
2015,Heves,maize,3.88,4.654,2015-2016,ridge,base_soil,5.268702092293745
2015,Heves,wheat,4.88,3.622,2015-2016,ridge,base_soil,3.8401598394659495
2015,Jász-Nagykun-Szolnok,barley,4.64,3.436,2015-2016,ridge,base_soil,3.531404358305253
2015,Jász-Nagykun-Szolnok,maize,4.53,4.168,2015-2016,ridge,base_soil,5.003444080405742
2015,Jász-Nagykun-Szolnok,wheat,4.73,3.498,2015-2016,ridge,base_soil,3.7664880095771758
2015,Komárom-Esztergom,barley,4.98,3.724,2015-2016,ridge,base_soil,3.902025518344281
2015,Komárom-Esztergom,maize,6.13,6.25,2015-2016,ridge,base_soil,6.323528252893992
2015,Komárom-Esztergom,wheat,5.5,4.14,2015-2016,ridge,base_soil,4.32446140284197
2015,Nógrád,barley,3.21,2.59,2015-2016,ridge,base_soil,3.226492591646265
2015,Nógrád,maize,3.54,4.436,2015-2016,ridge,base_soil,5.288109680451566
2015,Nógrád,wheat,4.06,3.346,2015-2016,ridge,base_soil,3.828871299016159
2015,Pest,barley,4.55,3.688,2015-2016,ridge,base_soil,3.914034568450564
2015,Pest,maize,5.5,5.528,2015-2016,ridge,base_soil,5.9724761956757675
2015,Pest,wheat,4.91,3.854,2015-2016,ridge,base_soil,4.204159553777514
2015,Somogy,barley,4.37,4.12,2015-2016,ridge,base_soil,4.172097640701934
2015,Somogy,maize,6.9,5.96,2015-2016,ridge,base_soil,6.230539267927137
2015,Somogy,wheat,5.53,4.69,2015-2016,ridge,base_soil,4.676037039088798
2015,Szabolcs-Szatmár-Bereg,barley,4.03,3.282,2015-2016,ridge,base_soil,3.6664994385813285
2015,Szabolcs-Szatmár-Bereg,maize,3.62,5.78,2015-2016,ridge,base_soil,6.073183352423916
2015,Szabolcs-Szatmár-Bereg,wheat,4.88,3.964,2015-2016,ridge,base_soil,4.229714119796684
2015,Tolna,barley,5.69,4.66,2015-2016,ridge,base_soil,4.366595381255078
2015,Tolna,maize,7.34,6.69,2015-2016,ridge,base_soil,6.525593291850043
2015,Tolna,wheat,6.08,5.018,2015-2016,ridge,base_soil,4.758335137145155
2015,Vas,barley,4.69,4.168,2015-2016,ridge,base_soil,4.082419114091768
2015,Vas,maize,6.11,6.624,2015-2016,ridge,base_soil,6.466874796873672
2015,Vas,wheat,5.24,4.558,2015-2016,ridge,base_soil,4.4910946650757
2015,Veszprém,barley,3.91,3.402,2015-2016,ridge,base_soil,3.710674084085663
2015,Veszprém,maize,5.22,5.352,2015-2016,ridge,base_soil,5.827332506945991
2015,Veszprém,wheat,4.48,3.754,2015-2016,ridge,base_soil,4.0992383783956425
2015,Zala,barley,4.6,4.348,2015-2016,ridge,base_soil,4.195201209160081
2015,Zala,maize,6.3,6.074,2015-2016,ridge,base_soil,6.193309066363427
2015,Zala,wheat,5.26,4.722,2015-2016,ridge,base_soil,4.595408862597086
2016,Bács-Kiskun,barley,4.7,4.21,2015-2016,ridge,base_soil,4.283288367881317
2016,Bács-Kiskun,maize,8.1,5.534,2015-2016,ridge,base_soil,6.068640299218115
2016,Bács-Kiskun,wheat,5.42,4.484,2015-2016,ridge,base_soil,4.630571661650027
2016,Baranya,barley,6.06,4.936,2015-2016,ridge,base_soil,4.476394549888703
2016,Baranya,maize,9.02,6.394,2015-2016,ridge,base_soil,6.332665123181017
2016,Baranya,wheat,6.42,5.5,2015-2016,ridge,base_soil,4.977158486695469
2016,Békés,barley,5.13,3.958,2015-2016,ridge,base_soil,3.758037644384643
2016,Békés,maize,8.73,5.902,2015-2016,ridge,base_soil,5.871520605664873
2016,Békés,wheat,5.01,4.364,2015-2016,ridge,base_soil,4.175181092915502
2016,Borsod-Abaúj-Zemplén,barley,4.94,3.916,2015-2016,ridge,base_soil,3.823415032641709
2016,Borsod-Abaúj-Zemplén,maize,8.54,6.344,2015-2016,ridge,base_soil,6.19305189471649
2016,Borsod-Abaúj-Zemplén,wheat,5.48,4.396,2015-2016,ridge,base_soil,4.279722507327107
2016,Csongrád-Csanád,barley,4.28,3.806,2015-2016,ridge,base_soil,3.841411565401281
2016,Csongrád-Csanád,maize,7.44,5.07,2015-2016,ridge,base_soil,5.595008880937102
2016,Csongrád-Csanád,wheat,4.8,4.29,2015-2016,ridge,base_soil,4.299836014473411
2016,Fejér,barley,5.85,4.65,2015-2016,ridge,base_soil,4.401886098950605
2016,Fejér,maize,9.37,6.432,2015-2016,ridge,base_soil,6.429631597568197
2016,Fejér,wheat,6.3,5.01,2015-2016,ridge,base_soil,4.794684342034048
2016,Győr-Moson-Sopron,barley,5.09,4.182,2015-2016,ridge,base_soil,4.070158869249256
2016,Győr-Moson-Sopron,maize,8.73,6.58,2015-2016,ridge,base_soil,6.423918423423547
2016,Győr-Moson-Sopron,wheat,5.1,4.698,2015-2016,ridge,base_soil,4.54551911341524
2016,Hajdú-Bihar,barley,5.31,4.226,2015-2016,ridge,base_soil,4.067522410893258
2016,Hajdú-Bihar,maize,9.57,6.234,2015-2016,ridge,base_soil,6.214876962361198
2016,Hajdú-Bihar,wheat,5.47,4.674,2015-2016,ridge,base_soil,4.506894090484803
2016,Heves,barley,4.86,3.622,2015-2016,ridge,base_soil,3.63788929118837
2016,Heves,maize,7.11,4.46,2015-2016,ridge,base_soil,5.166028834537252
2016,Heves,wheat,4.71,3.958,2015-2016,ridge,base_soil,4.017985687951422
2016,Jász-Nagykun-Szolnok,barley,4.88,3.824,2015-2016,ridge,base_soil,3.7367508738182393
2016,Jász-Nagykun-Szolnok,maize,6.79,4.238,2015-2016,ridge,base_soil,5.040491132173549
2016,Jász-Nagykun-Szolnok,wheat,4.52,3.86,2015-2016,ridge,base_soil,3.9580741915764053
2016,Komárom-Esztergom,barley,5.08,4.07,2015-2016,ridge,base_soil,4.085143802796583
2016,Komárom-Esztergom,maize,8.34,6.16,2015-2016,ridge,base_soil,6.275896329192525
2016,Komárom-Esztergom,wheat,5.42,4.464,2015-2016,ridge,base_soil,4.4959363281672475
2016,Nógrád,barley,4.0,2.734,2015-2016,ridge,base_soil,3.3027036695686105
2016,Nógrád,maize,6.29,4.226,2015-2016,ridge,base_soil,5.176968525148146
2016,Nógrád,wheat,4.6,3.488,2015-2016,ridge,base_soil,3.9040238897451385
2016,Pest,barley,4.64,3.992,2015-2016,ridge,base_soil,4.074924621842182
2016,Pest,maize,7.41,5.4,2015-2016,ridge,base_soil,5.90473301530035
2016,Pest,wheat,4.75,4.182,2015-2016,ridge,base_soil,4.377751453489524
2016,Somogy,barley,5.93,4.256,2015-2016,ridge,base_soil,4.244074769850816
2016,Somogy,maize,9.62,5.924,2015-2016,ridge,base_soil,6.2114864984465505
2016,Somogy,wheat,6.18,4.974,2015-2016,ridge,base_soil,4.826342220546757
2016,Szabolcs-Szatmár-Bereg,barley,4.49,3.518,2015-2016,ridge,base_soil,3.791400927398506
2016,Szabolcs-Szatmár-Bereg,maize,8.47,5.514,2015-2016,ridge,base_soil,5.932404555706251
2016,Szabolcs-Szatmár-Bereg,wheat,4.85,4.24,2015-2016,ridge,base_soil,4.37578535248118
2016,Tolna,barley,6.3,5.028,2015-2016,ridge,base_soil,4.561357024834406
2016,Tolna,maize,9.45,6.608,2015-2016,ridge,base_soil,6.4821953169220405
2016,Tolna,wheat,6.39,5.386,2015-2016,ridge,base_soil,4.953096780724484
2016,Vas,barley,4.75,4.236,2015-2016,ridge,base_soil,4.118407678666209
2016,Vas,maize,8.8,6.434,2015-2016,ridge,base_soil,6.36631851350391
2016,Vas,wheat,6.06,4.686,2015-2016,ridge,base_soil,4.5588378454511185
2016,Veszprém,barley,4.4,3.542,2015-2016,ridge,base_soil,3.7847681876212764
2016,Veszprém,maize,6.89,5.37,2015-2016,ridge,base_soil,5.836858891686284
2016,Veszprém,wheat,5.07,3.966,2015-2016,ridge,base_soil,4.211438020892429
2016,Zala,barley,5.48,4.438,2015-2016,ridge,base_soil,4.242833132861547
2016,Zala,maize,8.37,5.99,2015-2016,ridge,base_soil,6.148852604242059
2016,Zala,wheat,5.94,4.888,2015-2016,ridge,base_soil,4.683263299646456
2015,Bács-Kiskun,barley,4.79,3.956,2015-2016,xgboost,base_weather,4.243918418884277
2015,Bács-Kiskun,maize,5.6,5.64,2015-2016,xgboost,base_weather,6.131129741668701
2015,Bács-Kiskun,wheat,5.03,4.246,2015-2016,xgboost,base_weather,4.528236389160156
2015,Baranya,barley,5.06,4.7,2015-2016,xgboost,base_weather,4.940256118774414
2015,Baranya,maize,6.57,6.46,2015-2016,xgboost,base_weather,5.959482192993164
2015,Baranya,wheat,5.78,5.184,2015-2016,xgboost,base_weather,5.098781585693359
2015,Békés,barley,4.99,3.552,2015-2016,xgboost,base_weather,3.9121034145355225
2015,Békés,maize,6.25,5.976,2015-2016,xgboost,base_weather,6.107062816619873
2015,Békés,wheat,5.42,3.976,2015-2016,xgboost,base_weather,4.3369832038879395
2015,Borsod-Abaúj-Zemplén,barley,4.58,3.628,2015-2016,xgboost,base_weather,3.565633535385132
2015,Borsod-Abaúj-Zemplén,maize,4.93,6.37,2015-2016,xgboost,base_weather,6.6222944259643555
2015,Borsod-Abaúj-Zemplén,wheat,4.98,4.16,2015-2016,xgboost,base_weather,4.205139636993408
2015,Csongrád-Csanád,barley,4.37,3.566,2015-2016,xgboost,base_weather,3.8505454063415527
2015,Csongrád-Csanád,maize,5.22,5.25,2015-2016,xgboost,base_weather,5.7095794677734375
2015,Csongrád-Csanád,wheat,4.91,4.062,2015-2016,xgboost,base_weather,4.311633110046387
2015,Fejér,barley,5.79,4.256,2015-2016,xgboost,base_weather,4.223300457000732
2015,Fejér,maize,6.21,6.674,2015-2016,xgboost,base_weather,6.370793342590332
2015,Fejér,wheat,5.87,4.696,2015-2016,xgboost,base_weather,4.685359001159668
2015,Győr-Moson-Sopron,barley,4.89,3.852,2015-2016,xgboost,base_weather,4.04239559173584
2015,Győr-Moson-Sopron,maize,5.51,6.822,2015-2016,xgboost,base_weather,6.828858375549316
2015,Győr-Moson-Sopron,wheat,5.17,4.452,2015-2016,xgboost,base_weather,4.595163822174072
2015,Hajdú-Bihar,barley,5.03,3.816,2015-2016,xgboost,base_weather,3.7853798866271973
2015,Hajdú-Bihar,maize,6.07,6.292,2015-2016,xgboost,base_weather,7.7022175788879395
2015,Hajdú-Bihar,wheat,5.15,4.328,2015-2016,xgboost,base_weather,4.331995964050293
2015,Heves,barley,4.54,3.33,2015-2016,xgboost,base_weather,3.7288646697998047
2015,Heves,maize,3.88,4.654,2015-2016,xgboost,base_weather,4.955211162567139
2015,Heves,wheat,4.88,3.622,2015-2016,xgboost,base_weather,4.050941467285156
2015,Jász-Nagykun-Szolnok,barley,4.64,3.436,2015-2016,xgboost,base_weather,3.8253939151763916
2015,Jász-Nagykun-Szolnok,maize,4.53,4.168,2015-2016,xgboost,base_weather,5.372153282165527
2015,Jász-Nagykun-Szolnok,wheat,4.73,3.498,2015-2016,xgboost,base_weather,4.173017978668213
2015,Komárom-Esztergom,barley,4.98,3.724,2015-2016,xgboost,base_weather,3.757996082305908
2015,Komárom-Esztergom,maize,6.13,6.25,2015-2016,xgboost,base_weather,7.29721736907959
2015,Komárom-Esztergom,wheat,5.5,4.14,2015-2016,xgboost,base_weather,4.38710355758667
2015,Nógrád,barley,3.21,2.59,2015-2016,xgboost,base_weather,2.9447243213653564
2015,Nógrád,maize,3.54,4.436,2015-2016,xgboost,base_weather,4.429370403289795
2015,Nógrád,wheat,4.06,3.346,2015-2016,xgboost,base_weather,3.511220932006836
2015,Pest,barley,4.55,3.688,2015-2016,xgboost,base_weather,3.8121278285980225
2015,Pest,maize,5.5,5.528,2015-2016,xgboost,base_weather,5.951134204864502
2015,Pest,wheat,4.91,3.854,2015-2016,xgboost,base_weather,4.0540385246276855
2015,Somogy,barley,4.37,4.12,2015-2016,xgboost,base_weather,4.557449817657471
2015,Somogy,maize,6.9,5.96,2015-2016,xgboost,base_weather,6.702262878417969
2015,Somogy,wheat,5.53,4.69,2015-2016,xgboost,base_weather,5.063017845153809
2015,Szabolcs-Szatmár-Bereg,barley,4.03,3.282,2015-2016,xgboost,base_weather,3.6736485958099365
2015,Szabolcs-Szatmár-Bereg,maize,3.62,5.78,2015-2016,xgboost,base_weather,5.910616874694824
2015,Szabolcs-Szatmár-Bereg,wheat,4.88,3.964,2015-2016,xgboost,base_weather,4.257195949554443
2015,Tolna,barley,5.69,4.66,2015-2016,xgboost,base_weather,4.6450276374816895
2015,Tolna,maize,7.34,6.69,2015-2016,xgboost,base_weather,6.020384788513184
2015,Tolna,wheat,6.08,5.018,2015-2016,xgboost,base_weather,4.936832427978516
2015,Vas,barley,4.69,4.168,2015-2016,xgboost,base_weather,4.217092037200928
2015,Vas,maize,6.11,6.624,2015-2016,xgboost,base_weather,6.1871657371521
2015,Vas,wheat,5.24,4.558,2015-2016,xgboost,base_weather,4.554799556732178
2015,Veszprém,barley,3.91,3.402,2015-2016,xgboost,base_weather,4.219682693481445
2015,Veszprém,maize,5.22,5.352,2015-2016,xgboost,base_weather,6.723705291748047
2015,Veszprém,wheat,4.48,3.754,2015-2016,xgboost,base_weather,4.387465000152588
2015,Zala,barley,4.6,4.348,2015-2016,xgboost,base_weather,4.588602066040039
2015,Zala,maize,6.3,6.074,2015-2016,xgboost,base_weather,6.51248025894165
2015,Zala,wheat,5.26,4.722,2015-2016,xgboost,base_weather,4.992608070373535
2016,Bács-Kiskun,barley,4.7,4.21,2015-2016,xgboost,base_weather,4.265676021575928
2016,Bács-Kiskun,maize,8.1,5.534,2015-2016,xgboost,base_weather,5.450055122375488
2016,Bács-Kiskun,wheat,5.42,4.484,2015-2016,xgboost,base_weather,4.538224697113037
2016,Baranya,barley,6.06,4.936,2015-2016,xgboost,base_weather,4.976685523986816
2016,Baranya,maize,9.02,6.394,2015-2016,xgboost,base_weather,6.171091556549072
2016,Baranya,wheat,6.42,5.5,2015-2016,xgboost,base_weather,5.086209297180176
2016,Békés,barley,5.13,3.958,2015-2016,xgboost,base_weather,4.098679542541504
2016,Békés,maize,8.73,5.902,2015-2016,xgboost,base_weather,5.655605792999268
2016,Békés,wheat,5.01,4.364,2015-2016,xgboost,base_weather,4.399194240570068
2016,Borsod-Abaúj-Zemplén,barley,4.94,3.916,2015-2016,xgboost,base_weather,3.9652762413024902
2016,Borsod-Abaúj-Zemplén,maize,8.54,6.344,2015-2016,xgboost,base_weather,7.460097312927246
2016,Borsod-Abaúj-Zemplén,wheat,5.48,4.396,2015-2016,xgboost,base_weather,4.264673233032227
2016,Csongrád-Csanád,barley,4.28,3.806,2015-2016,xgboost,base_weather,3.826207160949707
2016,Csongrád-Csanád,maize,7.44,5.07,2015-2016,xgboost,base_weather,6.598763465881348
2016,Csongrád-Csanád,wheat,4.8,4.29,2015-2016,xgboost,base_weather,4.371587753295898
2016,Fejér,barley,5.85,4.65,2015-2016,xgboost,base_weather,4.270622253417969
2016,Fejér,maize,9.37,6.432,2015-2016,xgboost,base_weather,6.262305736541748
2016,Fejér,wheat,6.3,5.01,2015-2016,xgboost,base_weather,4.610470771789551
2016,Győr-Moson-Sopron,barley,5.09,4.182,2015-2016,xgboost,base_weather,4.464423179626465
2016,Győr-Moson-Sopron,maize,8.73,6.58,2015-2016,xgboost,base_weather,7.7016987800598145
2016,Győr-Moson-Sopron,wheat,5.1,4.698,2015-2016,xgboost,base_weather,4.905192852020264
2016,Hajdú-Bihar,barley,5.31,4.226,2015-2016,xgboost,base_weather,4.156005859375
2016,Hajdú-Bihar,maize,9.57,6.234,2015-2016,xgboost,base_weather,6.3297247886657715
2016,Hajdú-Bihar,wheat,5.47,4.674,2015-2016,xgboost,base_weather,4.611081600189209
2016,Heves,barley,4.86,3.622,2015-2016,xgboost,base_weather,4.004674911499023
2016,Heves,maize,7.11,4.46,2015-2016,xgboost,base_weather,5.700994968414307
2016,Heves,wheat,4.71,3.958,2015-2016,xgboost,base_weather,4.401154518127441
2016,Jász-Nagykun-Szolnok,barley,4.88,3.824,2015-2016,xgboost,base_weather,3.795408248901367
2016,Jász-Nagykun-Szolnok,maize,6.79,4.238,2015-2016,xgboost,base_weather,3.878244400024414
2016,Jász-Nagykun-Szolnok,wheat,4.52,3.86,2015-2016,xgboost,base_weather,4.078711032867432
2016,Komárom-Esztergom,barley,5.08,4.07,2015-2016,xgboost,base_weather,4.466267108917236
2016,Komárom-Esztergom,maize,8.34,6.16,2015-2016,xgboost,base_weather,6.654420375823975
2016,Komárom-Esztergom,wheat,5.42,4.464,2015-2016,xgboost,base_weather,4.679871082305908
2016,Nógrád,barley,4.0,2.734,2015-2016,xgboost,base_weather,3.2018845081329346
2016,Nógrád,maize,6.29,4.226,2015-2016,xgboost,base_weather,4.918137550354004
2016,Nógrád,wheat,4.6,3.488,2015-2016,xgboost,base_weather,3.859529733657837
2016,Pest,barley,4.64,3.992,2015-2016,xgboost,base_weather,4.28041410446167
2016,Pest,maize,7.41,5.4,2015-2016,xgboost,base_weather,5.767033576965332
2016,Pest,wheat,4.75,4.182,2015-2016,xgboost,base_weather,4.560916423797607
2016,Somogy,barley,5.93,4.256,2015-2016,xgboost,base_weather,4.612764358520508
2016,Somogy,maize,9.62,5.924,2015-2016,xgboost,base_weather,7.101186752319336
2016,Somogy,wheat,6.18,4.974,2015-2016,xgboost,base_weather,5.084856033325195
2016,Szabolcs-Szatmár-Bereg,barley,4.49,3.518,2015-2016,xgboost,base_weather,4.062512397766113
2016,Szabolcs-Szatmár-Bereg,maize,8.47,5.514,2015-2016,xgboost,base_weather,5.89774751663208
2016,Szabolcs-Szatmár-Bereg,wheat,4.85,4.24,2015-2016,xgboost,base_weather,4.5886688232421875
2016,Tolna,barley,6.3,5.028,2015-2016,xgboost,base_weather,4.870400905609131
2016,Tolna,maize,9.45,6.608,2015-2016,xgboost,base_weather,6.471632480621338
2016,Tolna,wheat,6.39,5.386,2015-2016,xgboost,base_weather,4.888027667999268
2016,Vas,barley,4.75,4.236,2015-2016,xgboost,base_weather,4.482914924621582
2016,Vas,maize,8.8,6.434,2015-2016,xgboost,base_weather,5.930753231048584
2016,Vas,wheat,6.06,4.686,2015-2016,xgboost,base_weather,4.887083530426025
2016,Veszprém,barley,4.4,3.542,2015-2016,xgboost,base_weather,4.095982551574707
2016,Veszprém,maize,6.89,5.37,2015-2016,xgboost,base_weather,6.808880805969238
2016,Veszprém,wheat,5.07,3.966,2015-2016,xgboost,base_weather,4.523480415344238
2016,Zala,barley,5.48,4.438,2015-2016,xgboost,base_weather,4.665493488311768
2016,Zala,maize,8.37,5.99,2015-2016,xgboost,base_weather,7.0191144943237305
2016,Zala,wheat,5.94,4.888,2015-2016,xgboost,base_weather,5.1204633712768555
2015,Bács-Kiskun,barley,4.79,3.956,2015-2016,ridge,base_weather,4.159249517330614
2015,Bács-Kiskun,maize,5.6,5.64,2015-2016,ridge,base_weather,6.18021808304399
2015,Bács-Kiskun,wheat,5.03,4.246,2015-2016,ridge,base_weather,4.572997351090694
2015,Baranya,barley,5.06,4.7,2015-2016,ridge,base_weather,4.944700005999749
2015,Baranya,maize,6.57,6.46,2015-2016,ridge,base_weather,6.801624408997254
2015,Baranya,wheat,5.78,5.184,2015-2016,ridge,base_weather,5.422123909317098
2015,Békés,barley,4.99,3.552,2015-2016,ridge,base_weather,3.941957691616515
2015,Békés,maize,6.25,5.976,2015-2016,ridge,base_weather,6.273883626308959
2015,Békés,wheat,5.42,3.976,2015-2016,ridge,base_weather,4.399687965173884
2015,Borsod-Abaúj-Zemplén,barley,4.58,3.628,2015-2016,ridge,base_weather,3.765226230242223
2015,Borsod-Abaúj-Zemplén,maize,4.93,6.37,2015-2016,ridge,base_weather,6.220496253680057
2015,Borsod-Abaúj-Zemplén,wheat,4.98,4.16,2015-2016,ridge,base_weather,4.258405037367555
2015,Csongrád-Csanád,barley,4.37,3.566,2015-2016,ridge,base_weather,4.0194315749182365
2015,Csongrád-Csanád,maize,5.22,5.25,2015-2016,ridge,base_weather,6.090700157936878
2015,Csongrád-Csanád,wheat,4.91,4.062,2015-2016,ridge,base_weather,4.5007942041875815
2015,Fejér,barley,5.79,4.256,2015-2016,ridge,base_weather,4.0243044276273725
2015,Fejér,maize,6.21,6.674,2015-2016,ridge,base_weather,6.358440812572396
2015,Fejér,wheat,5.87,4.696,2015-2016,ridge,base_weather,4.487286335787402
2015,Győr-Moson-Sopron,barley,4.89,3.852,2015-2016,ridge,base_weather,3.987840738168945
2015,Győr-Moson-Sopron,maize,5.51,6.822,2015-2016,ridge,base_weather,6.5275754660025544
2015,Győr-Moson-Sopron,wheat,5.17,4.452,2015-2016,ridge,base_weather,4.503338992355588
2015,Hajdú-Bihar,barley,5.03,3.816,2015-2016,ridge,base_weather,3.912334936194476
2015,Hajdú-Bihar,maize,6.07,6.292,2015-2016,ridge,base_weather,6.247646793983444
2015,Hajdú-Bihar,wheat,5.15,4.328,2015-2016,ridge,base_weather,4.3989492000664825
2015,Heves,barley,4.54,3.33,2015-2016,ridge,base_weather,3.6506389248169517
2015,Heves,maize,3.88,4.654,2015-2016,ridge,base_weather,5.61720520589674
2015,Heves,wheat,4.88,3.622,2015-2016,ridge,base_weather,4.065043212902364
2015,Jász-Nagykun-Szolnok,barley,4.64,3.436,2015-2016,ridge,base_weather,3.7376991393212604
2015,Jász-Nagykun-Szolnok,maize,4.53,4.168,2015-2016,ridge,base_weather,5.6106823609070045
2015,Jász-Nagykun-Szolnok,wheat,4.73,3.498,2015-2016,ridge,base_weather,4.0766111799934155
2015,Komárom-Esztergom,barley,4.98,3.724,2015-2016,ridge,base_weather,3.976441331328334
2015,Komárom-Esztergom,maize,6.13,6.25,2015-2016,ridge,base_weather,6.2228835158929225
2015,Komárom-Esztergom,wheat,5.5,4.14,2015-2016,ridge,base_weather,4.431545787584372
2015,Nógrád,barley,3.21,2.59,2015-2016,ridge,base_weather,3.2191346718257043
2015,Nógrád,maize,3.54,4.436,2015-2016,ridge,base_weather,5.286716428041379
2015,Nógrád,wheat,4.06,3.346,2015-2016,ridge,base_weather,3.785836363388296
2015,Pest,barley,4.55,3.688,2015-2016,ridge,base_weather,3.8093265810385253
2015,Pest,maize,5.5,5.528,2015-2016,ridge,base_weather,5.942529612692516
2015,Pest,wheat,4.91,3.854,2015-2016,ridge,base_weather,4.182374246627979
2015,Somogy,barley,4.37,4.12,2015-2016,ridge,base_weather,4.536457797933907
2015,Somogy,maize,6.9,5.96,2015-2016,ridge,base_weather,6.506071004880127
2015,Somogy,wheat,5.53,4.69,2015-2016,ridge,base_weather,5.0421092372405605
2015,Szabolcs-Szatmár-Bereg,barley,4.03,3.282,2015-2016,ridge,base_weather,3.760462043726897
2015,Szabolcs-Szatmár-Bereg,maize,3.62,5.78,2015-2016,ridge,base_weather,5.986951548308088
2015,Szabolcs-Szatmár-Bereg,wheat,4.88,3.964,2015-2016,ridge,base_weather,4.30287492525218
2015,Tolna,barley,5.69,4.66,2015-2016,ridge,base_weather,4.563717453795334
2015,Tolna,maize,7.34,6.69,2015-2016,ridge,base_weather,6.656888380222149
2015,Tolna,wheat,6.08,5.018,2015-2016,ridge,base_weather,4.999784734616725
2015,Vas,barley,4.69,4.168,2015-2016,ridge,base_weather,4.246053561229184
2015,Vas,maize,6.11,6.624,2015-2016,ridge,base_weather,6.64584967666857
2015,Vas,wheat,5.24,4.558,2015-2016,ridge,base_weather,4.692624111255897
2015,Veszprém,barley,3.91,3.402,2015-2016,ridge,base_weather,4.020087436316821
2015,Veszprém,maize,5.22,5.352,2015-2016,ridge,base_weather,6.177698378817132
2015,Veszprém,wheat,4.48,3.754,2015-2016,ridge,base_weather,4.454185354162213
2015,Zala,barley,4.6,4.348,2015-2016,ridge,base_weather,4.587159568050132
2015,Zala,maize,6.3,6.074,2015-2016,ridge,base_weather,6.626474988513828
2015,Zala,wheat,5.26,4.722,2015-2016,ridge,base_weather,5.028478483474184
2016,Bács-Kiskun,barley,4.7,4.21,2015-2016,ridge,base_weather,4.314206632514231
2016,Bács-Kiskun,maize,8.1,5.534,2015-2016,ridge,base_weather,6.147166794653501
2016,Bács-Kiskun,wheat,5.42,4.484,2015-2016,ridge,base_weather,4.722702831671649
2016,Baranya,barley,6.06,4.936,2015-2016,ridge,base_weather,5.105558617379132
2016,Baranya,maize,9.02,6.394,2015-2016,ridge,base_weather,6.779463044151155
2016,Baranya,wheat,6.42,5.5,2015-2016,ridge,base_weather,5.609240693709788
2016,Békés,barley,5.13,3.958,2015-2016,ridge,base_weather,4.129806839531106
2016,Békés,maize,8.73,5.902,2015-2016,ridge,base_weather,6.2506673174231455
2016,Békés,wheat,5.01,4.364,2015-2016,ridge,base_weather,4.581629024160481
2016,Borsod-Abaúj-Zemplén,barley,4.94,3.916,2015-2016,ridge,base_weather,3.866805695533577
2016,Borsod-Abaúj-Zemplén,maize,8.54,6.344,2015-2016,ridge,base_weather,6.205687817242692
2016,Borsod-Abaúj-Zemplén,wheat,5.48,4.396,2015-2016,ridge,base_weather,4.34291669020026
2016,Csongrád-Csanád,barley,4.28,3.806,2015-2016,ridge,base_weather,4.167436266530377
2016,Csongrád-Csanád,maize,7.44,5.07,2015-2016,ridge,base_weather,6.040010253845264
2016,Csongrád-Csanád,wheat,4.8,4.29,2015-2016,ridge,base_weather,4.644860169847726
2016,Fejér,barley,5.85,4.65,2015-2016,ridge,base_weather,4.240905676303445
2016,Fejér,maize,9.37,6.432,2015-2016,ridge,base_weather,6.260862399082901
2016,Fejér,wheat,6.3,5.01,2015-2016,ridge,base_weather,4.677629411450168
2016,Győr-Moson-Sopron,barley,5.09,4.182,2015-2016,ridge,base_weather,4.231712249220187
2016,Győr-Moson-Sopron,maize,8.73,6.58,2015-2016,ridge,base_weather,6.499409288101537
2016,Győr-Moson-Sopron,wheat,5.1,4.698,2015-2016,ridge,base_weather,4.719639421742858
2016,Hajdú-Bihar,barley,5.31,4.226,2015-2016,ridge,base_weather,4.045445158769838
2016,Hajdú-Bihar,maize,9.57,6.234,2015-2016,ridge,base_weather,6.202674606209323
2016,Hajdú-Bihar,wheat,5.47,4.674,2015-2016,ridge,base_weather,4.511052884231199
2016,Heves,barley,4.86,3.622,2015-2016,ridge,base_weather,3.8110622126124225
2016,Heves,maize,7.11,4.46,2015-2016,ridge,base_weather,5.574065993815129
2016,Heves,wheat,4.71,3.958,2015-2016,ridge,base_weather,4.239908495855154
2016,Jász-Nagykun-Szolnok,barley,4.88,3.824,2015-2016,ridge,base_weather,3.9530216318976517
2016,Jász-Nagykun-Szolnok,maize,6.79,4.238,2015-2016,ridge,base_weather,5.604948440871926
2016,Jász-Nagykun-Szolnok,wheat,4.52,3.86,2015-2016,ridge,base_weather,4.283399766340482
2016,Komárom-Esztergom,barley,5.08,4.07,2015-2016,ridge,base_weather,4.2039409486917325
2016,Komárom-Esztergom,maize,8.34,6.16,2015-2016,ridge,base_weather,6.21235127199529
2016,Komárom-Esztergom,wheat,5.42,4.464,2015-2016,ridge,base_weather,4.651824407369111
2016,Nógrád,barley,4.0,2.734,2015-2016,ridge,base_weather,3.31467019003969
2016,Nógrád,maize,6.29,4.226,2015-2016,ridge,base_weather,5.231062904337074
2016,Nógrád,wheat,4.6,3.488,2015-2016,ridge,base_weather,3.8807154272769493
2016,Pest,barley,4.64,3.992,2015-2016,ridge,base_weather,3.97344927969016
2016,Pest,maize,7.41,5.4,2015-2016,ridge,base_weather,5.885278808798768
2016,Pest,wheat,4.75,4.182,2015-2016,ridge,base_weather,4.354374397183606
2016,Somogy,barley,5.93,4.256,2015-2016,ridge,base_weather,4.712196994527772
2016,Somogy,maize,9.62,5.924,2015-2016,ridge,base_weather,6.504339944475647
2016,Somogy,wheat,6.18,4.974,2015-2016,ridge,base_weather,5.2664260539090435
2016,Szabolcs-Szatmár-Bereg,barley,4.49,3.518,2015-2016,ridge,base_weather,3.8104926595583883
2016,Szabolcs-Szatmár-Bereg,maize,8.47,5.514,2015-2016,ridge,base_weather,5.888318791839204
2016,Szabolcs-Szatmár-Bereg,wheat,4.85,4.24,2015-2016,ridge,base_weather,4.366034627590325
2016,Tolna,barley,6.3,5.028,2015-2016,ridge,base_weather,4.783434163222748
2016,Tolna,maize,9.45,6.608,2015-2016,ridge,base_weather,6.610590753900958
2016,Tolna,wheat,6.39,5.386,2015-2016,ridge,base_weather,5.2195014440441385
2016,Vas,barley,4.75,4.236,2015-2016,ridge,base_weather,4.394039748691509
2016,Vas,maize,8.8,6.434,2015-2016,ridge,base_weather,6.627324210153662
2016,Vas,wheat,6.06,4.686,2015-2016,ridge,base_weather,4.860303928478203
2016,Veszprém,barley,4.4,3.542,2015-2016,ridge,base_weather,4.213229302564743
2016,Veszprém,maize,6.89,5.37,2015-2016,ridge,base_weather,6.207778343901536
2016,Veszprém,wheat,5.07,3.966,2015-2016,ridge,base_weather,4.670959576122112
2016,Zala,barley,5.48,4.438,2015-2016,ridge,base_weather,4.7368910532096775
2016,Zala,maize,8.37,5.99,2015-2016,ridge,base_weather,6.606242762541819
2016,Zala,wheat,5.94,4.888,2015-2016,ridge,base_weather,5.20315523299637
2015,Bács-Kiskun,barley,4.79,3.956,2015-2016,xgboost,full,4.277827739715576
2015,Bács-Kiskun,maize,5.6,5.64,2015-2016,xgboost,full,6.160066604614258
2015,Bács-Kiskun,wheat,5.03,4.246,2015-2016,xgboost,full,4.546268463134766
2015,Baranya,barley,5.06,4.7,2015-2016,xgboost,full,4.908191680908203
2015,Baranya,maize,6.57,6.46,2015-2016,xgboost,full,7.193436622619629
2015,Baranya,wheat,5.78,5.184,2015-2016,xgboost,full,5.101313591003418
2015,Békés,barley,4.99,3.552,2015-2016,xgboost,full,3.812812089920044
2015,Békés,maize,6.25,5.976,2015-2016,xgboost,full,6.425023555755615
2015,Békés,wheat,5.42,3.976,2015-2016,xgboost,full,4.114835739135742
2015,Borsod-Abaúj-Zemplén,barley,4.58,3.628,2015-2016,xgboost,full,3.6803512573242188
2015,Borsod-Abaúj-Zemplén,maize,4.93,6.37,2015-2016,xgboost,full,7.1399054527282715
2015,Borsod-Abaúj-Zemplén,wheat,4.98,4.16,2015-2016,xgboost,full,4.413837909698486
2015,Csongrád-Csanád,barley,4.37,3.566,2015-2016,xgboost,full,3.823655605316162
2015,Csongrád-Csanád,maize,5.22,5.25,2015-2016,xgboost,full,5.714719772338867
2015,Csongrád-Csanád,wheat,4.91,4.062,2015-2016,xgboost,full,4.293678283691406
2015,Fejér,barley,5.79,4.256,2015-2016,xgboost,full,4.446692943572998
2015,Fejér,maize,6.21,6.674,2015-2016,xgboost,full,6.711153507232666
2015,Fejér,wheat,5.87,4.696,2015-2016,xgboost,full,4.896434307098389
2015,Győr-Moson-Sopron,barley,4.89,3.852,2015-2016,xgboost,full,4.011984825134277
2015,Győr-Moson-Sopron,maize,5.51,6.822,2015-2016,xgboost,full,6.82271146774292
2015,Győr-Moson-Sopron,wheat,5.17,4.452,2015-2016,xgboost,full,4.567049980163574
2015,Hajdú-Bihar,barley,5.03,3.816,2015-2016,xgboost,full,3.7776219844818115
2015,Hajdú-Bihar,maize,6.07,6.292,2015-2016,xgboost,full,7.68872594833374
2015,Hajdú-Bihar,wheat,5.15,4.328,2015-2016,xgboost,full,4.375216960906982
2015,Heves,barley,4.54,3.33,2015-2016,xgboost,full,3.4931647777557373
2015,Heves,maize,3.88,4.654,2015-2016,xgboost,full,4.339353561401367
2015,Heves,wheat,4.88,3.622,2015-2016,xgboost,full,3.699486017227173
2015,Jász-Nagykun-Szolnok,barley,4.64,3.436,2015-2016,xgboost,full,3.5332720279693604
2015,Jász-Nagykun-Szolnok,maize,4.53,4.168,2015-2016,xgboost,full,5.274116516113281
2015,Jász-Nagykun-Szolnok,wheat,4.73,3.498,2015-2016,xgboost,full,3.9144954681396484
2015,Komárom-Esztergom,barley,4.98,3.724,2015-2016,xgboost,full,3.9007017612457275
2015,Komárom-Esztergom,maize,6.13,6.25,2015-2016,xgboost,full,7.62136697769165
2015,Komárom-Esztergom,wheat,5.5,4.14,2015-2016,xgboost,full,4.539529323577881
2015,Nógrád,barley,3.21,2.59,2015-2016,xgboost,full,3.026552438735962
2015,Nógrád,maize,3.54,4.436,2015-2016,xgboost,full,4.501252174377441
2015,Nógrád,wheat,4.06,3.346,2015-2016,xgboost,full,3.554131269454956
2015,Pest,barley,4.55,3.688,2015-2016,xgboost,full,3.880815267562866
2015,Pest,maize,5.5,5.528,2015-2016,xgboost,full,6.036771774291992
2015,Pest,wheat,4.91,3.854,2015-2016,xgboost,full,4.140389442443848
2015,Somogy,barley,4.37,4.12,2015-2016,xgboost,full,4.5014729499816895
2015,Somogy,maize,6.9,5.96,2015-2016,xgboost,full,6.4434380531311035
2015,Somogy,wheat,5.53,4.69,2015-2016,xgboost,full,4.865880966186523
2015,Szabolcs-Szatmár-Bereg,barley,4.03,3.282,2015-2016,xgboost,full,3.587881088256836
2015,Szabolcs-Szatmár-Bereg,maize,3.62,5.78,2015-2016,xgboost,full,6.17159366607666
2015,Szabolcs-Szatmár-Bereg,wheat,4.88,3.964,2015-2016,xgboost,full,4.162246227264404
2015,Tolna,barley,5.69,4.66,2015-2016,xgboost,full,4.715005397796631
2015,Tolna,maize,7.34,6.69,2015-2016,xgboost,full,6.296663761138916
2015,Tolna,wheat,6.08,5.018,2015-2016,xgboost,full,4.978668212890625
2015,Vas,barley,4.69,4.168,2015-2016,xgboost,full,4.351208686828613
2015,Vas,maize,6.11,6.624,2015-2016,xgboost,full,6.089300155639648
2015,Vas,wheat,5.24,4.558,2015-2016,xgboost,full,4.668156147003174
2015,Veszprém,barley,3.91,3.402,2015-2016,xgboost,full,4.040645599365234
2015,Veszprém,maize,5.22,5.352,2015-2016,xgboost,full,6.344148635864258
2015,Veszprém,wheat,4.48,3.754,2015-2016,xgboost,full,4.1563849449157715
2015,Zala,barley,4.6,4.348,2015-2016,xgboost,full,4.504337310791016
2015,Zala,maize,6.3,6.074,2015-2016,xgboost,full,6.674221515655518
2015,Zala,wheat,5.26,4.722,2015-2016,xgboost,full,4.832458972930908
2016,Bács-Kiskun,barley,4.7,4.21,2015-2016,xgboost,full,4.301602840423584
2016,Bács-Kiskun,maize,8.1,5.534,2015-2016,xgboost,full,5.670078277587891
2016,Bács-Kiskun,wheat,5.42,4.484,2015-2016,xgboost,full,4.492685317993164
2016,Baranya,barley,6.06,4.936,2015-2016,xgboost,full,4.946426868438721
2016,Baranya,maize,9.02,6.394,2015-2016,xgboost,full,7.344619274139404
2016,Baranya,wheat,6.42,5.5,2015-2016,xgboost,full,4.675237655639648
2016,Békés,barley,5.13,3.958,2015-2016,xgboost,full,3.8405299186706543
2016,Békés,maize,8.73,5.902,2015-2016,xgboost,full,6.1309967041015625
2016,Békés,wheat,5.01,4.364,2015-2016,xgboost,full,3.941227436065674
2016,Borsod-Abaúj-Zemplén,barley,4.94,3.916,2015-2016,xgboost,full,3.947969913482666
2016,Borsod-Abaúj-Zemplén,maize,8.54,6.344,2015-2016,xgboost,full,7.465470314025879
2016,Borsod-Abaúj-Zemplén,wheat,5.48,4.396,2015-2016,xgboost,full,4.247316360473633
2016,Csongrád-Csanád,barley,4.28,3.806,2015-2016,xgboost,full,3.7027056217193604
2016,Csongrád-Csanád,maize,7.44,5.07,2015-2016,xgboost,full,6.470643997192383
2016,Csongrád-Csanád,wheat,4.8,4.29,2015-2016,xgboost,full,4.216698169708252
2016,Fejér,barley,5.85,4.65,2015-2016,xgboost,full,4.517572402954102
2016,Fejér,maize,9.37,6.432,2015-2016,xgboost,full,7.384777545928955
2016,Fejér,wheat,6.3,5.01,2015-2016,xgboost,full,4.869991779327393
2016,Győr-Moson-Sopron,barley,5.09,4.182,2015-2016,xgboost,full,4.495266437530518
2016,Győr-Moson-Sopron,maize,8.73,6.58,2015-2016,xgboost,full,7.990408897399902
2016,Győr-Moson-Sopron,wheat,5.1,4.698,2015-2016,xgboost,full,4.8297529220581055
2016,Hajdú-Bihar,barley,5.31,4.226,2015-2016,xgboost,full,4.096218585968018
2016,Hajdú-Bihar,maize,9.57,6.234,2015-2016,xgboost,full,6.567021369934082
2016,Hajdú-Bihar,wheat,5.47,4.674,2015-2016,xgboost,full,4.626065731048584
2016,Heves,barley,4.86,3.622,2015-2016,xgboost,full,3.630610942840576
2016,Heves,maize,7.11,4.46,2015-2016,xgboost,full,5.055654048919678
2016,Heves,wheat,4.71,3.958,2015-2016,xgboost,full,3.984712839126587
2016,Jász-Nagykun-Szolnok,barley,4.88,3.824,2015-2016,xgboost,full,3.2446765899658203
2016,Jász-Nagykun-Szolnok,maize,6.79,4.238,2015-2016,xgboost,full,3.998858690261841
2016,Jász-Nagykun-Szolnok,wheat,4.52,3.86,2015-2016,xgboost,full,3.5531046390533447
2016,Komárom-Esztergom,barley,5.08,4.07,2015-2016,xgboost,full,4.660614967346191
2016,Komárom-Esztergom,maize,8.34,6.16,2015-2016,xgboost,full,7.667059421539307
2016,Komárom-Esztergom,wheat,5.42,4.464,2015-2016,xgboost,full,4.810926914215088
2016,Nógrád,barley,4.0,2.734,2015-2016,xgboost,full,3.1795146465301514
2016,Nógrád,maize,6.29,4.226,2015-2016,xgboost,full,5.234767436981201
2016,Nógrád,wheat,4.6,3.488,2015-2016,xgboost,full,3.7569615840911865
2016,Pest,barley,4.64,3.992,2015-2016,xgboost,full,4.191938400268555
2016,Pest,maize,7.41,5.4,2015-2016,xgboost,full,5.809248924255371
2016,Pest,wheat,4.75,4.182,2015-2016,xgboost,full,4.572290897369385
2016,Somogy,barley,5.93,4.256,2015-2016,xgboost,full,4.558679580688477
2016,Somogy,maize,9.62,5.924,2015-2016,xgboost,full,7.064837455749512
2016,Somogy,wheat,6.18,4.974,2015-2016,xgboost,full,4.934490203857422
2016,Szabolcs-Szatmár-Bereg,barley,4.49,3.518,2015-2016,xgboost,full,4.106830596923828
2016,Szabolcs-Szatmár-Bereg,maize,8.47,5.514,2015-2016,xgboost,full,5.745868682861328
2016,Szabolcs-Szatmár-Bereg,wheat,4.85,4.24,2015-2016,xgboost,full,4.613399982452393
2016,Tolna,barley,6.3,5.028,2015-2016,xgboost,full,4.786513805389404
2016,Tolna,maize,9.45,6.608,2015-2016,xgboost,full,7.009214878082275
2016,Tolna,wheat,6.39,5.386,2015-2016,xgboost,full,4.655297756195068
2016,Vas,barley,4.75,4.236,2015-2016,xgboost,full,4.564709186553955
2016,Vas,maize,8.8,6.434,2015-2016,xgboost,full,6.539444446563721
2016,Vas,wheat,6.06,4.686,2015-2016,xgboost,full,4.896054267883301
2016,Veszprém,barley,4.4,3.542,2015-2016,xgboost,full,4.053452491760254
2016,Veszprém,maize,6.89,5.37,2015-2016,xgboost,full,6.530624866485596
2016,Veszprém,wheat,5.07,3.966,2015-2016,xgboost,full,4.410026550292969
2016,Zala,barley,5.48,4.438,2015-2016,xgboost,full,4.539466381072998
2016,Zala,maize,8.37,5.99,2015-2016,xgboost,full,7.411735534667969
2016,Zala,wheat,5.94,4.888,2015-2016,xgboost,full,4.915502548217773
2015,Bács-Kiskun,barley,4.79,3.956,2015-2016,ridge,full,4.280661072264127
2015,Bács-Kiskun,maize,5.6,5.64,2015-2016,ridge,full,6.321619528134278
2015,Bács-Kiskun,wheat,5.03,4.246,2015-2016,ridge,full,4.709098935836529
2015,Baranya,barley,5.06,4.7,2015-2016,ridge,full,4.843166415737913
2015,Baranya,maize,6.57,6.46,2015-2016,ridge,full,6.685473546624188
2015,Baranya,wheat,5.78,5.184,2015-2016,ridge,full,5.3254027105578805
2015,Békés,barley,4.99,3.552,2015-2016,ridge,full,3.9024023688831364
2015,Békés,maize,6.25,5.976,2015-2016,ridge,full,6.225531974128663
2015,Békés,wheat,5.42,3.976,2015-2016,ridge,full,4.367999973626537
2015,Borsod-Abaúj-Zemplén,barley,4.58,3.628,2015-2016,ridge,full,3.650673725093192
2015,Borsod-Abaúj-Zemplén,maize,4.93,6.37,2015-2016,ridge,full,6.084646669230848
2015,Borsod-Abaúj-Zemplén,wheat,4.98,4.16,2015-2016,ridge,full,4.146220971974413
2015,Csongrád-Csanád,barley,4.37,3.566,2015-2016,ridge,full,3.939634584688447
2015,Csongrád-Csanád,maize,5.22,5.25,2015-2016,ridge,full,6.037397576561684
2015,Csongrád-Csanád,wheat,4.91,4.062,2015-2016,ridge,full,4.425198617523728
2015,Fejér,barley,5.79,4.256,2015-2016,ridge,full,4.159653147257331
2015,Fejér,maize,6.21,6.674,2015-2016,ridge,full,6.489847824411669
2015,Fejér,wheat,5.87,4.696,2015-2016,ridge,full,4.62968773602115
2015,Győr-Moson-Sopron,barley,4.89,3.852,2015-2016,ridge,full,4.111496581170202
2015,Győr-Moson-Sopron,maize,5.51,6.822,2015-2016,ridge,full,6.62794643118332
2015,Győr-Moson-Sopron,wheat,5.17,4.452,2015-2016,ridge,full,4.6259010101381985
2015,Hajdú-Bihar,barley,5.03,3.816,2015-2016,ridge,full,3.794096092340987
2015,Hajdú-Bihar,maize,6.07,6.292,2015-2016,ridge,full,6.1151146973205295
2015,Hajdú-Bihar,wheat,5.15,4.328,2015-2016,ridge,full,4.284097109196686
2015,Heves,barley,4.54,3.33,2015-2016,ridge,full,3.7076160954308004
2015,Heves,maize,3.88,4.654,2015-2016,ridge,full,5.7213236273343675
2015,Heves,wheat,4.88,3.622,2015-2016,ridge,full,4.136608582005754
2015,Jász-Nagykun-Szolnok,barley,4.64,3.436,2015-2016,ridge,full,3.5408319225984095
2015,Jász-Nagykun-Szolnok,maize,4.53,4.168,2015-2016,ridge,full,5.5068740808096655
2015,Jász-Nagykun-Szolnok,wheat,4.73,3.498,2015-2016,ridge,full,3.9060427638798565
2015,Komárom-Esztergom,barley,4.98,3.724,2015-2016,ridge,full,4.253898100243932
2015,Komárom-Esztergom,maize,6.13,6.25,2015-2016,ridge,full,6.472372772775179
2015,Komárom-Esztergom,wheat,5.5,4.14,2015-2016,ridge,full,4.717277212977123
2015,Nógrád,barley,3.21,2.59,2015-2016,ridge,full,3.223767660551932
2015,Nógrád,maize,3.54,4.436,2015-2016,ridge,full,5.3039989400627325
2015,Nógrád,wheat,4.06,3.346,2015-2016,ridge,full,3.7814326837190038
2015,Pest,barley,4.55,3.688,2015-2016,ridge,full,3.8908811141326196
2015,Pest,maize,5.5,5.528,2015-2016,ridge,full,6.04593236387405
2015,Pest,wheat,4.91,3.854,2015-2016,ridge,full,4.284932351546782
2015,Somogy,barley,4.37,4.12,2015-2016,ridge,full,4.470350207364659
2015,Somogy,maize,6.9,5.96,2015-2016,ridge,full,6.438422127259226
2015,Somogy,wheat,5.53,4.69,2015-2016,ridge,full,4.976435291294372
2015,Szabolcs-Szatmár-Bereg,barley,4.03,3.282,2015-2016,ridge,full,3.7516080194319867
2015,Szabolcs-Szatmár-Bereg,maize,3.62,5.78,2015-2016,ridge,full,5.943301012588733
2015,Szabolcs-Szatmár-Bereg,wheat,4.88,3.964,2015-2016,ridge,full,4.2887519915046255
2015,Tolna,barley,5.69,4.66,2015-2016,ridge,full,4.626727619926847
2015,Tolna,maize,7.34,6.69,2015-2016,ridge,full,6.71660502488467
2015,Tolna,wheat,6.08,5.018,2015-2016,ridge,full,5.074022665586024
2015,Vas,barley,4.69,4.168,2015-2016,ridge,full,4.1712266624613985
2015,Vas,maize,6.11,6.624,2015-2016,ridge,full,6.579617938087652
2015,Vas,wheat,5.24,4.558,2015-2016,ridge,full,4.627395676161412
2015,Veszprém,barley,3.91,3.402,2015-2016,ridge,full,4.192577459694362
2015,Veszprém,maize,5.22,5.352,2015-2016,ridge,full,6.36890855507356
2015,Veszprém,wheat,4.48,3.754,2015-2016,ridge,full,4.638208636345881
2015,Zala,barley,4.6,4.348,2015-2016,ridge,full,4.686452545883987
2015,Zala,maize,6.3,6.074,2015-2016,ridge,full,6.750315040927968
2015,Zala,wheat,5.26,4.722,2015-2016,ridge,full,5.138184575563582
2016,Bács-Kiskun,barley,4.7,4.21,2015-2016,ridge,full,4.429856984923961
2016,Bács-Kiskun,maize,8.1,5.534,2015-2016,ridge,full,6.29051865211231
2016,Bács-Kiskun,wheat,5.42,4.484,2015-2016,ridge,full,4.853857864475945
2016,Baranya,barley,6.06,4.936,2015-2016,ridge,full,5.001315403257035
2016,Baranya,maize,9.02,6.394,2015-2016,ridge,full,6.662190155296015
2016,Baranya,wheat,6.42,5.5,2015-2016,ridge,full,5.5057366181790925
2016,Békés,barley,5.13,3.958,2015-2016,ridge,full,4.07284860056279
2016,Békés,maize,8.73,5.902,2015-2016,ridge,full,6.200997398018017
2016,Békés,wheat,5.01,4.364,2015-2016,ridge,full,4.533454598283221
2016,Borsod-Abaúj-Zemplén,barley,4.94,3.916,2015-2016,ridge,full,3.733487281218744
2016,Borsod-Abaúj-Zemplén,maize,8.54,6.344,2015-2016,ridge,full,6.0653665949885065
2016,Borsod-Abaúj-Zemplén,wheat,5.48,4.396,2015-2016,ridge,full,4.214614330033608
2016,Csongrád-Csanád,barley,4.28,3.806,2015-2016,ridge,full,4.081620133077493
2016,Csongrád-Csanád,maize,7.44,5.07,2015-2016,ridge,full,5.992777241009573
2016,Csongrád-Csanád,wheat,4.8,4.29,2015-2016,ridge,full,4.563856427897462
2016,Fejér,barley,5.85,4.65,2015-2016,ridge,full,4.366459638332725
2016,Fejér,maize,9.37,6.432,2015-2016,ridge,full,6.397742763529969
2016,Fejér,wheat,6.3,5.01,2015-2016,ridge,full,4.8143093069944545
2016,Győr-Moson-Sopron,barley,5.09,4.182,2015-2016,ridge,full,4.357018430788491
2016,Győr-Moson-Sopron,maize,8.73,6.58,2015-2016,ridge,full,6.61646008072868
2016,Győr-Moson-Sopron,wheat,5.1,4.698,2015-2016,ridge,full,4.848128693649294
2016,Hajdú-Bihar,barley,5.31,4.226,2015-2016,ridge,full,3.900328623149872
2016,Hajdú-Bihar,maize,9.57,6.234,2015-2016,ridge,full,6.063423973329085
2016,Hajdú-Bihar,wheat,5.47,4.674,2015-2016,ridge,full,4.3725817039239
2016,Heves,barley,4.86,3.622,2015-2016,ridge,full,3.8588789888113673
2016,Heves,maize,7.11,4.46,2015-2016,ridge,full,5.687396699978217
2016,Heves,wheat,4.71,3.958,2015-2016,ridge,full,4.30007318144247
2016,Jász-Nagykun-Szolnok,barley,4.88,3.824,2015-2016,ridge,full,3.7455427638116388
2016,Jász-Nagykun-Szolnok,maize,6.79,4.238,2015-2016,ridge,full,5.488211121560168
2016,Jász-Nagykun-Szolnok,wheat,4.52,3.86,2015-2016,ridge,full,4.103543506059907
2016,Komárom-Esztergom,barley,5.08,4.07,2015-2016,ridge,full,4.47882768747227
2016,Komárom-Esztergom,maize,8.34,6.16,2015-2016,ridge,full,6.465639614644983
2016,Komárom-Esztergom,wheat,5.42,4.464,2015-2016,ridge,full,4.936105947177388
2016,Nógrád,barley,4.0,2.734,2015-2016,ridge,full,3.3150113162578076
2016,Nógrád,maize,6.29,4.226,2015-2016,ridge,full,5.257441891008255
2016,Nógrád,wheat,4.6,3.488,2015-2016,ridge,full,3.872121716422327
2016,Pest,barley,4.64,3.992,2015-2016,ridge,full,4.045233345932119
2016,Pest,maize,7.41,5.4,2015-2016,ridge,full,5.98866778308176
2016,Pest,wheat,4.75,4.182,2015-2016,ridge,full,4.445940059376909
2016,Somogy,barley,5.93,4.256,2015-2016,ridge,full,4.656450081656143
2016,Somogy,maize,9.62,5.924,2015-2016,ridge,full,6.436197507895771
2016,Somogy,wheat,6.18,4.974,2015-2016,ridge,full,5.2035772677747225
2016,Szabolcs-Szatmár-Bereg,barley,4.49,3.518,2015-2016,ridge,full,3.779945850687914
2016,Szabolcs-Szatmár-Bereg,maize,8.47,5.514,2015-2016,ridge,full,5.8514451506774865
2016,Szabolcs-Szatmár-Bereg,wheat,4.85,4.24,2015-2016,ridge,full,4.328182282811598
2016,Tolna,barley,6.3,5.028,2015-2016,ridge,full,4.839673033761582
2016,Tolna,maize,9.45,6.608,2015-2016,ridge,full,6.66726751783621
2016,Tolna,wheat,6.39,5.386,2015-2016,ridge,full,5.28696807942076
2016,Vas,barley,4.75,4.236,2015-2016,ridge,full,4.332275986642537
2016,Vas,maize,8.8,6.434,2015-2016,ridge,full,6.573586529525006
2016,Vas,wheat,6.06,4.686,2015-2016,ridge,full,4.805083690419117
2016,Veszprém,barley,4.4,3.542,2015-2016,ridge,full,4.399319378710619
2016,Veszprém,maize,6.89,5.37,2015-2016,ridge,full,6.398022635932778
2016,Veszprém,wheat,5.07,3.966,2015-2016,ridge,full,4.86491698345402
2016,Zala,barley,5.48,4.438,2015-2016,ridge,full,4.846866722875561
2016,Zala,maize,8.37,5.99,2015-2016,ridge,full,6.731058552581007
2016,Zala,wheat,5.94,4.888,2015-2016,ridge,full,5.31967442665214
2017,Bács-Kiskun,barley,5.02,4.346,2017-2018,baseline,five_year_mean,4.346
2017,Bács-Kiskun,maize,6.19,5.86,2017-2018,baseline,five_year_mean,5.86
2017,Bács-Kiskun,wheat,5.65,4.668,2017-2018,baseline,five_year_mean,4.668
2017,Baranya,barley,6.4,5.192,2017-2018,baseline,five_year_mean,5.192
2017,Baranya,maize,7.26,6.82,2017-2018,baseline,five_year_mean,6.82
2017,Baranya,wheat,6.45,5.792,2017-2018,baseline,five_year_mean,5.792
2017,Békés,barley,5.02,4.256,2017-2018,baseline,five_year_mean,4.256
2017,Békés,maize,5.68,6.386,2017-2018,baseline,five_year_mean,6.386
2017,Békés,wheat,5.35,4.546,2017-2018,baseline,five_year_mean,4.546
2017,Borsod-Abaúj-Zemplén,barley,5.53,4.228,2017-2018,baseline,five_year_mean,4.228
2017,Borsod-Abaúj-Zemplén,maize,7.52,6.708,2017-2018,baseline,five_year_mean,6.708
2017,Borsod-Abaúj-Zemplén,wheat,5.66,4.668,2017-2018,baseline,five_year_mean,4.668
2017,Csongrád-Csanád,barley,4.94,4.02,2017-2018,baseline,five_year_mean,4.02
2017,Csongrád-Csanád,maize,5.52,5.384,2017-2018,baseline,five_year_mean,5.384
2017,Csongrád-Csanád,wheat,5.41,4.47,2017-2018,baseline,five_year_mean,4.47
2017,Fejér,barley,5.89,5.012,2017-2018,baseline,five_year_mean,5.012
2017,Fejér,maize,6.7,6.79,2017-2018,baseline,five_year_mean,6.79
2017,Fejér,wheat,5.45,5.334,2017-2018,baseline,five_year_mean,5.334
2017,Győr-Moson-Sopron,barley,4.93,4.384,2017-2018,baseline,five_year_mean,4.384
2017,Győr-Moson-Sopron,maize,5.68,6.834,2017-2018,baseline,five_year_mean,6.834
2017,Győr-Moson-Sopron,wheat,4.77,4.78,2017-2018,baseline,five_year_mean,4.78
2017,Hajdú-Bihar,barley,5.6,4.536,2017-2018,baseline,five_year_mean,4.536
2017,Hajdú-Bihar,maize,7.93,6.766,2017-2018,baseline,five_year_mean,6.766
2017,Hajdú-Bihar,wheat,6.06,4.888,2017-2018,baseline,five_year_mean,4.888
2017,Heves,barley,5.34,3.932,2017-2018,baseline,five_year_mean,3.932
2017,Heves,maize,5.69,4.866,2017-2018,baseline,five_year_mean,4.866
2017,Heves,wheat,5.14,4.156,2017-2018,baseline,five_year_mean,4.156
2017,Jász-Nagykun-Szolnok,barley,5.46,4.154,2017-2018,baseline,five_year_mean,4.154
2017,Jász-Nagykun-Szolnok,maize,5.47,4.688,2017-2018,baseline,five_year_mean,4.688
2017,Jász-Nagykun-Szolnok,wheat,5.19,4.102,2017-2018,baseline,five_year_mean,4.102
2017,Komárom-Esztergom,barley,4.91,4.318,2017-2018,baseline,five_year_mean,4.318
2017,Komárom-Esztergom,maize,6.04,6.284,2017-2018,baseline,five_year_mean,6.284
2017,Komárom-Esztergom,wheat,4.78,4.628,2017-2018,baseline,five_year_mean,4.628
2017,Nógrád,barley,3.87,2.936,2017-2018,baseline,five_year_mean,2.936
2017,Nógrád,maize,4.88,4.356,2017-2018,baseline,five_year_mean,4.356
2017,Nógrád,wheat,4.54,3.698,2017-2018,baseline,five_year_mean,3.698
2017,Pest,barley,4.9,4.084,2017-2018,baseline,five_year_mean,4.084
2017,Pest,maize,6.16,5.708,2017-2018,baseline,five_year_mean,5.708
2017,Pest,wheat,4.96,4.28,2017-2018,baseline,five_year_mean,4.28
2017,Somogy,barley,5.78,4.75,2017-2018,baseline,five_year_mean,4.75
2017,Somogy,maize,7.93,6.8,2017-2018,baseline,five_year_mean,6.8
2017,Somogy,wheat,5.54,5.376,2017-2018,baseline,five_year_mean,5.376
2017,Szabolcs-Szatmár-Bereg,barley,4.5,3.798,2017-2018,baseline,five_year_mean,3.798
2017,Szabolcs-Szatmár-Bereg,maize,7.95,5.912,2017-2018,baseline,five_year_mean,5.912
2017,Szabolcs-Szatmár-Bereg,wheat,5.48,4.406,2017-2018,baseline,five_year_mean,4.406
2017,Tolna,barley,6.43,5.38,2017-2018,baseline,five_year_mean,5.38
2017,Tolna,maize,8.06,7.03,2017-2018,baseline,five_year_mean,7.03
2017,Tolna,wheat,6.51,5.7,2017-2018,baseline,five_year_mean,5.7
2017,Vas,barley,5.04,4.358,2017-2018,baseline,five_year_mean,4.358
2017,Vas,maize,7.0,6.764,2017-2018,baseline,five_year_mean,6.764
2017,Vas,wheat,5.22,5.0,2017-2018,baseline,five_year_mean,5.0
2017,Veszprém,barley,4.56,3.736,2017-2018,baseline,five_year_mean,3.736
2017,Veszprém,maize,5.46,5.544,2017-2018,baseline,five_year_mean,5.544
2017,Veszprém,wheat,4.55,4.26,2017-2018,baseline,five_year_mean,4.26
2017,Zala,barley,5.39,4.826,2017-2018,baseline,five_year_mean,4.826
2017,Zala,maize,6.67,6.512,2017-2018,baseline,five_year_mean,6.512
2017,Zala,wheat,5.5,5.214,2017-2018,baseline,five_year_mean,5.214
2018,Bács-Kiskun,barley,4.75,4.588,2017-2018,baseline,five_year_mean,4.588
2018,Bács-Kiskun,maize,7.99,6.492,2017-2018,baseline,five_year_mean,6.492
2018,Bács-Kiskun,wheat,5.05,5.032,2017-2018,baseline,five_year_mean,5.032
2018,Baranya,barley,5.89,5.438,2017-2018,baseline,five_year_mean,5.438
2018,Baranya,maize,9.6,7.482,2017-2018,baseline,five_year_mean,7.482
2018,Baranya,wheat,6.09,5.994,2017-2018,baseline,five_year_mean,5.994
2018,Békés,barley,4.46,4.538,2017-2018,baseline,five_year_mean,4.538
2018,Békés,maize,8.36,6.838,2017-2018,baseline,five_year_mean,6.838
2018,Békés,wheat,5.1,4.85,2017-2018,baseline,five_year_mean,4.85
2018,Borsod-Abaúj-Zemplén,barley,4.74,4.604,2017-2018,baseline,five_year_mean,4.604
2018,Borsod-Abaúj-Zemplén,maize,7.11,6.946,2017-2018,baseline,five_year_mean,6.946
2018,Borsod-Abaúj-Zemplén,wheat,5.01,5.062,2017-2018,baseline,five_year_mean,5.062
2018,Csongrád-Csanád,barley,4.66,4.298,2017-2018,baseline,five_year_mean,4.298
2018,Csongrád-Csanád,maize,7.11,5.988,2017-2018,baseline,five_year_mean,5.988
2018,Csongrád-Csanád,wheat,4.94,4.772,2017-2018,baseline,five_year_mean,4.772
2018,Fejér,barley,5.48,5.438,2017-2018,baseline,five_year_mean,5.438
2018,Fejér,maize,10.06,7.314,2017-2018,baseline,five_year_mean,7.314
2018,Fejér,wheat,5.82,5.674,2017-2018,baseline,five_year_mean,5.674
2018,Győr-Moson-Sopron,barley,4.53,4.674,2017-2018,baseline,five_year_mean,4.674
2018,Győr-Moson-Sopron,maize,8.36,6.728,2017-2018,baseline,five_year_mean,6.728
2018,Győr-Moson-Sopron,wheat,4.95,4.974,2017-2018,baseline,five_year_mean,4.974
2018,Hajdú-Bihar,barley,4.69,4.924,2017-2018,baseline,five_year_mean,4.924
2018,Hajdú-Bihar,maize,9.05,7.314,2017-2018,baseline,five_year_mean,7.314
2018,Hajdú-Bihar,wheat,5.32,5.284,2017-2018,baseline,five_year_mean,5.284
2018,Heves,barley,4.65,4.498,2017-2018,baseline,five_year_mean,4.498
2018,Heves,maize,7.53,5.374,2017-2018,baseline,five_year_mean,5.374
2018,Heves,wheat,4.76,4.632,2017-2018,baseline,five_year_mean,4.632
2018,Jász-Nagykun-Szolnok,barley,4.49,4.6,2017-2018,baseline,five_year_mean,4.6
2018,Jász-Nagykun-Szolnok,maize,5.39,5.322,2017-2018,baseline,five_year_mean,5.322
2018,Jász-Nagykun-Szolnok,wheat,4.51,4.49,2017-2018,baseline,five_year_mean,4.49
2018,Komárom-Esztergom,barley,4.98,4.634,2017-2018,baseline,five_year_mean,4.634
2018,Komárom-Esztergom,maize,9.18,6.614,2017-2018,baseline,five_year_mean,6.614
2018,Komárom-Esztergom,wheat,5.32,4.888,2017-2018,baseline,five_year_mean,4.888
2018,Nógrád,barley,4.09,3.382,2017-2018,baseline,five_year_mean,3.382
2018,Nógrád,maize,6.09,4.338,2017-2018,baseline,five_year_mean,4.338
2018,Nógrád,wheat,4.86,4.204,2017-2018,baseline,five_year_mean,4.204
2018,Pest,barley,4.38,4.502,2017-2018,baseline,five_year_mean,4.502
2018,Pest,maize,8.39,6.218,2017-2018,baseline,five_year_mean,6.218
2018,Pest,wheat,4.77,4.706,2017-2018,baseline,five_year_mean,4.706
2018,Somogy,barley,4.89,5.064,2017-2018,baseline,five_year_mean,5.064
2018,Somogy,maize,10.13,7.748,2017-2018,baseline,five_year_mean,7.748
2018,Somogy,wheat,5.39,5.602,2017-2018,baseline,five_year_mean,5.602
2018,Szabolcs-Szatmár-Bereg,barley,4.36,4.142,2017-2018,baseline,five_year_mean,4.142
2018,Szabolcs-Szatmár-Bereg,maize,6.93,6.658,2017-2018,baseline,five_year_mean,6.658
2018,Szabolcs-Szatmár-Bereg,wheat,4.85,4.818,2017-2018,baseline,five_year_mean,4.818
2018,Tolna,barley,5.5,5.794,2017-2018,baseline,five_year_mean,5.794
2018,Tolna,maize,9.78,7.986,2017-2018,baseline,five_year_mean,7.986
2018,Tolna,wheat,5.88,6.108,2017-2018,baseline,five_year_mean,6.108
2018,Vas,barley,4.2,4.626,2017-2018,baseline,five_year_mean,4.626
2018,Vas,maize,7.91,7.102,2017-2018,baseline,five_year_mean,7.102
2018,Vas,wheat,5.11,5.246,2017-2018,baseline,five_year_mean,5.246
2018,Veszprém,barley,3.63,4.038,2017-2018,baseline,five_year_mean,4.038
2018,Veszprém,maize,7.75,5.822,2017-2018,baseline,five_year_mean,5.822
2018,Veszprém,wheat,4.58,4.53,2017-2018,baseline,five_year_mean,4.53
2018,Zala,barley,4.76,5.03,2017-2018,baseline,five_year_mean,5.03
2018,Zala,maize,9.59,6.938,2017-2018,baseline,five_year_mean,6.938
2018,Zala,wheat,5.13,5.408,2017-2018,baseline,five_year_mean,5.408
2017,Bács-Kiskun,barley,5.02,4.346,2017-2018,xgboost,base,4.44805908203125
2017,Bács-Kiskun,maize,6.19,5.86,2017-2018,xgboost,base,5.294908046722412
2017,Bács-Kiskun,wheat,5.65,4.668,2017-2018,xgboost,base,5.2083539962768555
2017,Baranya,barley,6.4,5.192,2017-2018,xgboost,base,5.5248260498046875
2017,Baranya,maize,7.26,6.82,2017-2018,xgboost,base,5.3848652839660645
2017,Baranya,wheat,6.45,5.792,2017-2018,xgboost,base,4.8884735107421875
2017,Békés,barley,5.02,4.256,2017-2018,xgboost,base,4.663258075714111
2017,Békés,maize,5.68,6.386,2017-2018,xgboost,base,6.346041679382324
2017,Békés,wheat,5.35,4.546,2017-2018,xgboost,base,4.643528461456299
2017,Borsod-Abaúj-Zemplén,barley,5.53,4.228,2017-2018,xgboost,base,4.612504482269287
2017,Borsod-Abaúj-Zemplén,maize,7.52,6.708,2017-2018,xgboost,base,5.623763084411621
2017,Borsod-Abaúj-Zemplén,wheat,5.66,4.668,2017-2018,xgboost,base,5.2083539962768555
2017,Csongrád-Csanád,barley,4.94,4.02,2017-2018,xgboost,base,4.269670009613037
2017,Csongrád-Csanád,maize,5.52,5.384,2017-2018,xgboost,base,5.799260139465332
2017,Csongrád-Csanád,wheat,5.41,4.47,2017-2018,xgboost,base,4.425243377685547
2017,Fejér,barley,5.89,5.012,2017-2018,xgboost,base,6.261866569519043
2017,Fejér,maize,6.7,6.79,2017-2018,xgboost,base,5.3848652839660645
2017,Fejér,wheat,5.45,5.334,2017-2018,xgboost,base,5.817669868469238
2017,Győr-Moson-Sopron,barley,4.93,4.384,2017-2018,xgboost,base,4.647337436676025
2017,Győr-Moson-Sopron,maize,5.68,6.834,2017-2018,xgboost,base,5.700659275054932
2017,Győr-Moson-Sopron,wheat,4.77,4.78,2017-2018,xgboost,base,5.079774379730225
2017,Hajdú-Bihar,barley,5.6,4.536,2017-2018,xgboost,base,4.571977615356445
2017,Hajdú-Bihar,maize,7.93,6.766,2017-2018,xgboost,base,5.3848652839660645
2017,Hajdú-Bihar,wheat,6.06,4.888,2017-2018,xgboost,base,5.244150161743164
2017,Heves,barley,5.34,3.932,2017-2018,xgboost,base,4.2800116539001465
2017,Heves,maize,5.69,4.866,2017-2018,xgboost,base,5.51746129989624
2017,Heves,wheat,5.14,4.156,2017-2018,xgboost,base,4.2773003578186035
2017,Jász-Nagykun-Szolnok,barley,5.46,4.154,2017-2018,xgboost,base,4.327193737030029
2017,Jász-Nagykun-Szolnok,maize,5.47,4.688,2017-2018,xgboost,base,5.308577060699463
2017,Jász-Nagykun-Szolnok,wheat,5.19,4.102,2017-2018,xgboost,base,4.308943748474121
2017,Komárom-Esztergom,barley,4.91,4.318,2017-2018,xgboost,base,4.44805908203125
2017,Komárom-Esztergom,maize,6.04,6.284,2017-2018,xgboost,base,7.079522132873535
2017,Komárom-Esztergom,wheat,4.78,4.628,2017-2018,xgboost,base,4.730553150177002
2017,Nógrád,barley,3.87,2.936,2017-2018,xgboost,base,3.052881956100464
2017,Nógrád,maize,4.88,4.356,2017-2018,xgboost,base,4.836043357849121
2017,Nógrád,wheat,4.54,3.698,2017-2018,xgboost,base,3.9111287593841553
2017,Pest,barley,4.9,4.084,2017-2018,xgboost,base,4.352573394775391
2017,Pest,maize,6.16,5.708,2017-2018,xgboost,base,6.365078926086426
2017,Pest,wheat,4.96,4.28,2017-2018,xgboost,base,4.458526611328125
2017,Somogy,barley,5.78,4.75,2017-2018,xgboost,base,5.253904819488525
2017,Somogy,maize,7.93,6.8,2017-2018,xgboost,base,5.3848652839660645
2017,Somogy,wheat,5.54,5.376,2017-2018,xgboost,base,5.842731952667236
2017,Szabolcs-Szatmár-Bereg,barley,4.5,3.798,2017-2018,xgboost,base,4.0144758224487305
2017,Szabolcs-Szatmár-Bereg,maize,7.95,5.912,2017-2018,xgboost,base,7.339743137359619
2017,Szabolcs-Szatmár-Bereg,wheat,5.48,4.406,2017-2018,xgboost,base,4.627868175506592
2017,Tolna,barley,6.43,5.38,2017-2018,xgboost,base,6.078578472137451
2017,Tolna,maize,8.06,7.03,2017-2018,xgboost,base,6.340480804443359
2017,Tolna,wheat,6.51,5.7,2017-2018,xgboost,base,5.9169721603393555
2017,Vas,barley,5.04,4.358,2017-2018,xgboost,base,4.368101596832275
2017,Vas,maize,7.0,6.764,2017-2018,xgboost,base,5.62699031829834
2017,Vas,wheat,5.22,5.0,2017-2018,xgboost,base,5.833044528961182
2017,Veszprém,barley,4.56,3.736,2017-2018,xgboost,base,3.9134957790374756
2017,Veszprém,maize,5.46,5.544,2017-2018,xgboost,base,6.177512168884277
2017,Veszprém,wheat,4.55,4.26,2017-2018,xgboost,base,4.462502479553223
2017,Zala,barley,5.39,4.826,2017-2018,xgboost,base,5.204896450042725
2017,Zala,maize,6.67,6.512,2017-2018,xgboost,base,7.360703945159912
2017,Zala,wheat,5.5,5.214,2017-2018,xgboost,base,4.234663963317871
2018,Bács-Kiskun,barley,4.75,4.588,2017-2018,xgboost,base,4.991219520568848
2018,Bács-Kiskun,maize,7.99,6.492,2017-2018,xgboost,base,7.360703945159912
2018,Bács-Kiskun,wheat,5.05,5.032,2017-2018,xgboost,base,5.833044528961182
2018,Baranya,barley,5.89,5.438,2017-2018,xgboost,base,5.801653861999512
2018,Baranya,maize,9.6,7.482,2017-2018,xgboost,base,6.768783092498779
2018,Baranya,wheat,6.09,5.994,2017-2018,xgboost,base,6.200281620025635
2018,Békés,barley,4.46,4.538,2017-2018,xgboost,base,4.571977615356445
2018,Békés,maize,8.36,6.838,2017-2018,xgboost,base,5.700659275054932
2018,Békés,wheat,5.1,4.85,2017-2018,xgboost,base,5.027586460113525
2018,Borsod-Abaúj-Zemplén,barley,4.74,4.604,2017-2018,xgboost,base,4.789628028869629
2018,Borsod-Abaúj-Zemplén,maize,7.11,6.946,2017-2018,xgboost,base,6.340480804443359
2018,Borsod-Abaúj-Zemplén,wheat,5.01,5.062,2017-2018,xgboost,base,5.461946487426758
2018,Csongrád-Csanád,barley,4.66,4.298,2017-2018,xgboost,base,4.4960174560546875
2018,Csongrád-Csanád,maize,7.11,5.988,2017-2018,xgboost,base,6.659245491027832
2018,Csongrád-Csanád,wheat,4.94,4.772,2017-2018,xgboost,base,5.089998722076416
2018,Fejér,barley,5.48,5.438,2017-2018,xgboost,base,5.801653861999512
2018,Fejér,maize,10.06,7.314,2017-2018,xgboost,base,6.768783092498779
2018,Fejér,wheat,5.82,5.674,2017-2018,xgboost,base,5.9169721603393555
2018,Győr-Moson-Sopron,barley,4.53,4.674,2017-2018,xgboost,base,5.301907062530518
2018,Győr-Moson-Sopron,maize,8.36,6.728,2017-2018,xgboost,base,6.766439914703369
2018,Győr-Moson-Sopron,wheat,4.95,4.974,2017-2018,xgboost,base,5.384568691253662
2018,Hajdú-Bihar,barley,4.69,4.924,2017-2018,xgboost,base,5.631913661956787
2018,Hajdú-Bihar,maize,9.05,7.314,2017-2018,xgboost,base,6.768783092498779
2018,Hajdú-Bihar,wheat,5.32,5.284,2017-2018,xgboost,base,5.7328782081604
2018,Heves,barley,4.65,4.498,2017-2018,xgboost,base,4.605100631713867
2018,Heves,maize,7.53,5.374,2017-2018,xgboost,base,5.9503493309021
2018,Heves,wheat,4.76,4.632,2017-2018,xgboost,base,4.730553150177002
2018,Jász-Nagykun-Szolnok,barley,4.49,4.6,2017-2018,xgboost,base,4.789628028869629
2018,Jász-Nagykun-Szolnok,maize,5.39,5.322,2017-2018,xgboost,base,5.977307319641113
2018,Jász-Nagykun-Szolnok,wheat,4.51,4.49,2017-2018,xgboost,base,4.5607991218566895
2018,Komárom-Esztergom,barley,4.98,4.634,2017-2018,xgboost,base,4.833868980407715
2018,Komárom-Esztergom,maize,9.18,6.614,2017-2018,xgboost,base,8.011648178100586
2018,Komárom-Esztergom,wheat,5.32,4.888,2017-2018,xgboost,base,5.244150161743164
2018,Nógrád,barley,4.09,3.382,2017-2018,xgboost,base,3.6813697814941406
2018,Nógrád,maize,6.09,4.338,2017-2018,xgboost,base,4.9873127937316895
2018,Nógrád,wheat,4.86,4.204,2017-2018,xgboost,base,4.490255355834961
2018,Pest,barley,4.38,4.502,2017-2018,xgboost,base,4.605100631713867
2018,Pest,maize,8.39,6.218,2017-2018,xgboost,base,7.642667770385742
2018,Pest,wheat,4.77,4.706,2017-2018,xgboost,base,4.995500564575195
2018,Somogy,barley,4.89,5.064,2017-2018,xgboost,base,5.866057395935059
2018,Somogy,maize,10.13,7.748,2017-2018,xgboost,base,6.171192169189453
2018,Somogy,wheat,5.39,5.602,2017-2018,xgboost,base,4.632570266723633
2018,Szabolcs-Szatmár-Bereg,barley,4.36,4.142,2017-2018,xgboost,base,4.345482349395752
2018,Szabolcs-Szatmár-Bereg,maize,6.93,6.658,2017-2018,xgboost,base,6.008299350738525
2018,Szabolcs-Szatmár-Bereg,wheat,4.85,4.818,2017-2018,xgboost,base,5.040990352630615
2018,Tolna,barley,5.5,5.794,2017-2018,xgboost,base,5.055267810821533
2018,Tolna,maize,9.78,7.986,2017-2018,xgboost,base,6.171192169189453
2018,Tolna,wheat,5.88,6.108,2017-2018,xgboost,base,5.4894561767578125
2018,Vas,barley,4.2,4.626,2017-2018,xgboost,base,4.833868980407715
2018,Vas,maize,7.91,7.102,2017-2018,xgboost,base,6.1197357177734375
2018,Vas,wheat,5.11,5.246,2017-2018,xgboost,base,5.7328782081604
2018,Veszprém,barley,3.63,4.038,2017-2018,xgboost,base,4.269670009613037
2018,Veszprém,maize,7.75,5.822,2017-2018,xgboost,base,5.030653476715088
2018,Veszprém,wheat,4.58,4.53,2017-2018,xgboost,base,4.511795520782471
2018,Zala,barley,4.76,5.03,2017-2018,xgboost,base,6.261866569519043
2018,Zala,maize,9.59,6.938,2017-2018,xgboost,base,6.340480804443359
2018,Zala,wheat,5.13,5.408,2017-2018,xgboost,base,5.715616703033447
2017,Bács-Kiskun,barley,5.02,4.346,2017-2018,ridge,base,4.449765502082043
2017,Bács-Kiskun,maize,6.19,5.86,2017-2018,ridge,base,6.21725793119377
2017,Bács-Kiskun,wheat,5.65,4.668,2017-2018,ridge,base,4.779626859985988
2017,Baranya,barley,6.4,5.192,2017-2018,ridge,base,5.037548807120448
2017,Baranya,maize,7.26,6.82,2017-2018,ridge,base,6.884246078755082
2017,Baranya,wheat,6.45,5.792,2017-2018,ridge,base,5.5605588160890225
2017,Békés,barley,5.02,4.256,2017-2018,ridge,base,4.38723536324817
2017,Békés,maize,5.68,6.386,2017-2018,ridge,base,6.582711853711738
2017,Békés,wheat,5.35,4.546,2017-2018,ridge,base,4.694863782900072
2017,Borsod-Abaúj-Zemplén,barley,5.53,4.228,2017-2018,ridge,base,4.367781542277632
2017,Borsod-Abaúj-Zemplén,maize,7.52,6.708,2017-2018,ridge,base,6.806430794872928
2017,Borsod-Abaúj-Zemplén,wheat,5.66,4.668,2017-2018,ridge,base,4.779626859985988
2017,Csongrád-Csanád,barley,4.94,4.02,2017-2018,ridge,base,4.223267443639347
2017,Csongrád-Csanád,maize,5.52,5.384,2017-2018,ridge,base,5.8865429746946205
2017,Csongrád-Csanád,wheat,5.41,4.47,2017-2018,ridge,base,4.642060554551467
2017,Fejér,barley,5.89,5.012,2017-2018,ridge,base,4.912488529452701
2017,Fejér,maize,6.7,6.79,2017-2018,ridge,base,6.86340269914379
2017,Fejér,wheat,5.45,5.334,2017-2018,ridge,base,5.242349887356647
2017,Győr-Moson-Sopron,barley,4.93,4.384,2017-2018,ridge,base,4.476167116256344
2017,Győr-Moson-Sopron,maize,5.68,6.834,2017-2018,ridge,base,6.89397298924035
2017,Győr-Moson-Sopron,wheat,4.77,4.78,2017-2018,ridge,base,4.857442143868141
2017,Hajdú-Bihar,barley,5.6,4.536,2017-2018,ridge,base,4.581773572953551
2017,Hajdú-Bihar,maize,7.93,6.766,2017-2018,ridge,base,6.846727995454756
2017,Hajdú-Bihar,wheat,6.06,4.888,2017-2018,ridge,base,4.932478310468788
2017,Heves,barley,5.34,3.932,2017-2018,ridge,base,4.162126863446227
2017,Heves,maize,5.69,4.866,2017-2018,ridge,base,5.526647286739663
2017,Heves,wheat,5.14,4.156,2017-2018,ridge,base,4.4238998479532885
2017,Jász-Nagykun-Szolnok,barley,5.46,4.154,2017-2018,ridge,base,4.3163678725697805
2017,Jász-Nagykun-Szolnok,maize,5.47,4.688,2017-2018,ridge,base,5.4029765677126695
2017,Jász-Nagykun-Szolnok,wheat,5.19,4.102,2017-2018,ridge,base,4.386381764652965
2017,Komárom-Esztergom,barley,4.91,4.318,2017-2018,ridge,base,4.430311681111504
2017,Komárom-Esztergom,maize,6.04,6.284,2017-2018,ridge,base,6.511844363033349
2017,Komárom-Esztergom,wheat,4.78,4.628,2017-2018,ridge,base,4.751835687170933
2017,Nógrád,barley,3.87,2.936,2017-2018,ridge,base,3.470126660351367
2017,Nógrád,maize,4.88,4.356,2017-2018,ridge,base,5.172309833347716
2017,Nógrád,wheat,4.54,3.698,2017-2018,ridge,base,4.105690919220914
2017,Pest,barley,4.9,4.084,2017-2018,ridge,base,4.267733320143434
2017,Pest,maize,6.16,5.708,2017-2018,ridge,base,6.111651474496563
2017,Pest,wheat,4.96,4.28,2017-2018,ridge,base,4.510052483679958
2017,Somogy,barley,5.78,4.75,2017-2018,ridge,base,4.730456347514094
2017,Somogy,maize,7.93,6.8,2017-2018,ridge,base,6.870350492347553
2017,Somogy,wheat,5.54,5.376,2017-2018,ridge,base,5.271530618812455
2017,Szabolcs-Szatmár-Bereg,barley,4.5,3.798,2017-2018,ridge,base,4.069026434515794
2017,Szabolcs-Szatmár-Bereg,maize,7.95,5.912,2017-2018,ridge,base,6.253386455853341
2017,Szabolcs-Szatmár-Bereg,wheat,5.48,4.406,2017-2018,ridge,base,4.59759467804738
2017,Tolna,barley,6.43,5.38,2017-2018,ridge,base,5.168167319351204
2017,Tolna,maize,8.06,7.03,2017-2018,ridge,base,7.030149736034118
2017,Tolna,wheat,6.51,5.7,2017-2018,ridge,base,5.496639118614397
2017,Vas,barley,5.04,4.358,2017-2018,ridge,base,4.458102853926558
2017,Vas,maize,7.0,6.764,2017-2018,ridge,base,6.8453384368140044
2017,Vas,wheat,5.22,5.0,2017-2018,ridge,base,5.010293594350941
2017,Veszprém,barley,4.56,3.736,2017-2018,ridge,base,4.02595011665246
2017,Veszprém,maize,5.46,5.544,2017-2018,ridge,base,5.997707665954838
2017,Veszprém,wheat,4.55,4.26,2017-2018,ridge,base,4.496156897272431
2017,Zala,barley,5.39,4.826,2017-2018,ridge,base,4.783259575862697
2017,Zala,maize,6.67,6.512,2017-2018,ridge,base,6.67025404807916
2017,Zala,wheat,5.5,5.214,2017-2018,ridge,base,5.158976368911484
2018,Bács-Kiskun,barley,4.75,4.588,2017-2018,ridge,base,4.617902097613123
2018,Bács-Kiskun,maize,7.99,6.492,2017-2018,ridge,base,6.6563584616716325
2018,Bács-Kiskun,wheat,5.05,5.032,2017-2018,ridge,base,5.032526532602985
2018,Baranya,barley,5.89,5.438,2017-2018,ridge,base,5.208464519933033
2018,Baranya,maize,9.6,7.482,2017-2018,ridge,base,7.344189988844235
2018,Baranya,wheat,6.09,5.994,2017-2018,ridge,base,5.700904238805048
2018,Békés,barley,4.46,4.538,2017-2018,ridge,base,4.583163131594305
2018,Békés,maize,8.36,6.838,2017-2018,ridge,base,6.8967521065218556
2018,Békés,wheat,5.1,4.85,2017-2018,ridge,base,4.906076696294486
2018,Borsod-Abaúj-Zemplén,barley,4.74,4.604,2017-2018,ridge,base,4.629018566739145
2018,Borsod-Abaúj-Zemplén,maize,7.11,6.946,2017-2018,ridge,base,6.9717882731225025
2018,Borsod-Abaúj-Zemplén,wheat,5.01,5.062,2017-2018,ridge,base,5.053369912214276
2018,Csongrád-Csanád,barley,4.66,4.298,2017-2018,ridge,base,4.416416094703977
2018,Csongrád-Csanád,maize,7.11,5.988,2017-2018,ridge,base,6.306189684201945
2018,Csongrád-Csanád,wheat,4.94,4.772,2017-2018,ridge,base,4.85188390930513
2018,Fejér,barley,5.48,5.438,2017-2018,ridge,base,5.208464519933033
2018,Fejér,maize,10.06,7.314,2017-2018,ridge,base,7.227467063021005
2018,Fejér,wheat,5.82,5.674,2017-2018,ridge,base,5.478574856284611
2018,Győr-Moson-Sopron,barley,4.53,4.674,2017-2018,ridge,base,4.67765311916549
2018,Győr-Moson-Sopron,maize,8.36,6.728,2017-2018,ridge,base,6.820326381280455
2018,Győr-Moson-Sopron,wheat,4.95,4.974,2017-2018,ridge,base,4.9922293320211555
2018,Hajdú-Bihar,barley,4.69,4.924,2017-2018,ridge,base,4.851347949259582
2018,Hajdú-Bihar,maize,9.05,7.314,2017-2018,ridge,base,7.227467063021005
2018,Hajdú-Bihar,wheat,5.32,5.284,2017-2018,ridge,base,5.207610921337829
2018,Heves,barley,4.65,4.498,2017-2018,ridge,base,4.55537195877925
2018,Heves,maize,7.53,5.374,2017-2018,ridge,base,5.879595181490856
2018,Heves,wheat,4.76,4.632,2017-2018,ridge,base,4.754614804452438
2018,Jász-Nagykun-Szolnok,barley,4.49,4.6,2017-2018,ridge,base,4.626239449457639
2018,Jász-Nagykun-Szolnok,maize,5.39,5.322,2017-2018,ridge,base,5.843466656831286
2018,Jász-Nagykun-Szolnok,wheat,4.51,4.49,2017-2018,ridge,base,4.6559561409589945
2018,Komárom-Esztergom,barley,4.98,4.634,2017-2018,ridge,base,4.649861946350436
2018,Komárom-Esztergom,maize,9.18,6.614,2017-2018,ridge,base,6.741121538757549
2018,Komárom-Esztergom,wheat,5.32,4.888,2017-2018,ridge,base,4.932478310468788
2018,Nógrád,barley,4.09,3.382,2017-2018,ridge,base,3.7799982372392265
2018,Nógrád,maize,6.09,4.338,2017-2018,ridge,base,5.1598038055809425
2018,Nógrád,wheat,4.86,4.204,2017-2018,ridge,base,4.457249255331354
2018,Pest,barley,4.38,4.502,2017-2018,ridge,base,4.5581510760607555
2018,Pest,maize,8.39,6.218,2017-2018,ridge,base,6.4659889278885085
2018,Pest,wheat,4.77,4.706,2017-2018,ridge,base,4.80602847416029
2018,Somogy,barley,4.89,5.064,2017-2018,ridge,base,4.9486170541122725
2018,Somogy,maize,10.13,7.748,2017-2018,ridge,base,7.529001288064348
2018,Somogy,wheat,5.39,5.602,2017-2018,ridge,base,5.428550745217513
2018,Szabolcs-Szatmár-Bereg,barley,4.36,4.142,2017-2018,ridge,base,4.308030520725264
2018,Szabolcs-Szatmár-Bereg,maize,6.93,6.658,2017-2018,ridge,base,6.7716918288541095
2018,Szabolcs-Szatmár-Bereg,wheat,4.85,4.818,2017-2018,ridge,base,4.883843758042442
2018,Tolna,barley,5.5,5.794,2017-2018,ridge,base,5.455805957987019
2018,Tolna,maize,9.78,7.986,2017-2018,ridge,base,7.694358766313922
2018,Tolna,wheat,5.88,6.108,2017-2018,ridge,base,5.780109081327954
2018,Vas,barley,4.2,4.626,2017-2018,ridge,base,4.644303711787425
2018,Vas,maize,7.91,7.102,2017-2018,ridge,base,7.080173847101216
2018,Vas,wheat,5.11,5.246,2017-2018,ridge,base,5.1812093071635275
2018,Veszprém,barley,3.63,4.038,2017-2018,ridge,base,4.235773471406122
2018,Veszprém,maize,7.75,5.822,2017-2018,ridge,base,6.190856317019469
2018,Veszprém,wheat,4.58,4.53,2017-2018,ridge,base,4.68374731377405
2018,Zala,barley,4.76,5.03,2017-2018,ridge,base,4.924994557219477
2018,Zala,maize,9.59,6.938,2017-2018,ridge,base,6.966230038559491
2018,Zala,wheat,5.13,5.408,2017-2018,ridge,base,5.293763557064498
2017,Bács-Kiskun,barley,5.02,4.346,2017-2018,xgboost,base_soil,4.397511005401611
2017,Bács-Kiskun,maize,6.19,5.86,2017-2018,xgboost,base_soil,5.200148105621338
2017,Bács-Kiskun,wheat,5.65,4.668,2017-2018,xgboost,base_soil,5.338476657867432
2017,Baranya,barley,6.4,5.192,2017-2018,xgboost,base_soil,5.33853816986084
2017,Baranya,maize,7.26,6.82,2017-2018,xgboost,base_soil,5.388401508331299
2017,Baranya,wheat,6.45,5.792,2017-2018,xgboost,base_soil,5.254391670227051
2017,Békés,barley,5.02,4.256,2017-2018,xgboost,base_soil,4.1674346923828125
2017,Békés,maize,5.68,6.386,2017-2018,xgboost,base_soil,6.261388301849365
2017,Békés,wheat,5.35,4.546,2017-2018,xgboost,base_soil,4.301289081573486
2017,Borsod-Abaúj-Zemplén,barley,5.53,4.228,2017-2018,xgboost,base_soil,4.46727180480957
2017,Borsod-Abaúj-Zemplén,maize,7.52,6.708,2017-2018,xgboost,base_soil,4.982217788696289
2017,Borsod-Abaúj-Zemplén,wheat,5.66,4.668,2017-2018,xgboost,base_soil,4.995382785797119
2017,Csongrád-Csanád,barley,4.94,4.02,2017-2018,xgboost,base_soil,4.090254783630371
2017,Csongrád-Csanád,maize,5.52,5.384,2017-2018,xgboost,base_soil,4.834059715270996
2017,Csongrád-Csanád,wheat,5.41,4.47,2017-2018,xgboost,base_soil,4.241581916809082
2017,Fejér,barley,5.89,5.012,2017-2018,xgboost,base_soil,6.006761074066162
2017,Fejér,maize,6.7,6.79,2017-2018,xgboost,base_soil,5.22196102142334
2017,Fejér,wheat,5.45,5.334,2017-2018,xgboost,base_soil,5.910020351409912
2017,Győr-Moson-Sopron,barley,4.93,4.384,2017-2018,xgboost,base_soil,4.5194268226623535
2017,Győr-Moson-Sopron,maize,5.68,6.834,2017-2018,xgboost,base_soil,5.817933082580566
2017,Győr-Moson-Sopron,wheat,4.77,4.78,2017-2018,xgboost,base_soil,5.002822399139404
2017,Hajdú-Bihar,barley,5.6,4.536,2017-2018,xgboost,base_soil,4.38536262512207
2017,Hajdú-Bihar,maize,7.93,6.766,2017-2018,xgboost,base_soil,5.745964050292969
2017,Hajdú-Bihar,wheat,6.06,4.888,2017-2018,xgboost,base_soil,4.949713706970215
2017,Heves,barley,5.34,3.932,2017-2018,xgboost,base_soil,4.106383800506592
2017,Heves,maize,5.69,4.866,2017-2018,xgboost,base_soil,4.875751972198486
2017,Heves,wheat,5.14,4.156,2017-2018,xgboost,base_soil,4.084707736968994
2017,Jász-Nagykun-Szolnok,barley,5.46,4.154,2017-2018,xgboost,base_soil,4.01474666595459
2017,Jász-Nagykun-Szolnok,maize,5.47,4.688,2017-2018,xgboost,base_soil,4.560830116271973
2017,Jász-Nagykun-Szolnok,wheat,5.19,4.102,2017-2018,xgboost,base_soil,3.9738552570343018
2017,Komárom-Esztergom,barley,4.91,4.318,2017-2018,xgboost,base_soil,4.384880065917969
2017,Komárom-Esztergom,maize,6.04,6.284,2017-2018,xgboost,base_soil,6.6661858558654785
2017,Komárom-Esztergom,wheat,4.78,4.628,2017-2018,xgboost,base_soil,5.037633419036865
2017,Nógrád,barley,3.87,2.936,2017-2018,xgboost,base_soil,2.8502519130706787
2017,Nógrád,maize,4.88,4.356,2017-2018,xgboost,base_soil,4.5438971519470215
2017,Nógrád,wheat,4.54,3.698,2017-2018,xgboost,base_soil,3.530755043029785
2017,Pest,barley,4.9,4.084,2017-2018,xgboost,base_soil,4.265162467956543
2017,Pest,maize,6.16,5.708,2017-2018,xgboost,base_soil,6.138800144195557
2017,Pest,wheat,4.96,4.28,2017-2018,xgboost,base_soil,4.417361736297607
2017,Somogy,barley,5.78,4.75,2017-2018,xgboost,base_soil,5.514298439025879
2017,Somogy,maize,7.93,6.8,2017-2018,xgboost,base_soil,4.485909461975098
2017,Somogy,wheat,5.54,5.376,2017-2018,xgboost,base_soil,6.1858906745910645
2017,Szabolcs-Szatmár-Bereg,barley,4.5,3.798,2017-2018,xgboost,base_soil,3.945277452468872
2017,Szabolcs-Szatmár-Bereg,maize,7.95,5.912,2017-2018,xgboost,base_soil,6.257676601409912
2017,Szabolcs-Szatmár-Bereg,wheat,5.48,4.406,2017-2018,xgboost,base_soil,4.510010719299316
2017,Tolna,barley,6.43,5.38,2017-2018,xgboost,base_soil,5.987271785736084
2017,Tolna,maize,8.06,7.03,2017-2018,xgboost,base_soil,7.225220203399658
2017,Tolna,wheat,6.51,5.7,2017-2018,xgboost,base_soil,6.310577392578125
2017,Vas,barley,5.04,4.358,2017-2018,xgboost,base_soil,4.61339807510376
2017,Vas,maize,7.0,6.764,2017-2018,xgboost,base_soil,5.468493938446045
2017,Vas,wheat,5.22,5.0,2017-2018,xgboost,base_soil,5.726057052612305
2017,Veszprém,barley,4.56,3.736,2017-2018,xgboost,base_soil,3.758822202682495
2017,Veszprém,maize,5.46,5.544,2017-2018,xgboost,base_soil,5.831773281097412
2017,Veszprém,wheat,4.55,4.26,2017-2018,xgboost,base_soil,4.094904899597168
2017,Zala,barley,5.39,4.826,2017-2018,xgboost,base_soil,5.353352069854736
2017,Zala,maize,6.67,6.512,2017-2018,xgboost,base_soil,6.729149341583252
2017,Zala,wheat,5.5,5.214,2017-2018,xgboost,base_soil,4.976774215698242
2018,Bács-Kiskun,barley,4.75,4.588,2017-2018,xgboost,base_soil,4.917729377746582
2018,Bács-Kiskun,maize,7.99,6.492,2017-2018,xgboost,base_soil,6.170600414276123
2018,Bács-Kiskun,wheat,5.05,5.032,2017-2018,xgboost,base_soil,5.745396614074707
2018,Baranya,barley,5.89,5.438,2017-2018,xgboost,base_soil,5.726531028747559
2018,Baranya,maize,9.6,7.482,2017-2018,xgboost,base_soil,6.9187822341918945
2018,Baranya,wheat,6.09,5.994,2017-2018,xgboost,base_soil,6.637438774108887
2018,Békés,barley,4.46,4.538,2017-2018,xgboost,base_soil,4.240353584289551
2018,Békés,maize,8.36,6.838,2017-2018,xgboost,base_soil,5.240659236907959
2018,Békés,wheat,5.1,4.85,2017-2018,xgboost,base_soil,4.619046688079834
2018,Borsod-Abaúj-Zemplén,barley,4.74,4.604,2017-2018,xgboost,base_soil,4.714186668395996
2018,Borsod-Abaúj-Zemplén,maize,7.11,6.946,2017-2018,xgboost,base_soil,4.9080963134765625
2018,Borsod-Abaúj-Zemplén,wheat,5.01,5.062,2017-2018,xgboost,base_soil,5.391927242279053
2018,Csongrád-Csanád,barley,4.66,4.298,2017-2018,xgboost,base_soil,4.2004075050354
2018,Csongrád-Csanád,maize,7.11,5.988,2017-2018,xgboost,base_soil,5.932520389556885
2018,Csongrád-Csanád,wheat,4.94,4.772,2017-2018,xgboost,base_soil,4.768207550048828
2018,Fejér,barley,5.48,5.438,2017-2018,xgboost,base_soil,6.041910171508789
2018,Fejér,maize,10.06,7.314,2017-2018,xgboost,base_soil,6.869448184967041
2018,Fejér,wheat,5.82,5.674,2017-2018,xgboost,base_soil,6.467360973358154
2018,Győr-Moson-Sopron,barley,4.53,4.674,2017-2018,xgboost,base_soil,5.173527240753174
2018,Győr-Moson-Sopron,maize,8.36,6.728,2017-2018,xgboost,base_soil,6.621197700500488
2018,Győr-Moson-Sopron,wheat,4.95,4.974,2017-2018,xgboost,base_soil,5.355726718902588
2018,Hajdú-Bihar,barley,4.69,4.924,2017-2018,xgboost,base_soil,5.174125671386719
2018,Hajdú-Bihar,maize,9.05,7.314,2017-2018,xgboost,base_soil,6.447032928466797
2018,Hajdú-Bihar,wheat,5.32,5.284,2017-2018,xgboost,base_soil,5.550466537475586
2018,Heves,barley,4.65,4.498,2017-2018,xgboost,base_soil,4.122837066650391
2018,Heves,maize,7.53,5.374,2017-2018,xgboost,base_soil,5.270449161529541
2018,Heves,wheat,4.76,4.632,2017-2018,xgboost,base_soil,4.261519908905029
2018,Jász-Nagykun-Szolnok,barley,4.49,4.6,2017-2018,xgboost,base_soil,3.8834645748138428
2018,Jász-Nagykun-Szolnok,maize,5.39,5.322,2017-2018,xgboost,base_soil,4.862918376922607
2018,Jász-Nagykun-Szolnok,wheat,4.51,4.49,2017-2018,xgboost,base_soil,3.581691026687622
2018,Komárom-Esztergom,barley,4.98,4.634,2017-2018,xgboost,base_soil,5.055295944213867
2018,Komárom-Esztergom,maize,9.18,6.614,2017-2018,xgboost,base_soil,7.452563285827637
2018,Komárom-Esztergom,wheat,5.32,4.888,2017-2018,xgboost,base_soil,5.544964790344238
2018,Nógrád,barley,4.09,3.382,2017-2018,xgboost,base_soil,3.367705821990967
2018,Nógrád,maize,6.09,4.338,2017-2018,xgboost,base_soil,4.590908527374268
2018,Nógrád,wheat,4.86,4.204,2017-2018,xgboost,base_soil,4.073866367340088
2018,Pest,barley,4.38,4.502,2017-2018,xgboost,base_soil,4.469581127166748
2018,Pest,maize,8.39,6.218,2017-2018,xgboost,base_soil,6.708949089050293
2018,Pest,wheat,4.77,4.706,2017-2018,xgboost,base_soil,4.94590425491333
2018,Somogy,barley,4.89,5.064,2017-2018,xgboost,base_soil,6.10922908782959
2018,Somogy,maize,10.13,7.748,2017-2018,xgboost,base_soil,4.970520973205566
2018,Somogy,wheat,5.39,5.602,2017-2018,xgboost,base_soil,5.554808139801025
2018,Szabolcs-Szatmár-Bereg,barley,4.36,4.142,2017-2018,xgboost,base_soil,4.257934093475342
2018,Szabolcs-Szatmár-Bereg,maize,6.93,6.658,2017-2018,xgboost,base_soil,4.071191310882568
2018,Szabolcs-Szatmár-Bereg,wheat,4.85,4.818,2017-2018,xgboost,base_soil,4.925402641296387
2018,Tolna,barley,5.5,5.794,2017-2018,xgboost,base_soil,5.552096843719482
2018,Tolna,maize,9.78,7.986,2017-2018,xgboost,base_soil,6.3574042320251465
2018,Tolna,wheat,5.88,6.108,2017-2018,xgboost,base_soil,6.145005702972412
2018,Vas,barley,4.2,4.626,2017-2018,xgboost,base_soil,5.08208703994751
2018,Vas,maize,7.91,7.102,2017-2018,xgboost,base_soil,5.433154582977295
2018,Vas,wheat,5.11,5.246,2017-2018,xgboost,base_soil,5.907779216766357
2018,Veszprém,barley,3.63,4.038,2017-2018,xgboost,base_soil,4.099623680114746
2018,Veszprém,maize,7.75,5.822,2017-2018,xgboost,base_soil,4.877918720245361
2018,Veszprém,wheat,4.58,4.53,2017-2018,xgboost,base_soil,4.103460311889648
2018,Zala,barley,4.76,5.03,2017-2018,xgboost,base_soil,5.945936679840088
2018,Zala,maize,9.59,6.938,2017-2018,xgboost,base_soil,5.190464496612549
2018,Zala,wheat,5.13,5.408,2017-2018,xgboost,base_soil,5.998801231384277
2017,Bács-Kiskun,barley,5.02,4.346,2017-2018,ridge,base_soil,4.572798939467994
2017,Bács-Kiskun,maize,6.19,5.86,2017-2018,ridge,base_soil,6.359289642055794
2017,Bács-Kiskun,wheat,5.65,4.668,2017-2018,ridge,base_soil,4.909076055163607
2017,Baranya,barley,6.4,5.192,2017-2018,ridge,base_soil,4.993755347864499
2017,Baranya,maize,7.26,6.82,2017-2018,ridge,base_soil,6.856308211699886
2017,Baranya,wheat,6.45,5.792,2017-2018,ridge,base_soil,5.5155173830937
2017,Békés,barley,5.02,4.256,2017-2018,ridge,base_soil,4.227852731284734
2017,Békés,maize,5.68,6.386,2017-2018,ridge,base_soil,6.425345989385805
2017,Békés,wheat,5.35,4.546,2017-2018,ridge,base_soil,4.542779064875762
2017,Borsod-Abaúj-Zemplén,barley,5.53,4.228,2017-2018,ridge,base_soil,4.259437969750639
2017,Borsod-Abaúj-Zemplén,maize,7.52,6.708,2017-2018,ridge,base_soil,6.690455407120616
2017,Borsod-Abaúj-Zemplén,wheat,5.66,4.668,2017-2018,ridge,base_soil,4.674446094456912
2017,Csongrád-Csanád,barley,4.94,4.02,2017-2018,ridge,base_soil,4.194346279615921
2017,Csongrád-Csanád,maize,5.52,5.384,2017-2018,ridge,base_soil,5.880755191088476
2017,Csongrád-Csanád,wheat,5.41,4.47,2017-2018,ridge,base_soil,4.616026523729877
2017,Fejér,barley,5.89,5.012,2017-2018,ridge,base_soil,4.929513937460746
2017,Fejér,maize,6.7,6.79,2017-2018,ridge,base_soil,6.8921485924113775
2017,Fejér,wheat,5.45,5.334,2017-2018,ridge,base_soil,5.26579105315636
2017,Győr-Moson-Sopron,barley,4.93,4.384,2017-2018,ridge,base_soil,4.444797831992633
2017,Győr-Moson-Sopron,maize,5.68,6.834,2017-2018,ridge,base_soil,6.855798911139562
2017,Győr-Moson-Sopron,wheat,4.77,4.78,2017-2018,ridge,base_soil,4.830448631305101
2017,Hajdú-Bihar,barley,5.6,4.536,2017-2018,ridge,base_soil,4.531101507421638
2017,Hajdú-Bihar,maize,7.93,6.766,2017-2018,ridge,base_soil,6.79531595959954
2017,Hajdú-Bihar,wheat,6.06,4.888,2017-2018,ridge,base_soil,4.8873949813403
2017,Heves,barley,5.34,3.932,2017-2018,ridge,base_soil,4.040402116692471
2017,Heves,maize,5.69,4.866,2017-2018,ridge,base_soil,5.439909893634657
2017,Heves,wheat,5.14,4.156,2017-2018,ridge,base_soil,4.3112924621927915
2017,Jász-Nagykun-Szolnok,barley,5.46,4.154,2017-2018,ridge,base_soil,4.200748158349196
2017,Jász-Nagykun-Szolnok,maize,5.47,4.688,2017-2018,ridge,base_soil,5.333371158984063
2017,Jász-Nagykun-Szolnok,wheat,5.19,4.102,2017-2018,ridge,base_soil,4.2874880081974664
2017,Komárom-Esztergom,barley,4.91,4.318,2017-2018,ridge,base_soil,4.450619794077188
2017,Komárom-Esztergom,maize,6.04,6.284,2017-2018,ridge,base_soil,6.538690293892259
2017,Komárom-Esztergom,wheat,4.78,4.628,2017-2018,ridge,base_soil,4.778890366483583
2017,Nógrád,barley,3.87,2.936,2017-2018,ridge,base_soil,3.4726490323520576
2017,Nógrád,maize,4.88,4.356,2017-2018,ridge,base_soil,5.196421812507637
2017,Nógrád,wheat,4.54,3.698,2017-2018,ridge,base_soil,4.102499401985723
2017,Pest,barley,4.9,4.084,2017-2018,ridge,base_soil,4.324732779154891
2017,Pest,maize,6.16,5.708,2017-2018,ridge,base_soil,6.184616795227204
2017,Pest,wheat,4.96,4.28,2017-2018,ridge,base_soil,4.576941190313699
2017,Somogy,barley,5.78,4.75,2017-2018,ridge,base_soil,4.787146767921966
2017,Somogy,maize,7.93,6.8,2017-2018,ridge,base_soil,6.931263070761574
2017,Somogy,wheat,5.54,5.376,2017-2018,ridge,base_soil,5.326256313611143
2017,Szabolcs-Szatmár-Bereg,barley,4.5,3.798,2017-2018,ridge,base_soil,4.101100410643685
2017,Szabolcs-Szatmár-Bereg,maize,7.95,5.912,2017-2018,ridge,base_soil,6.287918277692464
2017,Szabolcs-Szatmár-Bereg,wheat,5.48,4.406,2017-2018,ridge,base_soil,4.628200141399032
2017,Tolna,barley,6.43,5.38,2017-2018,ridge,base_soil,5.147331709704264
2017,Tolna,maize,8.06,7.03,2017-2018,ridge,base_soil,7.024563236236553
2017,Tolna,wheat,6.51,5.7,2017-2018,ridge,base_soil,5.4822744015183416
2017,Vas,barley,5.04,4.358,2017-2018,ridge,base_soil,4.436891957828757
2017,Vas,maize,7.0,6.764,2017-2018,ridge,base_soil,6.81853571158188
2017,Vas,wheat,5.22,5.0,2017-2018,ridge,base_soil,4.986676894570227
2017,Veszprém,barley,4.56,3.736,2017-2018,ridge,base_soil,4.046063451209548
2017,Veszprém,maize,5.46,5.544,2017-2018,ridge,base_soil,6.028714464383228
2017,Veszprém,wheat,4.55,4.26,2017-2018,ridge,base_soil,4.517117378940358
2017,Zala,barley,5.39,4.826,2017-2018,ridge,base_soil,4.7563708566964475
2017,Zala,maize,6.67,6.512,2017-2018,ridge,base_soil,6.657622013096395
2017,Zala,wheat,5.5,5.214,2017-2018,ridge,base_soil,5.136683960482769
2018,Bács-Kiskun,barley,4.75,4.588,2017-2018,ridge,base_soil,4.734264229133922
2018,Bács-Kiskun,maize,7.99,6.492,2017-2018,ridge,base_soil,6.780967588621358
2018,Bács-Kiskun,wheat,5.05,5.032,2017-2018,ridge,base_soil,5.151941201603268
2018,Baranya,barley,5.89,5.438,2017-2018,ridge,base_soil,5.157889485293501
2018,Baranya,maize,9.6,7.482,2017-2018,ridge,base_soil,7.2980025164885
2018,Baranya,wheat,6.09,5.994,2017-2018,ridge,base_soil,5.650294195128897
2018,Békés,barley,4.46,4.538,2017-2018,ridge,base_soil,4.416006498581394
2018,Békés,maize,8.36,6.838,2017-2018,ridge,base_soil,6.7269257866130765
2018,Békés,wheat,5.1,4.85,2017-2018,ridge,base_soil,4.745611494869324
2018,Borsod-Abaúj-Zemplén,barley,4.74,4.604,2017-2018,ridge,base_soil,4.510309659479519
2018,Borsod-Abaúj-Zemplén,maize,7.11,6.946,2017-2018,ridge,base_soil,6.849251849023471
2018,Borsod-Abaúj-Zemplén,wheat,5.01,5.062,2017-2018,ridge,base_soil,4.937327599119622
2018,Csongrád-Csanád,barley,4.66,4.298,2017-2018,ridge,base_soil,4.379831199149509
2018,Csongrád-Csanád,maize,7.11,5.988,2017-2018,ridge,base_soil,6.28375120331253
2018,Csongrád-Csanád,wheat,4.94,4.772,2017-2018,ridge,base_soil,4.817524529841904
2018,Fejér,barley,5.48,5.438,2017-2018,ridge,base_soil,5.213746224228043
2018,Fejér,maize,10.06,7.314,2017-2018,ridge,base_soil,7.241767649373967
2018,Fejér,wheat,5.82,5.674,2017-2018,ridge,base_soil,5.492643113017583
2018,Győr-Moson-Sopron,barley,4.53,4.674,2017-2018,ridge,base_soil,4.638289294815441
2018,Győr-Moson-Sopron,maize,8.36,6.728,2017-2018,ridge,base_soil,6.785074445418122
2018,Győr-Moson-Sopron,wheat,4.95,4.974,2017-2018,ridge,base_soil,4.959887747814151
2018,Hajdú-Bihar,barley,4.69,4.924,2017-2018,ridge,base_soil,4.789979740439738
2018,Hajdú-Bihar,maize,9.05,7.314,2017-2018,ridge,base_soil,7.1609481031405675
2018,Hajdú-Bihar,wheat,5.32,5.284,2017-2018,ridge,base_soil,5.151610909884547
2018,Heves,barley,4.65,4.498,2017-2018,ridge,base_soil,4.418044075167328
2018,Heves,maize,7.53,5.374,2017-2018,ridge,base_soil,5.778853559544953
2018,Heves,wheat,4.76,4.632,2017-2018,ridge,base_soil,4.628885345998501
2018,Jász-Nagykun-Szolnok,barley,4.49,4.6,2017-2018,ridge,base_soil,4.498324683931858
2018,Jász-Nagykun-Szolnok,maize,5.39,5.322,2017-2018,ridge,base_soil,5.756383529431165
2018,Jász-Nagykun-Szolnok,wheat,4.51,4.49,2017-2018,ridge,base_soil,4.5463662412155665
2018,Komárom-Esztergom,barley,4.98,4.634,2017-2018,ridge,base_soil,4.661458767359971
2018,Komárom-Esztergom,maize,9.18,6.614,2017-2018,ridge,base_soil,6.758870234345798
2018,Komárom-Esztergom,wheat,5.32,4.888,2017-2018,ridge,base_soil,4.95236547108334
2018,Nógrád,barley,4.09,3.382,2017-2018,ridge,base_soil,3.7702255579347197
2018,Nógrád,maize,6.09,4.338,2017-2018,ridge,base_soil,5.184411997573808
2018,Nógrád,wheat,4.86,4.204,2017-2018,ridge,base_soil,4.440108644014483
2018,Pest,barley,4.38,4.502,2017-2018,ridge,base_soil,4.60362737039604
2018,Pest,maize,8.39,6.218,2017-2018,ridge,base_soil,6.5248948850190365
2018,Pest,wheat,4.77,4.706,2017-2018,ridge,base_soil,4.861173477080995
2018,Somogy,barley,4.89,5.064,2017-2018,ridge,base_soil,4.996651317323212
2018,Somogy,maize,10.13,7.748,2017-2018,ridge,base_soil,7.563779990609923
2018,Somogy,wheat,5.39,5.602,2017-2018,ridge,base_soil,5.477046212224779
2018,Szabolcs-Szatmár-Bereg,barley,4.36,4.142,2017-2018,ridge,base_soil,4.33062131826798
2018,Szabolcs-Szatmár-Bereg,maize,6.93,6.658,2017-2018,ridge,base_soil,6.785658385505616
2018,Szabolcs-Szatmár-Bereg,wheat,4.85,4.818,2017-2018,ridge,base_soil,4.903091460995571
2018,Tolna,barley,5.5,5.794,2017-2018,ridge,base_soil,5.423557453182339
2018,Tolna,maize,9.78,7.986,2017-2018,ridge,base_soil,7.662417851611046
2018,Tolna,wheat,5.88,6.108,2017-2018,ridge,base_soil,5.7544968733518065
2018,Vas,barley,4.2,4.626,2017-2018,ridge,base_soil,4.615704757954662
2018,Vas,maize,7.91,7.102,2017-2018,ridge,base_soil,7.044053347561565
2018,Vas,wheat,5.11,5.246,2017-2018,ridge,base_soil,5.150811031999228
2018,Veszprém,barley,3.63,4.038,2017-2018,ridge,base_soil,4.2475614573215745
2018,Veszprém,maize,7.75,5.822,2017-2018,ridge,base_soil,6.2141993839168155
2018,Veszprém,wheat,4.58,4.53,2017-2018,ridge,base_soil,4.697264602947799
2018,Zala,barley,4.76,5.03,2017-2018,ridge,base_soil,4.892482092613181
2018,Zala,maize,9.59,6.938,2017-2018,ridge,base_soil,6.9418542998636905
2018,Zala,wheat,5.13,5.408,2017-2018,ridge,base_soil,5.2661230769918195
2017,Bács-Kiskun,barley,5.02,4.346,2017-2018,xgboost,base_weather,5.088567733764648
2017,Bács-Kiskun,maize,6.19,5.86,2017-2018,xgboost,base_weather,6.286885738372803
2017,Bács-Kiskun,wheat,5.65,4.668,2017-2018,xgboost,base_weather,5.56492805480957
2017,Baranya,barley,6.4,5.192,2017-2018,xgboost,base_weather,5.905569553375244
2017,Baranya,maize,7.26,6.82,2017-2018,xgboost,base_weather,6.58189058303833
2017,Baranya,wheat,6.45,5.792,2017-2018,xgboost,base_weather,5.885836601257324
2017,Békés,barley,5.02,4.256,2017-2018,xgboost,base_weather,4.888941287994385
2017,Békés,maize,5.68,6.386,2017-2018,xgboost,base_weather,8.376976013183594
2017,Békés,wheat,5.35,4.546,2017-2018,xgboost,base_weather,5.002880573272705
2017,Borsod-Abaúj-Zemplén,barley,5.53,4.228,2017-2018,xgboost,base_weather,4.551707744598389
2017,Borsod-Abaúj-Zemplén,maize,7.52,6.708,2017-2018,xgboost,base_weather,6.175356388092041
2017,Borsod-Abaúj-Zemplén,wheat,5.66,4.668,2017-2018,xgboost,base_weather,5.047281265258789
2017,Csongrád-Csanád,barley,4.94,4.02,2017-2018,xgboost,base_weather,4.710387229919434
2017,Csongrád-Csanád,maize,5.52,5.384,2017-2018,xgboost,base_weather,6.029098987579346
2017,Csongrád-Csanád,wheat,5.41,4.47,2017-2018,xgboost,base_weather,4.927257061004639
2017,Fejér,barley,5.89,5.012,2017-2018,xgboost,base_weather,5.606233596801758
2017,Fejér,maize,6.7,6.79,2017-2018,xgboost,base_weather,6.271969795227051
2017,Fejér,wheat,5.45,5.334,2017-2018,xgboost,base_weather,5.696535110473633
2017,Győr-Moson-Sopron,barley,4.93,4.384,2017-2018,xgboost,base_weather,4.8178629875183105
2017,Győr-Moson-Sopron,maize,5.68,6.834,2017-2018,xgboost,base_weather,6.718865871429443
2017,Győr-Moson-Sopron,wheat,4.77,4.78,2017-2018,xgboost,base_weather,5.323680877685547
2017,Hajdú-Bihar,barley,5.6,4.536,2017-2018,xgboost,base_weather,4.61287260055542
2017,Hajdú-Bihar,maize,7.93,6.766,2017-2018,xgboost,base_weather,6.815798759460449
2017,Hajdú-Bihar,wheat,6.06,4.888,2017-2018,xgboost,base_weather,5.127276420593262
2017,Heves,barley,5.34,3.932,2017-2018,xgboost,base_weather,4.508894443511963
2017,Heves,maize,5.69,4.866,2017-2018,xgboost,base_weather,6.4257636070251465
2017,Heves,wheat,5.14,4.156,2017-2018,xgboost,base_weather,4.7713727951049805
2017,Jász-Nagykun-Szolnok,barley,5.46,4.154,2017-2018,xgboost,base_weather,4.76391077041626
2017,Jász-Nagykun-Szolnok,maize,5.47,4.688,2017-2018,xgboost,base_weather,4.804802417755127
2017,Jász-Nagykun-Szolnok,wheat,5.19,4.102,2017-2018,xgboost,base_weather,4.804160118103027
2017,Komárom-Esztergom,barley,4.91,4.318,2017-2018,xgboost,base_weather,4.739898681640625
2017,Komárom-Esztergom,maize,6.04,6.284,2017-2018,xgboost,base_weather,7.001865863800049
2017,Komárom-Esztergom,wheat,4.78,4.628,2017-2018,xgboost,base_weather,5.028883457183838
2017,Nógrád,barley,3.87,2.936,2017-2018,xgboost,base_weather,3.342501401901245
2017,Nógrád,maize,4.88,4.356,2017-2018,xgboost,base_weather,5.06111478805542
2017,Nógrád,wheat,4.54,3.698,2017-2018,xgboost,base_weather,3.9619972705841064
2017,Pest,barley,4.9,4.084,2017-2018,xgboost,base_weather,4.712600231170654
2017,Pest,maize,6.16,5.708,2017-2018,xgboost,base_weather,6.720703125
2017,Pest,wheat,4.96,4.28,2017-2018,xgboost,base_weather,4.921456813812256
2017,Somogy,barley,5.78,4.75,2017-2018,xgboost,base_weather,5.531508445739746
2017,Somogy,maize,7.93,6.8,2017-2018,xgboost,base_weather,6.450558185577393
2017,Somogy,wheat,5.54,5.376,2017-2018,xgboost,base_weather,5.872310638427734
2017,Szabolcs-Szatmár-Bereg,barley,4.5,3.798,2017-2018,xgboost,base_weather,4.224882125854492
2017,Szabolcs-Szatmár-Bereg,maize,7.95,5.912,2017-2018,xgboost,base_weather,7.37624979019165
2017,Szabolcs-Szatmár-Bereg,wheat,5.48,4.406,2017-2018,xgboost,base_weather,4.813988208770752
2017,Tolna,barley,6.43,5.38,2017-2018,xgboost,base_weather,5.996302604675293
2017,Tolna,maize,8.06,7.03,2017-2018,xgboost,base_weather,7.364343643188477
2017,Tolna,wheat,6.51,5.7,2017-2018,xgboost,base_weather,6.0879106521606445
2017,Vas,barley,5.04,4.358,2017-2018,xgboost,base_weather,4.6416144371032715
2017,Vas,maize,7.0,6.764,2017-2018,xgboost,base_weather,5.579819202423096
2017,Vas,wheat,5.22,5.0,2017-2018,xgboost,base_weather,5.438479900360107
2017,Veszprém,barley,4.56,3.736,2017-2018,xgboost,base_weather,4.294045925140381
2017,Veszprém,maize,5.46,5.544,2017-2018,xgboost,base_weather,7.046456336975098
2017,Veszprém,wheat,4.55,4.26,2017-2018,xgboost,base_weather,4.910952091217041
2017,Zala,barley,5.39,4.826,2017-2018,xgboost,base_weather,5.435688495635986
2017,Zala,maize,6.67,6.512,2017-2018,xgboost,base_weather,7.292761325836182
2017,Zala,wheat,5.5,5.214,2017-2018,xgboost,base_weather,5.5605082511901855
2018,Bács-Kiskun,barley,4.75,4.588,2017-2018,xgboost,base_weather,5.251624584197998
2018,Bács-Kiskun,maize,7.99,6.492,2017-2018,xgboost,base_weather,8.605695724487305
2018,Bács-Kiskun,wheat,5.05,5.032,2017-2018,xgboost,base_weather,5.753198146820068
2018,Baranya,barley,5.89,5.438,2017-2018,xgboost,base_weather,5.976445198059082
2018,Baranya,maize,9.6,7.482,2017-2018,xgboost,base_weather,7.2990899085998535
2018,Baranya,wheat,6.09,5.994,2017-2018,xgboost,base_weather,6.051562309265137
2018,Békés,barley,4.46,4.538,2017-2018,xgboost,base_weather,4.892271995544434
2018,Békés,maize,8.36,6.838,2017-2018,xgboost,base_weather,6.940915584564209
2018,Békés,wheat,5.1,4.85,2017-2018,xgboost,base_weather,5.320505142211914
2018,Borsod-Abaúj-Zemplén,barley,4.74,4.604,2017-2018,xgboost,base_weather,4.693347454071045
2018,Borsod-Abaúj-Zemplén,maize,7.11,6.946,2017-2018,xgboost,base_weather,6.680910587310791
2018,Borsod-Abaúj-Zemplén,wheat,5.01,5.062,2017-2018,xgboost,base_weather,5.278393268585205
2018,Csongrád-Csanád,barley,4.66,4.298,2017-2018,xgboost,base_weather,4.858686447143555
2018,Csongrád-Csanád,maize,7.11,5.988,2017-2018,xgboost,base_weather,8.264032363891602
2018,Csongrád-Csanád,wheat,4.94,4.772,2017-2018,xgboost,base_weather,5.334872245788574
2018,Fejér,barley,5.48,5.438,2017-2018,xgboost,base_weather,5.730158805847168
2018,Fejér,maize,10.06,7.314,2017-2018,xgboost,base_weather,7.158727169036865
2018,Fejér,wheat,5.82,5.674,2017-2018,xgboost,base_weather,5.777672290802002
2018,Győr-Moson-Sopron,barley,4.53,4.674,2017-2018,xgboost,base_weather,5.2251811027526855
2018,Győr-Moson-Sopron,maize,8.36,6.728,2017-2018,xgboost,base_weather,7.100618362426758
2018,Győr-Moson-Sopron,wheat,4.95,4.974,2017-2018,xgboost,base_weather,5.368951797485352
2018,Hajdú-Bihar,barley,4.69,4.924,2017-2018,xgboost,base_weather,5.1664347648620605
2018,Hajdú-Bihar,maize,9.05,7.314,2017-2018,xgboost,base_weather,7.679343223571777
2018,Hajdú-Bihar,wheat,5.32,5.284,2017-2018,xgboost,base_weather,5.4227399826049805
2018,Heves,barley,4.65,4.498,2017-2018,xgboost,base_weather,4.751347064971924
2018,Heves,maize,7.53,5.374,2017-2018,xgboost,base_weather,6.769071578979492
2018,Heves,wheat,4.76,4.632,2017-2018,xgboost,base_weather,4.955059051513672
2018,Jász-Nagykun-Szolnok,barley,4.49,4.6,2017-2018,xgboost,base_weather,4.94085693359375
2018,Jász-Nagykun-Szolnok,maize,5.39,5.322,2017-2018,xgboost,base_weather,4.674332618713379
2018,Jász-Nagykun-Szolnok,wheat,4.51,4.49,2017-2018,xgboost,base_weather,4.871913909912109
2018,Komárom-Esztergom,barley,4.98,4.634,2017-2018,xgboost,base_weather,4.960343837738037
2018,Komárom-Esztergom,maize,9.18,6.614,2017-2018,xgboost,base_weather,7.958590030670166
2018,Komárom-Esztergom,wheat,5.32,4.888,2017-2018,xgboost,base_weather,5.320216655731201
2018,Nógrád,barley,4.09,3.382,2017-2018,xgboost,base_weather,3.7800517082214355
2018,Nógrád,maize,6.09,4.338,2017-2018,xgboost,base_weather,4.8610124588012695
2018,Nógrád,wheat,4.86,4.204,2017-2018,xgboost,base_weather,4.493496417999268
2018,Pest,barley,4.38,4.502,2017-2018,xgboost,base_weather,4.850030899047852
2018,Pest,maize,8.39,6.218,2017-2018,xgboost,base_weather,7.236247539520264
2018,Pest,wheat,4.77,4.706,2017-2018,xgboost,base_weather,5.274941921234131
2018,Somogy,barley,4.89,5.064,2017-2018,xgboost,base_weather,5.726839065551758
2018,Somogy,maize,10.13,7.748,2017-2018,xgboost,base_weather,6.743497371673584
2018,Somogy,wheat,5.39,5.602,2017-2018,xgboost,base_weather,5.81886100769043
2018,Szabolcs-Szatmár-Bereg,barley,4.36,4.142,2017-2018,xgboost,base_weather,4.559061050415039
2018,Szabolcs-Szatmár-Bereg,maize,6.93,6.658,2017-2018,xgboost,base_weather,5.795045375823975
2018,Szabolcs-Szatmár-Bereg,wheat,4.85,4.818,2017-2018,xgboost,base_weather,5.222036361694336
2018,Tolna,barley,5.5,5.794,2017-2018,xgboost,base_weather,5.619998931884766
2018,Tolna,maize,9.78,7.986,2017-2018,xgboost,base_weather,7.784148693084717
2018,Tolna,wheat,5.88,6.108,2017-2018,xgboost,base_weather,5.578217506408691
2018,Vas,barley,4.2,4.626,2017-2018,xgboost,base_weather,4.932739734649658
2018,Vas,maize,7.91,7.102,2017-2018,xgboost,base_weather,6.91677713394165
2018,Vas,wheat,5.11,5.246,2017-2018,xgboost,base_weather,5.534092903137207
2018,Veszprém,barley,3.63,4.038,2017-2018,xgboost,base_weather,4.730663299560547
2018,Veszprém,maize,7.75,5.822,2017-2018,xgboost,base_weather,6.993716716766357
2018,Veszprém,wheat,4.58,4.53,2017-2018,xgboost,base_weather,5.042970180511475
2018,Zala,barley,4.76,5.03,2017-2018,xgboost,base_weather,5.680006504058838
2018,Zala,maize,9.59,6.938,2017-2018,xgboost,base_weather,7.374425411224365
2018,Zala,wheat,5.13,5.408,2017-2018,xgboost,base_weather,5.840137958526611
2017,Bács-Kiskun,barley,5.02,4.346,2017-2018,ridge,base_weather,4.87369237274253
2017,Bács-Kiskun,maize,6.19,5.86,2017-2018,ridge,base_weather,6.471426238466138
2017,Bács-Kiskun,wheat,5.65,4.668,2017-2018,ridge,base_weather,5.278343091686526
2017,Baranya,barley,6.4,5.192,2017-2018,ridge,base_weather,5.814525722058452
2017,Baranya,maize,7.26,6.82,2017-2018,ridge,base_weather,7.214586613665795
2017,Baranya,wheat,6.45,5.792,2017-2018,ridge,base_weather,6.3229879314383854
2017,Békés,barley,5.02,4.256,2017-2018,ridge,base_weather,4.794191322215573
2017,Békés,maize,5.68,6.386,2017-2018,ridge,base_weather,6.752257907800552
2017,Békés,wheat,5.35,4.546,2017-2018,ridge,base_weather,5.186892517080612
2017,Borsod-Abaúj-Zemplén,barley,5.53,4.228,2017-2018,ridge,base_weather,4.286400573261115
2017,Borsod-Abaúj-Zemplén,maize,7.52,6.708,2017-2018,ridge,base_weather,6.467877422619807
2017,Borsod-Abaúj-Zemplén,wheat,5.66,4.668,2017-2018,ridge,base_weather,4.735115162246264
2017,Csongrád-Csanád,barley,4.94,4.02,2017-2018,ridge,base_weather,4.789792642922132
2017,Csongrád-Csanád,maize,5.52,5.384,2017-2018,ridge,base_weather,6.424125984335359
2017,Csongrád-Csanád,wheat,5.41,4.47,2017-2018,ridge,base_weather,5.242241458181955
2017,Fejér,barley,5.89,5.012,2017-2018,ridge,base_weather,4.8905354357810795
2017,Fejér,maize,6.7,6.79,2017-2018,ridge,base_weather,6.642563969458824
2017,Fejér,wheat,5.45,5.334,2017-2018,ridge,base_weather,5.295186154725076
2017,Győr-Moson-Sopron,barley,4.93,4.384,2017-2018,ridge,base_weather,4.751940882670317
2017,Győr-Moson-Sopron,maize,5.68,6.834,2017-2018,ridge,base_weather,6.809843396769191
2017,Győr-Moson-Sopron,wheat,4.77,4.78,2017-2018,ridge,base_weather,5.1842248760469
2017,Hajdú-Bihar,barley,5.6,4.536,2017-2018,ridge,base_weather,4.620331634930267
2017,Hajdú-Bihar,maize,7.93,6.766,2017-2018,ridge,base_weather,6.665710118569468
2017,Hajdú-Bihar,wheat,6.06,4.888,2017-2018,ridge,base_weather,5.0361850326982855
2017,Heves,barley,5.34,3.932,2017-2018,ridge,base_weather,4.2723874779147755
2017,Heves,maize,5.69,4.866,2017-2018,ridge,base_weather,5.7624531491710576
2017,Heves,wheat,5.14,4.156,2017-2018,ridge,base_weather,4.640442779366966
2017,Jász-Nagykun-Szolnok,barley,5.46,4.154,2017-2018,ridge,base_weather,4.535466195295544
2017,Jász-Nagykun-Szolnok,maize,5.47,4.688,2017-2018,ridge,base_weather,5.925543714708583
2017,Jász-Nagykun-Szolnok,wheat,5.19,4.102,2017-2018,ridge,base_weather,4.800456851566732
2017,Komárom-Esztergom,barley,4.91,4.318,2017-2018,ridge,base_weather,4.740447126805041
2017,Komárom-Esztergom,maize,6.04,6.284,2017-2018,ridge,base_weather,6.462031495911822
2017,Komárom-Esztergom,wheat,4.78,4.628,2017-2018,ridge,base_weather,5.140616774219428
2017,Nógrád,barley,3.87,2.936,2017-2018,ridge,base_weather,3.6023650458880048
2017,Nógrád,maize,4.88,4.356,2017-2018,ridge,base_weather,5.189391214959468
2017,Nógrád,wheat,4.54,3.698,2017-2018,ridge,base_weather,4.171321720917657
2017,Pest,barley,4.9,4.084,2017-2018,ridge,base_weather,4.4710632372447
2017,Pest,maize,6.16,5.708,2017-2018,ridge,base_weather,6.179687659110471
2017,Pest,wheat,4.96,4.28,2017-2018,ridge,base_weather,4.828662705127805
2017,Somogy,barley,5.78,4.75,2017-2018,ridge,base_weather,5.459135292066344
2017,Somogy,maize,7.93,6.8,2017-2018,ridge,base_weather,7.064781187753967
2017,Somogy,wheat,5.54,5.376,2017-2018,ridge,base_weather,5.97730648976043
2017,Szabolcs-Szatmár-Bereg,barley,4.5,3.798,2017-2018,ridge,base_weather,4.274402691101798
2017,Szabolcs-Szatmár-Bereg,maize,7.95,5.912,2017-2018,ridge,base_weather,6.1757056832925965
2017,Szabolcs-Szatmár-Bereg,wheat,5.48,4.406,2017-2018,ridge,base_weather,4.785852281501471
2017,Tolna,barley,6.43,5.38,2017-2018,ridge,base_weather,5.494493242931309
2017,Tolna,maize,8.06,7.03,2017-2018,ridge,base_weather,7.036737091467987
2017,Tolna,wheat,6.51,5.7,2017-2018,ridge,base_weather,5.898397116620371
2017,Vas,barley,5.04,4.358,2017-2018,ridge,base_weather,4.919415519091796
2017,Vas,maize,7.0,6.764,2017-2018,ridge,base_weather,6.976687847271566
2017,Vas,wheat,5.22,5.0,2017-2018,ridge,base_weather,5.443561478825361
2017,Veszprém,barley,4.56,3.736,2017-2018,ridge,base_weather,4.751294332794913
2017,Veszprém,maize,5.46,5.544,2017-2018,ridge,base_weather,6.454327750110699
2017,Veszprém,wheat,4.55,4.26,2017-2018,ridge,base_weather,5.231376422487324
2017,Zala,barley,5.39,4.826,2017-2018,ridge,base_weather,5.406891720047439
2017,Zala,maize,6.67,6.512,2017-2018,ridge,base_weather,6.99858342315806
2017,Zala,wheat,5.5,5.214,2017-2018,ridge,base_weather,5.836188332404284
2018,Bács-Kiskun,barley,4.75,4.588,2017-2018,ridge,base_weather,5.009800209051564
2018,Bács-Kiskun,maize,7.99,6.492,2017-2018,ridge,base_weather,6.870667516826586
2018,Bács-Kiskun,wheat,5.05,5.032,2017-2018,ridge,base_weather,5.460008488546583
2018,Baranya,barley,5.89,5.438,2017-2018,ridge,base_weather,5.927905442106119
2018,Baranya,maize,9.6,7.482,2017-2018,ridge,base_weather,7.601439701482357
2018,Baranya,wheat,6.09,5.994,2017-2018,ridge,base_weather,6.419937055877487
2018,Békés,barley,4.46,4.538,2017-2018,ridge,base_weather,4.860514899508599
2018,Békés,maize,8.36,6.838,2017-2018,ridge,base_weather,6.97918344408777
2018,Békés,wheat,5.1,4.85,2017-2018,ridge,base_weather,5.261431392177921
2018,Borsod-Abaúj-Zemplén,barley,4.74,4.604,2017-2018,ridge,base_weather,4.4790065754087385
2018,Borsod-Abaúj-Zemplén,maize,7.11,6.946,2017-2018,ridge,base_weather,6.648035319286407
2018,Borsod-Abaúj-Zemplén,wheat,5.01,5.062,2017-2018,ridge,base_weather,4.934442771688301
2018,Csongrád-Csanád,barley,4.66,4.298,2017-2018,ridge,base_weather,4.867446504685187
2018,Csongrád-Csanád,maize,7.11,5.988,2017-2018,ridge,base_weather,6.7375633358462474
2018,Csongrád-Csanád,wheat,4.94,4.772,2017-2018,ridge,base_weather,5.328857463004228
2018,Fejér,barley,5.48,5.438,2017-2018,ridge,base_weather,5.084810292797043
2018,Fejér,maize,10.06,7.314,2017-2018,ridge,base_weather,6.972611312151162
2018,Fejér,wheat,5.82,5.674,2017-2018,ridge,base_weather,5.457346665778843
2018,Győr-Moson-Sopron,barley,4.53,4.674,2017-2018,ridge,base_weather,4.8695518525074615
2018,Győr-Moson-Sopron,maize,8.36,6.728,2017-2018,ridge,base_weather,6.803187806980723
2018,Győr-Moson-Sopron,wheat,4.95,4.974,2017-2018,ridge,base_weather,5.265987273647174
2018,Hajdú-Bihar,barley,4.69,4.924,2017-2018,ridge,base_weather,4.7691258137777455
2018,Hajdú-Bihar,maize,9.05,7.314,2017-2018,ridge,base_weather,6.950744170540972
2018,Hajdú-Bihar,wheat,5.32,5.284,2017-2018,ridge,base_weather,5.187966592565503
2018,Heves,barley,4.65,4.498,2017-2018,ridge,base_weather,4.524654464963025
2018,Heves,maize,7.53,5.374,2017-2018,ridge,base_weather,6.075086939501093
2018,Heves,wheat,4.76,4.632,2017-2018,ridge,base_weather,4.859101729943149
2018,Jász-Nagykun-Szolnok,barley,4.49,4.6,2017-2018,ridge,base_weather,4.690462923963781
2018,Jász-Nagykun-Szolnok,maize,5.39,5.322,2017-2018,ridge,base_weather,6.270102852493061
2018,Jász-Nagykun-Szolnok,wheat,4.51,4.49,2017-2018,ridge,base_weather,4.93379506784186
2018,Komárom-Esztergom,barley,4.98,4.634,2017-2018,ridge,base_weather,4.8704901874964825
2018,Komárom-Esztergom,maize,9.18,6.614,2017-2018,ridge,base_weather,6.685236126588075
2018,Komárom-Esztergom,wheat,5.32,4.888,2017-2018,ridge,base_weather,5.249748167772695
2018,Nógrád,barley,4.09,3.382,2017-2018,ridge,base_weather,3.774958536479537
2018,Nógrád,maize,6.09,4.338,2017-2018,ridge,base_weather,5.30605738833791
2018,Nógrád,wheat,4.86,4.204,2017-2018,ridge,base_weather,4.366320569157233
2018,Pest,barley,4.38,4.502,2017-2018,ridge,base_weather,4.655081585546524
2018,Pest,maize,8.39,6.218,2017-2018,ridge,base_weather,6.530453862255299
2018,Pest,wheat,4.77,4.706,2017-2018,ridge,base_weather,5.015668434449367
2018,Somogy,barley,4.89,5.064,2017-2018,ridge,base_weather,5.605049870531456
2018,Somogy,maize,10.13,7.748,2017-2018,ridge,base_weather,7.522058173263764
2018,Somogy,wheat,5.39,5.602,2017-2018,ridge,base_weather,6.090359877008411
2018,Szabolcs-Szatmár-Bereg,barley,4.36,4.142,2017-2018,ridge,base_weather,4.436344259190663
2018,Szabolcs-Szatmár-Bereg,maize,6.93,6.658,2017-2018,ridge,base_weather,6.561544634803476
2018,Szabolcs-Szatmár-Bereg,wheat,4.85,4.818,2017-2018,ridge,base_weather,4.973186588258119
2018,Tolna,barley,5.5,5.794,2017-2018,ridge,base_weather,5.719164881449564
2018,Tolna,maize,9.78,7.986,2017-2018,ridge,base_weather,7.554519594590996
2018,Tolna,wheat,5.88,6.108,2017-2018,ridge,base_weather,6.120828219373821
2018,Vas,barley,4.2,4.626,2017-2018,ridge,base_weather,5.060540385888441
2018,Vas,maize,7.91,7.102,2017-2018,ridge,base_weather,7.153721185036641
2018,Vas,wheat,5.11,5.246,2017-2018,ridge,base_weather,5.576471047817722
2018,Veszprém,barley,3.63,4.038,2017-2018,ridge,base_weather,4.893901613963627
2018,Veszprém,maize,7.75,5.822,2017-2018,ridge,base_weather,6.6135894517293705
2018,Veszprém,wheat,4.58,4.53,2017-2018,ridge,base_weather,5.362034179577081
2018,Zala,barley,4.76,5.03,2017-2018,ridge,base_weather,5.505698162115345
2018,Zala,maize,9.59,6.938,2017-2018,ridge,base_weather,7.206651456163888
2018,Zala,wheat,5.13,5.408,2017-2018,ridge,base_weather,5.931260548197516
2017,Bács-Kiskun,barley,5.02,4.346,2017-2018,xgboost,full,5.0103912353515625
2017,Bács-Kiskun,maize,6.19,5.86,2017-2018,xgboost,full,6.347126483917236
2017,Bács-Kiskun,wheat,5.65,4.668,2017-2018,xgboost,full,5.492371082305908
2017,Baranya,barley,6.4,5.192,2017-2018,xgboost,full,5.843057155609131
2017,Baranya,maize,7.26,6.82,2017-2018,xgboost,full,6.292280197143555
2017,Baranya,wheat,6.45,5.792,2017-2018,xgboost,full,5.689472198486328
2017,Békés,barley,5.02,4.256,2017-2018,xgboost,full,4.84202766418457
2017,Békés,maize,5.68,6.386,2017-2018,xgboost,full,7.859851360321045
2017,Békés,wheat,5.35,4.546,2017-2018,xgboost,full,4.8646240234375
2017,Borsod-Abaúj-Zemplén,barley,5.53,4.228,2017-2018,xgboost,full,4.663872718811035
2017,Borsod-Abaúj-Zemplén,maize,7.52,6.708,2017-2018,xgboost,full,6.451569080352783
2017,Borsod-Abaúj-Zemplén,wheat,5.66,4.668,2017-2018,xgboost,full,5.143505573272705
2017,Csongrád-Csanád,barley,4.94,4.02,2017-2018,xgboost,full,4.628016471862793
2017,Csongrád-Csanád,maize,5.52,5.384,2017-2018,xgboost,full,5.643942356109619
2017,Csongrád-Csanád,wheat,5.41,4.47,2017-2018,xgboost,full,4.870420455932617
2017,Fejér,barley,5.89,5.012,2017-2018,xgboost,full,5.951347351074219
2017,Fejér,maize,6.7,6.79,2017-2018,xgboost,full,6.797464370727539
2017,Fejér,wheat,5.45,5.334,2017-2018,xgboost,full,5.944110870361328
2017,Győr-Moson-Sopron,barley,4.93,4.384,2017-2018,xgboost,full,5.002575397491455
2017,Győr-Moson-Sopron,maize,5.68,6.834,2017-2018,xgboost,full,7.093563556671143
2017,Győr-Moson-Sopron,wheat,4.77,4.78,2017-2018,xgboost,full,5.462496280670166
2017,Hajdú-Bihar,barley,5.6,4.536,2017-2018,xgboost,full,4.880988121032715
2017,Hajdú-Bihar,maize,7.93,6.766,2017-2018,xgboost,full,6.877561092376709
2017,Hajdú-Bihar,wheat,6.06,4.888,2017-2018,xgboost,full,5.418488025665283
2017,Heves,barley,5.34,3.932,2017-2018,xgboost,full,4.425688743591309
2017,Heves,maize,5.69,4.866,2017-2018,xgboost,full,5.7603349685668945
2017,Heves,wheat,5.14,4.156,2017-2018,xgboost,full,4.604776382446289
2017,Jász-Nagykun-Szolnok,barley,5.46,4.154,2017-2018,xgboost,full,4.5517578125
2017,Jász-Nagykun-Szolnok,maize,5.47,4.688,2017-2018,xgboost,full,5.024226188659668
2017,Jász-Nagykun-Szolnok,wheat,5.19,4.102,2017-2018,xgboost,full,4.588047504425049
2017,Komárom-Esztergom,barley,4.91,4.318,2017-2018,xgboost,full,5.06954288482666
2017,Komárom-Esztergom,maize,6.04,6.284,2017-2018,xgboost,full,7.45995569229126
2017,Komárom-Esztergom,wheat,4.78,4.628,2017-2018,xgboost,full,5.413322925567627
2017,Nógrád,barley,3.87,2.936,2017-2018,xgboost,full,3.397756576538086
2017,Nógrád,maize,4.88,4.356,2017-2018,xgboost,full,5.241524696350098
2017,Nógrád,wheat,4.54,3.698,2017-2018,xgboost,full,3.864866018295288
2017,Pest,barley,4.9,4.084,2017-2018,xgboost,full,4.7351579666137695
2017,Pest,maize,6.16,5.708,2017-2018,xgboost,full,7.127099514007568
2017,Pest,wheat,4.96,4.28,2017-2018,xgboost,full,4.950915813446045
2017,Somogy,barley,5.78,4.75,2017-2018,xgboost,full,5.646849632263184
2017,Somogy,maize,7.93,6.8,2017-2018,xgboost,full,6.117032527923584
2017,Somogy,wheat,5.54,5.376,2017-2018,xgboost,full,5.848336696624756
2017,Szabolcs-Szatmár-Bereg,barley,4.5,3.798,2017-2018,xgboost,full,4.308953762054443
2017,Szabolcs-Szatmár-Bereg,maize,7.95,5.912,2017-2018,xgboost,full,7.404530048370361
2017,Szabolcs-Szatmár-Bereg,wheat,5.48,4.406,2017-2018,xgboost,full,4.8524556159973145
2017,Tolna,barley,6.43,5.38,2017-2018,xgboost,full,5.698178291320801
2017,Tolna,maize,8.06,7.03,2017-2018,xgboost,full,7.348426818847656
2017,Tolna,wheat,6.51,5.7,2017-2018,xgboost,full,5.922325134277344
2017,Vas,barley,5.04,4.358,2017-2018,xgboost,full,5.025970458984375
2017,Vas,maize,7.0,6.764,2017-2018,xgboost,full,6.090789794921875
2017,Vas,wheat,5.22,5.0,2017-2018,xgboost,full,5.743860721588135
2017,Veszprém,barley,4.56,3.736,2017-2018,xgboost,full,4.31034517288208
2017,Veszprém,maize,5.46,5.544,2017-2018,xgboost,full,7.136018753051758
2017,Veszprém,wheat,4.55,4.26,2017-2018,xgboost,full,4.876633644104004
2017,Zala,barley,5.39,4.826,2017-2018,xgboost,full,5.5444183349609375
2017,Zala,maize,6.67,6.512,2017-2018,xgboost,full,6.879473686218262
2017,Zala,wheat,5.5,5.214,2017-2018,xgboost,full,5.710367679595947
2018,Bács-Kiskun,barley,4.75,4.588,2017-2018,xgboost,full,5.176206111907959
2018,Bács-Kiskun,maize,7.99,6.492,2017-2018,xgboost,full,7.213464736938477
2018,Bács-Kiskun,wheat,5.05,5.032,2017-2018,xgboost,full,5.669846534729004
2018,Baranya,barley,5.89,5.438,2017-2018,xgboost,full,5.767800331115723
2018,Baranya,maize,9.6,7.482,2017-2018,xgboost,full,7.593461036682129
2018,Baranya,wheat,6.09,5.994,2017-2018,xgboost,full,6.08292293548584
2018,Békés,barley,4.46,4.538,2017-2018,xgboost,full,4.770862102508545
2018,Békés,maize,8.36,6.838,2017-2018,xgboost,full,6.29847526550293
2018,Békés,wheat,5.1,4.85,2017-2018,xgboost,full,5.165867328643799
2018,Borsod-Abaúj-Zemplén,barley,4.74,4.604,2017-2018,xgboost,full,4.930523872375488
2018,Borsod-Abaúj-Zemplén,maize,7.11,6.946,2017-2018,xgboost,full,6.289462566375732
2018,Borsod-Abaúj-Zemplén,wheat,5.01,5.062,2017-2018,xgboost,full,5.399740219116211
2018,Csongrád-Csanád,barley,4.66,4.298,2017-2018,xgboost,full,4.726079940795898
2018,Csongrád-Csanád,maize,7.11,5.988,2017-2018,xgboost,full,7.182779312133789
2018,Csongrád-Csanád,wheat,4.94,4.772,2017-2018,xgboost,full,5.239741325378418
2018,Fejér,barley,5.48,5.438,2017-2018,xgboost,full,5.8580403327941895
2018,Fejér,maize,10.06,7.314,2017-2018,xgboost,full,7.760731220245361
2018,Fejér,wheat,5.82,5.674,2017-2018,xgboost,full,6.145335674285889
2018,Győr-Moson-Sopron,barley,4.53,4.674,2017-2018,xgboost,full,5.3855390548706055
2018,Győr-Moson-Sopron,maize,8.36,6.728,2017-2018,xgboost,full,7.440402507781982
2018,Győr-Moson-Sopron,wheat,4.95,4.974,2017-2018,xgboost,full,5.558316230773926
2018,Hajdú-Bihar,barley,4.69,4.924,2017-2018,xgboost,full,5.341513633728027
2018,Hajdú-Bihar,maize,9.05,7.314,2017-2018,xgboost,full,7.753225326538086
2018,Hajdú-Bihar,wheat,5.32,5.284,2017-2018,xgboost,full,5.440598011016846
2018,Heves,barley,4.65,4.498,2017-2018,xgboost,full,4.471539497375488
2018,Heves,maize,7.53,5.374,2017-2018,xgboost,full,6.097866535186768
2018,Heves,wheat,4.76,4.632,2017-2018,xgboost,full,4.663787841796875
2018,Jász-Nagykun-Szolnok,barley,4.49,4.6,2017-2018,xgboost,full,4.664022922515869
2018,Jász-Nagykun-Szolnok,maize,5.39,5.322,2017-2018,xgboost,full,5.02932071685791
2018,Jász-Nagykun-Szolnok,wheat,4.51,4.49,2017-2018,xgboost,full,4.564572811126709
2018,Komárom-Esztergom,barley,4.98,4.634,2017-2018,xgboost,full,5.290176868438721
2018,Komárom-Esztergom,maize,9.18,6.614,2017-2018,xgboost,full,8.218766212463379
2018,Komárom-Esztergom,wheat,5.32,4.888,2017-2018,xgboost,full,5.738150119781494
2018,Nógrád,barley,4.09,3.382,2017-2018,xgboost,full,3.6548821926116943
2018,Nógrád,maize,6.09,4.338,2017-2018,xgboost,full,4.838974952697754
2018,Nógrád,wheat,4.86,4.204,2017-2018,xgboost,full,4.340177059173584
2018,Pest,barley,4.38,4.502,2017-2018,xgboost,full,4.766716957092285
2018,Pest,maize,8.39,6.218,2017-2018,xgboost,full,7.088479995727539
2018,Pest,wheat,4.77,4.706,2017-2018,xgboost,full,5.2419114112854
2018,Somogy,barley,4.89,5.064,2017-2018,xgboost,full,5.78649377822876
2018,Somogy,maize,10.13,7.748,2017-2018,xgboost,full,6.744202613830566
2018,Somogy,wheat,5.39,5.602,2017-2018,xgboost,full,5.681649684906006
2018,Szabolcs-Szatmár-Bereg,barley,4.36,4.142,2017-2018,xgboost,full,4.574620246887207
2018,Szabolcs-Szatmár-Bereg,maize,6.93,6.658,2017-2018,xgboost,full,5.501186847686768
2018,Szabolcs-Szatmár-Bereg,wheat,4.85,4.818,2017-2018,xgboost,full,5.175371170043945
2018,Tolna,barley,5.5,5.794,2017-2018,xgboost,full,5.459359169006348
2018,Tolna,maize,9.78,7.986,2017-2018,xgboost,full,7.716050148010254
2018,Tolna,wheat,5.88,6.108,2017-2018,xgboost,full,5.724862098693848
2018,Vas,barley,4.2,4.626,2017-2018,xgboost,full,5.241720199584961
2018,Vas,maize,7.91,7.102,2017-2018,xgboost,full,7.348457336425781
2018,Vas,wheat,5.11,5.246,2017-2018,xgboost,full,5.754608154296875
2018,Veszprém,barley,3.63,4.038,2017-2018,xgboost,full,4.805335998535156
2018,Veszprém,maize,7.75,5.822,2017-2018,xgboost,full,7.398535251617432
2018,Veszprém,wheat,4.58,4.53,2017-2018,xgboost,full,5.059743881225586
2018,Zala,barley,4.76,5.03,2017-2018,xgboost,full,5.6408467292785645
2018,Zala,maize,9.59,6.938,2017-2018,xgboost,full,7.101476669311523
2018,Zala,wheat,5.13,5.408,2017-2018,xgboost,full,5.676429748535156
2017,Bács-Kiskun,barley,5.02,4.346,2017-2018,ridge,full,4.954321624330844
2017,Bács-Kiskun,maize,6.19,5.86,2017-2018,ridge,full,6.516985319383169
2017,Bács-Kiskun,wheat,5.65,4.668,2017-2018,ridge,full,5.369146740476099
2017,Baranya,barley,6.4,5.192,2017-2018,ridge,full,5.713802960996836
2017,Baranya,maize,7.26,6.82,2017-2018,ridge,full,7.068198290549437
2017,Baranya,wheat,6.45,5.792,2017-2018,ridge,full,6.220286077503656
2017,Békés,barley,5.02,4.256,2017-2018,ridge,full,4.861921380541631
2017,Békés,maize,5.68,6.386,2017-2018,ridge,full,6.778756358763279
2017,Békés,wheat,5.35,4.546,2017-2018,ridge,full,5.266195935494187
2017,Borsod-Abaúj-Zemplén,barley,5.53,4.228,2017-2018,ridge,full,4.28694752359421
2017,Borsod-Abaúj-Zemplén,maize,7.52,6.708,2017-2018,ridge,full,6.414569021639616
2017,Borsod-Abaúj-Zemplén,wheat,5.66,4.668,2017-2018,ridge,full,4.740677834137539
2017,Csongrád-Csanád,barley,4.94,4.02,2017-2018,ridge,full,4.734303122224949
2017,Csongrád-Csanád,maize,5.52,5.384,2017-2018,ridge,full,6.353917972211319
2017,Csongrád-Csanád,wheat,5.41,4.47,2017-2018,ridge,full,5.191330483140995
2017,Fejér,barley,5.89,5.012,2017-2018,ridge,full,5.040529086457434
2017,Fejér,maize,6.7,6.79,2017-2018,ridge,full,6.74397967516214
2017,Fejér,wheat,5.45,5.334,2017-2018,ridge,full,5.455354202602689
2017,Győr-Moson-Sopron,barley,4.93,4.384,2017-2018,ridge,full,4.948899450833254
2017,Győr-Moson-Sopron,maize,5.68,6.834,2017-2018,ridge,full,6.905357117130267
2017,Győr-Moson-Sopron,wheat,4.77,4.78,2017-2018,ridge,full,5.388122739736623
2017,Hajdú-Bihar,barley,5.6,4.536,2017-2018,ridge,full,4.61997552893975
2017,Hajdú-Bihar,maize,7.93,6.766,2017-2018,ridge,full,6.627264994126696
2017,Hajdú-Bihar,wheat,6.06,4.888,2017-2018,ridge,full,5.04469179620316
2017,Heves,barley,5.34,3.932,2017-2018,ridge,full,4.475829496373643
2017,Heves,maize,5.69,4.866,2017-2018,ridge,full,5.975748798448724
2017,Heves,wheat,5.14,4.156,2017-2018,ridge,full,4.858343518866259
2017,Jász-Nagykun-Szolnok,barley,5.46,4.154,2017-2018,ridge,full,4.393083127344119
2017,Jász-Nagykun-Szolnok,maize,5.47,4.688,2017-2018,ridge,full,5.815175828320003
2017,Jász-Nagykun-Szolnok,wheat,5.19,4.102,2017-2018,ridge,full,4.6845985595497135
2017,Komárom-Esztergom,barley,4.91,4.318,2017-2018,ridge,full,5.041245914919557
2017,Komárom-Esztergom,maize,6.04,6.284,2017-2018,ridge,full,6.69069512629901
2017,Komárom-Esztergom,wheat,4.78,4.628,2017-2018,ridge,full,5.45211457061755
2017,Nógrád,barley,3.87,2.936,2017-2018,ridge,full,3.6534289225204564
2017,Nógrád,maize,4.88,4.356,2017-2018,ridge,full,5.199804105223019
2017,Nógrád,wheat,4.54,3.698,2017-2018,ridge,full,4.213324255065311
2017,Pest,barley,4.9,4.084,2017-2018,ridge,full,4.5904997553002245
2017,Pest,maize,6.16,5.708,2017-2018,ridge,full,6.267009287728997
2017,Pest,wheat,4.96,4.28,2017-2018,ridge,full,4.9637820367492305
2017,Somogy,barley,5.78,4.75,2017-2018,ridge,full,5.420028344280261
2017,Somogy,maize,7.93,6.8,2017-2018,ridge,full,6.947092392073554
2017,Somogy,wheat,5.54,5.376,2017-2018,ridge,full,5.935083791756147
2017,Szabolcs-Szatmár-Bereg,barley,4.5,3.798,2017-2018,ridge,full,4.411896862679648
2017,Szabolcs-Szatmár-Bereg,maize,7.95,5.912,2017-2018,ridge,full,6.280843739211097
2017,Szabolcs-Szatmár-Bereg,wheat,5.48,4.406,2017-2018,ridge,full,4.921017619484642
2017,Tolna,barley,6.43,5.38,2017-2018,ridge,full,5.5587984507987604
2017,Tolna,maize,8.06,7.03,2017-2018,ridge,full,7.0523124207283825
2017,Tolna,wheat,6.51,5.7,2017-2018,ridge,full,5.972964156869471
2017,Vas,barley,5.04,4.358,2017-2018,ridge,full,4.9606710053227125
2017,Vas,maize,7.0,6.764,2017-2018,ridge,full,6.915459364318595
2017,Vas,wheat,5.22,5.0,2017-2018,ridge,full,5.481001733394949
2017,Veszprém,barley,4.56,3.736,2017-2018,ridge,full,4.999548532311299
2017,Veszprém,maize,5.46,5.544,2017-2018,ridge,full,6.639508509647578
2017,Veszprém,wheat,4.55,4.26,2017-2018,ridge,full,5.48097406598546
2017,Zala,barley,5.39,4.826,2017-2018,ridge,full,5.641891370956116
2017,Zala,maize,6.67,6.512,2017-2018,ridge,full,7.162031387706904
2017,Zala,wheat,5.5,5.214,2017-2018,ridge,full,6.07847701956131
2018,Bács-Kiskun,barley,4.75,4.588,2017-2018,ridge,full,5.061596332228023
2018,Bács-Kiskun,maize,7.99,6.492,2017-2018,ridge,full,6.917027669244723
2018,Bács-Kiskun,wheat,5.05,5.032,2017-2018,ridge,full,5.5166454629204384
2018,Baranya,barley,5.89,5.438,2017-2018,ridge,full,5.806679720229633
2018,Baranya,maize,9.6,7.482,2017-2018,ridge,full,7.461169648130725
2018,Baranya,wheat,6.09,5.994,2017-2018,ridge,full,6.298655815096493
2018,Békés,barley,4.46,4.538,2017-2018,ridge,full,4.894174383614349
2018,Békés,maize,8.36,6.838,2017-2018,ridge,full,7.019726291083019
2018,Békés,wheat,5.1,4.85,2017-2018,ridge,full,5.305702449386884
2018,Borsod-Abaúj-Zemplén,barley,4.74,4.604,2017-2018,ridge,full,4.4382164391638685
2018,Borsod-Abaúj-Zemplén,maize,7.11,6.946,2017-2018,ridge,full,6.602208142011376
2018,Borsod-Abaúj-Zemplén,wheat,5.01,5.062,2017-2018,ridge,full,4.89788144037809
2018,Csongrád-Csanád,barley,4.66,4.298,2017-2018,ridge,full,4.7826211784648525
2018,Csongrád-Csanád,maize,7.11,5.988,2017-2018,ridge,full,6.676813785973144
2018,Csongrád-Csanád,wheat,4.94,4.772,2017-2018,ridge,full,5.247561460275423
2018,Fejér,barley,5.48,5.438,2017-2018,ridge,full,5.205739293704681
2018,Fejér,maize,10.06,7.314,2017-2018,ridge,full,7.0794769628092595
2018,Fejér,wheat,5.82,5.674,2017-2018,ridge,full,5.59220977664456
2018,Győr-Moson-Sopron,barley,4.53,4.674,2017-2018,ridge,full,5.052801757951836
2018,Győr-Moson-Sopron,maize,8.36,6.728,2017-2018,ridge,full,6.940632011281789
2018,Győr-Moson-Sopron,wheat,4.95,4.974,2017-2018,ridge,full,5.46037336327711
2018,Hajdú-Bihar,barley,4.69,4.924,2017-2018,ridge,full,4.727074710138524
2018,Hajdú-Bihar,maize,9.05,7.314,2017-2018,ridge,full,6.912538057041412
2018,Hajdú-Bihar,wheat,5.32,5.284,2017-2018,ridge,full,5.154428617700107
2018,Heves,barley,4.65,4.498,2017-2018,ridge,full,4.67939076035008
2018,Heves,maize,7.53,5.374,2017-2018,ridge,full,6.286888271975926
2018,Heves,wheat,4.76,4.632,2017-2018,ridge,full,5.0322313294882335
2018,Jász-Nagykun-Szolnok,barley,4.49,4.6,2017-2018,ridge,full,4.504441471046468
2018,Jász-Nagykun-Szolnok,maize,5.39,5.322,2017-2018,ridge,full,6.15617421096392
2018,Jász-Nagykun-Szolnok,wheat,4.51,4.49,2017-2018,ridge,full,4.776834011090298
2018,Komárom-Esztergom,barley,4.98,4.634,2017-2018,ridge,full,5.1447213687132916
2018,Komárom-Esztergom,maize,9.18,6.614,2017-2018,ridge,full,6.9249395852084525
2018,Komárom-Esztergom,wheat,5.32,4.888,2017-2018,ridge,full,5.537126542324062
2018,Nógrád,barley,4.09,3.382,2017-2018,ridge,full,3.784572157409146
2018,Nógrád,maize,6.09,4.338,2017-2018,ridge,full,5.337954068507617
2018,Nógrád,wheat,4.86,4.204,2017-2018,ridge,full,4.364249792190309
2018,Pest,barley,4.38,4.502,2017-2018,ridge,full,4.738168056565226
2018,Pest,maize,8.39,6.218,2017-2018,ridge,full,6.617623611786561
2018,Pest,wheat,4.77,4.706,2017-2018,ridge,full,5.114087978312407
2018,Somogy,barley,4.89,5.064,2017-2018,ridge,full,5.546234522233928
2018,Somogy,maize,10.13,7.748,2017-2018,ridge,full,7.3992098364090655
2018,Somogy,wheat,5.39,5.602,2017-2018,ridge,full,6.032275926429896
2018,Szabolcs-Szatmár-Bereg,barley,4.36,4.142,2017-2018,ridge,full,4.530239638317126
2018,Szabolcs-Szatmár-Bereg,maize,6.93,6.658,2017-2018,ridge,full,6.6503327194435125
2018,Szabolcs-Szatmár-Bereg,wheat,4.85,4.818,2017-2018,ridge,full,5.061780337656604
2018,Tolna,barley,5.5,5.794,2017-2018,ridge,full,5.751236356494754
2018,Tolna,maize,9.78,7.986,2017-2018,ridge,full,7.559350926089115
2018,Tolna,wheat,5.88,6.108,2017-2018,ridge,full,6.1634238323418336
2018,Vas,barley,4.2,4.626,2017-2018,ridge,full,5.0940631271544445
2018,Vas,maize,7.91,7.102,2017-2018,ridge,full,7.1170211206519
2018,Vas,wheat,5.11,5.246,2017-2018,ridge,full,5.607140344406701
2018,Veszprém,barley,3.63,4.038,2017-2018,ridge,full,5.125452688139801
2018,Veszprém,maize,7.75,5.822,2017-2018,ridge,full,6.821029604692254
2018,Veszprém,wheat,4.58,4.53,2017-2018,ridge,full,5.596327660621265
2018,Zala,barley,4.76,5.03,2017-2018,ridge,full,5.731585872965902
2018,Zala,maize,9.59,6.938,2017-2018,ridge,full,7.38899854191086
2018,Zala,wheat,5.13,5.408,2017-2018,ridge,full,6.164874471198378
2019,Bács-Kiskun,barley,5.61,4.692,2019-2020,baseline,five_year_mean,4.692
2019,Bács-Kiskun,maize,7.27,7.126,2019-2020,baseline,five_year_mean,7.126
2019,Bács-Kiskun,wheat,5.18,5.152,2019-2020,baseline,five_year_mean,5.152
2019,Baranya,barley,6.52,5.67,2019-2020,baseline,five_year_mean,5.67
2019,Baranya,maize,9.45,8.208,2019-2020,baseline,five_year_mean,8.208
2019,Baranya,wheat,6.19,6.114,2019-2020,baseline,five_year_mean,6.114
2019,Békés,barley,5.09,4.614,2019-2020,baseline,five_year_mean,4.614
2019,Békés,maize,8.12,7.328,2019-2020,baseline,five_year_mean,7.328
2019,Békés,wheat,4.59,4.938,2019-2020,baseline,five_year_mean,4.938
2019,Borsod-Abaúj-Zemplén,barley,5.27,4.88,2019-2020,baseline,five_year_mean,4.88
2019,Borsod-Abaúj-Zemplén,maize,8.67,7.172,2019-2020,baseline,five_year_mean,7.172
2019,Borsod-Abaúj-Zemplén,wheat,5.35,5.186,2019-2020,baseline,five_year_mean,5.186
2019,Csongrád-Csanád,barley,4.89,4.44,2019-2020,baseline,five_year_mean,4.44
2019,Csongrád-Csanád,maize,6.85,6.438,2019-2020,baseline,five_year_mean,6.438
2019,Csongrád-Csanád,wheat,4.45,4.81,2019-2020,baseline,five_year_mean,4.81
2019,Fejér,barley,6.22,5.63,2019-2020,baseline,five_year_mean,5.63
2019,Fejér,maize,8.08,8.144,2019-2020,baseline,five_year_mean,8.144
2019,Fejér,wheat,5.59,5.816,2019-2020,baseline,five_year_mean,5.816
2019,Győr-Moson-Sopron,barley,5.46,4.88,2019-2020,baseline,five_year_mean,4.88
2019,Győr-Moson-Sopron,maize,6.32,7.294,2019-2020,baseline,five_year_mean,7.294
2019,Győr-Moson-Sopron,wheat,5.42,5.046,2019-2020,baseline,five_year_mean,5.046
2019,Hajdú-Bihar,barley,5.83,5.058,2019-2020,baseline,five_year_mean,5.058
2019,Hajdú-Bihar,maize,8.76,7.908,2019-2020,baseline,five_year_mean,7.908
2019,Hajdú-Bihar,wheat,5.44,5.408,2019-2020,baseline,five_year_mean,5.408
2019,Heves,barley,6.04,4.692,2019-2020,baseline,five_year_mean,4.692
2019,Heves,maize,8.71,6.006,2019-2020,baseline,five_year_mean,6.006
2019,Heves,wheat,5.44,4.738,2019-2020,baseline,five_year_mean,4.738
2019,Jász-Nagykun-Szolnok,barley,5.4,4.726,2019-2020,baseline,five_year_mean,4.726
2019,Jász-Nagykun-Szolnok,maize,6.2,5.6,2019-2020,baseline,five_year_mean,5.6
2019,Jász-Nagykun-Szolnok,wheat,4.98,4.564,2019-2020,baseline,five_year_mean,4.564
2019,Komárom-Esztergom,barley,5.75,4.83,2019-2020,baseline,five_year_mean,4.83
2019,Komárom-Esztergom,maize,7.5,7.304,2019-2020,baseline,five_year_mean,7.304
2019,Komárom-Esztergom,wheat,5.6,5.108,2019-2020,baseline,five_year_mean,5.108
2019,Nógrád,barley,4.38,3.642,2019-2020,baseline,five_year_mean,3.642
2019,Nógrád,maize,6.74,4.96,2019-2020,baseline,five_year_mean,4.96
2019,Nógrád,wheat,5.59,4.396,2019-2020,baseline,five_year_mean,4.396
2019,Pest,barley,4.74,4.586,2019-2020,baseline,five_year_mean,4.586
2019,Pest,maize,7.65,6.962,2019-2020,baseline,five_year_mean,6.962
2019,Pest,wheat,4.74,4.806,2019-2020,baseline,five_year_mean,4.806
2019,Somogy,barley,6.44,5.154,2019-2020,baseline,five_year_mean,5.154
2019,Somogy,maize,9.72,8.718,2019-2020,baseline,five_year_mean,8.718
2019,Somogy,wheat,5.97,5.628,2019-2020,baseline,five_year_mean,5.628
2019,Szabolcs-Szatmár-Bereg,barley,4.92,4.21,2019-2020,baseline,five_year_mean,4.21
2019,Szabolcs-Szatmár-Bereg,maize,7.35,6.98,2019-2020,baseline,five_year_mean,6.98
2019,Szabolcs-Szatmár-Bereg,wheat,4.94,4.97,2019-2020,baseline,five_year_mean,4.97
2019,Tolna,barley,6.32,5.908,2019-2020,baseline,five_year_mean,5.908
2019,Tolna,maize,8.99,8.764,2019-2020,baseline,five_year_mean,8.764
2019,Tolna,wheat,5.92,6.142,2019-2020,baseline,five_year_mean,6.142
2019,Vas,barley,6.07,4.646,2019-2020,baseline,five_year_mean,4.646
2019,Vas,maize,8.48,7.702,2019-2020,baseline,five_year_mean,7.702
2019,Vas,wheat,5.96,5.35,2019-2020,baseline,five_year_mean,5.35
2019,Veszprém,barley,4.99,4.094,2019-2020,baseline,five_year_mean,4.094
2019,Veszprém,maize,6.94,6.458,2019-2020,baseline,five_year_mean,6.458
2019,Veszprém,wheat,4.93,4.598,2019-2020,baseline,five_year_mean,4.598
2019,Zala,barley,6.01,5.004,2019-2020,baseline,five_year_mean,5.004
2019,Zala,maize,8.76,7.756,2019-2020,baseline,five_year_mean,7.756
2019,Zala,wheat,5.79,5.408,2019-2020,baseline,five_year_mean,5.408
2020,Bács-Kiskun,barley,6.14,4.974,2019-2020,baseline,five_year_mean,4.974
2020,Bács-Kiskun,maize,7.3,7.03,2019-2020,baseline,five_year_mean,7.03
2020,Bács-Kiskun,wheat,5.74,5.266,2019-2020,baseline,five_year_mean,5.266
2020,Baranya,barley,6.6,5.986,2019-2020,baseline,five_year_mean,5.986
2020,Baranya,maize,8.11,8.38,2019-2020,baseline,five_year_mean,8.38
2020,Baranya,wheat,6.38,6.186,2019-2020,baseline,five_year_mean,6.186
2020,Békés,barley,5.48,4.938,2019-2020,baseline,five_year_mean,4.938
2020,Békés,maize,9.1,7.428,2019-2020,baseline,five_year_mean,7.428
2020,Békés,wheat,5.36,5.094,2019-2020,baseline,five_year_mean,5.094
2020,Borsod-Abaúj-Zemplén,barley,5.46,5.012,2019-2020,baseline,five_year_mean,5.012
2020,Borsod-Abaúj-Zemplén,maize,9.17,7.354,2019-2020,baseline,five_year_mean,7.354
2020,Borsod-Abaúj-Zemplén,wheat,5.34,5.296,2019-2020,baseline,five_year_mean,5.296
2020,Csongrád-Csanád,barley,4.67,4.628,2019-2020,baseline,five_year_mean,4.628
2020,Csongrád-Csanád,maize,7.61,6.428,2019-2020,baseline,five_year_mean,6.428
2020,Csongrád-Csanád,wheat,4.62,4.902,2019-2020,baseline,five_year_mean,4.902
2020,Fejér,barley,5.98,5.846,2019-2020,baseline,five_year_mean,5.846
2020,Fejér,maize,7.74,8.084,2019-2020,baseline,five_year_mean,8.084
2020,Fejér,wheat,5.59,5.806,2019-2020,baseline,five_year_mean,5.806
2020,Győr-Moson-Sopron,barley,5.14,4.98,2019-2020,baseline,five_year_mean,4.98
2020,Győr-Moson-Sopron,maize,7.21,6.92,2019-2020,baseline,five_year_mean,6.92
2020,Győr-Moson-Sopron,wheat,5.24,5.082,2019-2020,baseline,five_year_mean,5.082
2020,Hajdú-Bihar,barley,6.26,5.292,2019-2020,baseline,five_year_mean,5.292
2020,Hajdú-Bihar,maize,10.08,8.276,2019-2020,baseline,five_year_mean,8.276
2020,Hajdú-Bihar,wheat,5.54,5.488,2019-2020,baseline,five_year_mean,5.488
2020,Heves,barley,5.64,5.086,2019-2020,baseline,five_year_mean,5.086
2020,Heves,maize,6.61,6.584,2019-2020,baseline,five_year_mean,6.584
2020,Heves,wheat,4.98,4.986,2019-2020,baseline,five_year_mean,4.986
2020,Jász-Nagykun-Szolnok,barley,5.51,4.974,2019-2020,baseline,five_year_mean,4.974
2020,Jász-Nagykun-Szolnok,maize,6.92,5.676,2019-2020,baseline,five_year_mean,5.676
2020,Jász-Nagykun-Szolnok,wheat,5.13,4.786,2019-2020,baseline,five_year_mean,4.786
2020,Komárom-Esztergom,barley,5.36,5.14,2019-2020,baseline,five_year_mean,5.14
2020,Komárom-Esztergom,maize,7.83,7.438,2019-2020,baseline,five_year_mean,7.438
2020,Komárom-Esztergom,wheat,5.19,5.324,2019-2020,baseline,five_year_mean,5.324
2020,Nógrád,barley,3.94,3.91,2019-2020,baseline,five_year_mean,3.91
2020,Nógrád,maize,6.39,5.508,2019-2020,baseline,five_year_mean,5.508
2020,Nógrád,wheat,5.11,4.73,2019-2020,baseline,five_year_mean,4.73
2020,Pest,barley,4.78,4.642,2019-2020,baseline,five_year_mean,4.642
2020,Pest,maize,8.22,7.022,2019-2020,baseline,five_year_mean,7.022
2020,Pest,wheat,4.58,4.826,2019-2020,baseline,five_year_mean,4.826
2020,Somogy,barley,6.22,5.482,2019-2020,baseline,five_year_mean,5.482
2020,Somogy,maize,10.3,8.86,2019-2020,baseline,five_year_mean,8.86
2020,Somogy,wheat,6.32,5.722,2019-2020,baseline,five_year_mean,5.722
2020,Szabolcs-Szatmár-Bereg,barley,4.91,4.46,2019-2020,baseline,five_year_mean,4.46
2020,Szabolcs-Szatmár-Bereg,maize,8.47,6.864,2019-2020,baseline,five_year_mean,6.864
2020,Szabolcs-Szatmár-Bereg,wheat,5.06,5.0,2019-2020,baseline,five_year_mean,5.0
2020,Tolna,barley,6.86,6.048,2019-2020,baseline,five_year_mean,6.048
2020,Tolna,maize,9.42,8.724,2019-2020,baseline,five_year_mean,8.724
2020,Tolna,wheat,6.19,6.156,2019-2020,baseline,five_year_mean,6.156
2020,Vas,barley,5.79,4.95,2019-2020,baseline,five_year_mean,4.95
2020,Vas,maize,9.77,7.66,2019-2020,baseline,five_year_mean,7.66
2020,Vas,wheat,6.23,5.518,2019-2020,baseline,five_year_mean,5.518
2020,Veszprém,barley,5.22,4.298,2019-2020,baseline,five_year_mean,4.298
2020,Veszprém,maize,7.84,6.452,2019-2020,baseline,five_year_mean,6.452
2020,Veszprém,wheat,5.08,4.722,2019-2020,baseline,five_year_mean,4.722
2020,Zala,barley,6.08,5.248,2019-2020,baseline,five_year_mean,5.248
2020,Zala,maize,9.72,7.938,2019-2020,baseline,five_year_mean,7.938
2020,Zala,wheat,6.41,5.524,2019-2020,baseline,five_year_mean,5.524
2019,Bács-Kiskun,barley,5.61,4.692,2019-2020,xgboost,base,5.239691734313965
2019,Bács-Kiskun,maize,7.27,7.126,2019-2020,xgboost,base,6.587050437927246
2019,Bács-Kiskun,wheat,5.18,5.152,2019-2020,xgboost,base,5.4618916511535645
2019,Baranya,barley,6.52,5.67,2019-2020,xgboost,base,5.932501792907715
2019,Baranya,maize,9.45,8.208,2019-2020,xgboost,base,7.813461780548096
2019,Baranya,wheat,6.19,6.114,2019-2020,xgboost,base,5.452999591827393
2019,Békés,barley,5.09,4.614,2019-2020,xgboost,base,4.744998455047607
2019,Békés,maize,8.12,7.328,2019-2020,xgboost,base,8.626851081848145
2019,Békés,wheat,4.59,4.938,2019-2020,xgboost,base,5.331946849822998
2019,Borsod-Abaúj-Zemplén,barley,5.27,4.88,2019-2020,xgboost,base,5.1595234870910645
2019,Borsod-Abaúj-Zemplén,maize,8.67,7.172,2019-2020,xgboost,base,6.587050437927246
2019,Borsod-Abaúj-Zemplén,wheat,5.35,5.186,2019-2020,xgboost,base,5.444857597351074
2019,Csongrád-Csanád,barley,4.89,4.44,2019-2020,xgboost,base,4.708497047424316
2019,Csongrád-Csanád,maize,6.85,6.438,2019-2020,xgboost,base,7.82189416885376
2019,Csongrád-Csanád,wheat,4.45,4.81,2019-2020,xgboost,base,5.0809831619262695
2019,Fejér,barley,6.22,5.63,2019-2020,xgboost,base,5.681769371032715
2019,Fejér,maize,8.08,8.144,2019-2020,xgboost,base,7.813461780548096
2019,Fejér,wheat,5.59,5.816,2019-2020,xgboost,base,5.751086235046387
2019,Győr-Moson-Sopron,barley,5.46,4.88,2019-2020,xgboost,base,5.1595234870910645
2019,Győr-Moson-Sopron,maize,6.32,7.294,2019-2020,xgboost,base,7.049185752868652
2019,Győr-Moson-Sopron,wheat,5.42,5.046,2019-2020,xgboost,base,5.502627372741699
2019,Hajdú-Bihar,barley,5.83,5.058,2019-2020,xgboost,base,5.707172870635986
2019,Hajdú-Bihar,maize,8.76,7.908,2019-2020,xgboost,base,7.813461780548096
2019,Hajdú-Bihar,wheat,5.44,5.408,2019-2020,xgboost,base,5.7651214599609375
2019,Heves,barley,6.04,4.692,2019-2020,xgboost,base,5.239691734313965
2019,Heves,maize,8.71,6.006,2019-2020,xgboost,base,6.6424431800842285
2019,Heves,wheat,5.44,4.738,2019-2020,xgboost,base,5.010412216186523
2019,Jász-Nagykun-Szolnok,barley,5.4,4.726,2019-2020,xgboost,base,5.099354267120361
2019,Jász-Nagykun-Szolnok,maize,6.2,5.6,2019-2020,xgboost,base,5.698914051055908
2019,Jász-Nagykun-Szolnok,wheat,4.98,4.564,2019-2020,xgboost,base,4.7518815994262695
2019,Komárom-Esztergom,barley,5.75,4.83,2019-2020,xgboost,base,5.248433589935303
2019,Komárom-Esztergom,maize,7.5,7.304,2019-2020,xgboost,base,7.049185752868652
2019,Komárom-Esztergom,wheat,5.6,5.108,2019-2020,xgboost,base,5.25754976272583
2019,Nógrád,barley,4.38,3.642,2019-2020,xgboost,base,3.9338977336883545
2019,Nógrád,maize,6.74,4.96,2019-2020,xgboost,base,5.9920806884765625
2019,Nógrád,wheat,5.59,4.396,2019-2020,xgboost,base,4.722519397735596
2019,Pest,barley,4.74,4.586,2019-2020,xgboost,base,4.812159538269043
2019,Pest,maize,7.65,6.962,2019-2020,xgboost,base,7.414151191711426
2019,Pest,wheat,4.74,4.806,2019-2020,xgboost,base,5.010931015014648
2019,Somogy,barley,6.44,5.154,2019-2020,xgboost,base,5.697415351867676
2019,Somogy,maize,9.72,8.718,2019-2020,xgboost,base,7.813461780548096
2019,Somogy,wheat,5.97,5.628,2019-2020,xgboost,base,5.584610462188721
2019,Szabolcs-Szatmár-Bereg,barley,4.92,4.21,2019-2020,xgboost,base,4.64789342880249
2019,Szabolcs-Szatmár-Bereg,maize,7.35,6.98,2019-2020,xgboost,base,7.414151191711426
2019,Szabolcs-Szatmár-Bereg,wheat,4.94,4.97,2019-2020,xgboost,base,5.355201721191406
2019,Tolna,barley,6.32,5.908,2019-2020,xgboost,base,6.71742057800293
2019,Tolna,maize,8.99,8.764,2019-2020,xgboost,base,7.813461780548096
2019,Tolna,wheat,5.92,6.142,2019-2020,xgboost,base,5.452999591827393
2019,Vas,barley,6.07,4.646,2019-2020,xgboost,base,4.760765552520752
2019,Vas,maize,8.48,7.702,2019-2020,xgboost,base,7.813461780548096
2019,Vas,wheat,5.96,5.35,2019-2020,xgboost,base,5.53706693649292
2019,Veszprém,barley,4.99,4.094,2019-2020,xgboost,base,4.416868209838867
2019,Veszprém,maize,6.94,6.458,2019-2020,xgboost,base,7.82189416885376
2019,Veszprém,wheat,4.93,4.598,2019-2020,xgboost,base,4.763432025909424
2019,Zala,barley,6.01,5.004,2019-2020,xgboost,base,5.777034282684326
2019,Zala,maize,8.76,7.756,2019-2020,xgboost,base,7.813461780548096
2019,Zala,wheat,5.79,5.408,2019-2020,xgboost,base,5.7651214599609375
2020,Bács-Kiskun,barley,6.14,4.974,2019-2020,xgboost,base,5.537899971008301
2020,Bács-Kiskun,maize,7.3,7.03,2019-2020,xgboost,base,7.414151191711426
2020,Bács-Kiskun,wheat,5.74,5.266,2019-2020,xgboost,base,5.476759910583496
2020,Baranya,barley,6.6,5.986,2019-2020,xgboost,base,6.435230255126953
2020,Baranya,maize,8.11,8.38,2019-2020,xgboost,base,7.813461780548096
2020,Baranya,wheat,6.38,6.186,2019-2020,xgboost,base,7.206225872039795
2020,Békés,barley,5.48,4.938,2019-2020,xgboost,base,5.514645099639893
2020,Békés,maize,9.1,7.428,2019-2020,xgboost,base,8.626851081848145
2020,Békés,wheat,5.36,5.094,2019-2020,xgboost,base,5.25754976272583
2020,Borsod-Abaúj-Zemplén,barley,5.46,5.012,2019-2020,xgboost,base,5.799861907958984
2020,Borsod-Abaúj-Zemplén,maize,9.17,7.354,2019-2020,xgboost,base,8.626851081848145
2020,Borsod-Abaúj-Zemplén,wheat,5.34,5.296,2019-2020,xgboost,base,5.476759910583496
2020,Csongrád-Csanád,barley,4.67,4.628,2019-2020,xgboost,base,4.744998455047607
2020,Csongrád-Csanád,maize,7.61,6.428,2019-2020,xgboost,base,6.880663871765137
2020,Csongrád-Csanád,wheat,4.62,4.902,2019-2020,xgboost,base,5.378358364105225
2020,Fejér,barley,5.98,5.846,2019-2020,xgboost,base,5.656306743621826
2020,Fejér,maize,7.74,8.084,2019-2020,xgboost,base,7.813461780548096
2020,Fejér,wheat,5.59,5.806,2019-2020,xgboost,base,5.751086235046387
2020,Győr-Moson-Sopron,barley,5.14,4.98,2019-2020,xgboost,base,5.537899971008301
2020,Győr-Moson-Sopron,maize,7.21,6.92,2019-2020,xgboost,base,6.647796154022217
2020,Győr-Moson-Sopron,wheat,5.24,5.082,2019-2020,xgboost,base,5.25754976272583
2020,Hajdú-Bihar,barley,6.26,5.292,2019-2020,xgboost,base,5.6851725578308105
2020,Hajdú-Bihar,maize,10.08,8.276,2019-2020,xgboost,base,7.813461780548096
2020,Hajdú-Bihar,wheat,5.54,5.488,2019-2020,xgboost,base,5.290376663208008
2020,Heves,barley,5.64,5.086,2019-2020,xgboost,base,5.493073463439941
2020,Heves,maize,6.61,6.584,2019-2020,xgboost,base,7.892789840698242
2020,Heves,wheat,4.98,4.986,2019-2020,xgboost,base,5.563000202178955
2020,Jász-Nagykun-Szolnok,barley,5.51,4.974,2019-2020,xgboost,base,5.537899971008301
2020,Jász-Nagykun-Szolnok,maize,6.92,5.676,2019-2020,xgboost,base,6.03921365737915
2020,Jász-Nagykun-Szolnok,wheat,5.13,4.786,2019-2020,xgboost,base,5.010931015014648
2020,Komárom-Esztergom,barley,5.36,5.14,2019-2020,xgboost,base,5.525498867034912
2020,Komárom-Esztergom,maize,7.83,7.438,2019-2020,xgboost,base,8.626851081848145
2020,Komárom-Esztergom,wheat,5.19,5.324,2019-2020,xgboost,base,5.476759910583496
2020,Nógrád,barley,3.94,3.91,2019-2020,xgboost,base,4.323163032531738
2020,Nógrád,maize,6.39,5.508,2019-2020,xgboost,base,6.080597400665283
2020,Nógrád,wheat,5.11,4.73,2019-2020,xgboost,base,5.010412216186523
2020,Pest,barley,4.78,4.642,2019-2020,xgboost,base,4.760765552520752
2020,Pest,maize,8.22,7.022,2019-2020,xgboost,base,7.414151191711426
2020,Pest,wheat,4.58,4.826,2019-2020,xgboost,base,5.089352130889893
2020,Somogy,barley,6.22,5.482,2019-2020,xgboost,base,5.529367446899414
2020,Somogy,maize,10.3,8.86,2019-2020,xgboost,base,7.813461780548096
2020,Somogy,wheat,6.32,5.722,2019-2020,xgboost,base,6.326848030090332
2020,Szabolcs-Szatmár-Bereg,barley,4.91,4.46,2019-2020,xgboost,base,4.713438987731934
2020,Szabolcs-Szatmár-Bereg,maize,8.47,6.864,2019-2020,xgboost,base,7.233912467956543
2020,Szabolcs-Szatmár-Bereg,wheat,5.06,5.0,2019-2020,xgboost,base,5.563000202178955
2020,Tolna,barley,6.86,6.048,2019-2020,xgboost,base,6.298286437988281
2020,Tolna,maize,9.42,8.724,2019-2020,xgboost,base,7.813461780548096
2020,Tolna,wheat,6.19,6.156,2019-2020,xgboost,base,5.733895778656006
2020,Vas,barley,5.79,4.95,2019-2020,xgboost,base,5.514645099639893
2020,Vas,maize,9.77,7.66,2019-2020,xgboost,base,7.813461780548096
2020,Vas,wheat,6.23,5.518,2019-2020,xgboost,base,6.018882751464844
2020,Veszprém,barley,5.22,4.298,2019-2020,xgboost,base,4.609850883483887
2020,Veszprém,maize,7.84,6.452,2019-2020,xgboost,base,7.82189416885376
2020,Veszprém,wheat,5.08,4.722,2019-2020,xgboost,base,5.010412216186523
2020,Zala,barley,6.08,5.248,2019-2020,xgboost,base,5.663711071014404
2020,Zala,maize,9.72,7.938,2019-2020,xgboost,base,7.813461780548096
2020,Zala,wheat,6.41,5.524,2019-2020,xgboost,base,6.018882751464844
2019,Bács-Kiskun,barley,5.61,4.692,2019-2020,ridge,base,4.87300050720148
2019,Bács-Kiskun,maize,7.27,7.126,2019-2020,ridge,base,7.373399413410963
2019,Bács-Kiskun,wheat,5.18,5.152,2019-2020,ridge,base,5.276198334224051
2019,Baranya,barley,6.52,5.67,2019-2020,ridge,base,5.675375900747225
2019,Baranya,maize,9.45,8.208,2019-2020,ridge,base,8.2610989796855
2019,Baranya,wheat,6.19,6.114,2019-2020,ridge,base,6.065446931965367
2019,Békés,barley,5.09,4.614,2019-2020,ridge,base,4.809007377654886
2019,Békés,maize,8.12,7.328,2019-2020,ridge,base,7.539125210441885
2019,Békés,wheat,4.59,4.938,2019-2020,ridge,base,5.1006274403398075
2019,Borsod-Abaúj-Zemplén,barley,5.27,4.88,2019-2020,ridge,base,5.0272403579035245
2019,Borsod-Abaúj-Zemplén,maize,8.67,7.172,2019-2020,ridge,base,7.411138951348697
2019,Borsod-Abaúj-Zemplén,wheat,5.35,5.186,2019-2020,ridge,base,5.3040927753084635
2019,Csongrád-Csanád,barley,4.89,4.44,2019-2020,ridge,base,4.666253473281717
2019,Csongrád-Csanád,maize,6.85,6.438,2019-2020,ridge,base,6.8089471938205
2019,Csongrád-Csanád,wheat,4.45,4.81,2019-2020,ridge,base,4.995613073904373
2019,Fejér,barley,6.22,5.63,2019-2020,ridge,base,5.642558911236151
2019,Fejér,maize,8.08,8.144,2019-2020,ridge,base,8.208591796467783
2019,Fejér,wheat,5.59,5.816,2019-2020,ridge,base,5.820960360107869
2019,Győr-Moson-Sopron,barley,5.46,4.88,2019-2020,ridge,base,5.0272403579035245
2019,Győr-Moson-Sopron,maize,6.32,7.294,2019-2020,ridge,base,7.511230769357471
2019,Győr-Moson-Sopron,wheat,5.42,5.046,2019-2020,ridge,base,5.189233312019707
2019,Hajdú-Bihar,barley,5.83,5.058,2019-2020,ridge,base,5.173275961227802
2019,Hajdú-Bihar,maize,8.76,7.908,2019-2020,ridge,base,8.01497155835245
2019,Hajdú-Bihar,wheat,5.44,5.408,2019-2020,ridge,base,5.486227067094921
2019,Heves,barley,6.04,4.692,2019-2020,ridge,base,4.87300050720148
2019,Heves,maize,8.71,6.006,2019-2020,ridge,base,6.454523707100908
2019,Heves,wheat,5.44,4.738,2019-2020,ridge,base,4.936542492784441
2019,Jász-Nagykun-Szolnok,barley,5.4,4.726,2019-2020,ridge,base,4.900894948285892
2019,Jász-Nagykun-Szolnok,maize,6.2,5.6,2019-2020,ridge,base,6.121431263563512
2019,Jász-Nagykun-Szolnok,wheat,4.98,4.564,2019-2020,ridge,base,4.793788588411272
2019,Komárom-Esztergom,barley,5.75,4.83,2019-2020,ridge,base,4.986219121014683
2019,Komárom-Esztergom,maize,7.5,7.304,2019-2020,ridge,base,7.51943501673524
2019,Komárom-Esztergom,wheat,5.6,5.108,2019-2020,ridge,base,5.24009964576187
2019,Nógrád,barley,4.38,3.642,2019-2020,ridge,base,4.011554532535802
2019,Nógrád,maize,6.74,4.96,2019-2020,ridge,base,5.596359431386338
2019,Nógrád,wheat,5.59,4.396,2019-2020,ridge,base,4.655957232464763
2019,Pest,barley,4.74,4.586,2019-2020,ridge,base,4.786035484997135
2019,Pest,maize,7.65,6.962,2019-2020,ridge,base,7.238849756415562
2019,Pest,wheat,4.74,4.806,2019-2020,ridge,base,4.992331374953266
2019,Somogy,barley,6.44,5.154,2019-2020,ridge,base,5.252036736054378
2019,Somogy,maize,9.72,8.718,2019-2020,ridge,base,8.679515595951685
2019,Somogy,wheat,5.97,5.628,2019-2020,ridge,base,5.666720509405825
2019,Szabolcs-Szatmár-Bereg,barley,4.92,4.21,2019-2020,ridge,base,4.477555783593045
2019,Szabolcs-Szatmár-Bereg,maize,7.35,6.98,2019-2020,ridge,base,7.253617401695546
2019,Szabolcs-Szatmár-Bereg,wheat,4.94,4.97,2019-2020,ridge,base,5.126881031948667
2019,Tolna,barley,6.32,5.908,2019-2020,ridge,base,5.870636988338112
2019,Tolna,maize,8.99,8.764,2019-2020,ridge,base,8.717255133889418
2019,Tolna,wheat,5.92,6.142,2019-2020,ridge,base,6.088418824623118
2019,Vas,barley,6.07,4.646,2019-2020,ridge,base,4.835260969263745
2019,Vas,maize,8.48,7.702,2019-2020,ridge,base,7.84596406237042
2019,Vas,wheat,5.96,5.35,2019-2020,ridge,base,5.438642432303864
2019,Veszprém,barley,4.99,4.094,2019-2020,ridge,base,4.382386514010932
2019,Veszprém,maize,6.94,6.458,2019-2020,ridge,base,6.825355688576037
2019,Veszprém,wheat,4.93,4.598,2019-2020,ridge,base,4.821683029495684
2019,Zala,barley,6.01,5.004,2019-2020,ridge,base,5.128973025387852
2019,Zala,maize,8.76,7.756,2019-2020,ridge,base,7.89026699821037
2019,Zala,wheat,5.79,5.408,2019-2020,ridge,base,5.486227067094921
2020,Bács-Kiskun,barley,6.14,4.974,2019-2020,ridge,base,5.104360283254548
2020,Bács-Kiskun,maize,7.3,7.03,2019-2020,ridge,base,7.294638638584388
2020,Bács-Kiskun,wheat,5.74,5.266,2019-2020,ridge,base,5.36972675433061
2020,Baranya,barley,6.6,5.986,2019-2020,ridge,base,5.934630117884705
2020,Baranya,maize,8.11,8.38,2019-2020,ridge,base,8.402212034583115
2020,Baranya,wheat,6.38,6.186,2019-2020,ridge,base,6.124517513085299
2020,Békés,barley,5.48,4.938,2019-2020,ridge,base,5.074824992694581
2020,Békés,maize,9.1,7.428,2019-2020,ridge,base,7.621167684219568
2020,Békés,wheat,5.36,5.094,2019-2020,ridge,base,5.228613699432994
2020,Borsod-Abaúj-Zemplén,barley,5.46,5.012,2019-2020,ridge,base,5.135536423290066
2020,Borsod-Abaúj-Zemplén,maize,9.17,7.354,2019-2020,ridge,base,7.560456253624082
2020,Borsod-Abaúj-Zemplén,wheat,5.34,5.296,2019-2020,ridge,base,5.394339496463916
2020,Csongrád-Csanád,barley,4.67,4.628,2019-2020,ridge,base,4.820493323983762
2020,Csongrád-Csanád,maize,7.61,6.428,2019-2020,ridge,base,6.800742946442732
2020,Csongrád-Csanád,wheat,4.62,4.902,2019-2020,ridge,base,5.071092149779842
2020,Fejér,barley,5.98,5.846,2019-2020,ridge,base,5.819770654595947
2020,Fejér,maize,7.74,8.084,2019-2020,ridge,base,8.159366312201172
2020,Fejér,wheat,5.59,5.806,2019-2020,ridge,base,5.812756112730101
2020,Győr-Moson-Sopron,barley,5.14,4.98,2019-2020,ridge,base,5.109282831681209
2020,Győr-Moson-Sopron,maize,7.21,6.92,2019-2020,ridge,base,7.204391917428936
2020,Győr-Moson-Sopron,wheat,5.24,5.082,2019-2020,ridge,base,5.218768602579672
2020,Hajdú-Bihar,barley,6.26,5.292,2019-2020,ridge,base,5.365255349867581
2020,Hajdú-Bihar,maize,10.08,8.276,2019-2020,ridge,base,8.316887861854324
2020,Hajdú-Bihar,wheat,5.54,5.488,2019-2020,ridge,base,5.551861046117068
2020,Heves,barley,5.64,5.086,2019-2020,ridge,base,5.196247853885553
2020,Heves,maize,6.61,6.584,2019-2020,ridge,base,6.928729205535918
2020,Heves,wheat,4.98,4.986,2019-2020,ridge,base,5.140007827753096
2020,Jász-Nagykun-Szolnok,barley,5.51,4.974,2019-2020,ridge,base,5.104360283254548
2020,Jász-Nagykun-Szolnok,maize,6.92,5.676,2019-2020,ridge,base,6.1837835436345525
2020,Jász-Nagykun-Szolnok,wheat,5.13,4.786,2019-2020,ridge,base,4.975922880197729
2020,Komárom-Esztergom,barley,5.36,5.14,2019-2020,ridge,base,5.240550789725502
2020,Komárom-Esztergom,maize,7.83,7.438,2019-2020,ridge,base,7.629371931597335
2020,Komárom-Esztergom,wheat,5.19,5.324,2019-2020,ridge,base,5.417311389121666
2020,Nógrád,barley,3.94,3.91,2019-2020,ridge,base,4.231428362259995
2020,Nógrád,maize,6.39,5.508,2019-2020,ridge,base,6.0459521876880435
2020,Nógrád,wheat,5.11,4.73,2019-2020,ridge,base,4.929979094882227
2020,Pest,barley,4.78,4.642,2019-2020,ridge,base,4.8319792703126385
2020,Pest,maize,8.22,7.022,2019-2020,ridge,base,7.288075240682172
2020,Pest,wheat,4.58,4.826,2019-2020,ridge,base,5.008739869708802
2020,Somogy,barley,6.22,5.482,2019-2020,ridge,base,5.52113605004518
2020,Somogy,maize,10.3,8.86,2019-2020,ridge,base,8.796015908715995
2020,Somogy,wheat,6.32,5.722,2019-2020,ridge,base,5.743840434756847
2020,Szabolcs-Szatmár-Bereg,barley,4.91,4.46,2019-2020,ridge,base,4.682661968037253
2020,Szabolcs-Szatmár-Bereg,maize,8.47,6.864,2019-2020,ridge,base,7.158448132113433
2020,Szabolcs-Szatmár-Bereg,wheat,5.06,5.0,2019-2020,ridge,base,5.151493774081972
2020,Tolna,barley,6.86,6.048,2019-2020,ridge,base,5.985496451626869
2020,Tolna,maize,9.42,8.724,2019-2020,ridge,base,8.684438144378346
2020,Tolna,wheat,6.19,6.156,2019-2020,ridge,base,6.099904770951993
2020,Vas,barley,5.79,4.95,2019-2020,ridge,base,5.084670089547903
2020,Vas,maize,9.77,7.66,2019-2020,ridge,base,7.811506223383794
2020,Vas,wheat,6.23,5.518,2019-2020,ridge,base,5.5764737882503725
2020,Veszprém,barley,5.22,4.298,2019-2020,ridge,base,4.549753160517406
2020,Veszprém,maize,7.84,6.452,2019-2020,ridge,base,6.820433140149376
2020,Veszprém,wheat,5.08,4.722,2019-2020,ridge,base,4.923415696980012
2020,Zala,barley,6.08,5.248,2019-2020,ridge,base,5.3291566614054
2020,Zala,maize,9.72,7.938,2019-2020,ridge,base,8.039584300485753
2020,Zala,wheat,6.41,5.524,2019-2020,ridge,base,5.581396336677034
2019,Bács-Kiskun,barley,5.61,4.692,2019-2020,xgboost,base_soil,5.35681676864624
2019,Bács-Kiskun,maize,7.27,7.126,2019-2020,xgboost,base_soil,6.820024490356445
2019,Bács-Kiskun,wheat,5.18,5.152,2019-2020,xgboost,base_soil,5.328963756561279
2019,Baranya,barley,6.52,5.67,2019-2020,xgboost,base_soil,6.092738628387451
2019,Baranya,maize,9.45,8.208,2019-2020,xgboost,base_soil,7.530455589294434
2019,Baranya,wheat,6.19,6.114,2019-2020,xgboost,base_soil,5.647680759429932
2019,Békés,barley,5.09,4.614,2019-2020,xgboost,base_soil,4.5730414390563965
2019,Békés,maize,8.12,7.328,2019-2020,xgboost,base_soil,8.29433536529541
2019,Békés,wheat,4.59,4.938,2019-2020,xgboost,base_soil,5.10402774810791
2019,Borsod-Abaúj-Zemplén,barley,5.27,4.88,2019-2020,xgboost,base_soil,5.035582065582275
2019,Borsod-Abaúj-Zemplén,maize,8.67,7.172,2019-2020,xgboost,base_soil,7.0137200355529785
2019,Borsod-Abaúj-Zemplén,wheat,5.35,5.186,2019-2020,xgboost,base_soil,5.337562561035156
2019,Csongrád-Csanád,barley,4.89,4.44,2019-2020,xgboost,base_soil,4.510486602783203
2019,Csongrád-Csanád,maize,6.85,6.438,2019-2020,xgboost,base_soil,7.734734058380127
2019,Csongrád-Csanád,wheat,4.45,4.81,2019-2020,xgboost,base_soil,4.9883832931518555
2019,Fejér,barley,6.22,5.63,2019-2020,xgboost,base_soil,5.493993282318115
2019,Fejér,maize,8.08,8.144,2019-2020,xgboost,base_soil,7.9539361000061035
2019,Fejér,wheat,5.59,5.816,2019-2020,xgboost,base_soil,5.702661037445068
2019,Győr-Moson-Sopron,barley,5.46,4.88,2019-2020,xgboost,base_soil,4.973316192626953
2019,Győr-Moson-Sopron,maize,6.32,7.294,2019-2020,xgboost,base_soil,6.487720012664795
2019,Győr-Moson-Sopron,wheat,5.42,5.046,2019-2020,xgboost,base_soil,5.359063148498535
2019,Hajdú-Bihar,barley,5.83,5.058,2019-2020,xgboost,base_soil,5.376010417938232
2019,Hajdú-Bihar,maize,8.76,7.908,2019-2020,xgboost,base_soil,7.619607925415039
2019,Hajdú-Bihar,wheat,5.44,5.408,2019-2020,xgboost,base_soil,5.525138854980469
2019,Heves,barley,6.04,4.692,2019-2020,xgboost,base_soil,4.791045665740967
2019,Heves,maize,8.71,6.006,2019-2020,xgboost,base_soil,6.529532432556152
2019,Heves,wheat,5.44,4.738,2019-2020,xgboost,base_soil,4.702332973480225
2019,Jász-Nagykun-Szolnok,barley,5.4,4.726,2019-2020,xgboost,base_soil,4.65085506439209
2019,Jász-Nagykun-Szolnok,maize,6.2,5.6,2019-2020,xgboost,base_soil,5.1172709465026855
2019,Jász-Nagykun-Szolnok,wheat,4.98,4.564,2019-2020,xgboost,base_soil,4.401778221130371
2019,Komárom-Esztergom,barley,5.75,4.83,2019-2020,xgboost,base_soil,5.225047588348389
2019,Komárom-Esztergom,maize,7.5,7.304,2019-2020,xgboost,base_soil,7.098565101623535
2019,Komárom-Esztergom,wheat,5.6,5.108,2019-2020,xgboost,base_soil,5.398930549621582
2019,Nógrád,barley,4.38,3.642,2019-2020,xgboost,base_soil,3.685190439224243
2019,Nógrád,maize,6.74,4.96,2019-2020,xgboost,base_soil,5.296734809875488
2019,Nógrád,wheat,5.59,4.396,2019-2020,xgboost,base_soil,4.2803730964660645
2019,Pest,barley,4.74,4.586,2019-2020,xgboost,base_soil,4.745505332946777
2019,Pest,maize,7.65,6.962,2019-2020,xgboost,base_soil,7.240938663482666
2019,Pest,wheat,4.74,4.806,2019-2020,xgboost,base_soil,5.052370548248291
2019,Somogy,barley,6.44,5.154,2019-2020,xgboost,base_soil,5.718568801879883
2019,Somogy,maize,9.72,8.718,2019-2020,xgboost,base_soil,9.907814979553223
2019,Somogy,wheat,5.97,5.628,2019-2020,xgboost,base_soil,5.62656307220459
2019,Szabolcs-Szatmár-Bereg,barley,4.92,4.21,2019-2020,xgboost,base_soil,4.508580207824707
2019,Szabolcs-Szatmár-Bereg,maize,7.35,6.98,2019-2020,xgboost,base_soil,7.826155662536621
2019,Szabolcs-Szatmár-Bereg,wheat,4.94,4.97,2019-2020,xgboost,base_soil,5.280978202819824
2019,Tolna,barley,6.32,5.908,2019-2020,xgboost,base_soil,6.77925443649292
2019,Tolna,maize,8.99,8.764,2019-2020,xgboost,base_soil,6.9545135498046875
2019,Tolna,wheat,5.92,6.142,2019-2020,xgboost,base_soil,5.602548599243164
2019,Vas,barley,6.07,4.646,2019-2020,xgboost,base_soil,4.849666595458984
2019,Vas,maize,8.48,7.702,2019-2020,xgboost,base_soil,8.891286849975586
2019,Vas,wheat,5.96,5.35,2019-2020,xgboost,base_soil,5.527336597442627
2019,Veszprém,barley,4.99,4.094,2019-2020,xgboost,base_soil,4.338224411010742
2019,Veszprém,maize,6.94,6.458,2019-2020,xgboost,base_soil,7.015745162963867
2019,Veszprém,wheat,4.93,4.598,2019-2020,xgboost,base_soil,4.514458179473877
2019,Zala,barley,6.01,5.004,2019-2020,xgboost,base_soil,5.473190784454346
2019,Zala,maize,8.76,7.756,2019-2020,xgboost,base_soil,9.548405647277832
2019,Zala,wheat,5.79,5.408,2019-2020,xgboost,base_soil,5.626368999481201
2020,Bács-Kiskun,barley,6.14,4.974,2019-2020,xgboost,base_soil,5.623561382293701
2020,Bács-Kiskun,maize,7.3,7.03,2019-2020,xgboost,base_soil,6.881319999694824
2020,Bács-Kiskun,wheat,5.74,5.266,2019-2020,xgboost,base_soil,5.109858512878418
2020,Baranya,barley,6.6,5.986,2019-2020,xgboost,base_soil,6.679903030395508
2020,Baranya,maize,8.11,8.38,2019-2020,xgboost,base_soil,7.530455589294434
2020,Baranya,wheat,6.38,6.186,2019-2020,xgboost,base_soil,7.592589378356934
2020,Békés,barley,5.48,4.938,2019-2020,xgboost,base_soil,5.184009552001953
2020,Békés,maize,9.1,7.428,2019-2020,xgboost,base_soil,8.29433536529541
2020,Békés,wheat,5.36,5.094,2019-2020,xgboost,base_soil,5.191563129425049
2020,Borsod-Abaúj-Zemplén,barley,5.46,5.012,2019-2020,xgboost,base_soil,5.345216274261475
2020,Borsod-Abaúj-Zemplén,maize,9.17,7.354,2019-2020,xgboost,base_soil,8.947372436523438
2020,Borsod-Abaúj-Zemplén,wheat,5.34,5.296,2019-2020,xgboost,base_soil,5.525242805480957
2020,Csongrád-Csanád,barley,4.67,4.628,2019-2020,xgboost,base_soil,4.684321403503418
2020,Csongrád-Csanád,maize,7.61,6.428,2019-2020,xgboost,base_soil,7.391580581665039
2020,Csongrád-Csanád,wheat,4.62,4.902,2019-2020,xgboost,base_soil,5.211207866668701
2020,Fejér,barley,5.98,5.846,2019-2020,xgboost,base_soil,5.734310626983643
2020,Fejér,maize,7.74,8.084,2019-2020,xgboost,base_soil,7.9539361000061035
2020,Fejér,wheat,5.59,5.806,2019-2020,xgboost,base_soil,5.702661037445068
2020,Győr-Moson-Sopron,barley,5.14,4.98,2019-2020,xgboost,base_soil,5.2907209396362305
2020,Győr-Moson-Sopron,maize,7.21,6.92,2019-2020,xgboost,base_soil,6.5100178718566895
2020,Győr-Moson-Sopron,wheat,5.24,5.082,2019-2020,xgboost,base_soil,5.217523574829102
2020,Hajdú-Bihar,barley,6.26,5.292,2019-2020,xgboost,base_soil,5.614343166351318
2020,Hajdú-Bihar,maize,10.08,8.276,2019-2020,xgboost,base_soil,7.619607925415039
2020,Hajdú-Bihar,wheat,5.54,5.488,2019-2020,xgboost,base_soil,5.249922752380371
2020,Heves,barley,5.64,5.086,2019-2020,xgboost,base_soil,5.138458728790283
2020,Heves,maize,6.61,6.584,2019-2020,xgboost,base_soil,7.443307876586914
2020,Heves,wheat,4.98,4.986,2019-2020,xgboost,base_soil,5.161926746368408
2020,Jász-Nagykun-Szolnok,barley,5.51,4.974,2019-2020,xgboost,base_soil,4.942256450653076
2020,Jász-Nagykun-Szolnok,maize,6.92,5.676,2019-2020,xgboost,base_soil,5.664353847503662
2020,Jász-Nagykun-Szolnok,wheat,5.13,4.786,2019-2020,xgboost,base_soil,4.6062331199646
2020,Komárom-Esztergom,barley,5.36,5.14,2019-2020,xgboost,base_soil,5.496716499328613
2020,Komárom-Esztergom,maize,7.83,7.438,2019-2020,xgboost,base_soil,8.356912612915039
2020,Komárom-Esztergom,wheat,5.19,5.324,2019-2020,xgboost,base_soil,5.73467493057251
2020,Nógrád,barley,3.94,3.91,2019-2020,xgboost,base_soil,4.016970157623291
2020,Nógrád,maize,6.39,5.508,2019-2020,xgboost,base_soil,5.51486873626709
2020,Nógrád,wheat,5.11,4.73,2019-2020,xgboost,base_soil,4.500515460968018
2020,Pest,barley,4.78,4.642,2019-2020,xgboost,base_soil,4.798469066619873
2020,Pest,maize,8.22,7.022,2019-2020,xgboost,base_soil,7.240938663482666
2020,Pest,wheat,4.58,4.826,2019-2020,xgboost,base_soil,5.093379497528076
2020,Somogy,barley,6.22,5.482,2019-2020,xgboost,base_soil,5.696236610412598
2020,Somogy,maize,10.3,8.86,2019-2020,xgboost,base_soil,9.907814979553223
2020,Somogy,wheat,6.32,5.722,2019-2020,xgboost,base_soil,6.039270877838135
2020,Szabolcs-Szatmár-Bereg,barley,4.91,4.46,2019-2020,xgboost,base_soil,4.591734409332275
2020,Szabolcs-Szatmár-Bereg,maize,8.47,6.864,2019-2020,xgboost,base_soil,7.387759208679199
2020,Szabolcs-Szatmár-Bereg,wheat,5.06,5.0,2019-2020,xgboost,base_soil,5.3789496421813965
2020,Tolna,barley,6.86,6.048,2019-2020,xgboost,base_soil,6.538580417633057
2020,Tolna,maize,9.42,8.724,2019-2020,xgboost,base_soil,6.9545135498046875
2020,Tolna,wheat,6.19,6.156,2019-2020,xgboost,base_soil,5.918160438537598
2020,Vas,barley,5.79,4.95,2019-2020,xgboost,base_soil,5.326061725616455
2020,Vas,maize,9.77,7.66,2019-2020,xgboost,base_soil,8.891286849975586
2020,Vas,wheat,6.23,5.518,2019-2020,xgboost,base_soil,5.694753170013428
2020,Veszprém,barley,5.22,4.298,2019-2020,xgboost,base_soil,4.371174335479736
2020,Veszprém,maize,7.84,6.452,2019-2020,xgboost,base_soil,7.015745162963867
2020,Veszprém,wheat,5.08,4.722,2019-2020,xgboost,base_soil,4.737687587738037
2020,Zala,barley,6.08,5.248,2019-2020,xgboost,base_soil,5.695311546325684
2020,Zala,maize,9.72,7.938,2019-2020,xgboost,base_soil,9.548405647277832
2020,Zala,wheat,6.41,5.524,2019-2020,xgboost,base_soil,5.75208044052124
2019,Bács-Kiskun,barley,5.61,4.692,2019-2020,ridge,base_soil,4.944775526498644
2019,Bács-Kiskun,maize,7.27,7.126,2019-2020,ridge,base_soil,7.440981519034218
2019,Bács-Kiskun,wheat,5.18,5.152,2019-2020,ridge,base_soil,5.3490531231925145
2019,Baranya,barley,6.52,5.67,2019-2020,ridge,base_soil,5.6544954086958015
2019,Baranya,maize,9.45,8.208,2019-2020,ridge,base_soil,8.234477920880739
2019,Baranya,wheat,6.19,6.114,2019-2020,ridge,base_soil,6.045884310059001
2019,Békés,barley,5.09,4.614,2019-2020,ridge,base_soil,4.6913217678395664
2019,Békés,maize,8.12,7.328,2019-2020,ridge,base_soil,7.413079928661885
2019,Békés,wheat,4.59,4.938,2019-2020,ridge,base_soil,4.986045454222732
2019,Borsod-Abaúj-Zemplén,barley,5.27,4.88,2019-2020,ridge,base_soil,4.959642831973346
2019,Borsod-Abaúj-Zemplén,maize,8.67,7.172,2019-2020,ridge,base_soil,7.341461653449214
2019,Borsod-Abaúj-Zemplén,wheat,5.35,5.186,2019-2020,ridge,base_soil,5.239866736109507
2019,Csongrád-Csanád,barley,4.89,4.44,2019-2020,ridge,base_soil,4.636879107600413
2019,Csongrád-Csanád,maize,6.85,6.438,2019-2020,ridge,base_soil,6.781868152375199
2019,Csongrád-Csanád,wheat,4.45,4.81,2019-2020,ridge,base_soil,4.968657793059259
2019,Fejér,barley,6.22,5.63,2019-2020,ridge,base_soil,5.63910114728102
2019,Fejér,maize,8.08,8.144,2019-2020,ridge,base_soil,8.19975061646995
2019,Fejér,wheat,5.59,5.816,2019-2020,ridge,base_soil,5.822659836437149
2019,Győr-Moson-Sopron,barley,5.46,4.88,2019-2020,ridge,base_soil,4.996834235427949
2019,Győr-Moson-Sopron,maize,6.32,7.294,2019-2020,ridge,base_soil,7.4769293588001835
2019,Győr-Moson-Sopron,wheat,5.42,5.046,2019-2020,ridge,base_soil,5.164282055420737
2019,Hajdú-Bihar,barley,5.83,5.058,2019-2020,ridge,base_soil,5.140658977887995
2019,Hajdú-Bihar,maize,8.76,7.908,2019-2020,ridge,base_soil,7.971971049021018
2019,Hajdú-Bihar,wheat,5.44,5.408,2019-2020,ridge,base_soil,5.456326794183502
2019,Heves,barley,6.04,4.692,2019-2020,ridge,base_soil,4.781777601995355
2019,Heves,maize,8.71,6.006,2019-2020,ridge,base_soil,6.375774921383951
2019,Heves,wheat,5.44,4.738,2019-2020,ridge,base_soil,4.852560207008111
2019,Jász-Nagykun-Szolnok,barley,5.4,4.726,2019-2020,ridge,base_soil,4.814342814372829
2019,Jász-Nagykun-Szolnok,maize,6.2,5.6,2019-2020,ridge,base_soil,6.0539010121679695
2019,Jász-Nagykun-Szolnok,wheat,4.98,4.564,2019-2020,ridge,base_soil,4.71757238008686
2019,Komárom-Esztergom,barley,5.75,4.83,2019-2020,ridge,base_soil,4.987313805829395
2019,Komárom-Esztergom,maize,7.5,7.304,2019-2020,ridge,base_soil,7.515741536691648
2019,Komárom-Esztergom,wheat,5.6,5.108,2019-2020,ridge,base_soil,5.244982493136882
2019,Nógrád,barley,4.38,3.642,2019-2020,ridge,base_soil,4.010582690358745
2019,Nógrád,maize,6.74,4.96,2019-2020,ridge,base_soil,5.607802183580009
2019,Nógrád,wheat,5.59,4.396,2019-2020,ridge,base_soil,4.651690063753697
2019,Pest,barley,4.74,4.586,2019-2020,ridge,base_soil,4.814778831860813
2019,Pest,maize,7.65,6.962,2019-2020,ridge,base_soil,7.264263303822704
2019,Pest,wheat,4.74,4.806,2019-2020,ridge,base_soil,5.025725998594616
2019,Somogy,barley,6.44,5.154,2019-2020,ridge,base_soil,5.303434395291509
2019,Somogy,maize,9.72,8.718,2019-2020,ridge,base_soil,8.70990449555573
2019,Somogy,wheat,5.97,5.628,2019-2020,ridge,base_soil,5.718989600399716
2019,Szabolcs-Szatmár-Bereg,barley,4.92,4.21,2019-2020,ridge,base_soil,4.507011673429819
2019,Szabolcs-Szatmár-Bereg,maize,7.35,6.98,2019-2020,ridge,base_soil,7.273880267909487
2019,Szabolcs-Szatmár-Bereg,wheat,4.94,4.97,2019-2020,ridge,base_soil,5.152952307573773
2019,Tolna,barley,6.32,5.908,2019-2020,ridge,base_soil,5.8491729206849
2019,Tolna,maize,8.99,8.764,2019-2020,ridge,base_soil,8.685318252566923
2019,Tolna,wheat,5.92,6.142,2019-2020,ridge,base_soil,6.071397695833041
2019,Vas,barley,6.07,4.646,2019-2020,ridge,base_soil,4.834413537730508
2019,Vas,maize,8.48,7.702,2019-2020,ridge,base_soil,7.83166756124592
2019,Vas,wheat,5.96,5.35,2019-2020,ridge,base_soil,5.435243738217112
2019,Veszprém,barley,4.99,4.094,2019-2020,ridge,base_soil,4.3935720681287505
2019,Veszprém,maize,6.94,6.458,2019-2020,ridge,base_soil,6.833390018592638
2019,Veszprém,wheat,4.93,4.598,2019-2020,ridge,base_soil,4.8332935769819665
2019,Zala,barley,6.01,5.004,2019-2020,ridge,base_soil,5.124731512431913
2019,Zala,maize,8.76,7.756,2019-2020,ridge,base_soil,7.877100324664576
2019,Zala,wheat,5.79,5.408,2019-2020,ridge,base_soil,5.483898675468435
2020,Bács-Kiskun,barley,6.14,4.974,2019-2020,ridge,base_soil,5.171938781701722
2020,Bács-Kiskun,maize,7.3,7.03,2019-2020,ridge,base_soil,7.363649347050192
2020,Bács-Kiskun,wheat,5.74,5.266,2019-2020,ridge,base_soil,5.440885077423546
2020,Baranya,barley,6.6,5.986,2019-2020,ridge,base_soil,5.909047141476556
2020,Baranya,maize,8.11,8.38,2019-2020,ridge,base_soil,8.373031395685453
2020,Baranya,wheat,6.38,6.186,2019-2020,ridge,base_soil,6.103883439047021
2020,Békés,barley,5.48,4.938,2019-2020,ridge,base_soil,4.952317848285656
2020,Békés,maize,9.1,7.428,2019-2020,ridge,base_soil,7.493634274478579
2020,Békés,wheat,5.36,5.094,2019-2020,ridge,base_soil,5.111710233696776
2020,Borsod-Abaúj-Zemplén,barley,5.46,5.012,2019-2020,ridge,base_soil,5.065974568451382
2020,Borsod-Abaúj-Zemplén,maize,9.17,7.354,2019-2020,ridge,base_soil,7.488070562835597
2020,Borsod-Abaúj-Zemplén,wheat,5.34,5.296,2019-2020,ridge,base_soil,5.3284765165078705
2020,Csongrád-Csanád,barley,4.67,4.628,2019-2020,ridge,base_soil,4.788321277735799
2020,Csongrád-Csanád,maize,7.61,6.428,2019-2020,ridge,base_soil,6.77381271779353
2020,Csongrád-Csanád,wheat,4.62,4.902,2019-2020,ridge,base_soil,5.0427677912106175
2020,Fejér,barley,5.98,5.846,2019-2020,ridge,base_soil,5.81309853424508
2020,Fejér,maize,7.74,8.084,2019-2020,ridge,base_soil,8.151418008979933
2020,Fejér,wheat,5.59,5.806,2019-2020,ridge,base_soil,5.814604401855479
2020,Győr-Moson-Sopron,barley,5.14,4.98,2019-2020,ridge,base_soil,5.0773885812446435
2020,Győr-Moson-Sopron,maize,7.21,6.92,2019-2020,ridge,base_soil,7.175656105445746
2020,Győr-Moson-Sopron,wheat,5.24,5.082,2019-2020,ridge,base_soil,5.193281619914748
2020,Hajdú-Bihar,barley,6.26,5.292,2019-2020,ridge,base_soil,5.329156147099059
2020,Hajdú-Bihar,maize,10.08,8.276,2019-2020,ridge,base_soil,8.268411041626454
2020,Hajdú-Bihar,wheat,5.54,5.488,2019-2020,ridge,base_soil,5.520770270836858
2020,Heves,barley,5.64,5.086,2019-2020,ridge,base_soil,5.099161724513131
2020,Heves,maize,6.61,6.584,2019-2020,ridge,base_soil,6.841379040204444
2020,Heves,wheat,4.98,4.986,2019-2020,ridge,base_soil,5.052334984633513
2020,Jász-Nagykun-Szolnok,barley,5.51,4.974,2019-2020,ridge,base_soil,5.0141175919982315
2020,Jász-Nagykun-Szolnok,maize,6.92,5.676,2019-2020,ridge,base_soil,6.115122314988658
2020,Jász-Nagykun-Szolnok,wheat,5.13,4.786,2019-2020,ridge,base_soil,4.896403027799922
2020,Komárom-Esztergom,barley,5.36,5.14,2019-2020,ridge,base_soil,5.2370322778611476
2020,Komárom-Esztergom,maize,7.83,7.438,2019-2020,ridge,base_soil,7.623684360086017
2020,Komárom-Esztergom,wheat,5.19,5.324,2019-2020,ridge,base_soil,5.418979880100942
2020,Nógrád,barley,3.94,3.91,2019-2020,ridge,base_soil,4.2264683371474865
2020,Nógrád,maize,6.39,5.508,2019-2020,ridge,base_soil,6.049239998655494
2020,Nógrád,wheat,5.11,4.73,2019-2020,ridge,base_soil,4.920741578781457
2020,Pest,barley,4.78,4.642,2019-2020,ridge,base_soil,4.859889265518161
2020,Pest,maize,8.22,7.022,2019-2020,ridge,base_soil,7.312595911312721
2020,Pest,wheat,4.58,4.826,2019-2020,ridge,base_soil,5.041836867757955
2020,Somogy,barley,6.22,5.482,2019-2020,ridge,base_soil,5.567652649570267
2020,Somogy,maize,10.3,8.86,2019-2020,ridge,base_soil,8.824291666615437
2020,Somogy,wheat,6.32,5.722,2019-2020,ridge,base_soil,5.794710685467409
2020,Szabolcs-Szatmár-Bereg,barley,4.91,4.46,2019-2020,ridge,base_soil,4.708397537971555
2020,Szabolcs-Szatmár-Bereg,maize,8.47,6.864,2019-2020,ridge,base_soil,7.180437226762121
2020,Szabolcs-Szatmár-Bereg,wheat,5.06,5.0,2019-2020,ridge,base_soil,5.177118611318781
2020,Tolna,barley,6.86,6.048,2019-2020,ridge,base_soil,5.961949004828272
2020,Tolna,maize,9.42,8.724,2019-2020,ridge,base_soil,8.653096514240247
2020,Tolna,wheat,6.19,6.156,2019-2020,ridge,base_soil,6.082675304247378
2020,Vas,barley,5.79,4.95,2019-2020,ridge,base_soil,5.079298749013259
2020,Vas,maize,9.77,7.66,2019-2020,ridge,base_soil,7.79783473600291
2020,Vas,wheat,6.23,5.518,2019-2020,ridge,base_soil,5.570575039189159
2020,Veszprém,barley,5.22,4.298,2019-2020,ridge,base_soil,4.557902933594807
2020,Veszprém,maize,7.84,6.452,2019-2020,ridge,base_soil,6.828556757843637
2020,Veszprém,wheat,5.08,4.722,2019-2020,ridge,base_soil,4.933180965794668
2020,Zala,barley,6.08,5.248,2019-2020,ridge,base_soil,5.321284116224647
2020,Zala,maize,9.72,7.938,2019-2020,ridge,base_soil,8.023709234050958
2020,Zala,wheat,6.41,5.524,2019-2020,ridge,base_soil,5.5773417166158
2019,Bács-Kiskun,barley,5.61,4.692,2019-2020,xgboost,base_weather,5.48844575881958
2019,Bács-Kiskun,maize,7.27,7.126,2019-2020,xgboost,base_weather,8.452333450317383
2019,Bács-Kiskun,wheat,5.18,5.152,2019-2020,xgboost,base_weather,5.787217140197754
2019,Baranya,barley,6.52,5.67,2019-2020,xgboost,base_weather,5.972891330718994
2019,Baranya,maize,9.45,8.208,2019-2020,xgboost,base_weather,9.433877944946289
2019,Baranya,wheat,6.19,6.114,2019-2020,xgboost,base_weather,5.731651782989502
2019,Békés,barley,5.09,4.614,2019-2020,xgboost,base_weather,5.18449592590332
2019,Békés,maize,8.12,7.328,2019-2020,xgboost,base_weather,8.236251831054688
2019,Békés,wheat,4.59,4.938,2019-2020,xgboost,base_weather,5.6756463050842285
2019,Borsod-Abaúj-Zemplén,barley,5.27,4.88,2019-2020,xgboost,base_weather,5.091050148010254
2019,Borsod-Abaúj-Zemplén,maize,8.67,7.172,2019-2020,xgboost,base_weather,6.332016468048096
2019,Borsod-Abaúj-Zemplén,wheat,5.35,5.186,2019-2020,xgboost,base_weather,5.437777042388916
2019,Csongrád-Csanád,barley,4.89,4.44,2019-2020,xgboost,base_weather,5.16848611831665
2019,Csongrád-Csanád,maize,6.85,6.438,2019-2020,xgboost,base_weather,7.970310688018799
2019,Csongrád-Csanád,wheat,4.45,4.81,2019-2020,xgboost,base_weather,5.501491546630859
2019,Fejér,barley,6.22,5.63,2019-2020,xgboost,base_weather,5.709384441375732
2019,Fejér,maize,8.08,8.144,2019-2020,xgboost,base_weather,9.115669250488281
2019,Fejér,wheat,5.59,5.816,2019-2020,xgboost,base_weather,5.849610805511475
2019,Győr-Moson-Sopron,barley,5.46,4.88,2019-2020,xgboost,base_weather,5.2404985427856445
2019,Győr-Moson-Sopron,maize,6.32,7.294,2019-2020,xgboost,base_weather,8.628729820251465
2019,Győr-Moson-Sopron,wheat,5.42,5.046,2019-2020,xgboost,base_weather,5.4949727058410645
2019,Hajdú-Bihar,barley,5.83,5.058,2019-2020,xgboost,base_weather,5.461841106414795
2019,Hajdú-Bihar,maize,8.76,7.908,2019-2020,xgboost,base_weather,8.17992877960205
2019,Hajdú-Bihar,wheat,5.44,5.408,2019-2020,xgboost,base_weather,5.630997180938721
2019,Heves,barley,6.04,4.692,2019-2020,xgboost,base_weather,5.0796637535095215
2019,Heves,maize,8.71,6.006,2019-2020,xgboost,base_weather,7.212247371673584
2019,Heves,wheat,5.44,4.738,2019-2020,xgboost,base_weather,5.108747959136963
2019,Jász-Nagykun-Szolnok,barley,5.4,4.726,2019-2020,xgboost,base_weather,5.094536781311035
2019,Jász-Nagykun-Szolnok,maize,6.2,5.6,2019-2020,xgboost,base_weather,5.263820648193359
2019,Jász-Nagykun-Szolnok,wheat,4.98,4.564,2019-2020,xgboost,base_weather,4.909733295440674
2019,Komárom-Esztergom,barley,5.75,4.83,2019-2020,xgboost,base_weather,5.103276252746582
2019,Komárom-Esztergom,maize,7.5,7.304,2019-2020,xgboost,base_weather,7.370370864868164
2019,Komárom-Esztergom,wheat,5.6,5.108,2019-2020,xgboost,base_weather,5.373161315917969
2019,Nógrád,barley,4.38,3.642,2019-2020,xgboost,base_weather,4.032482624053955
2019,Nógrád,maize,6.74,4.96,2019-2020,xgboost,base_weather,6.735988140106201
2019,Nógrád,wheat,5.59,4.396,2019-2020,xgboost,base_weather,4.598039627075195
2019,Pest,barley,4.74,4.586,2019-2020,xgboost,base_weather,4.821057319641113
2019,Pest,maize,7.65,6.962,2019-2020,xgboost,base_weather,8.532100677490234
2019,Pest,wheat,4.74,4.806,2019-2020,xgboost,base_weather,5.1219072341918945
2019,Somogy,barley,6.44,5.154,2019-2020,xgboost,base_weather,5.706196308135986
2019,Somogy,maize,9.72,8.718,2019-2020,xgboost,base_weather,9.414571762084961
2019,Somogy,wheat,5.97,5.628,2019-2020,xgboost,base_weather,5.894649505615234
2019,Szabolcs-Szatmár-Bereg,barley,4.92,4.21,2019-2020,xgboost,base_weather,4.616471290588379
2019,Szabolcs-Szatmár-Bereg,maize,7.35,6.98,2019-2020,xgboost,base_weather,8.31933307647705
2019,Szabolcs-Szatmár-Bereg,wheat,4.94,4.97,2019-2020,xgboost,base_weather,5.269654750823975
2019,Tolna,barley,6.32,5.908,2019-2020,xgboost,base_weather,6.1317315101623535
2019,Tolna,maize,8.99,8.764,2019-2020,xgboost,base_weather,9.487508773803711
2019,Tolna,wheat,5.92,6.142,2019-2020,xgboost,base_weather,5.7406487464904785
2019,Vas,barley,6.07,4.646,2019-2020,xgboost,base_weather,4.879882335662842
2019,Vas,maize,8.48,7.702,2019-2020,xgboost,base_weather,8.341424942016602
2019,Vas,wheat,5.96,5.35,2019-2020,xgboost,base_weather,5.460239410400391
2019,Veszprém,barley,4.99,4.094,2019-2020,xgboost,base_weather,4.6831841468811035
2019,Veszprém,maize,6.94,6.458,2019-2020,xgboost,base_weather,7.888125896453857
2019,Veszprém,wheat,4.93,4.598,2019-2020,xgboost,base_weather,4.964587211608887
2019,Zala,barley,6.01,5.004,2019-2020,xgboost,base_weather,5.471521854400635
2019,Zala,maize,8.76,7.756,2019-2020,xgboost,base_weather,8.896783828735352
2019,Zala,wheat,5.79,5.408,2019-2020,xgboost,base_weather,5.601362228393555
2020,Bács-Kiskun,barley,6.14,4.974,2019-2020,xgboost,base_weather,5.788069725036621
2020,Bács-Kiskun,maize,7.3,7.03,2019-2020,xgboost,base_weather,8.391691207885742
2020,Bács-Kiskun,wheat,5.74,5.266,2019-2020,xgboost,base_weather,5.8338518142700195
2020,Baranya,barley,6.6,5.986,2019-2020,xgboost,base_weather,6.115829944610596
2020,Baranya,maize,8.11,8.38,2019-2020,xgboost,base_weather,9.516280174255371
2020,Baranya,wheat,6.38,6.186,2019-2020,xgboost,base_weather,6.068624496459961
2020,Békés,barley,5.48,4.938,2019-2020,xgboost,base_weather,5.694727897644043
2020,Békés,maize,9.1,7.428,2019-2020,xgboost,base_weather,9.32391357421875
2020,Békés,wheat,5.36,5.094,2019-2020,xgboost,base_weather,5.753736972808838
2020,Borsod-Abaúj-Zemplén,barley,5.46,5.012,2019-2020,xgboost,base_weather,5.416099548339844
2020,Borsod-Abaúj-Zemplén,maize,9.17,7.354,2019-2020,xgboost,base_weather,8.48363208770752
2020,Borsod-Abaúj-Zemplén,wheat,5.34,5.296,2019-2020,xgboost,base_weather,5.470885753631592
2020,Csongrád-Csanád,barley,4.67,4.628,2019-2020,xgboost,base_weather,5.056689262390137
2020,Csongrád-Csanád,maize,7.61,6.428,2019-2020,xgboost,base_weather,7.401726722717285
2020,Csongrád-Csanád,wheat,4.62,4.902,2019-2020,xgboost,base_weather,5.556224346160889
2020,Fejér,barley,5.98,5.846,2019-2020,xgboost,base_weather,5.926536560058594
2020,Fejér,maize,7.74,8.084,2019-2020,xgboost,base_weather,9.110095024108887
2020,Fejér,wheat,5.59,5.806,2019-2020,xgboost,base_weather,5.949094295501709
2020,Győr-Moson-Sopron,barley,5.14,4.98,2019-2020,xgboost,base_weather,5.4746527671813965
2020,Győr-Moson-Sopron,maize,7.21,6.92,2019-2020,xgboost,base_weather,8.323179244995117
2020,Győr-Moson-Sopron,wheat,5.24,5.082,2019-2020,xgboost,base_weather,5.505893707275391
2020,Hajdú-Bihar,barley,6.26,5.292,2019-2020,xgboost,base_weather,5.390821933746338
2020,Hajdú-Bihar,maize,10.08,8.276,2019-2020,xgboost,base_weather,8.137648582458496
2020,Hajdú-Bihar,wheat,5.54,5.488,2019-2020,xgboost,base_weather,5.522377967834473
2020,Heves,barley,5.64,5.086,2019-2020,xgboost,base_weather,5.317789554595947
2020,Heves,maize,6.61,6.584,2019-2020,xgboost,base_weather,7.925878047943115
2020,Heves,wheat,4.98,4.986,2019-2020,xgboost,base_weather,5.394445896148682
2020,Jász-Nagykun-Szolnok,barley,5.51,4.974,2019-2020,xgboost,base_weather,5.678989410400391
2020,Jász-Nagykun-Szolnok,maize,6.92,5.676,2019-2020,xgboost,base_weather,5.601573944091797
2020,Jász-Nagykun-Szolnok,wheat,5.13,4.786,2019-2020,xgboost,base_weather,5.418513298034668
2020,Komárom-Esztergom,barley,5.36,5.14,2019-2020,xgboost,base_weather,5.349360942840576
2020,Komárom-Esztergom,maize,7.83,7.438,2019-2020,xgboost,base_weather,8.427836418151855
2020,Komárom-Esztergom,wheat,5.19,5.324,2019-2020,xgboost,base_weather,5.426990032196045
2020,Nógrád,barley,3.94,3.91,2019-2020,xgboost,base_weather,4.27778959274292
2020,Nógrád,maize,6.39,5.508,2019-2020,xgboost,base_weather,6.563684940338135
2020,Nógrád,wheat,5.11,4.73,2019-2020,xgboost,base_weather,4.913788795471191
2020,Pest,barley,4.78,4.642,2019-2020,xgboost,base_weather,4.927812099456787
2020,Pest,maize,8.22,7.022,2019-2020,xgboost,base_weather,8.506571769714355
2020,Pest,wheat,4.58,4.826,2019-2020,xgboost,base_weather,5.202077388763428
2020,Somogy,barley,6.22,5.482,2019-2020,xgboost,base_weather,5.8119401931762695
2020,Somogy,maize,10.3,8.86,2019-2020,xgboost,base_weather,9.061593055725098
2020,Somogy,wheat,6.32,5.722,2019-2020,xgboost,base_weather,6.070733547210693
2020,Szabolcs-Szatmár-Bereg,barley,4.91,4.46,2019-2020,xgboost,base_weather,4.743300437927246
2020,Szabolcs-Szatmár-Bereg,maize,8.47,6.864,2019-2020,xgboost,base_weather,7.391101360321045
2020,Szabolcs-Szatmár-Bereg,wheat,5.06,5.0,2019-2020,xgboost,base_weather,5.377419948577881
2020,Tolna,barley,6.86,6.048,2019-2020,xgboost,base_weather,6.095473289489746
2020,Tolna,maize,9.42,8.724,2019-2020,xgboost,base_weather,9.171069145202637
2020,Tolna,wheat,6.19,6.156,2019-2020,xgboost,base_weather,5.800205707550049
2020,Vas,barley,5.79,4.95,2019-2020,xgboost,base_weather,5.386184215545654
2020,Vas,maize,9.77,7.66,2019-2020,xgboost,base_weather,8.380556106567383
2020,Vas,wheat,6.23,5.518,2019-2020,xgboost,base_weather,5.644053936004639
2020,Veszprém,barley,5.22,4.298,2019-2020,xgboost,base_weather,4.7989373207092285
2020,Veszprém,maize,7.84,6.452,2019-2020,xgboost,base_weather,8.47857666015625
2020,Veszprém,wheat,5.08,4.722,2019-2020,xgboost,base_weather,5.235791206359863
2020,Zala,barley,6.08,5.248,2019-2020,xgboost,base_weather,5.450882434844971
2020,Zala,maize,9.72,7.938,2019-2020,xgboost,base_weather,8.840092658996582
2020,Zala,wheat,6.41,5.524,2019-2020,xgboost,base_weather,5.68729829788208
2019,Bács-Kiskun,barley,5.61,4.692,2019-2020,ridge,base_weather,5.256521630451916
2019,Bács-Kiskun,maize,7.27,7.126,2019-2020,ridge,base_weather,7.531197307912684
2019,Bács-Kiskun,wheat,5.18,5.152,2019-2020,ridge,base_weather,5.6835372744359915
2019,Baranya,barley,6.52,5.67,2019-2020,ridge,base_weather,6.2416120976746745
2019,Baranya,maize,9.45,8.208,2019-2020,ridge,base_weather,8.374092372408843
2019,Baranya,wheat,6.19,6.114,2019-2020,ridge,base_weather,6.660753022897377
2019,Békés,barley,5.09,4.614,2019-2020,ridge,base_weather,5.056570556661451
2019,Békés,maize,8.12,7.328,2019-2020,ridge,base_weather,7.581120767897636
2019,Békés,wheat,4.59,4.938,2019-2020,ridge,base_weather,5.416651091173862
2019,Borsod-Abaúj-Zemplén,barley,5.27,4.88,2019-2020,ridge,base_weather,4.7299801189911275
2019,Borsod-Abaúj-Zemplén,maize,8.67,7.172,2019-2020,ridge,base_weather,7.094886530338195
2019,Borsod-Abaúj-Zemplén,wheat,5.35,5.186,2019-2020,ridge,base_weather,5.081201594896995
2019,Csongrád-Csanád,barley,4.89,4.44,2019-2020,ridge,base_weather,5.078618688385652
2019,Csongrád-Csanád,maize,6.85,6.438,2019-2020,ridge,base_weather,7.225186892837424
2019,Csongrád-Csanád,wheat,4.45,4.81,2019-2020,ridge,base_weather,5.461339039337008
2019,Fejér,barley,6.22,5.63,2019-2020,ridge,base_weather,5.467129974837473
2019,Fejér,maize,8.08,8.144,2019-2020,ridge,base_weather,7.876211623549075
2019,Fejér,wheat,5.59,5.816,2019-2020,ridge,base_weather,5.759291060033048
2019,Győr-Moson-Sopron,barley,5.46,4.88,2019-2020,ridge,base_weather,5.070475575103565
2019,Győr-Moson-Sopron,maize,6.32,7.294,2019-2020,ridge,base_weather,7.429578362188362
2019,Győr-Moson-Sopron,wheat,5.42,5.046,2019-2020,ridge,base_weather,5.352793261847425
2019,Hajdú-Bihar,barley,5.83,5.058,2019-2020,ridge,base_weather,5.0018210203288715
2019,Hajdú-Bihar,maize,8.76,7.908,2019-2020,ridge,base_weather,7.634414078952403
2019,Hajdú-Bihar,wheat,5.44,5.408,2019-2020,ridge,base_weather,5.374697972828512
2019,Heves,barley,6.04,4.692,2019-2020,ridge,base_weather,4.732353092251138
2019,Heves,maize,8.71,6.006,2019-2020,ridge,base_weather,6.55524067551074
2019,Heves,wheat,5.44,4.738,2019-2020,ridge,base_weather,4.955610388284707
2019,Jász-Nagykun-Szolnok,barley,5.4,4.726,2019-2020,ridge,base_weather,4.898141970299755
2019,Jász-Nagykun-Szolnok,maize,6.2,5.6,2019-2020,ridge,base_weather,6.569621696023576
2019,Jász-Nagykun-Szolnok,wheat,4.98,4.564,2019-2020,ridge,base_weather,5.019027922435484
2019,Komárom-Esztergom,barley,5.75,4.83,2019-2020,ridge,base_weather,5.077683135096687
2019,Komárom-Esztergom,maize,7.5,7.304,2019-2020,ridge,base_weather,7.372245566913327
2019,Komárom-Esztergom,wheat,5.6,5.108,2019-2020,ridge,base_weather,5.415123853170153
2019,Nógrád,barley,4.38,3.642,2019-2020,ridge,base_weather,3.930773825649369
2019,Nógrád,maize,6.74,4.96,2019-2020,ridge,base_weather,5.689941296303505
2019,Nógrád,wheat,5.59,4.396,2019-2020,ridge,base_weather,4.5024874268736585
2019,Pest,barley,4.74,4.586,2019-2020,ridge,base_weather,4.861218007106485
2019,Pest,maize,7.65,6.962,2019-2020,ridge,base_weather,7.199858595120914
2019,Pest,wheat,4.74,4.806,2019-2020,ridge,base_weather,5.1701128696699765
2019,Somogy,barley,6.44,5.154,2019-2020,ridge,base_weather,5.859601143196859
2019,Somogy,maize,9.72,8.718,2019-2020,ridge,base_weather,8.486031947113272
2019,Somogy,wheat,5.97,5.628,2019-2020,ridge,base_weather,6.293507166097135
2019,Szabolcs-Szatmár-Bereg,barley,4.92,4.21,2019-2020,ridge,base_weather,4.512000101388103
2019,Szabolcs-Szatmár-Bereg,maize,7.35,6.98,2019-2020,ridge,base_weather,6.991774378616862
2019,Szabolcs-Szatmár-Bereg,wheat,4.94,4.97,2019-2020,ridge,base_weather,5.086666722147907
2019,Tolna,barley,6.32,5.908,2019-2020,ridge,base_weather,6.077576966991096
2019,Tolna,maize,8.99,8.764,2019-2020,ridge,base_weather,8.485935006901178
2019,Tolna,wheat,5.92,6.142,2019-2020,ridge,base_weather,6.393362208470788
2019,Vas,barley,6.07,4.646,2019-2020,ridge,base_weather,5.191981282308383
2019,Vas,maize,8.48,7.702,2019-2020,ridge,base_weather,7.81889272647313
2019,Vas,wheat,5.96,5.35,2019-2020,ridge,base_weather,5.739086387403384
2019,Veszprém,barley,4.99,4.094,2019-2020,ridge,base_weather,5.012606406933951
2019,Veszprém,maize,6.94,6.458,2019-2020,ridge,base_weather,7.231257084793151
2019,Veszprém,wheat,4.93,4.598,2019-2020,ridge,base_weather,5.4612775275117995
2019,Zala,barley,6.01,5.004,2019-2020,ridge,base_weather,5.723426511628833
2019,Zala,maize,8.76,7.756,2019-2020,ridge,base_weather,8.008925593665296
2019,Zala,wheat,5.79,5.408,2019-2020,ridge,base_weather,6.122880639948106
2020,Bács-Kiskun,barley,6.14,4.974,2019-2020,ridge,base_weather,5.427245904437365
2020,Bács-Kiskun,maize,7.3,7.03,2019-2020,ridge,base_weather,7.576999399856833
2020,Bács-Kiskun,wheat,5.74,5.266,2019-2020,ridge,base_weather,5.771577001427032
2020,Baranya,barley,6.6,5.986,2019-2020,ridge,base_weather,6.379918983927501
2020,Baranya,maize,8.11,8.38,2019-2020,ridge,base_weather,8.556969629243454
2020,Baranya,wheat,6.38,6.186,2019-2020,ridge,base_weather,6.678970448039277
2020,Békés,barley,5.48,4.938,2019-2020,ridge,base_weather,5.281920210404321
2020,Békés,maize,9.1,7.428,2019-2020,ridge,base_weather,7.7050153160465875
2020,Békés,wheat,5.36,5.094,2019-2020,ridge,base_weather,5.559316197922324
2020,Borsod-Abaúj-Zemplén,barley,5.46,5.012,2019-2020,ridge,base_weather,4.815173307416282
2020,Borsod-Abaúj-Zemplén,maize,9.17,7.354,2019-2020,ridge,base_weather,7.2665068039862755
2020,Borsod-Abaúj-Zemplén,wheat,5.34,5.296,2019-2020,ridge,base_weather,5.155567045025263
2020,Csongrád-Csanád,barley,4.67,4.628,2019-2020,ridge,base_weather,5.237567182571457
2020,Csongrád-Csanád,maize,7.61,6.428,2019-2020,ridge,base_weather,7.314517343918995
2020,Csongrád-Csanád,wheat,4.62,4.902,2019-2020,ridge,base_weather,5.57303922095458
2020,Fejér,barley,5.98,5.846,2019-2020,ridge,base_weather,5.608408142936947
2020,Fejér,maize,7.74,8.084,2019-2020,ridge,base_weather,7.919202533951514
2020,Fejér,wheat,5.59,5.806,2019-2020,ridge,base_weather,5.789338825628139
2020,Győr-Moson-Sopron,barley,5.14,4.98,2019-2020,ridge,base_weather,5.112308426886996
2020,Győr-Moson-Sopron,maize,7.21,6.92,2019-2020,ridge,base_weather,7.246680114265596
2020,Győr-Moson-Sopron,wheat,5.24,5.082,2019-2020,ridge,base_weather,5.363127238585366
2020,Hajdú-Bihar,barley,6.26,5.292,2019-2020,ridge,base_weather,5.170014310580083
2020,Hajdú-Bihar,maize,10.08,8.276,2019-2020,ridge,base_weather,7.875154212711394
2020,Hajdú-Bihar,wheat,5.54,5.488,2019-2020,ridge,base_weather,5.467097095001516
2020,Heves,barley,5.64,5.086,2019-2020,ridge,base_weather,4.942310057559883
2020,Heves,maize,6.61,6.584,2019-2020,ridge,base_weather,6.918863380972478
2020,Heves,wheat,4.98,4.986,2019-2020,ridge,base_weather,5.093710544895929
2020,Jász-Nagykun-Szolnok,barley,5.51,4.974,2019-2020,ridge,base_weather,5.060958319422823
2020,Jász-Nagykun-Szolnok,maize,6.92,5.676,2019-2020,ridge,base_weather,6.679073566483077
2020,Jász-Nagykun-Szolnok,wheat,5.13,4.786,2019-2020,ridge,base_weather,5.169047853571322
2020,Komárom-Esztergom,barley,5.36,5.14,2019-2020,ridge,base_weather,5.261381553508491
2020,Komárom-Esztergom,maize,7.83,7.438,2019-2020,ridge,base_weather,7.481338819926099
2020,Komárom-Esztergom,wheat,5.19,5.324,2019-2020,ridge,base_weather,5.552558298858894
2020,Nógrád,barley,3.94,3.91,2019-2020,ridge,base_weather,4.055902040444247
2020,Nógrád,maize,6.39,5.508,2019-2020,ridge,base_weather,6.022807462632589
2020,Nógrád,wheat,5.11,4.73,2019-2020,ridge,base_weather,4.660098856559197
2020,Pest,barley,4.78,4.642,2019-2020,ridge,base_weather,4.919297986775446
2020,Pest,maize,8.22,7.022,2019-2020,ridge,base_weather,7.308251806174708
2020,Pest,wheat,4.58,4.826,2019-2020,ridge,base_weather,5.210474732125849
2020,Somogy,barley,6.22,5.482,2019-2020,ridge,base_weather,6.000910088507487
2020,Somogy,maize,10.3,8.86,2019-2020,ridge,base_weather,8.608263563640294
2020,Somogy,wheat,6.32,5.722,2019-2020,ridge,base_weather,6.319648349522693
2020,Szabolcs-Szatmár-Bereg,barley,4.91,4.46,2019-2020,ridge,base_weather,4.687173206562939
2020,Szabolcs-Szatmár-Bereg,maize,8.47,6.864,2019-2020,ridge,base_weather,6.967808977011874
2020,Szabolcs-Szatmár-Bereg,wheat,5.06,5.0,2019-2020,ridge,base_weather,5.153562444353875
2020,Tolna,barley,6.86,6.048,2019-2020,ridge,base_weather,6.167045667322528
2020,Tolna,maize,9.42,8.724,2019-2020,ridge,base_weather,8.563896989284228
2020,Tolna,wheat,6.19,6.156,2019-2020,ridge,base_weather,6.4208174985564135
2020,Vas,barley,5.79,4.95,2019-2020,ridge,base_weather,5.347791937147228
2020,Vas,maize,9.77,7.66,2019-2020,ridge,base_weather,7.8207906055096785
2020,Vas,wheat,6.23,5.518,2019-2020,ridge,base_weather,5.827961932770566
2020,Veszprém,barley,5.22,4.298,2019-2020,ridge,base_weather,5.091745053523283
2020,Veszprém,maize,7.84,6.452,2019-2020,ridge,base_weather,7.250218813153802
2020,Veszprém,wheat,5.08,4.722,2019-2020,ridge,base_weather,5.501042580294271
2020,Zala,barley,6.08,5.248,2019-2020,ridge,base_weather,5.828773983537036
2020,Zala,maize,9.72,7.938,2019-2020,ridge,base_weather,8.120341222006225
2020,Zala,wheat,6.41,5.524,2019-2020,ridge,base_weather,6.16523036176533
2019,Bács-Kiskun,barley,5.61,4.692,2019-2020,xgboost,full,5.460673809051514
2019,Bács-Kiskun,maize,7.27,7.126,2019-2020,xgboost,full,7.870088577270508
2019,Bács-Kiskun,wheat,5.18,5.152,2019-2020,xgboost,full,5.694362640380859
2019,Baranya,barley,6.52,5.67,2019-2020,xgboost,full,6.020561695098877
2019,Baranya,maize,9.45,8.208,2019-2020,xgboost,full,9.50239372253418
2019,Baranya,wheat,6.19,6.114,2019-2020,xgboost,full,5.7493791580200195
2019,Békés,barley,5.09,4.614,2019-2020,xgboost,full,5.008916854858398
2019,Békés,maize,8.12,7.328,2019-2020,xgboost,full,7.417871475219727
2019,Békés,wheat,4.59,4.938,2019-2020,xgboost,full,5.418752670288086
2019,Borsod-Abaúj-Zemplén,barley,5.27,4.88,2019-2020,xgboost,full,5.1971235275268555
2019,Borsod-Abaúj-Zemplén,maize,8.67,7.172,2019-2020,xgboost,full,7.128685474395752
2019,Borsod-Abaúj-Zemplén,wheat,5.35,5.186,2019-2020,xgboost,full,5.526724815368652
2019,Csongrád-Csanád,barley,4.89,4.44,2019-2020,xgboost,full,4.9467549324035645
2019,Csongrád-Csanád,maize,6.85,6.438,2019-2020,xgboost,full,7.09724760055542
2019,Csongrád-Csanád,wheat,4.45,4.81,2019-2020,xgboost,full,5.304784774780273
2019,Fejér,barley,6.22,5.63,2019-2020,xgboost,full,5.7272868156433105
2019,Fejér,maize,8.08,8.144,2019-2020,xgboost,full,9.531835556030273
2019,Fejér,wheat,5.59,5.816,2019-2020,xgboost,full,5.846724033355713
2019,Győr-Moson-Sopron,barley,5.46,4.88,2019-2020,xgboost,full,5.215806484222412
2019,Győr-Moson-Sopron,maize,6.32,7.294,2019-2020,xgboost,full,8.726738929748535
2019,Győr-Moson-Sopron,wheat,5.42,5.046,2019-2020,xgboost,full,5.475014686584473
2019,Hajdú-Bihar,barley,5.83,5.058,2019-2020,xgboost,full,5.411185264587402
2019,Hajdú-Bihar,maize,8.76,7.908,2019-2020,xgboost,full,8.40966510772705
2019,Hajdú-Bihar,wheat,5.44,5.408,2019-2020,xgboost,full,5.543066501617432
2019,Heves,barley,6.04,4.692,2019-2020,xgboost,full,4.885621070861816
2019,Heves,maize,8.71,6.006,2019-2020,xgboost,full,6.839391231536865
2019,Heves,wheat,5.44,4.738,2019-2020,xgboost,full,4.938976287841797
2019,Jász-Nagykun-Szolnok,barley,5.4,4.726,2019-2020,xgboost,full,5.0586371421813965
2019,Jász-Nagykun-Szolnok,maize,6.2,5.6,2019-2020,xgboost,full,5.596255779266357
2019,Jász-Nagykun-Szolnok,wheat,4.98,4.564,2019-2020,xgboost,full,4.7682085037231445
2019,Komárom-Esztergom,barley,5.75,4.83,2019-2020,xgboost,full,5.249671936035156
2019,Komárom-Esztergom,maize,7.5,7.304,2019-2020,xgboost,full,8.260372161865234
2019,Komárom-Esztergom,wheat,5.6,5.108,2019-2020,xgboost,full,5.489350318908691
2019,Nógrád,barley,4.38,3.642,2019-2020,xgboost,full,4.028078556060791
2019,Nógrád,maize,6.74,4.96,2019-2020,xgboost,full,6.636993885040283
2019,Nógrád,wheat,5.59,4.396,2019-2020,xgboost,full,4.580790996551514
2019,Pest,barley,4.74,4.586,2019-2020,xgboost,full,4.776087760925293
2019,Pest,maize,7.65,6.962,2019-2020,xgboost,full,8.455409049987793
2019,Pest,wheat,4.74,4.806,2019-2020,xgboost,full,5.107418060302734
2019,Somogy,barley,6.44,5.154,2019-2020,xgboost,full,5.763279438018799
2019,Somogy,maize,9.72,8.718,2019-2020,xgboost,full,9.83903694152832
2019,Somogy,wheat,5.97,5.628,2019-2020,xgboost,full,5.803348541259766
2019,Szabolcs-Szatmár-Bereg,barley,4.92,4.21,2019-2020,xgboost,full,4.662994384765625
2019,Szabolcs-Szatmár-Bereg,maize,7.35,6.98,2019-2020,xgboost,full,8.350754737854004
2019,Szabolcs-Szatmár-Bereg,wheat,4.94,4.97,2019-2020,xgboost,full,5.230783939361572
2019,Tolna,barley,6.32,5.908,2019-2020,xgboost,full,5.999927997589111
2019,Tolna,maize,8.99,8.764,2019-2020,xgboost,full,9.66769790649414
2019,Tolna,wheat,5.92,6.142,2019-2020,xgboost,full,5.7229084968566895
2019,Vas,barley,6.07,4.646,2019-2020,xgboost,full,4.972265720367432
2019,Vas,maize,8.48,7.702,2019-2020,xgboost,full,9.130877494812012
2019,Vas,wheat,5.96,5.35,2019-2020,xgboost,full,5.486212253570557
2019,Veszprém,barley,4.99,4.094,2019-2020,xgboost,full,4.666094779968262
2019,Veszprém,maize,6.94,6.458,2019-2020,xgboost,full,8.330580711364746
2019,Veszprém,wheat,4.93,4.598,2019-2020,xgboost,full,4.915371417999268
2019,Zala,barley,6.01,5.004,2019-2020,xgboost,full,5.40195894241333
2019,Zala,maize,8.76,7.756,2019-2020,xgboost,full,9.165441513061523
2019,Zala,wheat,5.79,5.408,2019-2020,xgboost,full,5.4965009689331055
2020,Bács-Kiskun,barley,6.14,4.974,2019-2020,xgboost,full,5.732649326324463
2020,Bács-Kiskun,maize,7.3,7.03,2019-2020,xgboost,full,7.87371826171875
2020,Bács-Kiskun,wheat,5.74,5.266,2019-2020,xgboost,full,5.583222389221191
2020,Baranya,barley,6.6,5.986,2019-2020,xgboost,full,6.002558708190918
2020,Baranya,maize,8.11,8.38,2019-2020,xgboost,full,9.442423820495605
2020,Baranya,wheat,6.38,6.186,2019-2020,xgboost,full,6.132948875427246
2020,Békés,barley,5.48,4.938,2019-2020,xgboost,full,5.483785629272461
2020,Békés,maize,9.1,7.428,2019-2020,xgboost,full,8.52818489074707
2020,Békés,wheat,5.36,5.094,2019-2020,xgboost,full,5.463459014892578
2020,Borsod-Abaúj-Zemplén,barley,5.46,5.012,2019-2020,xgboost,full,5.440943717956543
2020,Borsod-Abaúj-Zemplén,maize,9.17,7.354,2019-2020,xgboost,full,8.950689315795898
2020,Borsod-Abaúj-Zemplén,wheat,5.34,5.296,2019-2020,xgboost,full,5.522010326385498
2020,Csongrád-Csanád,barley,4.67,4.628,2019-2020,xgboost,full,4.944217205047607
2020,Csongrád-Csanád,maize,7.61,6.428,2019-2020,xgboost,full,6.629194259643555
2020,Csongrád-Csanád,wheat,4.62,4.902,2019-2020,xgboost,full,5.430178165435791
2020,Fejér,barley,5.98,5.846,2019-2020,xgboost,full,5.85173225402832
2020,Fejér,maize,7.74,8.084,2019-2020,xgboost,full,9.500275611877441
2020,Fejér,wheat,5.59,5.806,2019-2020,xgboost,full,5.922918319702148
2020,Győr-Moson-Sopron,barley,5.14,4.98,2019-2020,xgboost,full,5.455410957336426
2020,Győr-Moson-Sopron,maize,7.21,6.92,2019-2020,xgboost,full,8.563206672668457
2020,Győr-Moson-Sopron,wheat,5.24,5.082,2019-2020,xgboost,full,5.493832111358643
2020,Hajdú-Bihar,barley,6.26,5.292,2019-2020,xgboost,full,5.456907749176025
2020,Hajdú-Bihar,maize,10.08,8.276,2019-2020,xgboost,full,8.37073040008545
2020,Hajdú-Bihar,wheat,5.54,5.488,2019-2020,xgboost,full,5.528944492340088
2020,Heves,barley,5.64,5.086,2019-2020,xgboost,full,5.098241806030273
2020,Heves,maize,6.61,6.584,2019-2020,xgboost,full,7.502943515777588
2020,Heves,wheat,4.98,4.986,2019-2020,xgboost,full,5.221086025238037
2020,Jász-Nagykun-Szolnok,barley,5.51,4.974,2019-2020,xgboost,full,5.466456890106201
2020,Jász-Nagykun-Szolnok,maize,6.92,5.676,2019-2020,xgboost,full,5.71144437789917
2020,Jász-Nagykun-Szolnok,wheat,5.13,4.786,2019-2020,xgboost,full,5.191778659820557
2020,Komárom-Esztergom,barley,5.36,5.14,2019-2020,xgboost,full,5.427734851837158
2020,Komárom-Esztergom,maize,7.83,7.438,2019-2020,xgboost,full,8.97036361694336
2020,Komárom-Esztergom,wheat,5.19,5.324,2019-2020,xgboost,full,5.515838146209717
2020,Nógrád,barley,3.94,3.91,2019-2020,xgboost,full,4.2165961265563965
2020,Nógrád,maize,6.39,5.508,2019-2020,xgboost,full,6.238945484161377
2020,Nógrád,wheat,5.11,4.73,2019-2020,xgboost,full,4.793266773223877
2020,Pest,barley,4.78,4.642,2019-2020,xgboost,full,4.889865875244141
2020,Pest,maize,8.22,7.022,2019-2020,xgboost,full,8.540608406066895
2020,Pest,wheat,4.58,4.826,2019-2020,xgboost,full,5.200732707977295
2020,Somogy,barley,6.22,5.482,2019-2020,xgboost,full,5.711300849914551
2020,Somogy,maize,10.3,8.86,2019-2020,xgboost,full,9.674883842468262
2020,Somogy,wheat,6.32,5.722,2019-2020,xgboost,full,6.048369407653809
2020,Szabolcs-Szatmár-Bereg,barley,4.91,4.46,2019-2020,xgboost,full,4.790961742401123
2020,Szabolcs-Szatmár-Bereg,maize,8.47,6.864,2019-2020,xgboost,full,7.700250148773193
2020,Szabolcs-Szatmár-Bereg,wheat,5.06,5.0,2019-2020,xgboost,full,5.332590103149414
2020,Tolna,barley,6.86,6.048,2019-2020,xgboost,full,5.9285078048706055
2020,Tolna,maize,9.42,8.724,2019-2020,xgboost,full,9.51624584197998
2020,Tolna,wheat,6.19,6.156,2019-2020,xgboost,full,5.707305431365967
2020,Vas,barley,5.79,4.95,2019-2020,xgboost,full,5.384857177734375
2020,Vas,maize,9.77,7.66,2019-2020,xgboost,full,9.130877494812012
2020,Vas,wheat,6.23,5.518,2019-2020,xgboost,full,5.612072467803955
2020,Veszprém,barley,5.22,4.298,2019-2020,xgboost,full,4.78181791305542
2020,Veszprém,maize,7.84,6.452,2019-2020,xgboost,full,8.761839866638184
2020,Veszprém,wheat,5.08,4.722,2019-2020,xgboost,full,5.151071548461914
2020,Zala,barley,6.08,5.248,2019-2020,xgboost,full,5.392032146453857
2020,Zala,maize,9.72,7.938,2019-2020,xgboost,full,9.141271591186523
2020,Zala,wheat,6.41,5.524,2019-2020,xgboost,full,5.562643527984619
2019,Bács-Kiskun,barley,5.61,4.692,2019-2020,ridge,full,5.2354771819730095
2019,Bács-Kiskun,maize,7.27,7.126,2019-2020,ridge,full,7.585699168847323
2019,Bács-Kiskun,wheat,5.18,5.152,2019-2020,ridge,full,5.664995030158594
2019,Baranya,barley,6.52,5.67,2019-2020,ridge,full,6.074284295783556
2019,Baranya,maize,9.45,8.208,2019-2020,ridge,full,8.293414155008055
2019,Baranya,wheat,6.19,6.114,2019-2020,ridge,full,6.496479187330428
2019,Békés,barley,5.09,4.614,2019-2020,ridge,full,5.069131105257772
2019,Békés,maize,8.12,7.328,2019-2020,ridge,full,7.690926850962869
2019,Békés,wheat,4.59,4.938,2019-2020,ridge,full,5.436403822014297
2019,Borsod-Abaúj-Zemplén,barley,5.27,4.88,2019-2020,ridge,full,4.727938691870017
2019,Borsod-Abaúj-Zemplén,maize,8.67,7.172,2019-2020,ridge,full,7.178251808361139
2019,Borsod-Abaúj-Zemplén,wheat,5.35,5.186,2019-2020,ridge,full,5.08697308240799
2019,Csongrád-Csanád,barley,4.89,4.44,2019-2020,ridge,full,4.980666138072642
2019,Csongrád-Csanád,maize,6.85,6.438,2019-2020,ridge,full,7.236794091634883
2019,Csongrád-Csanád,wheat,4.45,4.81,2019-2020,ridge,full,5.368992355165466
2019,Fejér,barley,6.22,5.63,2019-2020,ridge,full,5.5330305195903025
2019,Fejér,maize,8.08,8.144,2019-2020,ridge,full,7.973658919864034
2019,Fejér,wheat,5.59,5.816,2019-2020,ridge,full,5.837142735337929
2019,Győr-Moson-Sopron,barley,5.46,4.88,2019-2020,ridge,full,5.236614092187625
2019,Győr-Moson-Sopron,maize,6.32,7.294,2019-2020,ridge,full,7.579542527541971
2019,Győr-Moson-Sopron,wheat,5.42,5.046,2019-2020,ridge,full,5.53157261213686
2019,Hajdú-Bihar,barley,5.83,5.058,2019-2020,ridge,full,5.045756237340914
2019,Hajdú-Bihar,maize,8.76,7.908,2019-2020,ridge,full,7.760280357156165
2019,Hajdú-Bihar,wheat,5.44,5.408,2019-2020,ridge,full,5.424928758635348
2019,Heves,barley,6.04,4.692,2019-2020,ridge,full,4.870832249400573
2019,Heves,maize,8.71,6.006,2019-2020,ridge,full,6.830278425072834
2019,Heves,wheat,5.44,4.738,2019-2020,ridge,full,5.110868594559461
2019,Jász-Nagykun-Szolnok,barley,5.4,4.726,2019-2020,ridge,full,4.740476008306676
2019,Jász-Nagykun-Szolnok,maize,6.2,5.6,2019-2020,ridge,full,6.563307910338729
2019,Jász-Nagykun-Szolnok,wheat,4.98,4.564,2019-2020,ridge,full,4.885313917162297
2019,Komárom-Esztergom,barley,5.75,4.83,2019-2020,ridge,full,5.250863083950712
2019,Komárom-Esztergom,maize,7.5,7.304,2019-2020,ridge,full,7.570720890877657
2019,Komárom-Esztergom,wheat,5.6,5.108,2019-2020,ridge,full,5.597082300370937
2019,Nógrád,barley,4.38,3.642,2019-2020,ridge,full,3.9258089544629495
2019,Nógrád,maize,6.74,4.96,2019-2020,ridge,full,5.769581865563501
2019,Nógrád,wheat,5.59,4.396,2019-2020,ridge,full,4.489886130884884
2019,Pest,barley,4.74,4.586,2019-2020,ridge,full,4.915676864198386
2019,Pest,maize,7.65,6.962,2019-2020,ridge,full,7.319916537045378
2019,Pest,wheat,4.74,4.806,2019-2020,ridge,full,5.235350362803278
2019,Somogy,barley,6.44,5.154,2019-2020,ridge,full,5.797109911091505
2019,Somogy,maize,9.72,8.718,2019-2020,ridge,full,8.442908215168359
2019,Somogy,wheat,5.97,5.628,2019-2020,ridge,full,6.233035346335964
2019,Szabolcs-Szatmár-Bereg,barley,4.92,4.21,2019-2020,ridge,full,4.708556573761918
2019,Szabolcs-Szatmár-Bereg,maize,7.35,6.98,2019-2020,ridge,full,7.278023240676532
2019,Szabolcs-Szatmár-Bereg,wheat,4.94,4.97,2019-2020,ridge,full,5.275379858923369
2019,Tolna,barley,6.32,5.908,2019-2020,ridge,full,6.032068225551006
2019,Tolna,maize,8.99,8.764,2019-2020,ridge,full,8.494022226697137
2019,Tolna,wheat,5.92,6.142,2019-2020,ridge,full,6.358149311214771
2019,Vas,barley,6.07,4.646,2019-2020,ridge,full,5.251045083515265
2019,Vas,maize,8.48,7.702,2019-2020,ridge,full,7.845512243582366
2019,Vas,wheat,5.96,5.35,2019-2020,ridge,full,5.792238020441221
2019,Veszprém,barley,4.99,4.094,2019-2020,ridge,full,5.16902414775298
2019,Veszprém,maize,6.94,6.458,2019-2020,ridge,full,7.418405089311735
2019,Veszprém,wheat,4.93,4.598,2019-2020,ridge,full,5.618680126695025
2019,Zala,barley,6.01,5.004,2019-2020,ridge,full,5.907860939595505
2019,Zala,maize,8.76,7.756,2019-2020,ridge,full,8.209085321952807
2019,Zala,wheat,5.79,5.408,2019-2020,ridge,full,6.311748439545594
2020,Bács-Kiskun,barley,6.14,4.974,2019-2020,ridge,full,5.3951828224280085
2020,Bács-Kiskun,maize,7.3,7.03,2019-2020,ridge,full,7.619179675123211
2020,Bács-Kiskun,wheat,5.74,5.266,2019-2020,ridge,full,5.747809625907108
2020,Baranya,barley,6.6,5.986,2019-2020,ridge,full,6.210401557483214
2020,Baranya,maize,8.11,8.38,2019-2020,ridge,full,8.456802081928076
2020,Baranya,wheat,6.38,6.186,2019-2020,ridge,full,6.520921360289715
2020,Békés,barley,5.48,4.938,2019-2020,ridge,full,5.2785442075408415
2020,Békés,maize,9.1,7.428,2019-2020,ridge,full,7.807021786242215
2020,Békés,wheat,5.36,5.094,2019-2020,ridge,full,5.568925879590881
2020,Borsod-Abaúj-Zemplén,barley,5.46,5.012,2019-2020,ridge,full,4.815081867083423
2020,Borsod-Abaúj-Zemplén,maize,9.17,7.354,2019-2020,ridge,full,7.334598545820066
2020,Borsod-Abaúj-Zemplén,wheat,5.34,5.296,2019-2020,ridge,full,5.164047192243165
2020,Csongrád-Csanád,barley,4.67,4.628,2019-2020,ridge,full,5.128217542502898
2020,Csongrád-Csanád,maize,7.61,6.428,2019-2020,ridge,full,7.3117830823634264
2020,Csongrád-Csanád,wheat,4.62,4.902,2019-2020,ridge,full,5.472606019763445
2020,Fejér,barley,5.98,5.846,2019-2020,ridge,full,5.66567339260528
2020,Fejér,maize,7.74,8.084,2019-2020,ridge,full,8.012727658489373
2020,Fejér,wheat,5.59,5.806,2019-2020,ridge,full,5.866348845831086
2020,Győr-Moson-Sopron,barley,5.14,4.98,2019-2020,ridge,full,5.29281642948772
2020,Győr-Moson-Sopron,maize,7.21,6.92,2019-2020,ridge,full,7.4281589649120985
2020,Győr-Moson-Sopron,wheat,5.24,5.082,2019-2020,ridge,full,5.5584831228821034
2020,Hajdú-Bihar,barley,6.26,5.292,2019-2020,ridge,full,5.206347835979641
2020,Hajdú-Bihar,maize,10.08,8.276,2019-2020,ridge,full,7.993361457175851
2020,Hajdú-Bihar,wheat,5.54,5.488,2019-2020,ridge,full,5.5150368996264625
2020,Heves,barley,5.64,5.086,2019-2020,ridge,full,5.07520489566232
2020,Heves,maize,6.61,6.584,2019-2020,ridge,full,7.165145778702254
2020,Heves,wheat,4.98,4.986,2019-2020,ridge,full,5.248419261492953
2020,Jász-Nagykun-Szolnok,barley,5.51,4.974,2019-2020,ridge,full,4.899308241076506
2020,Jász-Nagykun-Szolnok,maize,6.92,5.676,2019-2020,ridge,full,6.663317832864444
2020,Jász-Nagykun-Szolnok,wheat,5.13,4.786,2019-2020,ridge,full,5.032246345394219
2020,Komárom-Esztergom,barley,5.36,5.14,2019-2020,ridge,full,5.426337339415182
2020,Komárom-Esztergom,maize,7.83,7.438,2019-2020,ridge,full,7.684548814565982
2020,Komárom-Esztergom,wheat,5.19,5.324,2019-2020,ridge,full,5.72953418558297
2020,Nógrád,barley,3.94,3.91,2019-2020,ridge,full,4.04777948232506
2020,Nógrád,maize,6.39,5.508,2019-2020,ridge,full,6.08051970685975
2020,Nógrád,wheat,5.11,4.73,2019-2020,ridge,full,4.642063854881685
2020,Pest,barley,4.78,4.642,2019-2020,ridge,full,4.974784244073563
2020,Pest,maize,8.22,7.022,2019-2020,ridge,full,7.422957758584561
2020,Pest,wheat,4.58,4.826,2019-2020,ridge,full,5.27798109024135
2020,Somogy,barley,6.22,5.482,2019-2020,ridge,full,5.934385952996576
2020,Somogy,maize,10.3,8.86,2019-2020,ridge,full,8.55640690091921
2020,Somogy,wheat,6.32,5.722,2019-2020,ridge,full,6.263213147399858
2020,Szabolcs-Szatmár-Bereg,barley,4.91,4.46,2019-2020,ridge,full,4.873901577339619
2020,Szabolcs-Szatmár-Bereg,maize,8.47,6.864,2019-2020,ridge,full,7.27762377950548
2020,Szabolcs-Szatmár-Bereg,wheat,5.06,5.0,2019-2020,ridge,full,5.340034208718768
2020,Tolna,barley,6.86,6.048,2019-2020,ridge,full,6.115086899407269
2020,Tolna,maize,9.42,8.724,2019-2020,ridge,full,8.555471752654185
2020,Tolna,wheat,6.19,6.156,2019-2020,ridge,full,6.3834997015411705
2020,Vas,barley,5.79,4.95,2019-2020,ridge,full,5.408436616175508
2020,Vas,maize,9.77,7.66,2019-2020,ridge,full,7.853094496449284
2020,Vas,wheat,6.23,5.518,2019-2020,ridge,full,5.887384421672404
2020,Veszprém,barley,5.22,4.298,2019-2020,ridge,full,5.249048903182049
2020,Veszprém,maize,7.84,6.452,2019-2020,ridge,full,7.441351854998343
2020,Veszprém,wheat,5.08,4.722,2019-2020,ridge,full,5.6620900989305305
2020,Zala,barley,6.08,5.248,2019-2020,ridge,full,6.015051586833582
2020,Zala,maize,9.72,7.938,2019-2020,ridge,full,8.315775588824778
2020,Zala,wheat,6.41,5.524,2019-2020,ridge,full,6.360355433673968
2021,Bács-Kiskun,barley,6.6,5.244,2021-2022,baseline,five_year_mean,5.244
2021,Bács-Kiskun,maize,5.19,7.37,2021-2022,baseline,five_year_mean,7.37
2021,Bács-Kiskun,wheat,5.78,5.408,2021-2022,baseline,five_year_mean,5.408
2021,Baranya,barley,6.99,6.294,2021-2022,baseline,five_year_mean,6.294
2021,Baranya,maize,6.67,8.688,2021-2022,baseline,five_year_mean,8.688
2021,Baranya,wheat,6.14,6.306,2021-2022,baseline,five_year_mean,6.306
2021,Békés,barley,6.39,5.036,2021-2022,baseline,five_year_mean,5.036
2021,Békés,maize,5.21,7.998,2021-2022,baseline,five_year_mean,7.998
2021,Békés,wheat,6.48,5.082,2021-2022,baseline,five_year_mean,5.082
2021,Borsod-Abaúj-Zemplén,barley,6.08,5.188,2021-2022,baseline,five_year_mean,5.188
2021,Borsod-Abaúj-Zemplén,maize,7.21,8.202,2021-2022,baseline,five_year_mean,8.202
2021,Borsod-Abaúj-Zemplén,wheat,5.69,5.368,2021-2022,baseline,five_year_mean,5.368
2021,Csongrád-Csanád,barley,6.56,4.688,2021-2022,baseline,five_year_mean,4.688
2021,Csongrád-Csanád,maize,4.32,6.906,2021-2022,baseline,five_year_mean,6.906
2021,Csongrád-Csanád,wheat,5.95,4.844,2021-2022,baseline,five_year_mean,4.844
2021,Fejér,barley,7.09,5.884,2021-2022,baseline,five_year_mean,5.884
2021,Fejér,maize,5.88,8.39,2021-2022,baseline,five_year_mean,8.39
2021,Fejér,wheat,5.78,5.75,2021-2022,baseline,five_year_mean,5.75
2021,Győr-Moson-Sopron,barley,6.09,5.03,2021-2022,baseline,five_year_mean,5.03
2021,Győr-Moson-Sopron,maize,7.56,7.26,2021-2022,baseline,five_year_mean,7.26
2021,Győr-Moson-Sopron,wheat,5.58,5.096,2021-2022,baseline,five_year_mean,5.096
2021,Hajdú-Bihar,barley,7.19,5.538,2021-2022,baseline,five_year_mean,5.538
2021,Hajdú-Bihar,maize,6.78,9.078,2021-2022,baseline,five_year_mean,9.078
2021,Hajdú-Bihar,wheat,6.79,5.566,2021-2022,baseline,five_year_mean,5.566
2021,Heves,barley,6.14,5.306,2021-2022,baseline,five_year_mean,5.306
2021,Heves,maize,6.28,7.13,2021-2022,baseline,five_year_mean,7.13
2021,Heves,wheat,5.67,5.006,2021-2022,baseline,five_year_mean,5.006
2021,Jász-Nagykun-Szolnok,barley,5.92,5.148,2021-2022,baseline,five_year_mean,5.148
2021,Jász-Nagykun-Szolnok,maize,5.16,6.154,2021-2022,baseline,five_year_mean,6.154
2021,Jász-Nagykun-Szolnok,wheat,5.59,4.866,2021-2022,baseline,five_year_mean,4.866
2021,Komárom-Esztergom,barley,6.31,5.216,2021-2022,baseline,five_year_mean,5.216
2021,Komárom-Esztergom,maize,7.85,7.778,2021-2022,baseline,five_year_mean,7.778
2021,Komárom-Esztergom,wheat,6.24,5.262,2021-2022,baseline,five_year_mean,5.262
2021,Nógrád,barley,4.88,4.056,2021-2022,baseline,five_year_mean,4.056
2021,Nógrád,maize,5.78,6.078,2021-2022,baseline,five_year_mean,6.078
2021,Nógrád,wheat,5.05,4.94,2021-2022,baseline,five_year_mean,4.94
2021,Pest,barley,5.69,4.688,2021-2022,baseline,five_year_mean,4.688
2021,Pest,maize,6.09,7.566,2021-2022,baseline,five_year_mean,7.566
2021,Pest,wheat,5.57,4.76,2021-2022,baseline,five_year_mean,4.76
2021,Somogy,barley,6.64,5.852,2021-2022,baseline,five_year_mean,5.852
2021,Somogy,maize,6.16,9.54,2021-2022,baseline,five_year_mean,9.54
2021,Somogy,wheat,6.16,5.88,2021-2022,baseline,five_year_mean,5.88
2021,Szabolcs-Szatmár-Bereg,barley,5.34,4.636,2021-2022,baseline,five_year_mean,4.636
2021,Szabolcs-Szatmár-Bereg,maize,6.89,7.834,2021-2022,baseline,five_year_mean,7.834
2021,Szabolcs-Szatmár-Bereg,wheat,5.91,5.036,2021-2022,baseline,five_year_mean,5.036
2021,Tolna,barley,7.08,6.282,2021-2022,baseline,five_year_mean,6.282
2021,Tolna,maize,4.93,9.14,2021-2022,baseline,five_year_mean,9.14
2021,Tolna,wheat,5.98,6.178,2021-2022,baseline,five_year_mean,6.178
2021,Vas,barley,5.81,5.17,2021-2022,baseline,five_year_mean,5.17
2021,Vas,maize,8.23,8.392,2021-2022,baseline,five_year_mean,8.392
2021,Vas,wheat,5.95,5.716,2021-2022,baseline,five_year_mean,5.716
2021,Veszprém,barley,5.54,4.56,2021-2022,baseline,five_year_mean,4.56
2021,Veszprém,maize,5.36,6.976,2021-2022,baseline,five_year_mean,6.976
2021,Veszprém,wheat,5.26,4.842,2021-2022,baseline,five_year_mean,4.842
2021,Zala,barley,6.13,5.544,2021-2022,baseline,five_year_mean,5.544
2021,Zala,maize,7.32,8.622,2021-2022,baseline,five_year_mean,8.622
2021,Zala,wheat,6.32,5.754,2021-2022,baseline,five_year_mean,5.754
2022,Bács-Kiskun,barley,4.87,5.624,2021-2022,baseline,five_year_mean,5.624
2022,Bács-Kiskun,maize,3.81,6.788,2021-2022,baseline,five_year_mean,6.788
2022,Bács-Kiskun,wheat,4.46,5.48,2021-2022,baseline,five_year_mean,5.48
2022,Baranya,barley,6.19,6.48,2021-2022,baseline,five_year_mean,6.48
2022,Baranya,maize,4.7,8.218,2021-2022,baseline,five_year_mean,8.218
2022,Baranya,wheat,5.46,6.25,2021-2022,baseline,five_year_mean,6.25
2022,Békés,barley,4.1,5.288,2021-2022,baseline,five_year_mean,5.288
2022,Békés,maize,1.85,7.294,2021-2022,baseline,five_year_mean,7.294
2022,Békés,wheat,3.84,5.376,2021-2022,baseline,five_year_mean,5.376
2022,Borsod-Abaúj-Zemplén,barley,5.05,5.416,2021-2022,baseline,five_year_mean,5.416
2022,Borsod-Abaúj-Zemplén,maize,3.03,7.936,2021-2022,baseline,five_year_mean,7.936
2022,Borsod-Abaúj-Zemplén,wheat,4.42,5.41,2021-2022,baseline,five_year_mean,5.41
2022,Csongrád-Csanád,barley,4.47,5.144,2021-2022,baseline,five_year_mean,5.144
2022,Csongrád-Csanád,maize,1.9,6.282,2021-2022,baseline,five_year_mean,6.282
2022,Csongrád-Csanád,wheat,3.54,5.074,2021-2022,baseline,five_year_mean,5.074
2022,Fejér,barley,5.58,6.132,2021-2022,baseline,five_year_mean,6.132
2022,Fejér,maize,2.56,7.692,2021-2022,baseline,five_year_mean,7.692
2022,Fejér,wheat,5.47,5.646,2021-2022,baseline,five_year_mean,5.646
2022,Győr-Moson-Sopron,barley,5.36,5.23,2021-2022,baseline,five_year_mean,5.23
2022,Győr-Moson-Sopron,maize,4.81,7.026,2021-2022,baseline,five_year_mean,7.026
2022,Győr-Moson-Sopron,wheat,5.21,5.192,2021-2022,baseline,five_year_mean,5.192
2022,Hajdú-Bihar,barley,4.15,5.914,2021-2022,baseline,five_year_mean,5.914
2022,Hajdú-Bihar,maize,2.52,8.52,2021-2022,baseline,five_year_mean,8.52
2022,Hajdú-Bihar,wheat,3.48,5.83,2021-2022,baseline,five_year_mean,5.83
2022,Heves,barley,3.89,5.562,2021-2022,baseline,five_year_mean,5.562
2022,Heves,maize,1.52,6.964,2021-2022,baseline,five_year_mean,6.964
2022,Heves,wheat,3.28,5.198,2021-2022,baseline,five_year_mean,5.198
2022,Jász-Nagykun-Szolnok,barley,3.34,5.356,2021-2022,baseline,five_year_mean,5.356
2022,Jász-Nagykun-Szolnok,maize,2.23,5.828,2021-2022,baseline,five_year_mean,5.828
2022,Jász-Nagykun-Szolnok,wheat,3.0,5.08,2021-2022,baseline,five_year_mean,5.08
2022,Komárom-Esztergom,barley,4.8,5.462,2021-2022,baseline,five_year_mean,5.462
2022,Komárom-Esztergom,maize,2.73,7.68,2021-2022,baseline,five_year_mean,7.68
2022,Komárom-Esztergom,wheat,4.62,5.426,2021-2022,baseline,five_year_mean,5.426
2022,Nógrád,barley,3.88,4.232,2021-2022,baseline,five_year_mean,4.232
2022,Nógrád,maize,2.65,5.976,2021-2022,baseline,five_year_mean,5.976
2022,Nógrád,wheat,3.57,5.03,2021-2022,baseline,five_year_mean,5.03
2022,Pest,barley,3.49,4.898,2021-2022,baseline,five_year_mean,4.898
2022,Pest,maize,1.55,7.302,2021-2022,baseline,five_year_mean,7.302
2022,Pest,wheat,3.43,4.924,2021-2022,baseline,five_year_mean,4.924
2022,Somogy,barley,5.88,5.994,2021-2022,baseline,five_year_mean,5.994
2022,Somogy,maize,5.75,8.848,2021-2022,baseline,five_year_mean,8.848
2022,Somogy,wheat,6.0,5.876,2021-2022,baseline,five_year_mean,5.876
2022,Szabolcs-Szatmár-Bereg,barley,4.41,4.806,2021-2022,baseline,five_year_mean,4.806
2022,Szabolcs-Szatmár-Bereg,maize,2.51,7.518,2021-2022,baseline,five_year_mean,7.518
2022,Szabolcs-Szatmár-Bereg,wheat,4.09,5.248,2021-2022,baseline,five_year_mean,5.248
2022,Tolna,barley,6.2,6.438,2021-2022,baseline,five_year_mean,6.438
2022,Tolna,maize,4.18,8.236,2021-2022,baseline,five_year_mean,8.236
2022,Tolna,wheat,6.12,6.096,2021-2022,baseline,five_year_mean,6.096
2022,Vas,barley,5.72,5.382,2021-2022,baseline,five_year_mean,5.382
2022,Vas,maize,5.95,8.278,2021-2022,baseline,five_year_mean,8.278
2022,Vas,wheat,6.29,5.694,2021-2022,baseline,five_year_mean,5.694
2022,Veszprém,barley,4.78,4.788,2021-2022,baseline,five_year_mean,4.788
2022,Veszprém,maize,4.2,6.67,2021-2022,baseline,five_year_mean,6.67
2022,Veszprém,wheat,4.79,4.88,2021-2022,baseline,five_year_mean,4.88
2022,Zala,barley,5.5,5.674,2021-2022,baseline,five_year_mean,5.674
2022,Zala,maize,7.14,8.412,2021-2022,baseline,five_year_mean,8.412
2022,Zala,wheat,6.0,5.83,2021-2022,baseline,five_year_mean,5.83
2021,Bács-Kiskun,barley,6.6,5.244,2021-2022,xgboost,base,5.884236812591553
2021,Bács-Kiskun,maize,5.19,7.37,2021-2022,xgboost,base,8.958035469055176
2021,Bács-Kiskun,wheat,5.78,5.408,2021-2022,xgboost,base,5.620371341705322
2021,Baranya,barley,6.99,6.294,2021-2022,xgboost,base,6.7129340171813965
2021,Baranya,maize,6.67,8.688,2021-2022,xgboost,base,9.329071998596191
2021,Baranya,wheat,6.14,6.306,2021-2022,xgboost,base,6.853431701660156
2021,Békés,barley,6.39,5.036,2021-2022,xgboost,base,5.734557628631592
2021,Békés,maize,5.21,7.998,2021-2022,xgboost,base,8.892241477966309
2021,Békés,wheat,6.48,5.082,2021-2022,xgboost,base,5.359137058258057
2021,Borsod-Abaúj-Zemplén,barley,6.08,5.188,2021-2022,xgboost,base,5.766683101654053
2021,Borsod-Abaúj-Zemplén,maize,7.21,8.202,2021-2022,xgboost,base,8.892241477966309
2021,Borsod-Abaúj-Zemplén,wheat,5.69,5.368,2021-2022,xgboost,base,5.528008937835693
2021,Csongrád-Csanád,barley,6.56,4.688,2021-2022,xgboost,base,5.307467937469482
2021,Csongrád-Csanád,maize,4.32,6.906,2021-2022,xgboost,base,6.954678058624268
2021,Csongrád-Csanád,wheat,5.95,4.844,2021-2022,xgboost,base,5.0561370849609375
2021,Fejér,barley,7.09,5.884,2021-2022,xgboost,base,6.450829982757568
2021,Fejér,maize,5.88,8.39,2021-2022,xgboost,base,9.329071998596191
2021,Fejér,wheat,5.78,5.75,2021-2022,xgboost,base,6.368239879608154
2021,Győr-Moson-Sopron,barley,6.09,5.03,2021-2022,xgboost,base,5.734557628631592
2021,Győr-Moson-Sopron,maize,7.56,7.26,2021-2022,xgboost,base,7.33746862411499
2021,Győr-Moson-Sopron,wheat,5.58,5.096,2021-2022,xgboost,base,5.395351409912109
2021,Hajdú-Bihar,barley,7.19,5.538,2021-2022,xgboost,base,6.38606595993042
2021,Hajdú-Bihar,maize,6.78,9.078,2021-2022,xgboost,base,9.329071998596191
2021,Hajdú-Bihar,wheat,6.79,5.566,2021-2022,xgboost,base,5.4793009757995605
2021,Heves,barley,6.14,5.306,2021-2022,xgboost,base,5.878519535064697
2021,Heves,maize,6.28,7.13,2021-2022,xgboost,base,6.938323020935059
2021,Heves,wheat,5.67,5.006,2021-2022,xgboost,base,5.391211032867432
2021,Jász-Nagykun-Szolnok,barley,5.92,5.148,2021-2022,xgboost,base,5.7093963623046875
2021,Jász-Nagykun-Szolnok,maize,5.16,6.154,2021-2022,xgboost,base,5.830690860748291
2021,Jász-Nagykun-Szolnok,wheat,5.59,4.866,2021-2022,xgboost,base,5.034594535827637
2021,Komárom-Esztergom,barley,6.31,5.216,2021-2022,xgboost,base,5.2572808265686035
2021,Komárom-Esztergom,maize,7.85,7.778,2021-2022,xgboost,base,9.22131061553955
2021,Komárom-Esztergom,wheat,6.24,5.262,2021-2022,xgboost,base,5.508704662322998
2021,Nógrád,barley,4.88,4.056,2021-2022,xgboost,base,4.263806343078613
2021,Nógrád,maize,5.78,6.078,2021-2022,xgboost,base,6.107941150665283
2021,Nógrád,wheat,5.05,4.94,2021-2022,xgboost,base,5.13560676574707
2021,Pest,barley,5.69,4.688,2021-2022,xgboost,base,5.307467937469482
2021,Pest,maize,6.09,7.566,2021-2022,xgboost,base,7.579118251800537
2021,Pest,wheat,5.57,4.76,2021-2022,xgboost,base,5.040041446685791
2021,Somogy,barley,6.64,5.852,2021-2022,xgboost,base,5.886150360107422
2021,Somogy,maize,6.16,9.54,2021-2022,xgboost,base,9.329071998596191
2021,Somogy,wheat,6.16,5.88,2021-2022,xgboost,base,6.454405307769775
2021,Szabolcs-Szatmár-Bereg,barley,5.34,4.636,2021-2022,xgboost,base,4.981650352478027
2021,Szabolcs-Szatmár-Bereg,maize,6.89,7.834,2021-2022,xgboost,base,9.22131061553955
2021,Szabolcs-Szatmár-Bereg,wheat,5.91,5.036,2021-2022,xgboost,base,5.403000354766846
2021,Tolna,barley,7.08,6.282,2021-2022,xgboost,base,7.068933010101318
2021,Tolna,maize,4.93,9.14,2021-2022,xgboost,base,9.329071998596191
2021,Tolna,wheat,5.98,6.178,2021-2022,xgboost,base,7.032674312591553
2021,Vas,barley,5.81,5.17,2021-2022,xgboost,base,5.77771520614624
2021,Vas,maize,8.23,8.392,2021-2022,xgboost,base,9.329071998596191
2021,Vas,wheat,5.95,5.716,2021-2022,xgboost,base,6.368239879608154
2021,Veszprém,barley,5.54,4.56,2021-2022,xgboost,base,4.933445930480957
2021,Veszprém,maize,5.36,6.976,2021-2022,xgboost,base,7.693692684173584
2021,Veszprém,wheat,5.26,4.842,2021-2022,xgboost,base,5.0561370849609375
2021,Zala,barley,6.13,5.544,2021-2022,xgboost,base,5.729490756988525
2021,Zala,maize,7.32,8.622,2021-2022,xgboost,base,9.329071998596191
2021,Zala,wheat,6.32,5.754,2021-2022,xgboost,base,6.368239879608154
2022,Bács-Kiskun,barley,4.87,5.624,2021-2022,xgboost,base,5.980321884155273
2022,Bács-Kiskun,maize,3.81,6.788,2021-2022,xgboost,base,6.049100875854492
2022,Bács-Kiskun,wheat,4.46,5.48,2021-2022,xgboost,base,5.32659387588501
2022,Baranya,barley,6.19,6.48,2021-2022,xgboost,base,6.501032829284668
2022,Baranya,maize,4.7,8.218,2021-2022,xgboost,base,9.485496520996094
2022,Baranya,wheat,5.46,6.25,2021-2022,xgboost,base,6.9479660987854
2022,Békés,barley,4.1,5.288,2021-2022,xgboost,base,5.878519535064697
2022,Békés,maize,1.85,7.294,2021-2022,xgboost,base,7.288552761077881
2022,Békés,wheat,3.84,5.376,2021-2022,xgboost,base,5.542520046234131
2022,Borsod-Abaúj-Zemplén,barley,5.05,5.416,2021-2022,xgboost,base,5.957876205444336
2022,Borsod-Abaúj-Zemplén,maize,3.03,7.936,2021-2022,xgboost,base,8.892241477966309
2022,Borsod-Abaúj-Zemplén,wheat,4.42,5.41,2021-2022,xgboost,base,5.620371341705322
2022,Csongrád-Csanád,barley,4.47,5.144,2021-2022,xgboost,base,5.7093963623046875
2022,Csongrád-Csanád,maize,1.9,6.282,2021-2022,xgboost,base,7.446525573730469
2022,Csongrád-Csanád,wheat,3.54,5.074,2021-2022,xgboost,base,5.238903045654297
2022,Fejér,barley,5.58,6.132,2021-2022,xgboost,base,5.70458984375
2022,Fejér,maize,2.56,7.692,2021-2022,xgboost,base,7.579118251800537
2022,Fejér,wheat,5.47,5.646,2021-2022,xgboost,base,5.8419365882873535
2022,Győr-Moson-Sopron,barley,5.36,5.23,2021-2022,xgboost,base,5.2572808265686035
2022,Győr-Moson-Sopron,maize,4.81,7.026,2021-2022,xgboost,base,7.693692684173584
2022,Győr-Moson-Sopron,wheat,5.21,5.192,2021-2022,xgboost,base,5.4595723152160645
2022,Hajdú-Bihar,barley,4.15,5.914,2021-2022,xgboost,base,6.858548164367676
2022,Hajdú-Bihar,maize,2.52,8.52,2021-2022,xgboost,base,9.329071998596191
2022,Hajdú-Bihar,wheat,3.48,5.83,2021-2022,xgboost,base,5.731718063354492
2022,Heves,barley,3.89,5.562,2021-2022,xgboost,base,5.729490756988525
2022,Heves,maize,1.52,6.964,2021-2022,xgboost,base,7.693692684173584
2022,Heves,wheat,3.28,5.198,2021-2022,xgboost,base,5.4595723152160645
2022,Jász-Nagykun-Szolnok,barley,3.34,5.356,2021-2022,xgboost,base,5.886425971984863
2022,Jász-Nagykun-Szolnok,maize,2.23,5.828,2021-2022,xgboost,base,5.760172367095947
2022,Jász-Nagykun-Szolnok,wheat,3.0,5.08,2021-2022,xgboost,base,5.238903045654297
2022,Komárom-Esztergom,barley,4.8,5.462,2021-2022,xgboost,base,5.635974884033203
2022,Komárom-Esztergom,maize,2.73,7.68,2021-2022,xgboost,base,7.579118251800537
2022,Komárom-Esztergom,wheat,4.62,5.426,2021-2022,xgboost,base,5.522301197052002
2022,Nógrád,barley,3.88,4.232,2021-2022,xgboost,base,4.717432975769043
2022,Nógrád,maize,2.65,5.976,2021-2022,xgboost,base,6.817412376403809
2022,Nógrád,wheat,3.57,5.03,2021-2022,xgboost,base,5.403000354766846
2022,Pest,barley,3.49,4.898,2021-2022,xgboost,base,5.492838382720947
2022,Pest,maize,1.55,7.302,2021-2022,xgboost,base,7.288552761077881
2022,Pest,wheat,3.43,4.924,2021-2022,xgboost,base,5.1807332038879395
2022,Somogy,barley,5.88,5.994,2021-2022,xgboost,base,6.7397541999816895
2022,Somogy,maize,5.75,8.848,2021-2022,xgboost,base,9.329071998596191
2022,Somogy,wheat,6.0,5.876,2021-2022,xgboost,base,6.454405307769775
2022,Szabolcs-Szatmár-Bereg,barley,4.41,4.806,2021-2022,xgboost,base,5.269400596618652
2022,Szabolcs-Szatmár-Bereg,maize,2.51,7.518,2021-2022,xgboost,base,7.579118251800537
2022,Szabolcs-Szatmár-Bereg,wheat,4.09,5.248,2021-2022,xgboost,base,5.5144219398498535
2022,Tolna,barley,6.2,6.438,2021-2022,xgboost,base,7.035937786102295
2022,Tolna,maize,4.18,8.236,2021-2022,xgboost,base,9.485496520996094
2022,Tolna,wheat,6.12,6.096,2021-2022,xgboost,base,6.086895942687988
2022,Vas,barley,5.72,5.382,2021-2022,xgboost,base,5.900937080383301
2022,Vas,maize,5.95,8.278,2021-2022,xgboost,base,9.485496520996094
2022,Vas,wheat,6.29,5.694,2021-2022,xgboost,base,6.088016033172607
2022,Veszprém,barley,4.78,4.788,2021-2022,xgboost,base,5.244580268859863
2022,Veszprém,maize,4.2,6.67,2021-2022,xgboost,base,6.121738910675049
2022,Veszprém,wheat,4.79,4.88,2021-2022,xgboost,base,5.059201240539551
2022,Zala,barley,5.5,5.674,2021-2022,xgboost,base,6.298396110534668
2022,Zala,maize,7.14,8.412,2021-2022,xgboost,base,9.329071998596191
2022,Zala,wheat,6.0,5.83,2021-2022,xgboost,base,5.731718063354492
2021,Bács-Kiskun,barley,6.6,5.244,2021-2022,ridge,base,5.523150978086342
2021,Bács-Kiskun,maize,5.19,7.37,2021-2022,ridge,base,7.782386471097178
2021,Bács-Kiskun,wheat,5.78,5.408,2021-2022,ridge,base,5.598007221184315
2021,Baranya,barley,6.99,6.294,2021-2022,ridge,base,6.485126304324417
2021,Baranya,maize,6.67,8.688,2021-2022,ridge,base,8.989894547270307
2021,Baranya,wheat,6.14,6.306,2021-2022,ridge,base,6.420725166862212
2021,Békés,barley,6.39,5.036,2021-2022,ridge,base,5.332588246793466
2021,Békés,maize,5.21,7.998,2021-2022,ridge,base,8.357739332885284
2021,Békés,wheat,6.48,5.082,2021-2022,ridge,base,5.299336786561827
2021,Borsod-Abaúj-Zemplén,barley,6.08,5.188,2021-2022,ridge,base,5.471845627353645
2021,Borsod-Abaúj-Zemplén,maize,7.21,8.202,2021-2022,ridge,base,8.544637396268682
2021,Borsod-Abaúj-Zemplén,wheat,5.69,5.368,2021-2022,ridge,base,5.561360542089531
2021,Csongrád-Csanád,barley,6.56,4.688,2021-2022,ridge,base,5.013762138668847
2021,Csongrád-Csanád,maize,4.32,6.906,2021-2022,ridge,base,7.357284993597686
2021,Csongrád-Csanád,wheat,5.95,4.844,2021-2022,ridge,base,5.081289045947863
2021,Fejér,barley,7.09,5.884,2021-2022,ridge,base,6.109497843602884
2021,Fejér,maize,5.88,8.39,2021-2022,ridge,base,8.716876788014167
2021,Fejér,wheat,5.78,5.75,2021-2022,ridge,base,5.911336327444716
2021,Győr-Moson-Sopron,barley,6.09,5.03,2021-2022,ridge,base,5.327091244929249
2021,Győr-Moson-Sopron,maize,7.56,7.26,2021-2022,ridge,base,7.681608103586523
2021,Győr-Moson-Sopron,wheat,5.58,5.096,2021-2022,ridge,base,5.312163124245001
2021,Hajdú-Bihar,barley,7.19,5.538,2021-2022,ridge,base,5.7925040694330034
2021,Hajdú-Bihar,maize,6.78,9.078,2021-2022,ridge,base,9.347199668444446
2021,Hajdú-Bihar,wheat,6.79,5.566,2021-2022,ridge,base,5.74276160360871
2021,Heves,barley,6.14,5.306,2021-2022,ridge,base,5.579953330683257
2021,Heves,maize,6.28,7.13,2021-2022,ridge,base,7.562506396528475
2021,Heves,wheat,5.67,5.006,2021-2022,ridge,base,5.229708096281738
2021,Jász-Nagykun-Szolnok,barley,5.92,5.148,2021-2022,ridge,base,5.4351989482588605
2021,Jász-Nagykun-Szolnok,maize,5.16,6.154,2021-2022,ridge,base,6.66832742661575
2021,Jász-Nagykun-Szolnok,wheat,5.59,4.866,2021-2022,ridge,base,5.101444719449994
2021,Komárom-Esztergom,barley,6.31,5.216,2021-2022,ridge,base,5.497498302719993
2021,Komárom-Esztergom,maize,7.85,7.778,2021-2022,ridge,base,8.156182597863973
2021,Komárom-Esztergom,wheat,6.24,5.262,2021-2022,ridge,base,5.464246842488353
2021,Nógrád,barley,4.88,4.056,2021-2022,ridge,base,4.434744608971263
2021,Nógrád,maize,5.78,6.078,2021-2022,ridge,base,6.5986987363356615
2021,Nógrád,wheat,5.05,4.94,2021-2022,ridge,base,5.169241075775345
2021,Pest,barley,5.69,4.688,2021-2022,ridge,base,5.013762138668847
2021,Pest,maize,6.09,7.566,2021-2022,ridge,base,7.961955198661619
2021,Pest,wheat,5.57,4.76,2021-2022,ridge,base,5.0043310198488165
2021,Somogy,barley,6.64,5.852,2021-2022,ridge,base,6.080180500327057
2021,Somogy,maize,6.16,9.54,2021-2022,ridge,base,9.7704688119892
2021,Somogy,wheat,6.16,5.88,2021-2022,ridge,base,6.0304380345027635
2021,Szabolcs-Szatmár-Bereg,barley,5.34,4.636,2021-2022,ridge,base,4.966121455845628
2021,Szabolcs-Szatmár-Bereg,maize,6.89,7.834,2021-2022,ridge,base,8.20748794859667
2021,Szabolcs-Szatmár-Bereg,wheat,5.91,5.036,2021-2022,ridge,base,5.257193105602825
2021,Tolna,barley,7.08,6.282,2021-2022,ridge,base,6.474132300595983
2021,Tolna,maize,4.93,9.14,2021-2022,ridge,base,9.404002021041363
2021,Tolna,wheat,5.98,6.178,2021-2022,ridge,base,6.3034557937589035
2021,Vas,barley,5.81,5.17,2021-2022,ridge,base,5.455354621760992
2021,Vas,maize,8.23,8.392,2021-2022,ridge,base,8.718709121968905
2021,Vas,wheat,5.95,5.716,2021-2022,ridge,base,5.88018665021415
2021,Veszprém,barley,5.54,4.56,2021-2022,ridge,base,4.896492765565538
2021,Veszprém,maize,5.36,6.976,2021-2022,ridge,base,7.421416682013557
2021,Veszprém,wheat,5.26,4.842,2021-2022,ridge,base,5.0794567119931235
2021,Zala,barley,6.13,5.544,2021-2022,ridge,base,5.798001071297221
2021,Zala,maize,7.32,8.622,2021-2022,ridge,base,8.929427526763913
2021,Zala,wheat,6.32,5.754,2021-2022,ridge,base,5.915000995354195
2022,Bács-Kiskun,barley,4.87,5.624,2021-2022,ridge,base,5.871294429486788
2022,Bács-Kiskun,maize,3.81,6.788,2021-2022,ridge,base,7.249177290268074
2022,Bács-Kiskun,wheat,4.46,5.48,2021-2022,ridge,base,5.663971243554926
2022,Baranya,barley,6.19,6.48,2021-2022,ridge,base,6.655533362115163
2022,Baranya,maize,4.7,8.218,2021-2022,ridge,base,8.559296067906596
2022,Baranya,wheat,5.46,6.25,2021-2022,ridge,base,6.369419816129514
2022,Békés,barley,4.1,5.288,2021-2022,ridge,base,5.563462325090605
2022,Békés,maize,1.85,7.294,2021-2022,ridge,base,7.712757780817089
2022,Békés,wheat,3.84,5.376,2021-2022,ridge,base,5.568689877908488
2022,Borsod-Abaúj-Zemplén,barley,5.05,5.416,2021-2022,ridge,base,5.680731698193913
2022,Borsod-Abaúj-Zemplén,maize,3.03,7.936,2021-2022,ridge,base,8.30093698028837
2022,Borsod-Abaúj-Zemplén,wheat,4.42,5.41,2021-2022,ridge,base,5.599839555139054
2022,Csongrád-Csanád,barley,4.47,5.144,2021-2022,ridge,base,5.431534280349383
2022,Csongrád-Csanád,maize,1.9,6.282,2021-2022,ridge,base,6.785596799719059
2022,Csongrád-Csanád,wheat,3.54,5.074,2021-2022,ridge,base,5.29200745074287
2022,Fejér,barley,5.58,6.132,2021-2022,ridge,base,6.336707253990543
2022,Fejér,maize,2.56,7.692,2021-2022,ridge,base,8.077392237810187
2022,Fejér,wheat,5.47,5.646,2021-2022,ridge,base,5.816054961798279
2022,Győr-Moson-Sopron,barley,5.36,5.23,2021-2022,ridge,base,5.5103246404031685
2022,Győr-Moson-Sopron,maize,4.81,7.026,2021-2022,ridge,base,7.467225030882037
2022,Győr-Moson-Sopron,wheat,5.21,5.192,2021-2022,ridge,base,5.400115154072482
2022,Hajdú-Bihar,barley,4.15,5.914,2021-2022,ridge,base,6.136982852923971
2022,Hajdú-Bihar,maize,2.52,8.52,2021-2022,ridge,base,8.835978495072213
2022,Hajdú-Bihar,wheat,3.48,5.83,2021-2022,ridge,base,5.984629685634284
2022,Heves,barley,3.89,5.562,2021-2022,ridge,base,5.814492076889874
2022,Heves,maize,1.52,6.964,2021-2022,ridge,base,7.410422678285123
2022,Heves,wheat,3.28,5.198,2021-2022,ridge,base,5.4056121559367
2022,Jász-Nagykun-Szolnok,barley,3.34,5.356,2021-2022,ridge,base,5.6257616795517364
2022,Jász-Nagykun-Szolnok,maize,2.23,5.828,2021-2022,ridge,base,6.369656991993263
2022,Jász-Nagykun-Szolnok,wheat,3.0,5.08,2021-2022,ridge,base,5.297504452607087
2022,Komárom-Esztergom,barley,4.8,5.462,2021-2022,ridge,base,5.722875379152914
2022,Komárom-Esztergom,maize,2.73,7.68,2021-2022,ridge,base,8.066398234081753
2022,Komárom-Esztergom,wheat,4.62,5.426,2021-2022,ridge,base,5.614498226776967
2022,Nógrád,barley,3.88,4.232,2021-2022,ridge,base,4.595989996988312
2022,Nógrád,maize,2.65,5.976,2021-2022,ridge,base,6.505249704643962
2022,Nógrád,wheat,3.57,5.03,2021-2022,ridge,base,5.251696103738608
2022,Pest,barley,3.49,4.898,2021-2022,ridge,base,5.206157203916462
2022,Pest,maize,1.55,7.302,2021-2022,ridge,base,7.720087116636046
2022,Pest,wheat,3.43,4.924,2021-2022,ridge,base,5.154582404137431
2022,Somogy,barley,5.88,5.994,2021-2022,ridge,base,6.210276211113539
2022,Somogy,maize,5.75,8.848,2021-2022,ridge,base,9.136481263649442
2022,Somogy,wheat,6.0,5.876,2021-2022,ridge,base,6.026773366593286
2022,Szabolcs-Szatmár-Bereg,barley,4.41,4.806,2021-2022,ridge,base,5.12186984199846
2022,Szabolcs-Szatmár-Bereg,maize,2.51,7.518,2021-2022,ridge,base,7.917979183747878
2022,Szabolcs-Szatmár-Bereg,wheat,4.09,5.248,2021-2022,ridge,base,5.45142050480518
2022,Tolna,barley,6.2,6.438,2021-2022,ridge,base,6.617054349065639
2022,Tolna,maize,4.18,8.236,2021-2022,ridge,base,8.57578707349925
2022,Tolna,wheat,6.12,6.096,2021-2022,ridge,base,6.228330101614596
2022,Vas,barley,5.72,5.382,2021-2022,ridge,base,5.649582020963346
2022,Vas,maize,5.95,8.278,2021-2022,ridge,base,8.61426608654877
2022,Vas,wheat,6.29,5.694,2021-2022,ridge,base,5.860030976712019
2022,Veszprém,barley,4.78,4.788,2021-2022,ridge,base,5.105378836405807
2022,Veszprém,maize,4.2,6.67,2021-2022,ridge,base,7.141069586938461
2022,Veszprém,wheat,4.79,4.88,2021-2022,ridge,base,5.114271057133168
2022,Zala,barley,5.5,5.674,2021-2022,ridge,base,5.917102778355268
2022,Zala,maize,7.14,8.412,2021-2022,ridge,base,8.737032461516298
2022,Zala,wheat,6.0,5.83,2021-2022,ridge,base,5.984629685634284
2021,Bács-Kiskun,barley,6.6,5.244,2021-2022,xgboost,base_soil,5.414111614227295
2021,Bács-Kiskun,maize,5.19,7.37,2021-2022,xgboost,base_soil,8.515610694885254
2021,Bács-Kiskun,wheat,5.78,5.408,2021-2022,xgboost,base_soil,5.0842437744140625
2021,Baranya,barley,6.99,6.294,2021-2022,xgboost,base_soil,7.48163366317749
2021,Baranya,maize,6.67,8.688,2021-2022,xgboost,base_soil,9.02393627166748
2021,Baranya,wheat,6.14,6.306,2021-2022,xgboost,base_soil,7.48197603225708
2021,Békés,barley,6.39,5.036,2021-2022,xgboost,base_soil,5.5377936363220215
2021,Békés,maize,5.21,7.998,2021-2022,xgboost,base_soil,8.266031265258789
2021,Békés,wheat,6.48,5.082,2021-2022,xgboost,base_soil,5.231966972351074
2021,Borsod-Abaúj-Zemplén,barley,6.08,5.188,2021-2022,xgboost,base_soil,5.592296123504639
2021,Borsod-Abaúj-Zemplén,maize,7.21,8.202,2021-2022,xgboost,base_soil,9.763662338256836
2021,Borsod-Abaúj-Zemplén,wheat,5.69,5.368,2021-2022,xgboost,base_soil,5.508394241333008
2021,Csongrád-Csanád,barley,6.56,4.688,2021-2022,xgboost,base_soil,5.15289306640625
2021,Csongrád-Csanád,maize,4.32,6.906,2021-2022,xgboost,base_soil,6.708037376403809
2021,Csongrád-Csanád,wheat,5.95,4.844,2021-2022,xgboost,base_soil,4.9599223136901855
2021,Fejér,barley,7.09,5.884,2021-2022,xgboost,base_soil,6.33806037902832
2021,Fejér,maize,5.88,8.39,2021-2022,xgboost,base_soil,8.252750396728516
2021,Fejér,wheat,5.78,5.75,2021-2022,xgboost,base_soil,6.223528861999512
2021,Győr-Moson-Sopron,barley,6.09,5.03,2021-2022,xgboost,base_soil,5.5319976806640625
2021,Győr-Moson-Sopron,maize,7.56,7.26,2021-2022,xgboost,base_soil,6.826023578643799
2021,Győr-Moson-Sopron,wheat,5.58,5.096,2021-2022,xgboost,base_soil,5.296407699584961
2021,Hajdú-Bihar,barley,7.19,5.538,2021-2022,xgboost,base_soil,6.182023525238037
2021,Hajdú-Bihar,maize,6.78,9.078,2021-2022,xgboost,base_soil,9.115178108215332
2021,Hajdú-Bihar,wheat,6.79,5.566,2021-2022,xgboost,base_soil,5.794135570526123
2021,Heves,barley,6.14,5.306,2021-2022,xgboost,base_soil,5.803267478942871
2021,Heves,maize,6.28,7.13,2021-2022,xgboost,base_soil,6.911296844482422
2021,Heves,wheat,5.67,5.006,2021-2022,xgboost,base_soil,5.266697406768799
2021,Jász-Nagykun-Szolnok,barley,5.92,5.148,2021-2022,xgboost,base_soil,5.299665927886963
2021,Jász-Nagykun-Szolnok,maize,5.16,6.154,2021-2022,xgboost,base_soil,5.625177383422852
2021,Jász-Nagykun-Szolnok,wheat,5.59,4.866,2021-2022,xgboost,base_soil,4.874593257904053
2021,Komárom-Esztergom,barley,6.31,5.216,2021-2022,xgboost,base_soil,5.373608589172363
2021,Komárom-Esztergom,maize,7.85,7.778,2021-2022,xgboost,base_soil,8.062509536743164
2021,Komárom-Esztergom,wheat,6.24,5.262,2021-2022,xgboost,base_soil,5.636841773986816
2021,Nógrád,barley,4.88,4.056,2021-2022,xgboost,base_soil,4.194117546081543
2021,Nógrád,maize,5.78,6.078,2021-2022,xgboost,base_soil,6.035384178161621
2021,Nógrád,wheat,5.05,4.94,2021-2022,xgboost,base_soil,4.993434906005859
2021,Pest,barley,5.69,4.688,2021-2022,xgboost,base_soil,5.199214935302734
2021,Pest,maize,6.09,7.566,2021-2022,xgboost,base_soil,7.6409711837768555
2021,Pest,wheat,5.57,4.76,2021-2022,xgboost,base_soil,5.017375946044922
2021,Somogy,barley,6.64,5.852,2021-2022,xgboost,base_soil,5.849414825439453
2021,Somogy,maize,6.16,9.54,2021-2022,xgboost,base_soil,9.964042663574219
2021,Somogy,wheat,6.16,5.88,2021-2022,xgboost,base_soil,6.171629905700684
2021,Szabolcs-Szatmár-Bereg,barley,5.34,4.636,2021-2022,xgboost,base_soil,4.928699493408203
2021,Szabolcs-Szatmár-Bereg,maize,6.89,7.834,2021-2022,xgboost,base_soil,9.954339027404785
2021,Szabolcs-Szatmár-Bereg,wheat,5.91,5.036,2021-2022,xgboost,base_soil,5.341514587402344
2021,Tolna,barley,7.08,6.282,2021-2022,xgboost,base_soil,7.647359371185303
2021,Tolna,maize,4.93,9.14,2021-2022,xgboost,base_soil,8.905479431152344
2021,Tolna,wheat,5.98,6.178,2021-2022,xgboost,base_soil,7.53057336807251
2021,Vas,barley,5.81,5.17,2021-2022,xgboost,base_soil,5.773097038269043
2021,Vas,maize,8.23,8.392,2021-2022,xgboost,base_soil,9.50143814086914
2021,Vas,wheat,5.95,5.716,2021-2022,xgboost,base_soil,6.279636859893799
2021,Veszprém,barley,5.54,4.56,2021-2022,xgboost,base_soil,4.836284160614014
2021,Veszprém,maize,5.36,6.976,2021-2022,xgboost,base_soil,7.396632671356201
2021,Veszprém,wheat,5.26,4.842,2021-2022,xgboost,base_soil,4.975424289703369
2021,Zala,barley,6.13,5.544,2021-2022,xgboost,base_soil,6.021126747131348
2021,Zala,maize,7.32,8.622,2021-2022,xgboost,base_soil,9.454085350036621
2021,Zala,wheat,6.32,5.754,2021-2022,xgboost,base_soil,6.26334810256958
2022,Bács-Kiskun,barley,4.87,5.624,2021-2022,xgboost,base_soil,5.383363723754883
2022,Bács-Kiskun,maize,3.81,6.788,2021-2022,xgboost,base_soil,6.228806018829346
2022,Bács-Kiskun,wheat,4.46,5.48,2021-2022,xgboost,base_soil,4.940248966217041
2022,Baranya,barley,6.19,6.48,2021-2022,xgboost,base_soil,7.00980806350708
2022,Baranya,maize,4.7,8.218,2021-2022,xgboost,base_soil,9.220049858093262
2022,Baranya,wheat,5.46,6.25,2021-2022,xgboost,base_soil,7.431208610534668
2022,Békés,barley,4.1,5.288,2021-2022,xgboost,base_soil,5.5590338706970215
2022,Békés,maize,1.85,7.294,2021-2022,xgboost,base_soil,7.313442230224609
2022,Békés,wheat,3.84,5.376,2021-2022,xgboost,base_soil,5.367613315582275
2022,Borsod-Abaúj-Zemplén,barley,5.05,5.416,2021-2022,xgboost,base_soil,5.733860492706299
2022,Borsod-Abaúj-Zemplén,maize,3.03,7.936,2021-2022,xgboost,base_soil,9.763662338256836
2022,Borsod-Abaúj-Zemplén,wheat,4.42,5.41,2021-2022,xgboost,base_soil,5.519577503204346
2022,Csongrád-Csanád,barley,4.47,5.144,2021-2022,xgboost,base_soil,5.206751823425293
2022,Csongrád-Csanád,maize,1.9,6.282,2021-2022,xgboost,base_soil,7.303126811981201
2022,Csongrád-Csanád,wheat,3.54,5.074,2021-2022,xgboost,base_soil,5.198561191558838
2022,Fejér,barley,5.58,6.132,2021-2022,xgboost,base_soil,5.785769939422607
2022,Fejér,maize,2.56,7.692,2021-2022,xgboost,base_soil,7.234007835388184
2022,Fejér,wheat,5.47,5.646,2021-2022,xgboost,base_soil,5.803571701049805
2022,Győr-Moson-Sopron,barley,5.36,5.23,2021-2022,xgboost,base_soil,5.190519332885742
2022,Győr-Moson-Sopron,maize,4.81,7.026,2021-2022,xgboost,base_soil,6.65136194229126
2022,Győr-Moson-Sopron,wheat,5.21,5.192,2021-2022,xgboost,base_soil,5.380516052246094
2022,Hajdú-Bihar,barley,4.15,5.914,2021-2022,xgboost,base_soil,6.946455955505371
2022,Hajdú-Bihar,maize,2.52,8.52,2021-2022,xgboost,base_soil,9.115178108215332
2022,Hajdú-Bihar,wheat,3.48,5.83,2021-2022,xgboost,base_soil,5.80348539352417
2022,Heves,barley,3.89,5.562,2021-2022,xgboost,base_soil,6.092483997344971
2022,Heves,maize,1.52,6.964,2021-2022,xgboost,base_soil,7.086932182312012
2022,Heves,wheat,3.28,5.198,2021-2022,xgboost,base_soil,5.466166019439697
2022,Jász-Nagykun-Szolnok,barley,3.34,5.356,2021-2022,xgboost,base_soil,5.5051727294921875
2022,Jász-Nagykun-Szolnok,maize,2.23,5.828,2021-2022,xgboost,base_soil,5.811405181884766
2022,Jász-Nagykun-Szolnok,wheat,3.0,5.08,2021-2022,xgboost,base_soil,5.189566612243652
2022,Komárom-Esztergom,barley,4.8,5.462,2021-2022,xgboost,base_soil,5.753402233123779
2022,Komárom-Esztergom,maize,2.73,7.68,2021-2022,xgboost,base_soil,6.925784111022949
2022,Komárom-Esztergom,wheat,4.62,5.426,2021-2022,xgboost,base_soil,5.591150283813477
2022,Nógrád,barley,3.88,4.232,2021-2022,xgboost,base_soil,4.507148265838623
2022,Nógrád,maize,2.65,5.976,2021-2022,xgboost,base_soil,6.882373332977295
2022,Nógrád,wheat,3.57,5.03,2021-2022,xgboost,base_soil,5.127665042877197
2022,Pest,barley,3.49,4.898,2021-2022,xgboost,base_soil,5.389996528625488
2022,Pest,maize,1.55,7.302,2021-2022,xgboost,base_soil,8.0313720703125
2022,Pest,wheat,3.43,4.924,2021-2022,xgboost,base_soil,5.177659511566162
2022,Somogy,barley,5.88,5.994,2021-2022,xgboost,base_soil,6.442948341369629
2022,Somogy,maize,5.75,8.848,2021-2022,xgboost,base_soil,9.964042663574219
2022,Somogy,wheat,6.0,5.876,2021-2022,xgboost,base_soil,6.171629905700684
2022,Szabolcs-Szatmár-Bereg,barley,4.41,4.806,2021-2022,xgboost,base_soil,5.199031829833984
2022,Szabolcs-Szatmár-Bereg,maize,2.51,7.518,2021-2022,xgboost,base_soil,8.908027648925781
2022,Szabolcs-Szatmár-Bereg,wheat,4.09,5.248,2021-2022,xgboost,base_soil,5.312352657318115
2022,Tolna,barley,6.2,6.438,2021-2022,xgboost,base_soil,7.59012508392334
2022,Tolna,maize,4.18,8.236,2021-2022,xgboost,base_soil,8.99769401550293
2022,Tolna,wheat,6.12,6.096,2021-2022,xgboost,base_soil,6.029895305633545
2022,Vas,barley,5.72,5.382,2021-2022,xgboost,base_soil,5.918558120727539
2022,Vas,maize,5.95,8.278,2021-2022,xgboost,base_soil,9.681221008300781
2022,Vas,wheat,6.29,5.694,2021-2022,xgboost,base_soil,6.1401896476745605
2022,Veszprém,barley,4.78,4.788,2021-2022,xgboost,base_soil,5.122002601623535
2022,Veszprém,maize,4.2,6.67,2021-2022,xgboost,base_soil,5.864663124084473
2022,Veszprém,wheat,4.79,4.88,2021-2022,xgboost,base_soil,4.98133659362793
2022,Zala,barley,5.5,5.674,2021-2022,xgboost,base_soil,6.246711730957031
2022,Zala,maize,7.14,8.412,2021-2022,xgboost,base_soil,9.454085350036621
2022,Zala,wheat,6.0,5.83,2021-2022,xgboost,base_soil,5.918859004974365
2021,Bács-Kiskun,barley,6.6,5.244,2021-2022,ridge,base_soil,5.509556240395563
2021,Bács-Kiskun,maize,5.19,7.37,2021-2022,ridge,base_soil,7.768910042436606
2021,Bács-Kiskun,wheat,5.78,5.408,2021-2022,ridge,base_soil,5.585260148941212
2021,Baranya,barley,6.99,6.294,2021-2022,ridge,base_soil,6.502932881895685
2021,Baranya,maize,6.67,8.688,2021-2022,ridge,base_soil,9.007149894074765
2021,Baranya,wheat,6.14,6.306,2021-2022,ridge,base_soil,6.4397591488705075
2021,Békés,barley,6.39,5.036,2021-2022,ridge,base_soil,5.245902640006321
2021,Békés,maize,5.21,7.998,2021-2022,ridge,base_soil,8.26908347068691
2021,Békés,wheat,6.48,5.082,2021-2022,ridge,base_soil,5.213793642595671
2021,Borsod-Abaúj-Zemplén,barley,6.08,5.188,2021-2022,ridge,base_soil,5.489972109552537
2021,Borsod-Abaúj-Zemplén,maize,7.21,8.202,2021-2022,ridge,base_soil,8.56066371234946
2021,Borsod-Abaúj-Zemplén,wheat,5.69,5.368,2021-2022,ridge,base_soil,5.580294717210905
2021,Csongrád-Csanád,barley,6.56,4.688,2021-2022,ridge,base_soil,4.963453714960956
2021,Csongrád-Csanád,maize,4.32,6.906,2021-2022,ridge,base_soil,7.306865036900131
2021,Csongrád-Csanád,wheat,5.95,4.844,2021-2022,ridge,base_soil,5.031848273950246
2021,Fejér,barley,7.09,5.884,2021-2022,ridge,base_soil,6.068350981294511
2021,Fejér,maize,5.88,8.39,2021-2022,ridge,base_soil,8.67489888726262
2021,Fejér,wheat,5.78,5.75,2021-2022,ridge,base_soil,5.871781618865777
2021,Győr-Moson-Sopron,barley,6.09,5.03,2021-2022,ridge,base_soil,5.298577760447368
2021,Győr-Moson-Sopron,maize,7.56,7.26,2021-2022,ridge,base_soil,7.652953106721082
2021,Győr-Moson-Sopron,wheat,5.58,5.096,2021-2022,ridge,base_soil,5.2847421369276155
2021,Hajdú-Bihar,barley,7.19,5.538,2021-2022,ridge,base_soil,5.791959245469256
2021,Hajdú-Bihar,maize,6.78,9.078,2021-2022,ridge,base_soil,9.3432405815968
2021,Hajdú-Bihar,wheat,6.79,5.566,2021-2022,ridge,base_soil,5.743404211556796
2021,Heves,barley,6.14,5.306,2021-2022,ridge,base_soil,5.548414421915624
2021,Heves,maize,6.28,7.13,2021-2022,ridge,base_soil,7.531840278204104
2021,Heves,wheat,5.67,5.006,2021-2022,ridge,base_soil,5.2001760561924355
2021,Jász-Nagykun-Szolnok,barley,5.92,5.148,2021-2022,ridge,base_soil,5.3717582507336905
2021,Jász-Nagykun-Szolnok,maize,5.16,6.154,2021-2022,ridge,base_soil,6.607803114884434
2021,Jász-Nagykun-Szolnok,wheat,5.59,4.866,2021-2022,ridge,base_soil,5.03996592151231
2021,Komárom-Esztergom,barley,6.31,5.216,2021-2022,ridge,base_soil,5.477587970935845
2021,Komárom-Esztergom,maize,7.85,7.778,2021-2022,ridge,base_soil,8.135301323798469
2021,Komárom-Esztergom,wheat,6.24,5.262,2021-2022,ridge,base_soil,5.445478973525193
2021,Nógrád,barley,4.88,4.056,2021-2022,ridge,base_soil,4.468701769902547
2021,Nógrád,maize,5.78,6.078,2021-2022,ridge,base_soil,6.63303402771092
2021,Nógrád,wheat,5.05,4.94,2021-2022,ridge,base_soil,5.202247138520532
2021,Pest,barley,5.69,4.688,2021-2022,ridge,base_soil,5.006279133396578
2021,Pest,maize,6.09,7.566,2021-2022,ridge,base_soil,7.952711793735395
2021,Pest,wheat,5.57,4.76,2021-2022,ridge,base_soil,4.9979255220440955
2021,Somogy,barley,6.64,5.852,2021-2022,ridge,base_soil,6.14794054133659
2021,Somogy,maize,6.16,9.54,2021-2022,ridge,base_soil,9.834444844256783
2021,Somogy,wheat,6.16,5.88,2021-2022,ridge,base_soil,6.099385507424131
2021,Szabolcs-Szatmár-Bereg,barley,5.34,4.636,2021-2022,ridge,base_soil,5.024456952538532
2021,Szabolcs-Szatmár-Bereg,maize,6.89,7.834,2021-2022,ridge,base_soil,8.263263595131718
2021,Szabolcs-Szatmár-Bereg,wheat,5.91,5.036,2021-2022,ridge,base_soil,5.315786672996779
2021,Tolna,barley,7.08,6.282,2021-2022,ridge,base_soil,6.4393368048044515
2021,Tolna,maize,4.93,9.14,2021-2022,ridge,base_soil,9.36749609125237
2021,Tolna,wheat,5.98,6.178,2021-2022,ridge,base_soil,6.270177503212064
2021,Vas,barley,5.81,5.17,2021-2022,ridge,base_soil,5.507120399500166
2021,Vas,maize,8.23,8.392,2021-2022,ridge,base_soil,8.767855090762431
2021,Vas,wheat,5.95,5.716,2021-2022,ridge,base_soil,5.931845749361971
2021,Veszprém,barley,5.54,4.56,2021-2022,ridge,base_soil,4.911652477090394
2021,Veszprém,maize,5.36,6.976,2021-2022,ridge,base_soil,7.435970200549462
2021,Veszprém,wheat,5.26,4.842,2021-2022,ridge,base_soil,5.0951692915923426
2021,Zala,barley,6.13,5.544,2021-2022,ridge,base_soil,5.847688210733242
2021,Zala,maize,7.32,8.622,2021-2022,ridge,base_soil,8.97685460998104
2021,Zala,wheat,6.32,5.754,2021-2022,ridge,base_soil,5.965420879227956
2022,Bács-Kiskun,barley,4.87,5.624,2021-2022,ridge,base_soil,5.856750344322629
2022,Bács-Kiskun,maize,3.81,6.788,2021-2022,ridge,base_soil,7.237154862211469
2022,Bács-Kiskun,wheat,4.46,5.48,2021-2022,ridge,base_soil,5.651044294948446
2022,Baranya,barley,6.19,6.48,2021-2022,ridge,base_soil,6.67287525908104
2022,Baranya,maize,4.7,8.218,2021-2022,ridge,base_soil,8.577725607638657
2022,Baranya,wheat,5.46,6.25,2021-2022,ridge,base_soil,6.388593701975993
2022,Békés,barley,4.1,5.288,2021-2022,ridge,base_soil,5.476147151031639
2022,Békés,maize,1.85,7.294,2021-2022,ridge,base_soil,7.625860709727292
2022,Békés,wheat,3.84,5.376,2021-2022,ridge,base_soil,5.482412238791875
2022,Borsod-Abaúj-Zemplén,barley,5.05,5.416,2021-2022,ridge,base_soil,5.698288571908777
2022,Borsod-Abaúj-Zemplén,maize,3.03,7.936,2021-2022,ridge,base_soil,8.317627839600515
2022,Borsod-Abaúj-Zemplén,wheat,4.42,5.41,2021-2022,ridge,base_soil,5.618668802381791
2022,Csongrád-Csanád,barley,4.47,5.144,2021-2022,ridge,base_soil,5.3800866396734355
2022,Csongrád-Csanád,maize,1.9,6.282,2021-2022,ridge,base_soil,6.736735771504106
2022,Csongrád-Csanád,wheat,3.54,5.074,2021-2022,ridge,base_soil,5.241992073695575
2022,Fejér,barley,5.58,6.132,2021-2022,ridge,base_soil,6.294940817541648
2022,Fejér,maize,2.56,7.692,2021-2022,ridge,base_soil,8.037158138470271
2022,Fejér,wheat,5.47,5.646,2021-2022,ridge,base_soil,5.776760074633105
2022,Győr-Moson-Sopron,barley,5.36,5.23,2021-2022,ridge,base_soil,5.481311499356351
2022,Győr-Moson-Sopron,maize,4.81,7.026,2021-2022,ridge,base_soil,7.439154632197573
2022,Győr-Moson-Sopron,wheat,5.21,5.192,2021-2022,ridge,base_soil,5.372454331603927
2022,Hajdú-Bihar,barley,4.15,5.914,2021-2022,ridge,base_soil,6.135498674618141
2022,Hajdú-Bihar,maize,2.52,8.52,2021-2022,ridge,base_soil,8.83341345004074
2022,Hajdú-Bihar,wheat,3.48,5.83,2021-2022,ridge,base_soil,5.984612746916653
2022,Heves,barley,3.89,5.562,2021-2022,ridge,base_soil,5.7823136077191215
2022,Heves,maize,1.52,6.964,2021-2022,ridge,base_soil,7.3801712749096495
2022,Heves,wheat,3.28,5.198,2021-2022,ridge,base_soil,5.375600445545058
2022,Jász-Nagykun-Szolnok,barley,3.34,5.356,2021-2022,ridge,base_soil,5.561801339199032
2022,Jász-Nagykun-Szolnok,maize,2.23,5.828,2021-2022,ridge,base_soil,6.309947120462794
2022,Jász-Nagykun-Szolnok,wheat,3.0,5.08,2021-2022,ridge,base_soil,5.23549102214492
2022,Komárom-Esztergom,barley,4.8,5.462,2021-2022,ridge,base_soil,5.702350469793893
2022,Komárom-Esztergom,maize,2.73,7.68,2021-2022,ridge,base_soil,8.045761791733067
2022,Komárom-Esztergom,wheat,4.62,5.426,2021-2022,ridge,base_soil,5.595320639430559
2022,Nógrád,barley,3.88,4.232,2021-2022,ridge,base_soil,4.6295074601424515
2022,Nógrád,maize,2.65,5.976,2021-2022,ridge,base_soil,6.539839820867339
2022,Nógrád,wheat,3.57,5.03,2021-2022,ridge,base_soil,5.2844773210295735
2022,Pest,barley,3.49,4.898,2021-2022,ridge,base_soil,5.19814955925101
2022,Pest,maize,1.55,7.302,2021-2022,ridge,base_soil,7.711503258375538
2022,Pest,wheat,3.43,4.924,2021-2022,ridge,base_soil,5.147767187949461
2022,Somogy,barley,5.88,5.994,2021-2022,ridge,base_soil,6.277681495961967
2022,Somogy,maize,5.75,8.848,2021-2022,ridge,base_soil,9.202186107631706
2022,Somogy,wheat,6.0,5.876,2021-2022,ridge,base_soil,6.095730832645952
2022,Szabolcs-Szatmár-Bereg,barley,4.41,4.806,2021-2022,ridge,base_soil,5.179780630611167
2022,Szabolcs-Szatmár-Bereg,maize,2.51,7.518,2021-2022,ridge,base_soil,7.974544287655527
2022,Szabolcs-Szatmár-Bereg,wheat,4.09,5.248,2021-2022,ridge,base_soil,5.509484436240301
2022,Tolna,barley,6.2,6.438,2021-2022,ridge,base_soil,6.581869121153458
2022,Tolna,maize,4.18,8.236,2021-2022,ridge,base_soil,8.54153959138377
2022,Tolna,wheat,6.12,6.096,2021-2022,ridge,base_soil,6.195256670259383
2022,Vas,barley,5.72,5.382,2021-2022,ridge,base_soil,5.700818162743687
2022,Vas,maize,5.95,8.278,2021-2022,ridge,base_soil,8.663696859584311
2022,Vas,wheat,6.29,5.694,2021-2022,ridge,base_soil,5.911745038081983
2022,Veszprém,barley,4.78,4.788,2021-2022,ridge,base_soil,5.119968939446634
2022,Veszprém,maize,4.2,6.67,2021-2022,ridge,base_soil,7.156387580018719
2022,Veszprém,wheat,4.79,4.88,2021-2022,ridge,base_soil,5.129888701985049
2022,Zala,barley,5.5,5.674,2021-2022,ridge,base_soil,5.966465141024081
2022,Zala,maize,7.14,8.412,2021-2022,ridge,base_soil,8.78498418412661
2022,Zala,wheat,6.0,5.83,2021-2022,ridge,base_soil,6.03485970001337
2021,Bács-Kiskun,barley,6.6,5.244,2021-2022,xgboost,base_weather,5.64505672454834
2021,Bács-Kiskun,maize,5.19,7.37,2021-2022,xgboost,base_weather,8.578316688537598
2021,Bács-Kiskun,wheat,5.78,5.408,2021-2022,xgboost,base_weather,5.72856330871582
2021,Baranya,barley,6.99,6.294,2021-2022,xgboost,base_weather,6.490622520446777
2021,Baranya,maize,6.67,8.688,2021-2022,xgboost,base_weather,8.737848281860352
2021,Baranya,wheat,6.14,6.306,2021-2022,xgboost,base_weather,6.486760139465332
2021,Békés,barley,6.39,5.036,2021-2022,xgboost,base_weather,5.625739097595215
2021,Békés,maize,5.21,7.998,2021-2022,xgboost,base_weather,8.944855690002441
2021,Békés,wheat,6.48,5.082,2021-2022,xgboost,base_weather,5.583061695098877
2021,Borsod-Abaúj-Zemplén,barley,6.08,5.188,2021-2022,xgboost,base_weather,5.2941975593566895
2021,Borsod-Abaúj-Zemplén,maize,7.21,8.202,2021-2022,xgboost,base_weather,7.641209602355957
2021,Borsod-Abaúj-Zemplén,wheat,5.69,5.368,2021-2022,xgboost,base_weather,5.328343391418457
2021,Csongrád-Csanád,barley,6.56,4.688,2021-2022,xgboost,base_weather,5.303759574890137
2021,Csongrád-Csanád,maize,4.32,6.906,2021-2022,xgboost,base_weather,8.296724319458008
2021,Csongrád-Csanád,wheat,5.95,4.844,2021-2022,xgboost,base_weather,5.279972553253174
2021,Fejér,barley,7.09,5.884,2021-2022,xgboost,base_weather,6.303711414337158
2021,Fejér,maize,5.88,8.39,2021-2022,xgboost,base_weather,9.433141708374023
2021,Fejér,wheat,5.78,5.75,2021-2022,xgboost,base_weather,6.017821788787842
2021,Győr-Moson-Sopron,barley,6.09,5.03,2021-2022,xgboost,base_weather,5.536340236663818
2021,Győr-Moson-Sopron,maize,7.56,7.26,2021-2022,xgboost,base_weather,7.351576805114746
2021,Győr-Moson-Sopron,wheat,5.58,5.096,2021-2022,xgboost,base_weather,5.528181552886963
2021,Hajdú-Bihar,barley,7.19,5.538,2021-2022,xgboost,base_weather,5.657746315002441
2021,Hajdú-Bihar,maize,6.78,9.078,2021-2022,xgboost,base_weather,8.761005401611328
2021,Hajdú-Bihar,wheat,6.79,5.566,2021-2022,xgboost,base_weather,5.546945571899414
2021,Heves,barley,6.14,5.306,2021-2022,xgboost,base_weather,5.359977722167969
2021,Heves,maize,6.28,7.13,2021-2022,xgboost,base_weather,6.877277374267578
2021,Heves,wheat,5.67,5.006,2021-2022,xgboost,base_weather,5.275907039642334
2021,Jász-Nagykun-Szolnok,barley,5.92,5.148,2021-2022,xgboost,base_weather,5.231167793273926
2021,Jász-Nagykun-Szolnok,maize,5.16,6.154,2021-2022,xgboost,base_weather,6.294805526733398
2021,Jász-Nagykun-Szolnok,wheat,5.59,4.866,2021-2022,xgboost,base_weather,4.867207050323486
2021,Komárom-Esztergom,barley,6.31,5.216,2021-2022,xgboost,base_weather,5.365342617034912
2021,Komárom-Esztergom,maize,7.85,7.778,2021-2022,xgboost,base_weather,8.240971565246582
2021,Komárom-Esztergom,wheat,6.24,5.262,2021-2022,xgboost,base_weather,5.411625862121582
2021,Nógrád,barley,4.88,4.056,2021-2022,xgboost,base_weather,4.079774856567383
2021,Nógrád,maize,5.78,6.078,2021-2022,xgboost,base_weather,5.894876956939697
2021,Nógrád,wheat,5.05,4.94,2021-2022,xgboost,base_weather,4.983471870422363
2021,Pest,barley,5.69,4.688,2021-2022,xgboost,base_weather,5.254326820373535
2021,Pest,maize,6.09,7.566,2021-2022,xgboost,base_weather,8.734309196472168
2021,Pest,wheat,5.57,4.76,2021-2022,xgboost,base_weather,5.1775431632995605
2021,Somogy,barley,6.64,5.852,2021-2022,xgboost,base_weather,6.129700183868408
2021,Somogy,maize,6.16,9.54,2021-2022,xgboost,base_weather,9.00048542022705
2021,Somogy,wheat,6.16,5.88,2021-2022,xgboost,base_weather,6.41981315612793
2021,Szabolcs-Szatmár-Bereg,barley,5.34,4.636,2021-2022,xgboost,base_weather,4.774457931518555
2021,Szabolcs-Szatmár-Bereg,maize,6.89,7.834,2021-2022,xgboost,base_weather,8.1395902633667
2021,Szabolcs-Szatmár-Bereg,wheat,5.91,5.036,2021-2022,xgboost,base_weather,5.259904384613037
2021,Tolna,barley,7.08,6.282,2021-2022,xgboost,base_weather,6.471899032592773
2021,Tolna,maize,4.93,9.14,2021-2022,xgboost,base_weather,8.619745254516602
2021,Tolna,wheat,5.98,6.178,2021-2022,xgboost,base_weather,6.3861165046691895
2021,Vas,barley,5.81,5.17,2021-2022,xgboost,base_weather,5.562479019165039
2021,Vas,maize,8.23,8.392,2021-2022,xgboost,base_weather,8.737876892089844
2021,Vas,wheat,5.95,5.716,2021-2022,xgboost,base_weather,5.888548374176025
2021,Veszprém,barley,5.54,4.56,2021-2022,xgboost,base_weather,5.016606330871582
2021,Veszprém,maize,5.36,6.976,2021-2022,xgboost,base_weather,7.210831165313721
2021,Veszprém,wheat,5.26,4.842,2021-2022,xgboost,base_weather,5.234202861785889
2021,Zala,barley,6.13,5.544,2021-2022,xgboost,base_weather,5.956636905670166
2021,Zala,maize,7.32,8.622,2021-2022,xgboost,base_weather,8.941551208496094
2021,Zala,wheat,6.32,5.754,2021-2022,xgboost,base_weather,6.088803768157959
2022,Bács-Kiskun,barley,4.87,5.624,2021-2022,xgboost,base_weather,5.920866966247559
2022,Bács-Kiskun,maize,3.81,6.788,2021-2022,xgboost,base_weather,7.129366874694824
2022,Bács-Kiskun,wheat,4.46,5.48,2021-2022,xgboost,base_weather,5.719437122344971
2022,Baranya,barley,6.19,6.48,2021-2022,xgboost,base_weather,5.876202583312988
2022,Baranya,maize,4.7,8.218,2021-2022,xgboost,base_weather,8.969979286193848
2022,Baranya,wheat,5.46,6.25,2021-2022,xgboost,base_weather,6.400153160095215
2022,Békés,barley,4.1,5.288,2021-2022,xgboost,base_weather,5.407201766967773
2022,Békés,maize,1.85,7.294,2021-2022,xgboost,base_weather,7.826879978179932
2022,Békés,wheat,3.84,5.376,2021-2022,xgboost,base_weather,5.403385162353516
2022,Borsod-Abaúj-Zemplén,barley,5.05,5.416,2021-2022,xgboost,base_weather,5.2787957191467285
2022,Borsod-Abaúj-Zemplén,maize,3.03,7.936,2021-2022,xgboost,base_weather,5.560797214508057
2022,Borsod-Abaúj-Zemplén,wheat,4.42,5.41,2021-2022,xgboost,base_weather,5.278811931610107
2022,Csongrád-Csanád,barley,4.47,5.144,2021-2022,xgboost,base_weather,5.339045524597168
2022,Csongrád-Csanád,maize,1.9,6.282,2021-2022,xgboost,base_weather,7.711712837219238
2022,Csongrád-Csanád,wheat,3.54,5.074,2021-2022,xgboost,base_weather,5.27451753616333
2022,Fejér,barley,5.58,6.132,2021-2022,xgboost,base_weather,5.62173318862915
2022,Fejér,maize,2.56,7.692,2021-2022,xgboost,base_weather,7.94023323059082
2022,Fejér,wheat,5.47,5.646,2021-2022,xgboost,base_weather,5.535655498504639
2022,Győr-Moson-Sopron,barley,5.36,5.23,2021-2022,xgboost,base_weather,5.350158214569092
2022,Győr-Moson-Sopron,maize,4.81,7.026,2021-2022,xgboost,base_weather,7.190758228302002
2022,Győr-Moson-Sopron,wheat,5.21,5.192,2021-2022,xgboost,base_weather,5.372859477996826
2022,Hajdú-Bihar,barley,4.15,5.914,2021-2022,xgboost,base_weather,5.419992923736572
2022,Hajdú-Bihar,maize,2.52,8.52,2021-2022,xgboost,base_weather,8.33730697631836
2022,Hajdú-Bihar,wheat,3.48,5.83,2021-2022,xgboost,base_weather,4.939724445343018
2022,Heves,barley,3.89,5.562,2021-2022,xgboost,base_weather,5.412264823913574
2022,Heves,maize,1.52,6.964,2021-2022,xgboost,base_weather,6.690935134887695
2022,Heves,wheat,3.28,5.198,2021-2022,xgboost,base_weather,5.163847923278809
2022,Jász-Nagykun-Szolnok,barley,3.34,5.356,2021-2022,xgboost,base_weather,5.256453037261963
2022,Jász-Nagykun-Szolnok,maize,2.23,5.828,2021-2022,xgboost,base_weather,5.563867568969727
2022,Jász-Nagykun-Szolnok,wheat,3.0,5.08,2021-2022,xgboost,base_weather,5.202341556549072
2022,Komárom-Esztergom,barley,4.8,5.462,2021-2022,xgboost,base_weather,5.508734703063965
2022,Komárom-Esztergom,maize,2.73,7.68,2021-2022,xgboost,base_weather,6.68135929107666
2022,Komárom-Esztergom,wheat,4.62,5.426,2021-2022,xgboost,base_weather,5.477023124694824
2022,Nógrád,barley,3.88,4.232,2021-2022,xgboost,base_weather,4.061502933502197
2022,Nógrád,maize,2.65,5.976,2021-2022,xgboost,base_weather,5.736111640930176
2022,Nógrád,wheat,3.57,5.03,2021-2022,xgboost,base_weather,4.8796305656433105
2022,Pest,barley,3.49,4.898,2021-2022,xgboost,base_weather,4.9638800621032715
2022,Pest,maize,1.55,7.302,2021-2022,xgboost,base_weather,6.95551872253418
2022,Pest,wheat,3.43,4.924,2021-2022,xgboost,base_weather,4.942615509033203
2022,Somogy,barley,5.88,5.994,2021-2022,xgboost,base_weather,6.415783405303955
2022,Somogy,maize,5.75,8.848,2021-2022,xgboost,base_weather,8.388056755065918
2022,Somogy,wheat,6.0,5.876,2021-2022,xgboost,base_weather,6.280102729797363
2022,Szabolcs-Szatmár-Bereg,barley,4.41,4.806,2021-2022,xgboost,base_weather,5.154326915740967
2022,Szabolcs-Szatmár-Bereg,maize,2.51,7.518,2021-2022,xgboost,base_weather,7.340493202209473
2022,Szabolcs-Szatmár-Bereg,wheat,4.09,5.248,2021-2022,xgboost,base_weather,5.425487995147705
2022,Tolna,barley,6.2,6.438,2021-2022,xgboost,base_weather,5.738067626953125
2022,Tolna,maize,4.18,8.236,2021-2022,xgboost,base_weather,8.926918029785156
2022,Tolna,wheat,6.12,6.096,2021-2022,xgboost,base_weather,5.8718061447143555
2022,Vas,barley,5.72,5.382,2021-2022,xgboost,base_weather,5.480722904205322
2022,Vas,maize,5.95,8.278,2021-2022,xgboost,base_weather,8.16639232635498
2022,Vas,wheat,6.29,5.694,2021-2022,xgboost,base_weather,5.741734504699707
2022,Veszprém,barley,4.78,4.788,2021-2022,xgboost,base_weather,5.1932053565979
2022,Veszprém,maize,4.2,6.67,2021-2022,xgboost,base_weather,6.3908915519714355
2022,Veszprém,wheat,4.79,4.88,2021-2022,xgboost,base_weather,5.199218273162842
2022,Zala,barley,5.5,5.674,2021-2022,xgboost,base_weather,5.973917484283447
2022,Zala,maize,7.14,8.412,2021-2022,xgboost,base_weather,8.759881019592285
2022,Zala,wheat,6.0,5.83,2021-2022,xgboost,base_weather,5.813107490539551
2021,Bács-Kiskun,barley,6.6,5.244,2021-2022,ridge,base_weather,5.52956025553093
2021,Bács-Kiskun,maize,5.19,7.37,2021-2022,ridge,base_weather,7.675045680965944
2021,Bács-Kiskun,wheat,5.78,5.408,2021-2022,ridge,base_weather,5.7104250662217275
2021,Baranya,barley,6.99,6.294,2021-2022,ridge,base_weather,6.568801900957521
2021,Baranya,maize,6.67,8.688,2021-2022,ridge,base_weather,8.752699837389308
2021,Baranya,wheat,6.14,6.306,2021-2022,ridge,base_weather,6.657899277069444
2021,Békés,barley,6.39,5.036,2021-2022,ridge,base_weather,5.324693908805211
2021,Békés,maize,5.21,7.998,2021-2022,ridge,base_weather,8.073253138178988
2021,Békés,wheat,6.48,5.082,2021-2022,ridge,base_weather,5.434318211072935
2021,Borsod-Abaúj-Zemplén,barley,6.08,5.188,2021-2022,ridge,base_weather,4.900057485786426
2021,Borsod-Abaúj-Zemplén,maize,7.21,8.202,2021-2022,ridge,base_weather,7.781751669796975
2021,Borsod-Abaúj-Zemplén,wheat,5.69,5.368,2021-2022,ridge,base_weather,5.0905820264328945
2021,Csongrád-Csanád,barley,6.56,4.688,2021-2022,ridge,base_weather,5.207078743740235
2021,Csongrád-Csanád,maize,4.32,6.906,2021-2022,ridge,base_weather,7.504427687399579
2021,Csongrád-Csanád,wheat,5.95,4.844,2021-2022,ridge,base_weather,5.383113689453197
2021,Fejér,barley,7.09,5.884,2021-2022,ridge,base_weather,5.721193865971692
2021,Fejér,maize,5.88,8.39,2021-2022,ridge,base_weather,8.125119371114348
2021,Fejér,wheat,5.78,5.75,2021-2022,ridge,base_weather,5.722146206238118
2021,Győr-Moson-Sopron,barley,6.09,5.03,2021-2022,ridge,base_weather,5.187246496236541
2021,Győr-Moson-Sopron,maize,7.56,7.26,2021-2022,ridge,base_weather,7.405328015522153
2021,Győr-Moson-Sopron,wheat,5.58,5.096,2021-2022,ridge,base_weather,5.308945460948853
2021,Hajdú-Bihar,barley,7.19,5.538,2021-2022,ridge,base_weather,5.365634227786612
2021,Hajdú-Bihar,maize,6.78,9.078,2021-2022,ridge,base_weather,8.471876596124812
2021,Hajdú-Bihar,wheat,6.79,5.566,2021-2022,ridge,base_weather,5.464391333854206
2021,Heves,barley,6.14,5.306,2021-2022,ridge,base_weather,5.077762606617834
2021,Heves,maize,6.28,7.13,2021-2022,ridge,base_weather,7.172599478286443
2021,Heves,wheat,5.67,5.006,2021-2022,ridge,base_weather,4.9784952485941725
2021,Jász-Nagykun-Szolnok,barley,5.92,5.148,2021-2022,ridge,base_weather,5.159431927754817
2021,Jász-Nagykun-Szolnok,maize,5.16,6.154,2021-2022,ridge,base_weather,6.784967163733608
2021,Jász-Nagykun-Szolnok,wheat,5.59,4.866,2021-2022,ridge,base_weather,5.071031765931285
2021,Komárom-Esztergom,barley,6.31,5.216,2021-2022,ridge,base_weather,5.2668434915991815
2021,Komárom-Esztergom,maize,7.85,7.778,2021-2022,ridge,base_weather,7.640342972582923
2021,Komárom-Esztergom,wheat,6.24,5.262,2021-2022,ridge,base_weather,5.376467793866905
2021,Nógrád,barley,4.88,4.056,2021-2022,ridge,base_weather,4.015848648066471
2021,Nógrád,maize,5.78,6.078,2021-2022,ridge,base_weather,6.174556163425114
2021,Nógrád,wheat,5.05,4.94,2021-2022,ridge,base_weather,4.631401306762462
2021,Pest,barley,5.69,4.688,2021-2022,ridge,base_weather,4.902902928845355
2021,Pest,maize,6.09,7.566,2021-2022,ridge,base_weather,7.578817561864838
2021,Pest,wheat,5.57,4.76,2021-2022,ridge,base_weather,5.0282242922910445
2021,Somogy,barley,6.64,5.852,2021-2022,ridge,base_weather,6.2447728422559825
2021,Somogy,maize,6.16,9.54,2021-2022,ridge,base_weather,9.117738197207647
2021,Somogy,wheat,6.16,5.88,2021-2022,ridge,base_weather,6.343529948323576
2021,Szabolcs-Szatmár-Bereg,barley,5.34,4.636,2021-2022,ridge,base_weather,4.726408612195993
2021,Szabolcs-Szatmár-Bereg,maize,6.89,7.834,2021-2022,ridge,base_weather,7.529694968045425
2021,Szabolcs-Szatmár-Bereg,wheat,5.91,5.036,2021-2022,ridge,base_weather,5.049754439732936
2021,Tolna,barley,7.08,6.282,2021-2022,ridge,base_weather,6.337668779674571
2021,Tolna,maize,4.93,9.14,2021-2022,ridge,base_weather,8.854034339868939
2021,Tolna,wheat,5.98,6.178,2021-2022,ridge,base_weather,6.356733113607879
2021,Vas,barley,5.81,5.17,2021-2022,ridge,base_weather,5.573868900858855
2021,Vas,maize,8.23,8.392,2021-2022,ridge,base_weather,8.333603315347952
2021,Vas,wheat,5.95,5.716,2021-2022,ridge,base_weather,5.985359764241298
2021,Veszprém,barley,5.54,4.56,2021-2022,ridge,base_weather,5.196164735985565
2021,Veszprém,maize,5.36,6.976,2021-2022,ridge,base_weather,7.4106766166585185
2021,Veszprém,wheat,5.26,4.842,2021-2022,ridge,base_weather,5.448270055099437
2021,Zala,barley,6.13,5.544,2021-2022,ridge,base_weather,6.117823217900765
2021,Zala,maize,7.32,8.622,2021-2022,ridge,base_weather,8.588404963836144
2021,Zala,wheat,6.32,5.754,2021-2022,ridge,base_weather,6.326459752214117
2022,Bács-Kiskun,barley,4.87,5.624,2021-2022,ridge,base_weather,5.622347990690105
2022,Bács-Kiskun,maize,3.81,6.788,2021-2022,ridge,base_weather,7.197704490410855
2022,Bács-Kiskun,wheat,4.46,5.48,2021-2022,ridge,base_weather,5.617262999734236
2022,Baranya,barley,6.19,6.48,2021-2022,ridge,base_weather,6.5808549298185985
2022,Baranya,maize,4.7,8.218,2021-2022,ridge,base_weather,8.35746330441675
2022,Baranya,wheat,5.46,6.25,2021-2022,ridge,base_weather,6.5238488903509975
2022,Békés,barley,4.1,5.288,2021-2022,ridge,base_weather,5.357203171174257
2022,Békés,maize,1.85,7.294,2021-2022,ridge,base_weather,7.4735895346954235
2022,Békés,wheat,3.84,5.376,2021-2022,ridge,base_weather,5.492184264575617
2022,Borsod-Abaúj-Zemplén,barley,5.05,5.416,2021-2022,ridge,base_weather,4.931808555666776
2022,Borsod-Abaúj-Zemplén,maize,3.03,7.936,2021-2022,ridge,base_weather,7.453468417945244
2022,Borsod-Abaúj-Zemplén,wheat,4.42,5.41,2021-2022,ridge,base_weather,5.010038735578569
2022,Csongrád-Csanád,barley,4.47,5.144,2021-2022,ridge,base_weather,5.374538669343589
2022,Csongrád-Csanád,maize,1.9,6.282,2021-2022,ridge,base_weather,6.974707361493861
2022,Csongrád-Csanád,wheat,3.54,5.074,2021-2022,ridge,base_weather,5.414129929432698
2022,Fejér,barley,5.58,6.132,2021-2022,ridge,base_weather,5.759122176909729
2022,Fejér,maize,2.56,7.692,2021-2022,ridge,base_weather,7.603796483813062
2022,Fejér,wheat,5.47,5.646,2021-2022,ridge,base_weather,5.547560458151393
2022,Győr-Moson-Sopron,barley,5.36,5.23,2021-2022,ridge,base_weather,5.204742296081699
2022,Győr-Moson-Sopron,maize,4.81,7.026,2021-2022,ridge,base_weather,7.12733880347633
2022,Győr-Moson-Sopron,wheat,5.21,5.192,2021-2022,ridge,base_weather,5.26365301608215
2022,Hajdú-Bihar,barley,4.15,5.914,2021-2022,ridge,base_weather,5.466935868896617
2022,Hajdú-Bihar,maize,2.52,8.52,2021-2022,ridge,base_weather,7.939213219938423
2022,Hajdú-Bihar,wheat,3.48,5.83,2021-2022,ridge,base_weather,5.498074865274514
2022,Heves,barley,3.89,5.562,2021-2022,ridge,base_weather,5.118990392650739
2022,Heves,maize,1.52,6.964,2021-2022,ridge,base_weather,6.92638804448381
2022,Heves,wheat,3.28,5.198,2021-2022,ridge,base_weather,4.981084114804394
2022,Jász-Nagykun-Szolnok,barley,3.34,5.356,2021-2022,ridge,base_weather,5.171311321312591
2022,Jász-Nagykun-Szolnok,maize,2.23,5.828,2021-2022,ridge,base_weather,6.419906141962804
2022,Jász-Nagykun-Szolnok,wheat,3.0,5.08,2021-2022,ridge,base_weather,5.0865335582224365
2022,Komárom-Esztergom,barley,4.8,5.462,2021-2022,ridge,base_weather,5.2907020410147085
2022,Komárom-Esztergom,maize,2.73,7.68,2021-2022,ridge,base_weather,7.442116230020874
2022,Komárom-Esztergom,wheat,4.62,5.426,2021-2022,ridge,base_weather,5.350820227259619
2022,Nógrád,barley,3.88,4.232,2021-2022,ridge,base_weather,3.9766785151404154
2022,Nógrád,maize,2.65,5.976,2021-2022,ridge,base_weather,5.96077107409176
2022,Nógrád,wheat,3.57,5.03,2021-2022,ridge,base_weather,4.540310125324675
2022,Pest,barley,3.49,4.898,2021-2022,ridge,base_weather,4.901775904335724
2022,Pest,maize,1.55,7.302,2021-2022,ridge,base_weather,7.295365943580077
2022,Pest,wheat,3.43,4.924,2021-2022,ridge,base_weather,4.99932554415886
2022,Somogy,barley,5.88,5.994,2021-2022,ridge,base_weather,6.224381316467489
2022,Somogy,maize,5.75,8.848,2021-2022,ridge,base_weather,8.57900354570876
2022,Somogy,wheat,6.0,5.876,2021-2022,ridge,base_weather,6.2349933866895855
2022,Szabolcs-Szatmár-Bereg,barley,4.41,4.806,2021-2022,ridge,base_weather,4.744855858710862
2022,Szabolcs-Szatmár-Bereg,maize,2.51,7.518,2021-2022,ridge,base_weather,7.1543988855630465
2022,Szabolcs-Szatmár-Bereg,wheat,4.09,5.248,2021-2022,ridge,base_weather,5.093558477381443
2022,Tolna,barley,6.2,6.438,2021-2022,ridge,base_weather,6.292434855564716
2022,Tolna,maize,4.18,8.236,2021-2022,ridge,base_weather,8.190732512357163
2022,Tolna,wheat,6.12,6.096,2021-2022,ridge,base_weather,6.167810706407419
2022,Vas,barley,5.72,5.382,2021-2022,ridge,base_weather,5.571269067769515
2022,Vas,maize,5.95,8.278,2021-2022,ridge,base_weather,8.11147720836462
2022,Vas,wheat,6.29,5.694,2021-2022,ridge,base_weather,5.841486380550269
2022,Veszprém,barley,4.78,4.788,2021-2022,ridge,base_weather,5.202452277980971
2022,Veszprém,maize,4.2,6.67,2021-2022,ridge,base_weather,7.108503735267094
2022,Veszprém,wheat,4.79,4.88,2021-2022,ridge,base_weather,5.339848303871249
2022,Zala,barley,5.5,5.674,2021-2022,ridge,base_weather,6.07606109393743
2022,Zala,maize,7.14,8.412,2021-2022,ridge,base_weather,8.340425440119956
2022,Zala,wheat,6.0,5.83,2021-2022,ridge,base_weather,6.252096039650392
2021,Bács-Kiskun,barley,6.6,5.244,2021-2022,xgboost,full,5.415983200073242
2021,Bács-Kiskun,maize,5.19,7.37,2021-2022,xgboost,full,7.562685489654541
2021,Bács-Kiskun,wheat,5.78,5.408,2021-2022,xgboost,full,5.440467834472656
2021,Baranya,barley,6.99,6.294,2021-2022,xgboost,full,6.328202724456787
2021,Baranya,maize,6.67,8.688,2021-2022,xgboost,full,8.710918426513672
2021,Baranya,wheat,6.14,6.306,2021-2022,xgboost,full,6.3005146980285645
2021,Békés,barley,6.39,5.036,2021-2022,xgboost,full,5.339384078979492
2021,Békés,maize,5.21,7.998,2021-2022,xgboost,full,8.339906692504883
2021,Békés,wheat,6.48,5.082,2021-2022,xgboost,full,5.295709133148193
2021,Borsod-Abaúj-Zemplén,barley,6.08,5.188,2021-2022,xgboost,full,5.288685321807861
2021,Borsod-Abaúj-Zemplén,maize,7.21,8.202,2021-2022,xgboost,full,8.071270942687988
2021,Borsod-Abaúj-Zemplén,wheat,5.69,5.368,2021-2022,xgboost,full,5.421869277954102
2021,Csongrád-Csanád,barley,6.56,4.688,2021-2022,xgboost,full,5.050304889678955
2021,Csongrád-Csanád,maize,4.32,6.906,2021-2022,xgboost,full,7.122037887573242
2021,Csongrád-Csanád,wheat,5.95,4.844,2021-2022,xgboost,full,5.059351921081543
2021,Fejér,barley,7.09,5.884,2021-2022,xgboost,full,6.155517578125
2021,Fejér,maize,5.88,8.39,2021-2022,xgboost,full,8.970489501953125
2021,Fejér,wheat,5.78,5.75,2021-2022,xgboost,full,6.0564985275268555
2021,Győr-Moson-Sopron,barley,6.09,5.03,2021-2022,xgboost,full,5.441139221191406
2021,Győr-Moson-Sopron,maize,7.56,7.26,2021-2022,xgboost,full,7.484127521514893
2021,Győr-Moson-Sopron,wheat,5.58,5.096,2021-2022,xgboost,full,5.439992427825928
2021,Hajdú-Bihar,barley,7.19,5.538,2021-2022,xgboost,full,5.5966668128967285
2021,Hajdú-Bihar,maize,6.78,9.078,2021-2022,xgboost,full,8.931333541870117
2021,Hajdú-Bihar,wheat,6.79,5.566,2021-2022,xgboost,full,5.576864719390869
2021,Heves,barley,6.14,5.306,2021-2022,xgboost,full,5.25222635269165
2021,Heves,maize,6.28,7.13,2021-2022,xgboost,full,6.842780590057373
2021,Heves,wheat,5.67,5.006,2021-2022,xgboost,full,5.1964826583862305
2021,Jász-Nagykun-Szolnok,barley,5.92,5.148,2021-2022,xgboost,full,4.925119876861572
2021,Jász-Nagykun-Szolnok,maize,5.16,6.154,2021-2022,xgboost,full,6.786196231842041
2021,Jász-Nagykun-Szolnok,wheat,5.59,4.866,2021-2022,xgboost,full,4.706217288970947
2021,Komárom-Esztergom,barley,6.31,5.216,2021-2022,xgboost,full,5.381912708282471
2021,Komárom-Esztergom,maize,7.85,7.778,2021-2022,xgboost,full,8.242958068847656
2021,Komárom-Esztergom,wheat,6.24,5.262,2021-2022,xgboost,full,5.43302583694458
2021,Nógrád,barley,4.88,4.056,2021-2022,xgboost,full,3.990856170654297
2021,Nógrád,maize,5.78,6.078,2021-2022,xgboost,full,5.614954471588135
2021,Nógrád,wheat,5.05,4.94,2021-2022,xgboost,full,4.883248329162598
2021,Pest,barley,5.69,4.688,2021-2022,xgboost,full,5.136566638946533
2021,Pest,maize,6.09,7.566,2021-2022,xgboost,full,8.091282844543457
2021,Pest,wheat,5.57,4.76,2021-2022,xgboost,full,5.113201141357422
2021,Somogy,barley,6.64,5.852,2021-2022,xgboost,full,5.836341857910156
2021,Somogy,maize,6.16,9.54,2021-2022,xgboost,full,8.878270149230957
2021,Somogy,wheat,6.16,5.88,2021-2022,xgboost,full,5.952541828155518
2021,Szabolcs-Szatmár-Bereg,barley,5.34,4.636,2021-2022,xgboost,full,4.728934288024902
2021,Szabolcs-Szatmár-Bereg,maize,6.89,7.834,2021-2022,xgboost,full,8.006813049316406
2021,Szabolcs-Szatmár-Bereg,wheat,5.91,5.036,2021-2022,xgboost,full,5.194827556610107
2021,Tolna,barley,7.08,6.282,2021-2022,xgboost,full,6.348047733306885
2021,Tolna,maize,4.93,9.14,2021-2022,xgboost,full,8.829581260681152
2021,Tolna,wheat,5.98,6.178,2021-2022,xgboost,full,6.29238748550415
2021,Vas,barley,5.81,5.17,2021-2022,xgboost,full,5.673212051391602
2021,Vas,maize,8.23,8.392,2021-2022,xgboost,full,9.168725967407227
2021,Vas,wheat,5.95,5.716,2021-2022,xgboost,full,5.89756965637207
2021,Veszprém,barley,5.54,4.56,2021-2022,xgboost,full,4.923480987548828
2021,Veszprém,maize,5.36,6.976,2021-2022,xgboost,full,7.295018196105957
2021,Veszprém,wheat,5.26,4.842,2021-2022,xgboost,full,5.144709587097168
2021,Zala,barley,6.13,5.544,2021-2022,xgboost,full,5.947956085205078
2021,Zala,maize,7.32,8.622,2021-2022,xgboost,full,9.05788516998291
2021,Zala,wheat,6.32,5.754,2021-2022,xgboost,full,5.967998027801514
2022,Bács-Kiskun,barley,4.87,5.624,2021-2022,xgboost,full,5.4435133934021
2022,Bács-Kiskun,maize,3.81,6.788,2021-2022,xgboost,full,6.550239086151123
2022,Bács-Kiskun,wheat,4.46,5.48,2021-2022,xgboost,full,5.345010280609131
2022,Baranya,barley,6.19,6.48,2021-2022,xgboost,full,5.682095050811768
2022,Baranya,maize,4.7,8.218,2021-2022,xgboost,full,8.388561248779297
2022,Baranya,wheat,5.46,6.25,2021-2022,xgboost,full,6.205793380737305
2022,Békés,barley,4.1,5.288,2021-2022,xgboost,full,5.205549240112305
2022,Békés,maize,1.85,7.294,2021-2022,xgboost,full,7.52593469619751
2022,Békés,wheat,3.84,5.376,2021-2022,xgboost,full,5.257181167602539
2022,Borsod-Abaúj-Zemplén,barley,5.05,5.416,2021-2022,xgboost,full,5.25249719619751
2022,Borsod-Abaúj-Zemplén,maize,3.03,7.936,2021-2022,xgboost,full,5.9749345779418945
2022,Borsod-Abaúj-Zemplén,wheat,4.42,5.41,2021-2022,xgboost,full,5.296926021575928
2022,Csongrád-Csanád,barley,4.47,5.144,2021-2022,xgboost,full,4.91819429397583
2022,Csongrád-Csanád,maize,1.9,6.282,2021-2022,xgboost,full,7.141038417816162
2022,Csongrád-Csanád,wheat,3.54,5.074,2021-2022,xgboost,full,4.963369846343994
2022,Fejér,barley,5.58,6.132,2021-2022,xgboost,full,5.678831100463867
2022,Fejér,maize,2.56,7.692,2021-2022,xgboost,full,7.935318946838379
2022,Fejér,wheat,5.47,5.646,2021-2022,xgboost,full,5.649661540985107
2022,Győr-Moson-Sopron,barley,5.36,5.23,2021-2022,xgboost,full,5.27370023727417
2022,Győr-Moson-Sopron,maize,4.81,7.026,2021-2022,xgboost,full,7.194658279418945
2022,Győr-Moson-Sopron,wheat,5.21,5.192,2021-2022,xgboost,full,5.280245304107666
2022,Hajdú-Bihar,barley,4.15,5.914,2021-2022,xgboost,full,5.506898880004883
2022,Hajdú-Bihar,maize,2.52,8.52,2021-2022,xgboost,full,8.2190523147583
2022,Hajdú-Bihar,wheat,3.48,5.83,2021-2022,xgboost,full,5.1525139808654785
2022,Heves,barley,3.89,5.562,2021-2022,xgboost,full,5.335134506225586
2022,Heves,maize,1.52,6.964,2021-2022,xgboost,full,6.1654205322265625
2022,Heves,wheat,3.28,5.198,2021-2022,xgboost,full,5.076404571533203
2022,Jász-Nagykun-Szolnok,barley,3.34,5.356,2021-2022,xgboost,full,5.00675106048584
2022,Jász-Nagykun-Szolnok,maize,2.23,5.828,2021-2022,xgboost,full,5.973735332489014
2022,Jász-Nagykun-Szolnok,wheat,3.0,5.08,2021-2022,xgboost,full,4.924148082733154
2022,Komárom-Esztergom,barley,4.8,5.462,2021-2022,xgboost,full,5.470873832702637
2022,Komárom-Esztergom,maize,2.73,7.68,2021-2022,xgboost,full,7.091785430908203
2022,Komárom-Esztergom,wheat,4.62,5.426,2021-2022,xgboost,full,5.48588752746582
2022,Nógrád,barley,3.88,4.232,2021-2022,xgboost,full,3.955437660217285
2022,Nógrád,maize,2.65,5.976,2021-2022,xgboost,full,5.4741082191467285
2022,Nógrád,wheat,3.57,5.03,2021-2022,xgboost,full,4.737311363220215
2022,Pest,barley,3.49,4.898,2021-2022,xgboost,full,4.9394989013671875
2022,Pest,maize,1.55,7.302,2021-2022,xgboost,full,6.0736083984375
2022,Pest,wheat,3.43,4.924,2021-2022,xgboost,full,4.950624465942383
2022,Somogy,barley,5.88,5.994,2021-2022,xgboost,full,5.871005058288574
2022,Somogy,maize,5.75,8.848,2021-2022,xgboost,full,8.19249153137207
2022,Somogy,wheat,6.0,5.876,2021-2022,xgboost,full,5.79071569442749
2022,Szabolcs-Szatmár-Bereg,barley,4.41,4.806,2021-2022,xgboost,full,5.18619441986084
2022,Szabolcs-Szatmár-Bereg,maize,2.51,7.518,2021-2022,xgboost,full,6.625241279602051
2022,Szabolcs-Szatmár-Bereg,wheat,4.09,5.248,2021-2022,xgboost,full,5.4057297706604
2022,Tolna,barley,6.2,6.438,2021-2022,xgboost,full,5.5297980308532715
2022,Tolna,maize,4.18,8.236,2021-2022,xgboost,full,8.878314018249512
2022,Tolna,wheat,6.12,6.096,2021-2022,xgboost,full,5.780888557434082
2022,Vas,barley,5.72,5.382,2021-2022,xgboost,full,5.647983074188232
2022,Vas,maize,5.95,8.278,2021-2022,xgboost,full,8.156229972839355
2022,Vas,wheat,6.29,5.694,2021-2022,xgboost,full,5.819709300994873
2022,Veszprém,barley,4.78,4.788,2021-2022,xgboost,full,5.016504764556885
2022,Veszprém,maize,4.2,6.67,2021-2022,xgboost,full,6.338716506958008
2022,Veszprém,wheat,4.79,4.88,2021-2022,xgboost,full,5.056352615356445
2022,Zala,barley,5.5,5.674,2021-2022,xgboost,full,5.8289008140563965
2022,Zala,maize,7.14,8.412,2021-2022,xgboost,full,8.512395858764648
2022,Zala,wheat,6.0,5.83,2021-2022,xgboost,full,5.7446489334106445
2021,Bács-Kiskun,barley,6.6,5.244,2021-2022,ridge,full,5.460454013249567
2021,Bács-Kiskun,maize,5.19,7.37,2021-2022,ridge,full,7.655307468656794
2021,Bács-Kiskun,wheat,5.78,5.408,2021-2022,ridge,full,5.6546554253468315
2021,Baranya,barley,6.99,6.294,2021-2022,ridge,full,6.455979552212102
2021,Baranya,maize,6.67,8.688,2021-2022,ridge,full,8.69142407039591
2021,Baranya,wheat,6.14,6.306,2021-2022,ridge,full,6.564388089096298
2021,Békés,barley,6.39,5.036,2021-2022,ridge,full,5.3570981294841795
2021,Békés,maize,5.21,7.998,2021-2022,ridge,full,8.159747940512666
2021,Békés,wheat,6.48,5.082,2021-2022,ridge,full,5.484697177929193
2021,Borsod-Abaúj-Zemplén,barley,6.08,5.188,2021-2022,ridge,full,5.02812670082332
2021,Borsod-Abaúj-Zemplén,maize,7.21,8.202,2021-2022,ridge,full,7.901629932058059
2021,Borsod-Abaúj-Zemplén,wheat,5.69,5.368,2021-2022,ridge,full,5.231358941890381
2021,Csongrád-Csanád,barley,6.56,4.688,2021-2022,ridge,full,5.119975155444399
2021,Csongrád-Csanád,maize,4.32,6.906,2021-2022,ridge,full,7.473677865349039
2021,Csongrád-Csanád,wheat,5.95,4.844,2021-2022,ridge,full,5.309661153056766
2021,Fejér,barley,7.09,5.884,2021-2022,ridge,full,5.776284578946602
2021,Fejér,maize,5.88,8.39,2021-2022,ridge,full,8.171854381933196
2021,Fejér,wheat,5.78,5.75,2021-2022,ridge,full,5.802286801481403
2021,Győr-Moson-Sopron,barley,6.09,5.03,2021-2022,ridge,full,5.414191243276027
2021,Győr-Moson-Sopron,maize,7.56,7.26,2021-2022,ridge,full,7.5612111856637085
2021,Győr-Moson-Sopron,wheat,5.58,5.096,2021-2022,ridge,full,5.553078827933286
2021,Hajdú-Bihar,barley,7.19,5.538,2021-2022,ridge,full,5.5015441132008265
2021,Hajdú-Bihar,maize,6.78,9.078,2021-2022,ridge,full,8.640260247135796
2021,Hajdú-Bihar,wheat,6.79,5.566,2021-2022,ridge,full,5.618983479054818
2021,Heves,barley,6.14,5.306,2021-2022,ridge,full,5.291047721288475
2021,Heves,maize,6.28,7.13,2021-2022,ridge,full,7.451074661959398
2021,Heves,wheat,5.67,5.006,2021-2022,ridge,full,5.223355093261635
2021,Jász-Nagykun-Szolnok,barley,5.92,5.148,2021-2022,ridge,full,5.074336434261917
2021,Jász-Nagykun-Szolnok,maize,5.16,6.154,2021-2022,ridge,full,6.800872683635281
2021,Jász-Nagykun-Szolnok,wheat,5.59,4.866,2021-2022,ridge,full,5.016803488826097
2021,Komárom-Esztergom,barley,6.31,5.216,2021-2022,ridge,full,5.445801727585338
2021,Komárom-Esztergom,maize,7.85,7.778,2021-2022,ridge,full,7.789048353804095
2021,Komárom-Esztergom,wheat,6.24,5.262,2021-2022,ridge,full,5.573400776030351
2021,Nógrád,barley,4.88,4.056,2021-2022,ridge,full,4.089671755237314
2021,Nógrád,maize,5.78,6.078,2021-2022,ridge,full,6.255674499419911
2021,Nógrád,wheat,5.05,4.94,2021-2022,ridge,full,4.69026047097543
2021,Pest,barley,5.69,4.688,2021-2022,ridge,full,4.9901547572194955
2021,Pest,maize,6.09,7.566,2021-2022,ridge,full,7.665695249814031
2021,Pest,wheat,5.57,4.76,2021-2022,ridge,full,5.132428902740428
2021,Somogy,barley,6.64,5.852,2021-2022,ridge,full,6.223985722531294
2021,Somogy,maize,6.16,9.54,2021-2022,ridge,full,9.089943210862724
2021,Somogy,wheat,6.16,5.88,2021-2022,ridge,full,6.341425088385286
2021,Szabolcs-Szatmár-Bereg,barley,5.34,4.636,2021-2022,ridge,full,5.05040898103478
2021,Szabolcs-Szatmár-Bereg,maize,6.89,7.834,2021-2022,ridge,full,7.926553635082316
2021,Szabolcs-Szatmár-Bereg,wheat,5.91,5.036,2021-2022,ridge,full,5.377815120436545
2021,Tolna,barley,7.08,6.282,2021-2022,ridge,full,6.279074014926485
2021,Tolna,maize,4.93,9.14,2021-2022,ridge,full,8.812800526038076
2021,Tolna,wheat,5.98,6.178,2021-2022,ridge,full,6.322009041779655
2021,Vas,barley,5.81,5.17,2021-2022,ridge,full,5.684209931511459
2021,Vas,maize,8.23,8.392,2021-2022,ridge,full,8.340532639282046
2021,Vas,wheat,5.95,5.716,2021-2022,ridge,full,6.094022385262619
2021,Veszprém,barley,5.54,4.56,2021-2022,ridge,full,5.362484122013753
2021,Veszprém,maize,5.36,6.976,2021-2022,ridge,full,7.579386003251651
2021,Veszprém,wheat,5.26,4.842,2021-2022,ridge,full,5.623287897763268
2021,Zala,barley,6.13,5.544,2021-2022,ridge,full,6.299999697211578
2021,Zala,maize,7.32,8.622,2021-2022,ridge,full,8.756567977011098
2021,Zala,wheat,6.32,5.754,2021-2022,ridge,full,6.520164742597007
2022,Bács-Kiskun,barley,4.87,5.624,2021-2022,ridge,full,5.558017502645318
2022,Bács-Kiskun,maize,3.81,6.788,2021-2022,ridge,full,7.133581858542506
2022,Bács-Kiskun,wheat,4.46,5.48,2021-2022,ridge,full,5.578375457073996
2022,Baranya,barley,6.19,6.48,2021-2022,ridge,full,6.4651487794665465
2022,Baranya,maize,4.7,8.218,2021-2022,ridge,full,8.237529430254863
2022,Baranya,wheat,5.46,6.25,2021-2022,ridge,full,6.436966028182566
2022,Békés,barley,4.1,5.288,2021-2022,ridge,full,5.394619867663425
2022,Békés,maize,1.85,7.294,2021-2022,ridge,full,7.53462885857757
2022,Békés,wheat,3.84,5.376,2021-2022,ridge,full,5.545924842154156
2022,Borsod-Abaúj-Zemplén,barley,5.05,5.416,2021-2022,ridge,full,5.03286358254807
2022,Borsod-Abaúj-Zemplén,maize,3.03,7.936,2021-2022,ridge,full,7.506928536450237
2022,Borsod-Abaúj-Zemplén,wheat,4.42,5.41,2021-2022,ridge,full,5.131112436841244
2022,Csongrád-Csanád,barley,4.47,5.144,2021-2022,ridge,full,5.28085671153836
2022,Csongrád-Csanád,maize,1.9,6.282,2021-2022,ridge,full,6.902849535986003
2022,Csongrád-Csanád,wheat,3.54,5.074,2021-2022,ridge,full,5.342982249952347
2022,Fejér,barley,5.58,6.132,2021-2022,ridge,full,5.793391101578236
2022,Fejér,maize,2.56,7.692,2021-2022,ridge,full,7.59692239614119
2022,Fejér,wheat,5.47,5.646,2021-2022,ridge,full,5.620715086777508
2022,Győr-Moson-Sopron,barley,5.36,5.23,2021-2022,ridge,full,5.384151139726088
2022,Győr-Moson-Sopron,maize,4.81,7.026,2021-2022,ridge,full,7.2453687398265245
2022,Győr-Moson-Sopron,wheat,5.21,5.192,2021-2022,ridge,full,5.464338336079669
2022,Hajdú-Bihar,barley,4.15,5.914,2021-2022,ridge,full,5.5928957338278105
2022,Hajdú-Bihar,maize,2.52,8.52,2021-2022,ridge,full,8.072865069207682
2022,Hajdú-Bihar,wheat,3.48,5.83,2021-2022,ridge,full,5.647119296893226
2022,Heves,barley,3.89,5.562,2021-2022,ridge,full,5.305125213626369
2022,Heves,maize,1.52,6.964,2021-2022,ridge,full,7.13461857601621
2022,Heves,wheat,3.28,5.198,2021-2022,ridge,full,5.201309269720342
2022,Jász-Nagykun-Szolnok,barley,3.34,5.356,2021-2022,ridge,full,5.076030503528106
2022,Jász-Nagykun-Szolnok,maize,2.23,5.828,2021-2022,ridge,full,6.390532512343745
2022,Jász-Nagykun-Szolnok,wheat,3.0,5.08,2021-2022,ridge,full,5.021884118955961
2022,Komárom-Esztergom,barley,4.8,5.462,2021-2022,ridge,full,5.435416091924507
2022,Komárom-Esztergom,maize,2.73,7.68,2021-2022,ridge,full,7.531629717519846
2022,Komárom-Esztergom,wheat,4.62,5.426,2021-2022,ridge,full,5.516732141899312
2022,Nógrád,barley,3.88,4.232,2021-2022,ridge,full,4.050041299404462
2022,Nógrád,maize,2.65,5.976,2021-2022,ridge,full,5.973103816340533
2022,Nógrád,wheat,3.57,5.03,2021-2022,ridge,full,4.602089309429921
2022,Pest,barley,3.49,4.898,2021-2022,ridge,full,4.973604645087783
2022,Pest,maize,1.55,7.302,2021-2022,ridge,full,7.314940030249369
2022,Pest,wheat,3.43,4.924,2021-2022,ridge,full,5.089915157320551
2022,Somogy,barley,5.88,5.994,2021-2022,ridge,full,6.193611452210202
2022,Somogy,maize,5.75,8.848,2021-2022,ridge,full,8.510021175579594
2022,Somogy,wheat,6.0,5.876,2021-2022,ridge,full,6.2286445037148
2022,Szabolcs-Szatmár-Bereg,barley,4.41,4.806,2021-2022,ridge,full,5.045121681124245
2022,Szabolcs-Szatmár-Bereg,maize,2.51,7.518,2021-2022,ridge,full,7.493319113950818
2022,Szabolcs-Szatmár-Bereg,wheat,4.09,5.248,2021-2022,ridge,full,5.396233746571728
2022,Tolna,barley,6.2,6.438,2021-2022,ridge,full,6.2497005276153335
2022,Tolna,maize,4.18,8.236,2021-2022,ridge,full,8.123978790563811
2022,Tolna,wheat,6.12,6.096,2021-2022,ridge,full,6.158301973542777
2022,Vas,barley,5.72,5.382,2021-2022,ridge,full,5.648926906155873
2022,Vas,maize,5.95,8.278,2021-2022,ridge,full,8.089905161324229
2022,Vas,wheat,6.29,5.694,2021-2022,ridge,full,5.926663486223758
2022,Veszprém,barley,4.78,4.788,2021-2022,ridge,full,5.343515019260746
2022,Veszprém,maize,4.2,6.67,2021-2022,ridge,full,7.228140304520316
2022,Veszprém,wheat,4.79,4.88,2021-2022,ridge,full,5.497077700993924
2022,Zala,barley,5.5,5.674,2021-2022,ridge,full,6.232239171424887
2022,Zala,maize,7.14,8.412,2021-2022,ridge,full,8.45760389622419
2022,Zala,wheat,6.0,5.83,2021-2022,ridge,full,6.421925169037252
