yield_year,county_name,crop,average_yield_t_ha,recent_yield_mean_t_ha,period,variant,prediction
2015,Bács-Kiskun,barley,4.79,3.956,2015-2016,baseline,3.956
2015,Bács-Kiskun,maize,5.6,5.64,2015-2016,baseline,5.64
2015,Bács-Kiskun,wheat,5.03,4.246,2015-2016,baseline,4.246
2015,Baranya,barley,5.06,4.7,2015-2016,baseline,4.7
2015,Baranya,maize,6.57,6.46,2015-2016,baseline,6.46
2015,Baranya,wheat,5.78,5.184,2015-2016,baseline,5.184
2015,Békés,barley,4.99,3.552,2015-2016,baseline,3.552
2015,Békés,maize,6.25,5.976,2015-2016,baseline,5.976
2015,Békés,wheat,5.42,3.976,2015-2016,baseline,3.976
2015,Borsod-Abaúj-Zemplén,barley,4.58,3.628,2015-2016,baseline,3.628
2015,Borsod-Abaúj-Zemplén,maize,4.93,6.37,2015-2016,baseline,6.37
2015,Borsod-Abaúj-Zemplén,wheat,4.98,4.16,2015-2016,baseline,4.16
2015,Csongrád-Csanád,barley,4.37,3.566,2015-2016,baseline,3.566
2015,Csongrád-Csanád,maize,5.22,5.25,2015-2016,baseline,5.25
2015,Csongrád-Csanád,wheat,4.91,4.062,2015-2016,baseline,4.062
2015,Fejér,barley,5.79,4.256,2015-2016,baseline,4.256
2015,Fejér,maize,6.21,6.674,2015-2016,baseline,6.674
2015,Fejér,wheat,5.87,4.696,2015-2016,baseline,4.696
2015,Győr-Moson-Sopron,barley,4.89,3.852,2015-2016,baseline,3.852
2015,Győr-Moson-Sopron,maize,5.51,6.822,2015-2016,baseline,6.822
2015,Győr-Moson-Sopron,wheat,5.17,4.452,2015-2016,baseline,4.452
2015,Hajdú-Bihar,barley,5.03,3.816,2015-2016,baseline,3.816
2015,Hajdú-Bihar,maize,6.07,6.292,2015-2016,baseline,6.292
2015,Hajdú-Bihar,wheat,5.15,4.328,2015-2016,baseline,4.328
2015,Heves,barley,4.54,3.33,2015-2016,baseline,3.33
2015,Heves,maize,3.88,4.654,2015-2016,baseline,4.654
2015,Heves,wheat,4.88,3.622,2015-2016,baseline,3.622
2015,Jász-Nagykun-Szolnok,barley,4.64,3.436,2015-2016,baseline,3.436
2015,Jász-Nagykun-Szolnok,maize,4.53,4.168,2015-2016,baseline,4.168
2015,Jász-Nagykun-Szolnok,wheat,4.73,3.498,2015-2016,baseline,3.498
2015,Komárom-Esztergom,barley,4.98,3.724,2015-2016,baseline,3.724
2015,Komárom-Esztergom,maize,6.13,6.25,2015-2016,baseline,6.25
2015,Komárom-Esztergom,wheat,5.5,4.14,2015-2016,baseline,4.14
2015,Nógrád,barley,3.21,2.59,2015-2016,baseline,2.59
2015,Nógrád,maize,3.54,4.436,2015-2016,baseline,4.436
2015,Nógrád,wheat,4.06,3.346,2015-2016,baseline,3.346
2015,Pest,barley,4.55,3.688,2015-2016,baseline,3.688
2015,Pest,maize,5.5,5.528,2015-2016,baseline,5.528
2015,Pest,wheat,4.91,3.854,2015-2016,baseline,3.854
2015,Somogy,barley,4.37,4.12,2015-2016,baseline,4.12
2015,Somogy,maize,6.9,5.96,2015-2016,baseline,5.96
2015,Somogy,wheat,5.53,4.69,2015-2016,baseline,4.69
2015,Szabolcs-Szatmár-Bereg,barley,4.03,3.282,2015-2016,baseline,3.282
2015,Szabolcs-Szatmár-Bereg,maize,3.62,5.78,2015-2016,baseline,5.78
2015,Szabolcs-Szatmár-Bereg,wheat,4.88,3.964,2015-2016,baseline,3.964
2015,Tolna,barley,5.69,4.66,2015-2016,baseline,4.66
2015,Tolna,maize,7.34,6.69,2015-2016,baseline,6.69
2015,Tolna,wheat,6.08,5.018,2015-2016,baseline,5.018
2015,Vas,barley,4.69,4.168,2015-2016,baseline,4.168
2015,Vas,maize,6.11,6.624,2015-2016,baseline,6.624
2015,Vas,wheat,5.24,4.558,2015-2016,baseline,4.558
2015,Veszprém,barley,3.91,3.402,2015-2016,baseline,3.402
2015,Veszprém,maize,5.22,5.352,2015-2016,baseline,5.352
2015,Veszprém,wheat,4.48,3.754,2015-2016,baseline,3.754
2015,Zala,barley,4.6,4.348,2015-2016,baseline,4.348
2015,Zala,maize,6.3,6.074,2015-2016,baseline,6.074
2015,Zala,wheat,5.26,4.722,2015-2016,baseline,4.722
2016,Bács-Kiskun,barley,4.7,4.21,2015-2016,baseline,4.21
2016,Bács-Kiskun,maize,8.1,5.534,2015-2016,baseline,5.534
2016,Bács-Kiskun,wheat,5.42,4.484,2015-2016,baseline,4.484
2016,Baranya,barley,6.06,4.936,2015-2016,baseline,4.936
2016,Baranya,maize,9.02,6.394,2015-2016,baseline,6.394
2016,Baranya,wheat,6.42,5.5,2015-2016,baseline,5.5
2016,Békés,barley,5.13,3.958,2015-2016,baseline,3.958
2016,Békés,maize,8.73,5.902,2015-2016,baseline,5.902
2016,Békés,wheat,5.01,4.364,2015-2016,baseline,4.364
2016,Borsod-Abaúj-Zemplén,barley,4.94,3.916,2015-2016,baseline,3.916
2016,Borsod-Abaúj-Zemplén,maize,8.54,6.344,2015-2016,baseline,6.344
2016,Borsod-Abaúj-Zemplén,wheat,5.48,4.396,2015-2016,baseline,4.396
2016,Csongrád-Csanád,barley,4.28,3.806,2015-2016,baseline,3.806
2016,Csongrád-Csanád,maize,7.44,5.07,2015-2016,baseline,5.07
2016,Csongrád-Csanád,wheat,4.8,4.29,2015-2016,baseline,4.29
2016,Fejér,barley,5.85,4.65,2015-2016,baseline,4.65
2016,Fejér,maize,9.37,6.432,2015-2016,baseline,6.432
2016,Fejér,wheat,6.3,5.01,2015-2016,baseline,5.01
2016,Győr-Moson-Sopron,barley,5.09,4.182,2015-2016,baseline,4.182
2016,Győr-Moson-Sopron,maize,8.73,6.58,2015-2016,baseline,6.58
2016,Győr-Moson-Sopron,wheat,5.1,4.698,2015-2016,baseline,4.698
2016,Hajdú-Bihar,barley,5.31,4.226,2015-2016,baseline,4.226
2016,Hajdú-Bihar,maize,9.57,6.234,2015-2016,baseline,6.234
2016,Hajdú-Bihar,wheat,5.47,4.674,2015-2016,baseline,4.674
2016,Heves,barley,4.86,3.622,2015-2016,baseline,3.622
2016,Heves,maize,7.11,4.46,2015-2016,baseline,4.46
2016,Heves,wheat,4.71,3.958,2015-2016,baseline,3.958
2016,Jász-Nagykun-Szolnok,barley,4.88,3.824,2015-2016,baseline,3.824
2016,Jász-Nagykun-Szolnok,maize,6.79,4.238,2015-2016,baseline,4.238
2016,Jász-Nagykun-Szolnok,wheat,4.52,3.86,2015-2016,baseline,3.86
2016,Komárom-Esztergom,barley,5.08,4.07,2015-2016,baseline,4.07
2016,Komárom-Esztergom,maize,8.34,6.16,2015-2016,baseline,6.16
2016,Komárom-Esztergom,wheat,5.42,4.464,2015-2016,baseline,4.464
2016,Nógrád,barley,4.0,2.734,2015-2016,baseline,2.734
2016,Nógrád,maize,6.29,4.226,2015-2016,baseline,4.226
2016,Nógrád,wheat,4.6,3.488,2015-2016,baseline,3.488
2016,Pest,barley,4.64,3.992,2015-2016,baseline,3.992
2016,Pest,maize,7.41,5.4,2015-2016,baseline,5.4
2016,Pest,wheat,4.75,4.182,2015-2016,baseline,4.182
2016,Somogy,barley,5.93,4.256,2015-2016,baseline,4.256
2016,Somogy,maize,9.62,5.924,2015-2016,baseline,5.924
2016,Somogy,wheat,6.18,4.974,2015-2016,baseline,4.974
2016,Szabolcs-Szatmár-Bereg,barley,4.49,3.518,2015-2016,baseline,3.518
2016,Szabolcs-Szatmár-Bereg,maize,8.47,5.514,2015-2016,baseline,5.514
2016,Szabolcs-Szatmár-Bereg,wheat,4.85,4.24,2015-2016,baseline,4.24
2016,Tolna,barley,6.3,5.028,2015-2016,baseline,5.028
2016,Tolna,maize,9.45,6.608,2015-2016,baseline,6.608
2016,Tolna,wheat,6.39,5.386,2015-2016,baseline,5.386
2016,Vas,barley,4.75,4.236,2015-2016,baseline,4.236
2016,Vas,maize,8.8,6.434,2015-2016,baseline,6.434
2016,Vas,wheat,6.06,4.686,2015-2016,baseline,4.686
2016,Veszprém,barley,4.4,3.542,2015-2016,baseline,3.542
2016,Veszprém,maize,6.89,5.37,2015-2016,baseline,5.37
2016,Veszprém,wheat,5.07,3.966,2015-2016,baseline,3.966
2016,Zala,barley,5.48,4.438,2015-2016,baseline,4.438
2016,Zala,maize,8.37,5.99,2015-2016,baseline,5.99
2016,Zala,wheat,5.94,4.888,2015-2016,baseline,4.888
2015,Bács-Kiskun,barley,4.79,3.956,2015-2016,no_soil,4.243918418884277
2015,Bács-Kiskun,maize,5.6,5.64,2015-2016,no_soil,6.131129741668701
2015,Bács-Kiskun,wheat,5.03,4.246,2015-2016,no_soil,4.528236389160156
2015,Baranya,barley,5.06,4.7,2015-2016,no_soil,4.940256118774414
2015,Baranya,maize,6.57,6.46,2015-2016,no_soil,5.959482192993164
2015,Baranya,wheat,5.78,5.184,2015-2016,no_soil,5.098781585693359
2015,Békés,barley,4.99,3.552,2015-2016,no_soil,3.9121034145355225
2015,Békés,maize,6.25,5.976,2015-2016,no_soil,6.107062816619873
2015,Békés,wheat,5.42,3.976,2015-2016,no_soil,4.3369832038879395
2015,Borsod-Abaúj-Zemplén,barley,4.58,3.628,2015-2016,no_soil,3.565633535385132
2015,Borsod-Abaúj-Zemplén,maize,4.93,6.37,2015-2016,no_soil,6.6222944259643555
2015,Borsod-Abaúj-Zemplén,wheat,4.98,4.16,2015-2016,no_soil,4.205139636993408
2015,Csongrád-Csanád,barley,4.37,3.566,2015-2016,no_soil,3.8505454063415527
2015,Csongrád-Csanád,maize,5.22,5.25,2015-2016,no_soil,5.7095794677734375
2015,Csongrád-Csanád,wheat,4.91,4.062,2015-2016,no_soil,4.311633110046387
2015,Fejér,barley,5.79,4.256,2015-2016,no_soil,4.223300457000732
2015,Fejér,maize,6.21,6.674,2015-2016,no_soil,6.370793342590332
2015,Fejér,wheat,5.87,4.696,2015-2016,no_soil,4.685359001159668
2015,Győr-Moson-Sopron,barley,4.89,3.852,2015-2016,no_soil,4.04239559173584
2015,Győr-Moson-Sopron,maize,5.51,6.822,2015-2016,no_soil,6.828858375549316
2015,Győr-Moson-Sopron,wheat,5.17,4.452,2015-2016,no_soil,4.595163822174072
2015,Hajdú-Bihar,barley,5.03,3.816,2015-2016,no_soil,3.7853798866271973
2015,Hajdú-Bihar,maize,6.07,6.292,2015-2016,no_soil,7.7022175788879395
2015,Hajdú-Bihar,wheat,5.15,4.328,2015-2016,no_soil,4.331995964050293
2015,Heves,barley,4.54,3.33,2015-2016,no_soil,3.7288646697998047
2015,Heves,maize,3.88,4.654,2015-2016,no_soil,4.955211162567139
2015,Heves,wheat,4.88,3.622,2015-2016,no_soil,4.050941467285156
2015,Jász-Nagykun-Szolnok,barley,4.64,3.436,2015-2016,no_soil,3.8253939151763916
2015,Jász-Nagykun-Szolnok,maize,4.53,4.168,2015-2016,no_soil,5.372153282165527
2015,Jász-Nagykun-Szolnok,wheat,4.73,3.498,2015-2016,no_soil,4.173017978668213
2015,Komárom-Esztergom,barley,4.98,3.724,2015-2016,no_soil,3.757996082305908
2015,Komárom-Esztergom,maize,6.13,6.25,2015-2016,no_soil,7.29721736907959
2015,Komárom-Esztergom,wheat,5.5,4.14,2015-2016,no_soil,4.38710355758667
2015,Nógrád,barley,3.21,2.59,2015-2016,no_soil,2.9447243213653564
2015,Nógrád,maize,3.54,4.436,2015-2016,no_soil,4.429370403289795
2015,Nógrád,wheat,4.06,3.346,2015-2016,no_soil,3.511220932006836
2015,Pest,barley,4.55,3.688,2015-2016,no_soil,3.8121278285980225
2015,Pest,maize,5.5,5.528,2015-2016,no_soil,5.951134204864502
2015,Pest,wheat,4.91,3.854,2015-2016,no_soil,4.0540385246276855
2015,Somogy,barley,4.37,4.12,2015-2016,no_soil,4.557449817657471
2015,Somogy,maize,6.9,5.96,2015-2016,no_soil,6.702262878417969
2015,Somogy,wheat,5.53,4.69,2015-2016,no_soil,5.063017845153809
2015,Szabolcs-Szatmár-Bereg,barley,4.03,3.282,2015-2016,no_soil,3.6736485958099365
2015,Szabolcs-Szatmár-Bereg,maize,3.62,5.78,2015-2016,no_soil,5.910616874694824
2015,Szabolcs-Szatmár-Bereg,wheat,4.88,3.964,2015-2016,no_soil,4.257195949554443
2015,Tolna,barley,5.69,4.66,2015-2016,no_soil,4.6450276374816895
2015,Tolna,maize,7.34,6.69,2015-2016,no_soil,6.020384788513184
2015,Tolna,wheat,6.08,5.018,2015-2016,no_soil,4.936832427978516
2015,Vas,barley,4.69,4.168,2015-2016,no_soil,4.217092037200928
2015,Vas,maize,6.11,6.624,2015-2016,no_soil,6.1871657371521
2015,Vas,wheat,5.24,4.558,2015-2016,no_soil,4.554799556732178
2015,Veszprém,barley,3.91,3.402,2015-2016,no_soil,4.219682693481445
2015,Veszprém,maize,5.22,5.352,2015-2016,no_soil,6.723705291748047
2015,Veszprém,wheat,4.48,3.754,2015-2016,no_soil,4.387465000152588
2015,Zala,barley,4.6,4.348,2015-2016,no_soil,4.588602066040039
2015,Zala,maize,6.3,6.074,2015-2016,no_soil,6.51248025894165
2015,Zala,wheat,5.26,4.722,2015-2016,no_soil,4.992608070373535
2016,Bács-Kiskun,barley,4.7,4.21,2015-2016,no_soil,4.265676021575928
2016,Bács-Kiskun,maize,8.1,5.534,2015-2016,no_soil,5.450055122375488
2016,Bács-Kiskun,wheat,5.42,4.484,2015-2016,no_soil,4.538224697113037
2016,Baranya,barley,6.06,4.936,2015-2016,no_soil,4.976685523986816
2016,Baranya,maize,9.02,6.394,2015-2016,no_soil,6.171091556549072
2016,Baranya,wheat,6.42,5.5,2015-2016,no_soil,5.086209297180176
2016,Békés,barley,5.13,3.958,2015-2016,no_soil,4.098679542541504
2016,Békés,maize,8.73,5.902,2015-2016,no_soil,5.655605792999268
2016,Békés,wheat,5.01,4.364,2015-2016,no_soil,4.399194240570068
2016,Borsod-Abaúj-Zemplén,barley,4.94,3.916,2015-2016,no_soil,3.9652762413024902
2016,Borsod-Abaúj-Zemplén,maize,8.54,6.344,2015-2016,no_soil,7.460097312927246
2016,Borsod-Abaúj-Zemplén,wheat,5.48,4.396,2015-2016,no_soil,4.264673233032227
2016,Csongrád-Csanád,barley,4.28,3.806,2015-2016,no_soil,3.826207160949707
2016,Csongrád-Csanád,maize,7.44,5.07,2015-2016,no_soil,6.598763465881348
2016,Csongrád-Csanád,wheat,4.8,4.29,2015-2016,no_soil,4.371587753295898
2016,Fejér,barley,5.85,4.65,2015-2016,no_soil,4.270622253417969
2016,Fejér,maize,9.37,6.432,2015-2016,no_soil,6.262305736541748
2016,Fejér,wheat,6.3,5.01,2015-2016,no_soil,4.610470771789551
2016,Győr-Moson-Sopron,barley,5.09,4.182,2015-2016,no_soil,4.464423179626465
2016,Győr-Moson-Sopron,maize,8.73,6.58,2015-2016,no_soil,7.7016987800598145
2016,Győr-Moson-Sopron,wheat,5.1,4.698,2015-2016,no_soil,4.905192852020264
2016,Hajdú-Bihar,barley,5.31,4.226,2015-2016,no_soil,4.156005859375
2016,Hajdú-Bihar,maize,9.57,6.234,2015-2016,no_soil,6.3297247886657715
2016,Hajdú-Bihar,wheat,5.47,4.674,2015-2016,no_soil,4.611081600189209
2016,Heves,barley,4.86,3.622,2015-2016,no_soil,4.004674911499023
2016,Heves,maize,7.11,4.46,2015-2016,no_soil,5.700994968414307
2016,Heves,wheat,4.71,3.958,2015-2016,no_soil,4.401154518127441
2016,Jász-Nagykun-Szolnok,barley,4.88,3.824,2015-2016,no_soil,3.795408248901367
2016,Jász-Nagykun-Szolnok,maize,6.79,4.238,2015-2016,no_soil,3.878244400024414
2016,Jász-Nagykun-Szolnok,wheat,4.52,3.86,2015-2016,no_soil,4.078711032867432
2016,Komárom-Esztergom,barley,5.08,4.07,2015-2016,no_soil,4.466267108917236
2016,Komárom-Esztergom,maize,8.34,6.16,2015-2016,no_soil,6.654420375823975
2016,Komárom-Esztergom,wheat,5.42,4.464,2015-2016,no_soil,4.679871082305908
2016,Nógrád,barley,4.0,2.734,2015-2016,no_soil,3.2018845081329346
2016,Nógrád,maize,6.29,4.226,2015-2016,no_soil,4.918137550354004
2016,Nógrád,wheat,4.6,3.488,2015-2016,no_soil,3.859529733657837
2016,Pest,barley,4.64,3.992,2015-2016,no_soil,4.28041410446167
2016,Pest,maize,7.41,5.4,2015-2016,no_soil,5.767033576965332
2016,Pest,wheat,4.75,4.182,2015-2016,no_soil,4.560916423797607
2016,Somogy,barley,5.93,4.256,2015-2016,no_soil,4.612764358520508
2016,Somogy,maize,9.62,5.924,2015-2016,no_soil,7.101186752319336
2016,Somogy,wheat,6.18,4.974,2015-2016,no_soil,5.084856033325195
2016,Szabolcs-Szatmár-Bereg,barley,4.49,3.518,2015-2016,no_soil,4.062512397766113
2016,Szabolcs-Szatmár-Bereg,maize,8.47,5.514,2015-2016,no_soil,5.89774751663208
2016,Szabolcs-Szatmár-Bereg,wheat,4.85,4.24,2015-2016,no_soil,4.5886688232421875
2016,Tolna,barley,6.3,5.028,2015-2016,no_soil,4.870400905609131
2016,Tolna,maize,9.45,6.608,2015-2016,no_soil,6.471632480621338
2016,Tolna,wheat,6.39,5.386,2015-2016,no_soil,4.888027667999268
2016,Vas,barley,4.75,4.236,2015-2016,no_soil,4.482914924621582
2016,Vas,maize,8.8,6.434,2015-2016,no_soil,5.930753231048584
2016,Vas,wheat,6.06,4.686,2015-2016,no_soil,4.887083530426025
2016,Veszprém,barley,4.4,3.542,2015-2016,no_soil,4.095982551574707
2016,Veszprém,maize,6.89,5.37,2015-2016,no_soil,6.808880805969238
2016,Veszprém,wheat,5.07,3.966,2015-2016,no_soil,4.523480415344238
2016,Zala,barley,5.48,4.438,2015-2016,no_soil,4.665493488311768
2016,Zala,maize,8.37,5.99,2015-2016,no_soil,7.0191144943237305
2016,Zala,wheat,5.94,4.888,2015-2016,no_soil,5.1204633712768555
2015,Bács-Kiskun,barley,4.79,3.956,2015-2016,soil,4.277827739715576
2015,Bács-Kiskun,maize,5.6,5.64,2015-2016,soil,6.160066604614258
2015,Bács-Kiskun,wheat,5.03,4.246,2015-2016,soil,4.546268463134766
2015,Baranya,barley,5.06,4.7,2015-2016,soil,4.908191680908203
2015,Baranya,maize,6.57,6.46,2015-2016,soil,7.193436622619629
2015,Baranya,wheat,5.78,5.184,2015-2016,soil,5.101313591003418
2015,Békés,barley,4.99,3.552,2015-2016,soil,3.812812089920044
2015,Békés,maize,6.25,5.976,2015-2016,soil,6.425023555755615
2015,Békés,wheat,5.42,3.976,2015-2016,soil,4.114835739135742
2015,Borsod-Abaúj-Zemplén,barley,4.58,3.628,2015-2016,soil,3.6803512573242188
2015,Borsod-Abaúj-Zemplén,maize,4.93,6.37,2015-2016,soil,7.1399054527282715
2015,Borsod-Abaúj-Zemplén,wheat,4.98,4.16,2015-2016,soil,4.413837909698486
2015,Csongrád-Csanád,barley,4.37,3.566,2015-2016,soil,3.823655605316162
2015,Csongrád-Csanád,maize,5.22,5.25,2015-2016,soil,5.714719772338867
2015,Csongrád-Csanád,wheat,4.91,4.062,2015-2016,soil,4.293678283691406
2015,Fejér,barley,5.79,4.256,2015-2016,soil,4.446692943572998
2015,Fejér,maize,6.21,6.674,2015-2016,soil,6.711153507232666
2015,Fejér,wheat,5.87,4.696,2015-2016,soil,4.896434307098389
2015,Győr-Moson-Sopron,barley,4.89,3.852,2015-2016,soil,4.011984825134277
2015,Győr-Moson-Sopron,maize,5.51,6.822,2015-2016,soil,6.82271146774292
2015,Győr-Moson-Sopron,wheat,5.17,4.452,2015-2016,soil,4.567049980163574
2015,Hajdú-Bihar,barley,5.03,3.816,2015-2016,soil,3.7776219844818115
2015,Hajdú-Bihar,maize,6.07,6.292,2015-2016,soil,7.68872594833374
2015,Hajdú-Bihar,wheat,5.15,4.328,2015-2016,soil,4.375216960906982
2015,Heves,barley,4.54,3.33,2015-2016,soil,3.4931647777557373
2015,Heves,maize,3.88,4.654,2015-2016,soil,4.339353561401367
2015,Heves,wheat,4.88,3.622,2015-2016,soil,3.699486017227173
2015,Jász-Nagykun-Szolnok,barley,4.64,3.436,2015-2016,soil,3.5332720279693604
2015,Jász-Nagykun-Szolnok,maize,4.53,4.168,2015-2016,soil,5.274116516113281
2015,Jász-Nagykun-Szolnok,wheat,4.73,3.498,2015-2016,soil,3.9144954681396484
2015,Komárom-Esztergom,barley,4.98,3.724,2015-2016,soil,3.9007017612457275
2015,Komárom-Esztergom,maize,6.13,6.25,2015-2016,soil,7.62136697769165
2015,Komárom-Esztergom,wheat,5.5,4.14,2015-2016,soil,4.539529323577881
2015,Nógrád,barley,3.21,2.59,2015-2016,soil,3.026552438735962
2015,Nógrád,maize,3.54,4.436,2015-2016,soil,4.501252174377441
2015,Nógrád,wheat,4.06,3.346,2015-2016,soil,3.554131269454956
2015,Pest,barley,4.55,3.688,2015-2016,soil,3.880815267562866
2015,Pest,maize,5.5,5.528,2015-2016,soil,6.036771774291992
2015,Pest,wheat,4.91,3.854,2015-2016,soil,4.140389442443848
2015,Somogy,barley,4.37,4.12,2015-2016,soil,4.5014729499816895
2015,Somogy,maize,6.9,5.96,2015-2016,soil,6.4434380531311035
2015,Somogy,wheat,5.53,4.69,2015-2016,soil,4.865880966186523
2015,Szabolcs-Szatmár-Bereg,barley,4.03,3.282,2015-2016,soil,3.587881088256836
2015,Szabolcs-Szatmár-Bereg,maize,3.62,5.78,2015-2016,soil,6.17159366607666
2015,Szabolcs-Szatmár-Bereg,wheat,4.88,3.964,2015-2016,soil,4.162246227264404
2015,Tolna,barley,5.69,4.66,2015-2016,soil,4.715005397796631
2015,Tolna,maize,7.34,6.69,2015-2016,soil,6.296663761138916
2015,Tolna,wheat,6.08,5.018,2015-2016,soil,4.978668212890625
2015,Vas,barley,4.69,4.168,2015-2016,soil,4.351208686828613
2015,Vas,maize,6.11,6.624,2015-2016,soil,6.089300155639648
2015,Vas,wheat,5.24,4.558,2015-2016,soil,4.668156147003174
2015,Veszprém,barley,3.91,3.402,2015-2016,soil,4.040645599365234
2015,Veszprém,maize,5.22,5.352,2015-2016,soil,6.344148635864258
2015,Veszprém,wheat,4.48,3.754,2015-2016,soil,4.1563849449157715
2015,Zala,barley,4.6,4.348,2015-2016,soil,4.504337310791016
2015,Zala,maize,6.3,6.074,2015-2016,soil,6.674221515655518
2015,Zala,wheat,5.26,4.722,2015-2016,soil,4.832458972930908
2016,Bács-Kiskun,barley,4.7,4.21,2015-2016,soil,4.301602840423584
2016,Bács-Kiskun,maize,8.1,5.534,2015-2016,soil,5.670078277587891
2016,Bács-Kiskun,wheat,5.42,4.484,2015-2016,soil,4.492685317993164
2016,Baranya,barley,6.06,4.936,2015-2016,soil,4.946426868438721
2016,Baranya,maize,9.02,6.394,2015-2016,soil,7.344619274139404
2016,Baranya,wheat,6.42,5.5,2015-2016,soil,4.675237655639648
2016,Békés,barley,5.13,3.958,2015-2016,soil,3.8405299186706543
2016,Békés,maize,8.73,5.902,2015-2016,soil,6.1309967041015625
2016,Békés,wheat,5.01,4.364,2015-2016,soil,3.941227436065674
2016,Borsod-Abaúj-Zemplén,barley,4.94,3.916,2015-2016,soil,3.947969913482666
2016,Borsod-Abaúj-Zemplén,maize,8.54,6.344,2015-2016,soil,7.465470314025879
2016,Borsod-Abaúj-Zemplén,wheat,5.48,4.396,2015-2016,soil,4.247316360473633
2016,Csongrád-Csanád,barley,4.28,3.806,2015-2016,soil,3.7027056217193604
2016,Csongrád-Csanád,maize,7.44,5.07,2015-2016,soil,6.470643997192383
2016,Csongrád-Csanád,wheat,4.8,4.29,2015-2016,soil,4.216698169708252
2016,Fejér,barley,5.85,4.65,2015-2016,soil,4.517572402954102
2016,Fejér,maize,9.37,6.432,2015-2016,soil,7.384777545928955
2016,Fejér,wheat,6.3,5.01,2015-2016,soil,4.869991779327393
2016,Győr-Moson-Sopron,barley,5.09,4.182,2015-2016,soil,4.495266437530518
2016,Győr-Moson-Sopron,maize,8.73,6.58,2015-2016,soil,7.990408897399902
2016,Győr-Moson-Sopron,wheat,5.1,4.698,2015-2016,soil,4.8297529220581055
2016,Hajdú-Bihar,barley,5.31,4.226,2015-2016,soil,4.096218585968018
2016,Hajdú-Bihar,maize,9.57,6.234,2015-2016,soil,6.567021369934082
2016,Hajdú-Bihar,wheat,5.47,4.674,2015-2016,soil,4.626065731048584
2016,Heves,barley,4.86,3.622,2015-2016,soil,3.630610942840576
2016,Heves,maize,7.11,4.46,2015-2016,soil,5.055654048919678
2016,Heves,wheat,4.71,3.958,2015-2016,soil,3.984712839126587
2016,Jász-Nagykun-Szolnok,barley,4.88,3.824,2015-2016,soil,3.2446765899658203
2016,Jász-Nagykun-Szolnok,maize,6.79,4.238,2015-2016,soil,3.998858690261841
2016,Jász-Nagykun-Szolnok,wheat,4.52,3.86,2015-2016,soil,3.5531046390533447
2016,Komárom-Esztergom,barley,5.08,4.07,2015-2016,soil,4.660614967346191
2016,Komárom-Esztergom,maize,8.34,6.16,2015-2016,soil,7.667059421539307
2016,Komárom-Esztergom,wheat,5.42,4.464,2015-2016,soil,4.810926914215088
2016,Nógrád,barley,4.0,2.734,2015-2016,soil,3.1795146465301514
2016,Nógrád,maize,6.29,4.226,2015-2016,soil,5.234767436981201
2016,Nógrád,wheat,4.6,3.488,2015-2016,soil,3.7569615840911865
2016,Pest,barley,4.64,3.992,2015-2016,soil,4.191938400268555
2016,Pest,maize,7.41,5.4,2015-2016,soil,5.809248924255371
2016,Pest,wheat,4.75,4.182,2015-2016,soil,4.572290897369385
2016,Somogy,barley,5.93,4.256,2015-2016,soil,4.558679580688477
2016,Somogy,maize,9.62,5.924,2015-2016,soil,7.064837455749512
2016,Somogy,wheat,6.18,4.974,2015-2016,soil,4.934490203857422
2016,Szabolcs-Szatmár-Bereg,barley,4.49,3.518,2015-2016,soil,4.106830596923828
2016,Szabolcs-Szatmár-Bereg,maize,8.47,5.514,2015-2016,soil,5.745868682861328
2016,Szabolcs-Szatmár-Bereg,wheat,4.85,4.24,2015-2016,soil,4.613399982452393
2016,Tolna,barley,6.3,5.028,2015-2016,soil,4.786513805389404
2016,Tolna,maize,9.45,6.608,2015-2016,soil,7.009214878082275
2016,Tolna,wheat,6.39,5.386,2015-2016,soil,4.655297756195068
2016,Vas,barley,4.75,4.236,2015-2016,soil,4.564709186553955
2016,Vas,maize,8.8,6.434,2015-2016,soil,6.539444446563721
2016,Vas,wheat,6.06,4.686,2015-2016,soil,4.896054267883301
2016,Veszprém,barley,4.4,3.542,2015-2016,soil,4.053452491760254
2016,Veszprém,maize,6.89,5.37,2015-2016,soil,6.530624866485596
2016,Veszprém,wheat,5.07,3.966,2015-2016,soil,4.410026550292969
2016,Zala,barley,5.48,4.438,2015-2016,soil,4.539466381072998
2016,Zala,maize,8.37,5.99,2015-2016,soil,7.411735534667969
2016,Zala,wheat,5.94,4.888,2015-2016,soil,4.915502548217773
2015,Bács-Kiskun,barley,4.79,3.956,2015-2016,county,4.175385475158691
2015,Bács-Kiskun,maize,5.6,5.64,2015-2016,county,6.172602653503418
2015,Bács-Kiskun,wheat,5.03,4.246,2015-2016,county,4.47596549987793
2015,Baranya,barley,5.06,4.7,2015-2016,county,4.911605358123779
2015,Baranya,maize,6.57,6.46,2015-2016,county,6.8143463134765625
2015,Baranya,wheat,5.78,5.184,2015-2016,county,5.152050495147705
2015,Békés,barley,4.99,3.552,2015-2016,county,3.9053258895874023
2015,Békés,maize,6.25,5.976,2015-2016,county,6.28124475479126
2015,Békés,wheat,5.42,3.976,2015-2016,county,4.28376579284668
2015,Borsod-Abaúj-Zemplén,barley,4.58,3.628,2015-2016,county,3.7665934562683105
2015,Borsod-Abaúj-Zemplén,maize,4.93,6.37,2015-2016,county,6.552982807159424
2015,Borsod-Abaúj-Zemplén,wheat,4.98,4.16,2015-2016,county,4.435035705566406
2015,Csongrád-Csanád,barley,4.37,3.566,2015-2016,county,3.8074610233306885
2015,Csongrád-Csanád,maize,5.22,5.25,2015-2016,county,5.728203296661377
2015,Csongrád-Csanád,wheat,4.91,4.062,2015-2016,county,4.230117321014404
2015,Fejér,barley,5.79,4.256,2015-2016,county,4.5458760261535645
2015,Fejér,maize,6.21,6.674,2015-2016,county,6.621025085449219
2015,Fejér,wheat,5.87,4.696,2015-2016,county,4.880549430847168
2015,Győr-Moson-Sopron,barley,4.89,3.852,2015-2016,county,3.9631876945495605
2015,Győr-Moson-Sopron,maize,5.51,6.822,2015-2016,county,6.813642501831055
2015,Győr-Moson-Sopron,wheat,5.17,4.452,2015-2016,county,4.55134391784668
2015,Hajdú-Bihar,barley,5.03,3.816,2015-2016,county,3.837286949157715
2015,Hajdú-Bihar,maize,6.07,6.292,2015-2016,county,7.459425926208496
2015,Hajdú-Bihar,wheat,5.15,4.328,2015-2016,county,4.371923446655273
2015,Heves,barley,4.54,3.33,2015-2016,county,3.4806153774261475
2015,Heves,maize,3.88,4.654,2015-2016,county,4.782531261444092
2015,Heves,wheat,4.88,3.622,2015-2016,county,3.7265350818634033
2015,Jász-Nagykun-Szolnok,barley,4.64,3.436,2015-2016,county,3.478130340576172
2015,Jász-Nagykun-Szolnok,maize,4.53,4.168,2015-2016,county,5.4535722732543945
2015,Jász-Nagykun-Szolnok,wheat,4.73,3.498,2015-2016,county,3.8305118083953857
2015,Komárom-Esztergom,barley,4.98,3.724,2015-2016,county,3.835472583770752
2015,Komárom-Esztergom,maize,6.13,6.25,2015-2016,county,7.565500259399414
2015,Komárom-Esztergom,wheat,5.5,4.14,2015-2016,county,4.513345718383789
2015,Nógrád,barley,3.21,2.59,2015-2016,county,2.9846010208129883
2015,Nógrád,maize,3.54,4.436,2015-2016,county,4.443403244018555
2015,Nógrád,wheat,4.06,3.346,2015-2016,county,3.583606243133545
2015,Pest,barley,4.55,3.688,2015-2016,county,3.779940605163574
2015,Pest,maize,5.5,5.528,2015-2016,county,6.083316802978516
2015,Pest,wheat,4.91,3.854,2015-2016,county,4.043414115905762
2015,Somogy,barley,4.37,4.12,2015-2016,county,4.5013747215271
2015,Somogy,maize,6.9,5.96,2015-2016,county,6.608912944793701
2015,Somogy,wheat,5.53,4.69,2015-2016,county,4.972928047180176
2015,Szabolcs-Szatmár-Bereg,barley,4.03,3.282,2015-2016,county,3.6263556480407715
2015,Szabolcs-Szatmár-Bereg,maize,3.62,5.78,2015-2016,county,5.954163074493408
2015,Szabolcs-Szatmár-Bereg,wheat,4.88,3.964,2015-2016,county,4.106553077697754
2015,Tolna,barley,5.69,4.66,2015-2016,county,4.72078800201416
2015,Tolna,maize,7.34,6.69,2015-2016,county,6.441040992736816
2015,Tolna,wheat,6.08,5.018,2015-2016,county,4.93541145324707
2015,Vas,barley,4.69,4.168,2015-2016,county,4.346196174621582
2015,Vas,maize,6.11,6.624,2015-2016,county,6.230940341949463
2015,Vas,wheat,5.24,4.558,2015-2016,county,4.715036392211914
2015,Veszprém,barley,3.91,3.402,2015-2016,county,3.966299295425415
2015,Veszprém,maize,5.22,5.352,2015-2016,county,5.964047431945801
2015,Veszprém,wheat,4.48,3.754,2015-2016,county,4.057335376739502
2015,Zala,barley,4.6,4.348,2015-2016,county,4.622222423553467
2015,Zala,maize,6.3,6.074,2015-2016,county,6.542144775390625
2015,Zala,wheat,5.26,4.722,2015-2016,county,4.993725776672363
2016,Bács-Kiskun,barley,4.7,4.21,2015-2016,county,4.1946306228637695
2016,Bács-Kiskun,maize,8.1,5.534,2015-2016,county,5.655956745147705
2016,Bács-Kiskun,wheat,5.42,4.484,2015-2016,county,4.463852405548096
2016,Baranya,barley,6.06,4.936,2015-2016,county,4.975996971130371
2016,Baranya,maize,9.02,6.394,2015-2016,county,6.673293590545654
2016,Baranya,wheat,6.42,5.5,2015-2016,county,5.060163974761963
2016,Békés,barley,5.13,3.958,2015-2016,county,4.008265972137451
2016,Békés,maize,8.73,5.902,2015-2016,county,5.7913970947265625
2016,Békés,wheat,5.01,4.364,2015-2016,county,4.31583833694458
2016,Borsod-Abaúj-Zemplén,barley,4.94,3.916,2015-2016,county,4.040702819824219
2016,Borsod-Abaúj-Zemplén,maize,8.54,6.344,2015-2016,county,7.45963716506958
2016,Borsod-Abaúj-Zemplén,wheat,5.48,4.396,2015-2016,county,4.396886348724365
2016,Csongrád-Csanád,barley,4.28,3.806,2015-2016,county,3.689394235610962
2016,Csongrád-Csanád,maize,7.44,5.07,2015-2016,county,6.348933219909668
2016,Csongrád-Csanád,wheat,4.8,4.29,2015-2016,county,4.21485710144043
2016,Fejér,barley,5.85,4.65,2015-2016,county,4.490234375
2016,Fejér,maize,9.37,6.432,2015-2016,county,7.272611618041992
2016,Fejér,wheat,6.3,5.01,2015-2016,county,4.9046711921691895
2016,Győr-Moson-Sopron,barley,5.09,4.182,2015-2016,county,4.415172100067139
2016,Győr-Moson-Sopron,maize,8.73,6.58,2015-2016,county,7.67094087600708
2016,Győr-Moson-Sopron,wheat,5.1,4.698,2015-2016,county,4.7874650955200195
2016,Hajdú-Bihar,barley,5.31,4.226,2015-2016,county,4.094736099243164
2016,Hajdú-Bihar,maize,9.57,6.234,2015-2016,county,5.887216091156006
2016,Hajdú-Bihar,wheat,5.47,4.674,2015-2016,county,4.569459915161133
2016,Heves,barley,4.86,3.622,2015-2016,county,3.6053714752197266
2016,Heves,maize,7.11,4.46,2015-2016,county,5.423203468322754
2016,Heves,wheat,4.71,3.958,2015-2016,county,3.9917829036712646
2016,Jász-Nagykun-Szolnok,barley,4.88,3.824,2015-2016,county,3.359112024307251
2016,Jász-Nagykun-Szolnok,maize,6.79,4.238,2015-2016,county,3.894866466522217
2016,Jász-Nagykun-Szolnok,wheat,4.52,3.86,2015-2016,county,3.684875249862671
2016,Komárom-Esztergom,barley,5.08,4.07,2015-2016,county,4.54866886138916
2016,Komárom-Esztergom,maize,8.34,6.16,2015-2016,county,7.471314907073975
2016,Komárom-Esztergom,wheat,5.42,4.464,2015-2016,county,4.713830947875977
2016,Nógrád,barley,4.0,2.734,2015-2016,county,3.2249081134796143
2016,Nógrád,maize,6.29,4.226,2015-2016,county,5.110200881958008
2016,Nógrád,wheat,4.6,3.488,2015-2016,county,3.8523600101470947
2016,Pest,barley,4.64,3.992,2015-2016,county,4.054985046386719
2016,Pest,maize,7.41,5.4,2015-2016,county,5.93635892868042
2016,Pest,wheat,4.75,4.182,2015-2016,county,4.387627124786377
2016,Somogy,barley,5.93,4.256,2015-2016,county,4.5973663330078125
2016,Somogy,maize,9.62,5.924,2015-2016,county,7.080368518829346
2016,Somogy,wheat,6.18,4.974,2015-2016,county,5.068033218383789
2016,Szabolcs-Szatmár-Bereg,barley,4.49,3.518,2015-2016,county,3.9545083045959473
2016,Szabolcs-Szatmár-Bereg,maize,8.47,5.514,2015-2016,county,5.4846391677856445
2016,Szabolcs-Szatmár-Bereg,wheat,4.85,4.24,2015-2016,county,4.312040328979492
2016,Tolna,barley,6.3,5.028,2015-2016,county,4.712785243988037
2016,Tolna,maize,9.45,6.608,2015-2016,county,6.776407241821289
2016,Tolna,wheat,6.39,5.386,2015-2016,county,4.827320575714111
2016,Vas,barley,4.75,4.236,2015-2016,county,4.566065788269043
2016,Vas,maize,8.8,6.434,2015-2016,county,6.676074028015137
2016,Vas,wheat,6.06,4.686,2015-2016,county,4.92720365524292
2016,Veszprém,barley,4.4,3.542,2015-2016,county,3.9731199741363525
2016,Veszprém,maize,6.89,5.37,2015-2016,county,6.060731410980225
2016,Veszprém,wheat,5.07,3.966,2015-2016,county,4.288663387298584
2016,Zala,barley,5.48,4.438,2015-2016,county,4.636826992034912
2016,Zala,maize,8.37,5.99,2015-2016,county,7.154301166534424
2016,Zala,wheat,5.94,4.888,2015-2016,county,5.0748982429504395
2017,Bács-Kiskun,barley,5.02,4.346,2017-2018,baseline,4.346
2017,Bács-Kiskun,maize,6.19,5.86,2017-2018,baseline,5.86
2017,Bács-Kiskun,wheat,5.65,4.668,2017-2018,baseline,4.668
2017,Baranya,barley,6.4,5.192,2017-2018,baseline,5.192
2017,Baranya,maize,7.26,6.82,2017-2018,baseline,6.82
2017,Baranya,wheat,6.45,5.792,2017-2018,baseline,5.792
2017,Békés,barley,5.02,4.256,2017-2018,baseline,4.256
2017,Békés,maize,5.68,6.386,2017-2018,baseline,6.386
2017,Békés,wheat,5.35,4.546,2017-2018,baseline,4.546
2017,Borsod-Abaúj-Zemplén,barley,5.53,4.228,2017-2018,baseline,4.228
2017,Borsod-Abaúj-Zemplén,maize,7.52,6.708,2017-2018,baseline,6.708
2017,Borsod-Abaúj-Zemplén,wheat,5.66,4.668,2017-2018,baseline,4.668
2017,Csongrád-Csanád,barley,4.94,4.02,2017-2018,baseline,4.02
2017,Csongrád-Csanád,maize,5.52,5.384,2017-2018,baseline,5.384
2017,Csongrád-Csanád,wheat,5.41,4.47,2017-2018,baseline,4.47
2017,Fejér,barley,5.89,5.012,2017-2018,baseline,5.012
2017,Fejér,maize,6.7,6.79,2017-2018,baseline,6.79
2017,Fejér,wheat,5.45,5.334,2017-2018,baseline,5.334
2017,Győr-Moson-Sopron,barley,4.93,4.384,2017-2018,baseline,4.384
2017,Győr-Moson-Sopron,maize,5.68,6.834,2017-2018,baseline,6.834
2017,Győr-Moson-Sopron,wheat,4.77,4.78,2017-2018,baseline,4.78
2017,Hajdú-Bihar,barley,5.6,4.536,2017-2018,baseline,4.536
2017,Hajdú-Bihar,maize,7.93,6.766,2017-2018,baseline,6.766
2017,Hajdú-Bihar,wheat,6.06,4.888,2017-2018,baseline,4.888
2017,Heves,barley,5.34,3.932,2017-2018,baseline,3.932
2017,Heves,maize,5.69,4.866,2017-2018,baseline,4.866
2017,Heves,wheat,5.14,4.156,2017-2018,baseline,4.156
2017,Jász-Nagykun-Szolnok,barley,5.46,4.154,2017-2018,baseline,4.154
2017,Jász-Nagykun-Szolnok,maize,5.47,4.688,2017-2018,baseline,4.688
2017,Jász-Nagykun-Szolnok,wheat,5.19,4.102,2017-2018,baseline,4.102
2017,Komárom-Esztergom,barley,4.91,4.318,2017-2018,baseline,4.318
2017,Komárom-Esztergom,maize,6.04,6.284,2017-2018,baseline,6.284
2017,Komárom-Esztergom,wheat,4.78,4.628,2017-2018,baseline,4.628
2017,Nógrád,barley,3.87,2.936,2017-2018,baseline,2.936
2017,Nógrád,maize,4.88,4.356,2017-2018,baseline,4.356
2017,Nógrád,wheat,4.54,3.698,2017-2018,baseline,3.698
2017,Pest,barley,4.9,4.084,2017-2018,baseline,4.084
2017,Pest,maize,6.16,5.708,2017-2018,baseline,5.708
2017,Pest,wheat,4.96,4.28,2017-2018,baseline,4.28
2017,Somogy,barley,5.78,4.75,2017-2018,baseline,4.75
2017,Somogy,maize,7.93,6.8,2017-2018,baseline,6.8
2017,Somogy,wheat,5.54,5.376,2017-2018,baseline,5.376
2017,Szabolcs-Szatmár-Bereg,barley,4.5,3.798,2017-2018,baseline,3.798
2017,Szabolcs-Szatmár-Bereg,maize,7.95,5.912,2017-2018,baseline,5.912
2017,Szabolcs-Szatmár-Bereg,wheat,5.48,4.406,2017-2018,baseline,4.406
2017,Tolna,barley,6.43,5.38,2017-2018,baseline,5.38
2017,Tolna,maize,8.06,7.03,2017-2018,baseline,7.03
2017,Tolna,wheat,6.51,5.7,2017-2018,baseline,5.7
2017,Vas,barley,5.04,4.358,2017-2018,baseline,4.358
2017,Vas,maize,7.0,6.764,2017-2018,baseline,6.764
2017,Vas,wheat,5.22,5.0,2017-2018,baseline,5.0
2017,Veszprém,barley,4.56,3.736,2017-2018,baseline,3.736
2017,Veszprém,maize,5.46,5.544,2017-2018,baseline,5.544
2017,Veszprém,wheat,4.55,4.26,2017-2018,baseline,4.26
2017,Zala,barley,5.39,4.826,2017-2018,baseline,4.826
2017,Zala,maize,6.67,6.512,2017-2018,baseline,6.512
2017,Zala,wheat,5.5,5.214,2017-2018,baseline,5.214
2018,Bács-Kiskun,barley,4.75,4.588,2017-2018,baseline,4.588
2018,Bács-Kiskun,maize,7.99,6.492,2017-2018,baseline,6.492
2018,Bács-Kiskun,wheat,5.05,5.032,2017-2018,baseline,5.032
2018,Baranya,barley,5.89,5.438,2017-2018,baseline,5.438
2018,Baranya,maize,9.6,7.482,2017-2018,baseline,7.482
2018,Baranya,wheat,6.09,5.994,2017-2018,baseline,5.994
2018,Békés,barley,4.46,4.538,2017-2018,baseline,4.538
2018,Békés,maize,8.36,6.838,2017-2018,baseline,6.838
2018,Békés,wheat,5.1,4.85,2017-2018,baseline,4.85
2018,Borsod-Abaúj-Zemplén,barley,4.74,4.604,2017-2018,baseline,4.604
2018,Borsod-Abaúj-Zemplén,maize,7.11,6.946,2017-2018,baseline,6.946
2018,Borsod-Abaúj-Zemplén,wheat,5.01,5.062,2017-2018,baseline,5.062
2018,Csongrád-Csanád,barley,4.66,4.298,2017-2018,baseline,4.298
2018,Csongrád-Csanád,maize,7.11,5.988,2017-2018,baseline,5.988
2018,Csongrád-Csanád,wheat,4.94,4.772,2017-2018,baseline,4.772
2018,Fejér,barley,5.48,5.438,2017-2018,baseline,5.438
2018,Fejér,maize,10.06,7.314,2017-2018,baseline,7.314
2018,Fejér,wheat,5.82,5.674,2017-2018,baseline,5.674
2018,Győr-Moson-Sopron,barley,4.53,4.674,2017-2018,baseline,4.674
2018,Győr-Moson-Sopron,maize,8.36,6.728,2017-2018,baseline,6.728
2018,Győr-Moson-Sopron,wheat,4.95,4.974,2017-2018,baseline,4.974
2018,Hajdú-Bihar,barley,4.69,4.924,2017-2018,baseline,4.924
2018,Hajdú-Bihar,maize,9.05,7.314,2017-2018,baseline,7.314
2018,Hajdú-Bihar,wheat,5.32,5.284,2017-2018,baseline,5.284
2018,Heves,barley,4.65,4.498,2017-2018,baseline,4.498
2018,Heves,maize,7.53,5.374,2017-2018,baseline,5.374
2018,Heves,wheat,4.76,4.632,2017-2018,baseline,4.632
2018,Jász-Nagykun-Szolnok,barley,4.49,4.6,2017-2018,baseline,4.6
2018,Jász-Nagykun-Szolnok,maize,5.39,5.322,2017-2018,baseline,5.322
2018,Jász-Nagykun-Szolnok,wheat,4.51,4.49,2017-2018,baseline,4.49
2018,Komárom-Esztergom,barley,4.98,4.634,2017-2018,baseline,4.634
2018,Komárom-Esztergom,maize,9.18,6.614,2017-2018,baseline,6.614
2018,Komárom-Esztergom,wheat,5.32,4.888,2017-2018,baseline,4.888
2018,Nógrád,barley,4.09,3.382,2017-2018,baseline,3.382
2018,Nógrád,maize,6.09,4.338,2017-2018,baseline,4.338
2018,Nógrád,wheat,4.86,4.204,2017-2018,baseline,4.204
2018,Pest,barley,4.38,4.502,2017-2018,baseline,4.502
2018,Pest,maize,8.39,6.218,2017-2018,baseline,6.218
2018,Pest,wheat,4.77,4.706,2017-2018,baseline,4.706
2018,Somogy,barley,4.89,5.064,2017-2018,baseline,5.064
2018,Somogy,maize,10.13,7.748,2017-2018,baseline,7.748
2018,Somogy,wheat,5.39,5.602,2017-2018,baseline,5.602
2018,Szabolcs-Szatmár-Bereg,barley,4.36,4.142,2017-2018,baseline,4.142
2018,Szabolcs-Szatmár-Bereg,maize,6.93,6.658,2017-2018,baseline,6.658
2018,Szabolcs-Szatmár-Bereg,wheat,4.85,4.818,2017-2018,baseline,4.818
2018,Tolna,barley,5.5,5.794,2017-2018,baseline,5.794
2018,Tolna,maize,9.78,7.986,2017-2018,baseline,7.986
2018,Tolna,wheat,5.88,6.108,2017-2018,baseline,6.108
2018,Vas,barley,4.2,4.626,2017-2018,baseline,4.626
2018,Vas,maize,7.91,7.102,2017-2018,baseline,7.102
2018,Vas,wheat,5.11,5.246,2017-2018,baseline,5.246
2018,Veszprém,barley,3.63,4.038,2017-2018,baseline,4.038
2018,Veszprém,maize,7.75,5.822,2017-2018,baseline,5.822
2018,Veszprém,wheat,4.58,4.53,2017-2018,baseline,4.53
2018,Zala,barley,4.76,5.03,2017-2018,baseline,5.03
2018,Zala,maize,9.59,6.938,2017-2018,baseline,6.938
2018,Zala,wheat,5.13,5.408,2017-2018,baseline,5.408
2017,Bács-Kiskun,barley,5.02,4.346,2017-2018,no_soil,5.088567733764648
2017,Bács-Kiskun,maize,6.19,5.86,2017-2018,no_soil,6.286885738372803
2017,Bács-Kiskun,wheat,5.65,4.668,2017-2018,no_soil,5.56492805480957
2017,Baranya,barley,6.4,5.192,2017-2018,no_soil,5.905569553375244
2017,Baranya,maize,7.26,6.82,2017-2018,no_soil,6.58189058303833
2017,Baranya,wheat,6.45,5.792,2017-2018,no_soil,5.885836601257324
2017,Békés,barley,5.02,4.256,2017-2018,no_soil,4.888941287994385
2017,Békés,maize,5.68,6.386,2017-2018,no_soil,8.376976013183594
2017,Békés,wheat,5.35,4.546,2017-2018,no_soil,5.002880573272705
2017,Borsod-Abaúj-Zemplén,barley,5.53,4.228,2017-2018,no_soil,4.551707744598389
2017,Borsod-Abaúj-Zemplén,maize,7.52,6.708,2017-2018,no_soil,6.175356388092041
2017,Borsod-Abaúj-Zemplén,wheat,5.66,4.668,2017-2018,no_soil,5.047281265258789
2017,Csongrád-Csanád,barley,4.94,4.02,2017-2018,no_soil,4.710387229919434
2017,Csongrád-Csanád,maize,5.52,5.384,2017-2018,no_soil,6.029098987579346
2017,Csongrád-Csanád,wheat,5.41,4.47,2017-2018,no_soil,4.927257061004639
2017,Fejér,barley,5.89,5.012,2017-2018,no_soil,5.606233596801758
2017,Fejér,maize,6.7,6.79,2017-2018,no_soil,6.271969795227051
2017,Fejér,wheat,5.45,5.334,2017-2018,no_soil,5.696535110473633
2017,Győr-Moson-Sopron,barley,4.93,4.384,2017-2018,no_soil,4.8178629875183105
2017,Győr-Moson-Sopron,maize,5.68,6.834,2017-2018,no_soil,6.718865871429443
2017,Győr-Moson-Sopron,wheat,4.77,4.78,2017-2018,no_soil,5.323680877685547
2017,Hajdú-Bihar,barley,5.6,4.536,2017-2018,no_soil,4.61287260055542
2017,Hajdú-Bihar,maize,7.93,6.766,2017-2018,no_soil,6.815798759460449
2017,Hajdú-Bihar,wheat,6.06,4.888,2017-2018,no_soil,5.127276420593262
2017,Heves,barley,5.34,3.932,2017-2018,no_soil,4.508894443511963
2017,Heves,maize,5.69,4.866,2017-2018,no_soil,6.4257636070251465
2017,Heves,wheat,5.14,4.156,2017-2018,no_soil,4.7713727951049805
2017,Jász-Nagykun-Szolnok,barley,5.46,4.154,2017-2018,no_soil,4.76391077041626
2017,Jász-Nagykun-Szolnok,maize,5.47,4.688,2017-2018,no_soil,4.804802417755127
2017,Jász-Nagykun-Szolnok,wheat,5.19,4.102,2017-2018,no_soil,4.804160118103027
2017,Komárom-Esztergom,barley,4.91,4.318,2017-2018,no_soil,4.739898681640625
2017,Komárom-Esztergom,maize,6.04,6.284,2017-2018,no_soil,7.001865863800049
2017,Komárom-Esztergom,wheat,4.78,4.628,2017-2018,no_soil,5.028883457183838
2017,Nógrád,barley,3.87,2.936,2017-2018,no_soil,3.342501401901245
2017,Nógrád,maize,4.88,4.356,2017-2018,no_soil,5.06111478805542
2017,Nógrád,wheat,4.54,3.698,2017-2018,no_soil,3.9619972705841064
2017,Pest,barley,4.9,4.084,2017-2018,no_soil,4.712600231170654
2017,Pest,maize,6.16,5.708,2017-2018,no_soil,6.720703125
2017,Pest,wheat,4.96,4.28,2017-2018,no_soil,4.921456813812256
2017,Somogy,barley,5.78,4.75,2017-2018,no_soil,5.531508445739746
2017,Somogy,maize,7.93,6.8,2017-2018,no_soil,6.450558185577393
2017,Somogy,wheat,5.54,5.376,2017-2018,no_soil,5.872310638427734
2017,Szabolcs-Szatmár-Bereg,barley,4.5,3.798,2017-2018,no_soil,4.224882125854492
2017,Szabolcs-Szatmár-Bereg,maize,7.95,5.912,2017-2018,no_soil,7.37624979019165
2017,Szabolcs-Szatmár-Bereg,wheat,5.48,4.406,2017-2018,no_soil,4.813988208770752
2017,Tolna,barley,6.43,5.38,2017-2018,no_soil,5.996302604675293
2017,Tolna,maize,8.06,7.03,2017-2018,no_soil,7.364343643188477
2017,Tolna,wheat,6.51,5.7,2017-2018,no_soil,6.0879106521606445
2017,Vas,barley,5.04,4.358,2017-2018,no_soil,4.6416144371032715
2017,Vas,maize,7.0,6.764,2017-2018,no_soil,5.579819202423096
2017,Vas,wheat,5.22,5.0,2017-2018,no_soil,5.438479900360107
2017,Veszprém,barley,4.56,3.736,2017-2018,no_soil,4.294045925140381
2017,Veszprém,maize,5.46,5.544,2017-2018,no_soil,7.046456336975098
2017,Veszprém,wheat,4.55,4.26,2017-2018,no_soil,4.910952091217041
2017,Zala,barley,5.39,4.826,2017-2018,no_soil,5.435688495635986
2017,Zala,maize,6.67,6.512,2017-2018,no_soil,7.292761325836182
2017,Zala,wheat,5.5,5.214,2017-2018,no_soil,5.5605082511901855
2018,Bács-Kiskun,barley,4.75,4.588,2017-2018,no_soil,5.251624584197998
2018,Bács-Kiskun,maize,7.99,6.492,2017-2018,no_soil,8.605695724487305
2018,Bács-Kiskun,wheat,5.05,5.032,2017-2018,no_soil,5.753198146820068
2018,Baranya,barley,5.89,5.438,2017-2018,no_soil,5.976445198059082
2018,Baranya,maize,9.6,7.482,2017-2018,no_soil,7.2990899085998535
2018,Baranya,wheat,6.09,5.994,2017-2018,no_soil,6.051562309265137
2018,Békés,barley,4.46,4.538,2017-2018,no_soil,4.892271995544434
2018,Békés,maize,8.36,6.838,2017-2018,no_soil,6.940915584564209
2018,Békés,wheat,5.1,4.85,2017-2018,no_soil,5.320505142211914
2018,Borsod-Abaúj-Zemplén,barley,4.74,4.604,2017-2018,no_soil,4.693347454071045
2018,Borsod-Abaúj-Zemplén,maize,7.11,6.946,2017-2018,no_soil,6.680910587310791
2018,Borsod-Abaúj-Zemplén,wheat,5.01,5.062,2017-2018,no_soil,5.278393268585205
2018,Csongrád-Csanád,barley,4.66,4.298,2017-2018,no_soil,4.858686447143555
2018,Csongrád-Csanád,maize,7.11,5.988,2017-2018,no_soil,8.264032363891602
2018,Csongrád-Csanád,wheat,4.94,4.772,2017-2018,no_soil,5.334872245788574
2018,Fejér,barley,5.48,5.438,2017-2018,no_soil,5.730158805847168
2018,Fejér,maize,10.06,7.314,2017-2018,no_soil,7.158727169036865
2018,Fejér,wheat,5.82,5.674,2017-2018,no_soil,5.777672290802002
2018,Győr-Moson-Sopron,barley,4.53,4.674,2017-2018,no_soil,5.2251811027526855
2018,Győr-Moson-Sopron,maize,8.36,6.728,2017-2018,no_soil,7.100618362426758
2018,Győr-Moson-Sopron,wheat,4.95,4.974,2017-2018,no_soil,5.368951797485352
2018,Hajdú-Bihar,barley,4.69,4.924,2017-2018,no_soil,5.1664347648620605
2018,Hajdú-Bihar,maize,9.05,7.314,2017-2018,no_soil,7.679343223571777
2018,Hajdú-Bihar,wheat,5.32,5.284,2017-2018,no_soil,5.4227399826049805
2018,Heves,barley,4.65,4.498,2017-2018,no_soil,4.751347064971924
2018,Heves,maize,7.53,5.374,2017-2018,no_soil,6.769071578979492
2018,Heves,wheat,4.76,4.632,2017-2018,no_soil,4.955059051513672
2018,Jász-Nagykun-Szolnok,barley,4.49,4.6,2017-2018,no_soil,4.94085693359375
2018,Jász-Nagykun-Szolnok,maize,5.39,5.322,2017-2018,no_soil,4.674332618713379
2018,Jász-Nagykun-Szolnok,wheat,4.51,4.49,2017-2018,no_soil,4.871913909912109
2018,Komárom-Esztergom,barley,4.98,4.634,2017-2018,no_soil,4.960343837738037
2018,Komárom-Esztergom,maize,9.18,6.614,2017-2018,no_soil,7.958590030670166
2018,Komárom-Esztergom,wheat,5.32,4.888,2017-2018,no_soil,5.320216655731201
2018,Nógrád,barley,4.09,3.382,2017-2018,no_soil,3.7800517082214355
2018,Nógrád,maize,6.09,4.338,2017-2018,no_soil,4.8610124588012695
2018,Nógrád,wheat,4.86,4.204,2017-2018,no_soil,4.493496417999268
2018,Pest,barley,4.38,4.502,2017-2018,no_soil,4.850030899047852
2018,Pest,maize,8.39,6.218,2017-2018,no_soil,7.236247539520264
2018,Pest,wheat,4.77,4.706,2017-2018,no_soil,5.274941921234131
2018,Somogy,barley,4.89,5.064,2017-2018,no_soil,5.726839065551758
2018,Somogy,maize,10.13,7.748,2017-2018,no_soil,6.743497371673584
2018,Somogy,wheat,5.39,5.602,2017-2018,no_soil,5.81886100769043
2018,Szabolcs-Szatmár-Bereg,barley,4.36,4.142,2017-2018,no_soil,4.559061050415039
2018,Szabolcs-Szatmár-Bereg,maize,6.93,6.658,2017-2018,no_soil,5.795045375823975
2018,Szabolcs-Szatmár-Bereg,wheat,4.85,4.818,2017-2018,no_soil,5.222036361694336
2018,Tolna,barley,5.5,5.794,2017-2018,no_soil,5.619998931884766
2018,Tolna,maize,9.78,7.986,2017-2018,no_soil,7.784148693084717
2018,Tolna,wheat,5.88,6.108,2017-2018,no_soil,5.578217506408691
2018,Vas,barley,4.2,4.626,2017-2018,no_soil,4.932739734649658
2018,Vas,maize,7.91,7.102,2017-2018,no_soil,6.91677713394165
2018,Vas,wheat,5.11,5.246,2017-2018,no_soil,5.534092903137207
2018,Veszprém,barley,3.63,4.038,2017-2018,no_soil,4.730663299560547
2018,Veszprém,maize,7.75,5.822,2017-2018,no_soil,6.993716716766357
2018,Veszprém,wheat,4.58,4.53,2017-2018,no_soil,5.042970180511475
2018,Zala,barley,4.76,5.03,2017-2018,no_soil,5.680006504058838
2018,Zala,maize,9.59,6.938,2017-2018,no_soil,7.374425411224365
2018,Zala,wheat,5.13,5.408,2017-2018,no_soil,5.840137958526611
2017,Bács-Kiskun,barley,5.02,4.346,2017-2018,soil,5.0103912353515625
2017,Bács-Kiskun,maize,6.19,5.86,2017-2018,soil,6.347126483917236
2017,Bács-Kiskun,wheat,5.65,4.668,2017-2018,soil,5.492371082305908
2017,Baranya,barley,6.4,5.192,2017-2018,soil,5.843057155609131
2017,Baranya,maize,7.26,6.82,2017-2018,soil,6.292280197143555
2017,Baranya,wheat,6.45,5.792,2017-2018,soil,5.689472198486328
2017,Békés,barley,5.02,4.256,2017-2018,soil,4.84202766418457
2017,Békés,maize,5.68,6.386,2017-2018,soil,7.859851360321045
2017,Békés,wheat,5.35,4.546,2017-2018,soil,4.8646240234375
2017,Borsod-Abaúj-Zemplén,barley,5.53,4.228,2017-2018,soil,4.663872718811035
2017,Borsod-Abaúj-Zemplén,maize,7.52,6.708,2017-2018,soil,6.451569080352783
2017,Borsod-Abaúj-Zemplén,wheat,5.66,4.668,2017-2018,soil,5.143505573272705
2017,Csongrád-Csanád,barley,4.94,4.02,2017-2018,soil,4.628016471862793
2017,Csongrád-Csanád,maize,5.52,5.384,2017-2018,soil,5.643942356109619
2017,Csongrád-Csanád,wheat,5.41,4.47,2017-2018,soil,4.870420455932617
2017,Fejér,barley,5.89,5.012,2017-2018,soil,5.951347351074219
2017,Fejér,maize,6.7,6.79,2017-2018,soil,6.797464370727539
2017,Fejér,wheat,5.45,5.334,2017-2018,soil,5.944110870361328
2017,Győr-Moson-Sopron,barley,4.93,4.384,2017-2018,soil,5.002575397491455
2017,Győr-Moson-Sopron,maize,5.68,6.834,2017-2018,soil,7.093563556671143
2017,Győr-Moson-Sopron,wheat,4.77,4.78,2017-2018,soil,5.462496280670166
2017,Hajdú-Bihar,barley,5.6,4.536,2017-2018,soil,4.880988121032715
2017,Hajdú-Bihar,maize,7.93,6.766,2017-2018,soil,6.877561092376709
2017,Hajdú-Bihar,wheat,6.06,4.888,2017-2018,soil,5.418488025665283
2017,Heves,barley,5.34,3.932,2017-2018,soil,4.425688743591309
2017,Heves,maize,5.69,4.866,2017-2018,soil,5.7603349685668945
2017,Heves,wheat,5.14,4.156,2017-2018,soil,4.604776382446289
2017,Jász-Nagykun-Szolnok,barley,5.46,4.154,2017-2018,soil,4.5517578125
2017,Jász-Nagykun-Szolnok,maize,5.47,4.688,2017-2018,soil,5.024226188659668
2017,Jász-Nagykun-Szolnok,wheat,5.19,4.102,2017-2018,soil,4.588047504425049
2017,Komárom-Esztergom,barley,4.91,4.318,2017-2018,soil,5.06954288482666
2017,Komárom-Esztergom,maize,6.04,6.284,2017-2018,soil,7.45995569229126
2017,Komárom-Esztergom,wheat,4.78,4.628,2017-2018,soil,5.413322925567627
2017,Nógrád,barley,3.87,2.936,2017-2018,soil,3.397756576538086
2017,Nógrád,maize,4.88,4.356,2017-2018,soil,5.241524696350098
2017,Nógrád,wheat,4.54,3.698,2017-2018,soil,3.864866018295288
2017,Pest,barley,4.9,4.084,2017-2018,soil,4.7351579666137695
2017,Pest,maize,6.16,5.708,2017-2018,soil,7.127099514007568
2017,Pest,wheat,4.96,4.28,2017-2018,soil,4.950915813446045
2017,Somogy,barley,5.78,4.75,2017-2018,soil,5.646849632263184
2017,Somogy,maize,7.93,6.8,2017-2018,soil,6.117032527923584
2017,Somogy,wheat,5.54,5.376,2017-2018,soil,5.848336696624756
2017,Szabolcs-Szatmár-Bereg,barley,4.5,3.798,2017-2018,soil,4.308953762054443
2017,Szabolcs-Szatmár-Bereg,maize,7.95,5.912,2017-2018,soil,7.404530048370361
2017,Szabolcs-Szatmár-Bereg,wheat,5.48,4.406,2017-2018,soil,4.8524556159973145
2017,Tolna,barley,6.43,5.38,2017-2018,soil,5.698178291320801
2017,Tolna,maize,8.06,7.03,2017-2018,soil,7.348426818847656
2017,Tolna,wheat,6.51,5.7,2017-2018,soil,5.922325134277344
2017,Vas,barley,5.04,4.358,2017-2018,soil,5.025970458984375
2017,Vas,maize,7.0,6.764,2017-2018,soil,6.090789794921875
2017,Vas,wheat,5.22,5.0,2017-2018,soil,5.743860721588135
2017,Veszprém,barley,4.56,3.736,2017-2018,soil,4.31034517288208
2017,Veszprém,maize,5.46,5.544,2017-2018,soil,7.136018753051758
2017,Veszprém,wheat,4.55,4.26,2017-2018,soil,4.876633644104004
2017,Zala,barley,5.39,4.826,2017-2018,soil,5.5444183349609375
2017,Zala,maize,6.67,6.512,2017-2018,soil,6.879473686218262
2017,Zala,wheat,5.5,5.214,2017-2018,soil,5.710367679595947
2018,Bács-Kiskun,barley,4.75,4.588,2017-2018,soil,5.176206111907959
2018,Bács-Kiskun,maize,7.99,6.492,2017-2018,soil,7.213464736938477
2018,Bács-Kiskun,wheat,5.05,5.032,2017-2018,soil,5.669846534729004
2018,Baranya,barley,5.89,5.438,2017-2018,soil,5.767800331115723
2018,Baranya,maize,9.6,7.482,2017-2018,soil,7.593461036682129
2018,Baranya,wheat,6.09,5.994,2017-2018,soil,6.08292293548584
2018,Békés,barley,4.46,4.538,2017-2018,soil,4.770862102508545
2018,Békés,maize,8.36,6.838,2017-2018,soil,6.29847526550293
2018,Békés,wheat,5.1,4.85,2017-2018,soil,5.165867328643799
2018,Borsod-Abaúj-Zemplén,barley,4.74,4.604,2017-2018,soil,4.930523872375488
2018,Borsod-Abaúj-Zemplén,maize,7.11,6.946,2017-2018,soil,6.289462566375732
2018,Borsod-Abaúj-Zemplén,wheat,5.01,5.062,2017-2018,soil,5.399740219116211
2018,Csongrád-Csanád,barley,4.66,4.298,2017-2018,soil,4.726079940795898
2018,Csongrád-Csanád,maize,7.11,5.988,2017-2018,soil,7.182779312133789
2018,Csongrád-Csanád,wheat,4.94,4.772,2017-2018,soil,5.239741325378418
2018,Fejér,barley,5.48,5.438,2017-2018,soil,5.8580403327941895
2018,Fejér,maize,10.06,7.314,2017-2018,soil,7.760731220245361
2018,Fejér,wheat,5.82,5.674,2017-2018,soil,6.145335674285889
2018,Győr-Moson-Sopron,barley,4.53,4.674,2017-2018,soil,5.3855390548706055
2018,Győr-Moson-Sopron,maize,8.36,6.728,2017-2018,soil,7.440402507781982
2018,Győr-Moson-Sopron,wheat,4.95,4.974,2017-2018,soil,5.558316230773926
2018,Hajdú-Bihar,barley,4.69,4.924,2017-2018,soil,5.341513633728027
2018,Hajdú-Bihar,maize,9.05,7.314,2017-2018,soil,7.753225326538086
2018,Hajdú-Bihar,wheat,5.32,5.284,2017-2018,soil,5.440598011016846
2018,Heves,barley,4.65,4.498,2017-2018,soil,4.471539497375488
2018,Heves,maize,7.53,5.374,2017-2018,soil,6.097866535186768
2018,Heves,wheat,4.76,4.632,2017-2018,soil,4.663787841796875
2018,Jász-Nagykun-Szolnok,barley,4.49,4.6,2017-2018,soil,4.664022922515869
2018,Jász-Nagykun-Szolnok,maize,5.39,5.322,2017-2018,soil,5.02932071685791
2018,Jász-Nagykun-Szolnok,wheat,4.51,4.49,2017-2018,soil,4.564572811126709
2018,Komárom-Esztergom,barley,4.98,4.634,2017-2018,soil,5.290176868438721
2018,Komárom-Esztergom,maize,9.18,6.614,2017-2018,soil,8.218766212463379
2018,Komárom-Esztergom,wheat,5.32,4.888,2017-2018,soil,5.738150119781494
2018,Nógrád,barley,4.09,3.382,2017-2018,soil,3.6548821926116943
2018,Nógrád,maize,6.09,4.338,2017-2018,soil,4.838974952697754
2018,Nógrád,wheat,4.86,4.204,2017-2018,soil,4.340177059173584
2018,Pest,barley,4.38,4.502,2017-2018,soil,4.766716957092285
2018,Pest,maize,8.39,6.218,2017-2018,soil,7.088479995727539
2018,Pest,wheat,4.77,4.706,2017-2018,soil,5.2419114112854
2018,Somogy,barley,4.89,5.064,2017-2018,soil,5.78649377822876
2018,Somogy,maize,10.13,7.748,2017-2018,soil,6.744202613830566
2018,Somogy,wheat,5.39,5.602,2017-2018,soil,5.681649684906006
2018,Szabolcs-Szatmár-Bereg,barley,4.36,4.142,2017-2018,soil,4.574620246887207
2018,Szabolcs-Szatmár-Bereg,maize,6.93,6.658,2017-2018,soil,5.501186847686768
2018,Szabolcs-Szatmár-Bereg,wheat,4.85,4.818,2017-2018,soil,5.175371170043945
2018,Tolna,barley,5.5,5.794,2017-2018,soil,5.459359169006348
2018,Tolna,maize,9.78,7.986,2017-2018,soil,7.716050148010254
2018,Tolna,wheat,5.88,6.108,2017-2018,soil,5.724862098693848
2018,Vas,barley,4.2,4.626,2017-2018,soil,5.241720199584961
2018,Vas,maize,7.91,7.102,2017-2018,soil,7.348457336425781
2018,Vas,wheat,5.11,5.246,2017-2018,soil,5.754608154296875
2018,Veszprém,barley,3.63,4.038,2017-2018,soil,4.805335998535156
2018,Veszprém,maize,7.75,5.822,2017-2018,soil,7.398535251617432
2018,Veszprém,wheat,4.58,4.53,2017-2018,soil,5.059743881225586
2018,Zala,barley,4.76,5.03,2017-2018,soil,5.6408467292785645
2018,Zala,maize,9.59,6.938,2017-2018,soil,7.101476669311523
2018,Zala,wheat,5.13,5.408,2017-2018,soil,5.676429748535156
2017,Bács-Kiskun,barley,5.02,4.346,2017-2018,county,4.988898754119873
2017,Bács-Kiskun,maize,6.19,5.86,2017-2018,county,6.498782157897949
2017,Bács-Kiskun,wheat,5.65,4.668,2017-2018,county,5.447010517120361
2017,Baranya,barley,6.4,5.192,2017-2018,county,5.751352310180664
2017,Baranya,maize,7.26,6.82,2017-2018,county,6.458194732666016
2017,Baranya,wheat,6.45,5.792,2017-2018,county,5.5697736740112305
2017,Békés,barley,5.02,4.256,2017-2018,county,4.819601058959961
2017,Békés,maize,5.68,6.386,2017-2018,county,7.764535427093506
2017,Békés,wheat,5.35,4.546,2017-2018,county,4.971292495727539
2017,Borsod-Abaúj-Zemplén,barley,5.53,4.228,2017-2018,county,4.92411470413208
2017,Borsod-Abaúj-Zemplén,maize,7.52,6.708,2017-2018,county,5.950515270233154
2017,Borsod-Abaúj-Zemplén,wheat,5.66,4.668,2017-2018,county,5.407434940338135
2017,Csongrád-Csanád,barley,4.94,4.02,2017-2018,county,4.560328960418701
2017,Csongrád-Csanád,maize,5.52,5.384,2017-2018,county,5.969184875488281
2017,Csongrád-Csanád,wheat,5.41,4.47,2017-2018,county,4.63016414642334
2017,Fejér,barley,5.89,5.012,2017-2018,county,6.063916206359863
2017,Fejér,maize,6.7,6.79,2017-2018,county,6.587584972381592
2017,Fejér,wheat,5.45,5.334,2017-2018,county,6.130192279815674
2017,Győr-Moson-Sopron,barley,4.93,4.384,2017-2018,county,4.878697395324707
2017,Győr-Moson-Sopron,maize,5.68,6.834,2017-2018,county,6.528976917266846
2017,Győr-Moson-Sopron,wheat,4.77,4.78,2017-2018,county,5.354991912841797
2017,Hajdú-Bihar,barley,5.6,4.536,2017-2018,county,4.840044975280762
2017,Hajdú-Bihar,maize,7.93,6.766,2017-2018,county,6.708111763000488
2017,Hajdú-Bihar,wheat,6.06,4.888,2017-2018,county,5.339385509490967
2017,Heves,barley,5.34,3.932,2017-2018,county,4.351171016693115
2017,Heves,maize,5.69,4.866,2017-2018,county,6.065008163452148
2017,Heves,wheat,5.14,4.156,2017-2018,county,4.558329105377197
2017,Jász-Nagykun-Szolnok,barley,5.46,4.154,2017-2018,county,4.528273582458496
2017,Jász-Nagykun-Szolnok,maize,5.47,4.688,2017-2018,county,4.839454650878906
2017,Jász-Nagykun-Szolnok,wheat,5.19,4.102,2017-2018,county,4.611056327819824
2017,Komárom-Esztergom,barley,4.91,4.318,2017-2018,county,4.89119815826416
2017,Komárom-Esztergom,maize,6.04,6.284,2017-2018,county,7.45244026184082
2017,Komárom-Esztergom,wheat,4.78,4.628,2017-2018,county,5.255597114562988
2017,Nógrád,barley,3.87,2.936,2017-2018,county,3.40144944190979
2017,Nógrád,maize,4.88,4.356,2017-2018,county,5.136059284210205
2017,Nógrád,wheat,4.54,3.698,2017-2018,county,3.927915334701538
2017,Pest,barley,4.9,4.084,2017-2018,county,4.739040374755859
2017,Pest,maize,6.16,5.708,2017-2018,county,6.859680652618408
2017,Pest,wheat,4.96,4.28,2017-2018,county,4.941400051116943
2017,Somogy,barley,5.78,4.75,2017-2018,county,5.732718467712402
2017,Somogy,maize,7.93,6.8,2017-2018,county,5.811053276062012
2017,Somogy,wheat,5.54,5.376,2017-2018,county,5.857446670532227
2017,Szabolcs-Szatmár-Bereg,barley,4.5,3.798,2017-2018,county,4.183562755584717
2017,Szabolcs-Szatmár-Bereg,maize,7.95,5.912,2017-2018,county,6.8922014236450195
2017,Szabolcs-Szatmár-Bereg,wheat,5.48,4.406,2017-2018,county,4.697900295257568
2017,Tolna,barley,6.43,5.38,2017-2018,county,5.829984664916992
2017,Tolna,maize,8.06,7.03,2017-2018,county,7.310824394226074
2017,Tolna,wheat,6.51,5.7,2017-2018,county,5.8818840980529785
2017,Vas,barley,5.04,4.358,2017-2018,county,4.927412033081055
2017,Vas,maize,7.0,6.764,2017-2018,county,5.706364631652832
2017,Vas,wheat,5.22,5.0,2017-2018,county,5.652967929840088
2017,Veszprém,barley,4.56,3.736,2017-2018,county,4.266839027404785
2017,Veszprém,maize,5.46,5.544,2017-2018,county,6.677628993988037
2017,Veszprém,wheat,4.55,4.26,2017-2018,county,4.88356351852417
2017,Zala,barley,5.39,4.826,2017-2018,county,5.463630199432373
2017,Zala,maize,6.67,6.512,2017-2018,county,7.246429920196533
2017,Zala,wheat,5.5,5.214,2017-2018,county,5.46581506729126
2018,Bács-Kiskun,barley,4.75,4.588,2017-2018,county,5.168930530548096
2018,Bács-Kiskun,maize,7.99,6.492,2017-2018,county,8.111743927001953
2018,Bács-Kiskun,wheat,5.05,5.032,2017-2018,county,5.447384357452393
2018,Baranya,barley,5.89,5.438,2017-2018,county,5.760161876678467
2018,Baranya,maize,9.6,7.482,2017-2018,county,7.561811923980713
2018,Baranya,wheat,6.09,5.994,2017-2018,county,5.894082546234131
2018,Békés,barley,4.46,4.538,2017-2018,county,4.812375545501709
2018,Békés,maize,8.36,6.838,2017-2018,county,6.3862762451171875
2018,Békés,wheat,5.1,4.85,2017-2018,county,5.286083698272705
2018,Borsod-Abaúj-Zemplén,barley,4.74,4.604,2017-2018,county,5.086881160736084
2018,Borsod-Abaúj-Zemplén,maize,7.11,6.946,2017-2018,county,6.645917892456055
2018,Borsod-Abaúj-Zemplén,wheat,5.01,5.062,2017-2018,county,5.574979782104492
2018,Csongrád-Csanád,barley,4.66,4.298,2017-2018,county,4.575384140014648
2018,Csongrád-Csanád,maize,7.11,5.988,2017-2018,county,7.608872413635254
2018,Csongrád-Csanád,wheat,4.94,4.772,2017-2018,county,5.042140483856201
2018,Fejér,barley,5.48,5.438,2017-2018,county,6.030292987823486
2018,Fejér,maize,10.06,7.314,2017-2018,county,7.1916823387146
2018,Fejér,wheat,5.82,5.674,2017-2018,county,6.088949203491211
2018,Győr-Moson-Sopron,barley,4.53,4.674,2017-2018,county,5.221099853515625
2018,Győr-Moson-Sopron,maize,8.36,6.728,2017-2018,county,7.215892314910889
2018,Győr-Moson-Sopron,wheat,4.95,4.974,2017-2018,county,5.3568243980407715
2018,Hajdú-Bihar,barley,4.69,4.924,2017-2018,county,5.218295097351074
2018,Hajdú-Bihar,maize,9.05,7.314,2017-2018,county,7.722367763519287
2018,Hajdú-Bihar,wheat,5.32,5.284,2017-2018,county,5.279465675354004
2018,Heves,barley,4.65,4.498,2017-2018,county,4.5357985496521
2018,Heves,maize,7.53,5.374,2017-2018,county,6.262814044952393
2018,Heves,wheat,4.76,4.632,2017-2018,county,4.76555061340332
2018,Jász-Nagykun-Szolnok,barley,4.49,4.6,2017-2018,county,4.7250447273254395
2018,Jász-Nagykun-Szolnok,maize,5.39,5.322,2017-2018,county,4.61272668838501
2018,Jász-Nagykun-Szolnok,wheat,4.51,4.49,2017-2018,county,4.654438495635986
2018,Komárom-Esztergom,barley,4.98,4.634,2017-2018,county,5.116672515869141
2018,Komárom-Esztergom,maize,9.18,6.614,2017-2018,county,7.858860969543457
2018,Komárom-Esztergom,wheat,5.32,4.888,2017-2018,county,5.5094895362854
2018,Nógrád,barley,4.09,3.382,2017-2018,county,3.6542766094207764
2018,Nógrád,maize,6.09,4.338,2017-2018,county,4.862026214599609
2018,Nógrád,wheat,4.86,4.204,2017-2018,county,4.36615514755249
2018,Pest,barley,4.38,4.502,2017-2018,county,4.776496410369873
2018,Pest,maize,8.39,6.218,2017-2018,county,7.030299186706543
2018,Pest,wheat,4.77,4.706,2017-2018,county,5.228804588317871
2018,Somogy,barley,4.89,5.064,2017-2018,county,5.8344316482543945
2018,Somogy,maize,10.13,7.748,2017-2018,county,6.246885776519775
2018,Somogy,wheat,5.39,5.602,2017-2018,county,5.8398213386535645
2018,Szabolcs-Szatmár-Bereg,barley,4.36,4.142,2017-2018,county,4.4546613693237305
2018,Szabolcs-Szatmár-Bereg,maize,6.93,6.658,2017-2018,county,5.592400074005127
2018,Szabolcs-Szatmár-Bereg,wheat,4.85,4.818,2017-2018,county,5.060597896575928
2018,Tolna,barley,5.5,5.794,2017-2018,county,5.5854363441467285
2018,Tolna,maize,9.78,7.986,2017-2018,county,7.863470554351807
2018,Tolna,wheat,5.88,6.108,2017-2018,county,5.8106794357299805
2018,Vas,barley,4.2,4.626,2017-2018,county,5.174721717834473
2018,Vas,maize,7.91,7.102,2017-2018,county,6.828089237213135
2018,Vas,wheat,5.11,5.246,2017-2018,county,5.647662162780762
2018,Veszprém,barley,3.63,4.038,2017-2018,county,4.683950901031494
2018,Veszprém,maize,7.75,5.822,2017-2018,county,6.824832439422607
2018,Veszprém,wheat,4.58,4.53,2017-2018,county,5.0018768310546875
2018,Zala,barley,4.76,5.03,2017-2018,county,5.564239025115967
2018,Zala,maize,9.59,6.938,2017-2018,county,7.1107025146484375
2018,Zala,wheat,5.13,5.408,2017-2018,county,5.61959171295166
2019,Bács-Kiskun,barley,5.61,4.692,2019-2020,baseline,4.692
2019,Bács-Kiskun,maize,7.27,7.126,2019-2020,baseline,7.126
2019,Bács-Kiskun,wheat,5.18,5.152,2019-2020,baseline,5.152
2019,Baranya,barley,6.52,5.67,2019-2020,baseline,5.67
2019,Baranya,maize,9.45,8.208,2019-2020,baseline,8.208
2019,Baranya,wheat,6.19,6.114,2019-2020,baseline,6.114
2019,Békés,barley,5.09,4.614,2019-2020,baseline,4.614
2019,Békés,maize,8.12,7.328,2019-2020,baseline,7.328
2019,Békés,wheat,4.59,4.938,2019-2020,baseline,4.938
2019,Borsod-Abaúj-Zemplén,barley,5.27,4.88,2019-2020,baseline,4.88
2019,Borsod-Abaúj-Zemplén,maize,8.67,7.172,2019-2020,baseline,7.172
2019,Borsod-Abaúj-Zemplén,wheat,5.35,5.186,2019-2020,baseline,5.186
2019,Csongrád-Csanád,barley,4.89,4.44,2019-2020,baseline,4.44
2019,Csongrád-Csanád,maize,6.85,6.438,2019-2020,baseline,6.438
2019,Csongrád-Csanád,wheat,4.45,4.81,2019-2020,baseline,4.81
2019,Fejér,barley,6.22,5.63,2019-2020,baseline,5.63
2019,Fejér,maize,8.08,8.144,2019-2020,baseline,8.144
2019,Fejér,wheat,5.59,5.816,2019-2020,baseline,5.816
2019,Győr-Moson-Sopron,barley,5.46,4.88,2019-2020,baseline,4.88
2019,Győr-Moson-Sopron,maize,6.32,7.294,2019-2020,baseline,7.294
2019,Győr-Moson-Sopron,wheat,5.42,5.046,2019-2020,baseline,5.046
2019,Hajdú-Bihar,barley,5.83,5.058,2019-2020,baseline,5.058
2019,Hajdú-Bihar,maize,8.76,7.908,2019-2020,baseline,7.908
2019,Hajdú-Bihar,wheat,5.44,5.408,2019-2020,baseline,5.408
2019,Heves,barley,6.04,4.692,2019-2020,baseline,4.692
2019,Heves,maize,8.71,6.006,2019-2020,baseline,6.006
2019,Heves,wheat,5.44,4.738,2019-2020,baseline,4.738
2019,Jász-Nagykun-Szolnok,barley,5.4,4.726,2019-2020,baseline,4.726
2019,Jász-Nagykun-Szolnok,maize,6.2,5.6,2019-2020,baseline,5.6
2019,Jász-Nagykun-Szolnok,wheat,4.98,4.564,2019-2020,baseline,4.564
2019,Komárom-Esztergom,barley,5.75,4.83,2019-2020,baseline,4.83
2019,Komárom-Esztergom,maize,7.5,7.304,2019-2020,baseline,7.304
2019,Komárom-Esztergom,wheat,5.6,5.108,2019-2020,baseline,5.108
2019,Nógrád,barley,4.38,3.642,2019-2020,baseline,3.642
2019,Nógrád,maize,6.74,4.96,2019-2020,baseline,4.96
2019,Nógrád,wheat,5.59,4.396,2019-2020,baseline,4.396
2019,Pest,barley,4.74,4.586,2019-2020,baseline,4.586
2019,Pest,maize,7.65,6.962,2019-2020,baseline,6.962
2019,Pest,wheat,4.74,4.806,2019-2020,baseline,4.806
2019,Somogy,barley,6.44,5.154,2019-2020,baseline,5.154
2019,Somogy,maize,9.72,8.718,2019-2020,baseline,8.718
2019,Somogy,wheat,5.97,5.628,2019-2020,baseline,5.628
2019,Szabolcs-Szatmár-Bereg,barley,4.92,4.21,2019-2020,baseline,4.21
2019,Szabolcs-Szatmár-Bereg,maize,7.35,6.98,2019-2020,baseline,6.98
2019,Szabolcs-Szatmár-Bereg,wheat,4.94,4.97,2019-2020,baseline,4.97
2019,Tolna,barley,6.32,5.908,2019-2020,baseline,5.908
2019,Tolna,maize,8.99,8.764,2019-2020,baseline,8.764
2019,Tolna,wheat,5.92,6.142,2019-2020,baseline,6.142
2019,Vas,barley,6.07,4.646,2019-2020,baseline,4.646
2019,Vas,maize,8.48,7.702,2019-2020,baseline,7.702
2019,Vas,wheat,5.96,5.35,2019-2020,baseline,5.35
2019,Veszprém,barley,4.99,4.094,2019-2020,baseline,4.094
2019,Veszprém,maize,6.94,6.458,2019-2020,baseline,6.458
2019,Veszprém,wheat,4.93,4.598,2019-2020,baseline,4.598
2019,Zala,barley,6.01,5.004,2019-2020,baseline,5.004
2019,Zala,maize,8.76,7.756,2019-2020,baseline,7.756
2019,Zala,wheat,5.79,5.408,2019-2020,baseline,5.408
2020,Bács-Kiskun,barley,6.14,4.974,2019-2020,baseline,4.974
2020,Bács-Kiskun,maize,7.3,7.03,2019-2020,baseline,7.03
2020,Bács-Kiskun,wheat,5.74,5.266,2019-2020,baseline,5.266
2020,Baranya,barley,6.6,5.986,2019-2020,baseline,5.986
2020,Baranya,maize,8.11,8.38,2019-2020,baseline,8.38
2020,Baranya,wheat,6.38,6.186,2019-2020,baseline,6.186
2020,Békés,barley,5.48,4.938,2019-2020,baseline,4.938
2020,Békés,maize,9.1,7.428,2019-2020,baseline,7.428
2020,Békés,wheat,5.36,5.094,2019-2020,baseline,5.094
2020,Borsod-Abaúj-Zemplén,barley,5.46,5.012,2019-2020,baseline,5.012
2020,Borsod-Abaúj-Zemplén,maize,9.17,7.354,2019-2020,baseline,7.354
2020,Borsod-Abaúj-Zemplén,wheat,5.34,5.296,2019-2020,baseline,5.296
2020,Csongrád-Csanád,barley,4.67,4.628,2019-2020,baseline,4.628
2020,Csongrád-Csanád,maize,7.61,6.428,2019-2020,baseline,6.428
2020,Csongrád-Csanád,wheat,4.62,4.902,2019-2020,baseline,4.902
2020,Fejér,barley,5.98,5.846,2019-2020,baseline,5.846
2020,Fejér,maize,7.74,8.084,2019-2020,baseline,8.084
2020,Fejér,wheat,5.59,5.806,2019-2020,baseline,5.806
2020,Győr-Moson-Sopron,barley,5.14,4.98,2019-2020,baseline,4.98
2020,Győr-Moson-Sopron,maize,7.21,6.92,2019-2020,baseline,6.92
2020,Győr-Moson-Sopron,wheat,5.24,5.082,2019-2020,baseline,5.082
2020,Hajdú-Bihar,barley,6.26,5.292,2019-2020,baseline,5.292
2020,Hajdú-Bihar,maize,10.08,8.276,2019-2020,baseline,8.276
2020,Hajdú-Bihar,wheat,5.54,5.488,2019-2020,baseline,5.488
2020,Heves,barley,5.64,5.086,2019-2020,baseline,5.086
2020,Heves,maize,6.61,6.584,2019-2020,baseline,6.584
2020,Heves,wheat,4.98,4.986,2019-2020,baseline,4.986
2020,Jász-Nagykun-Szolnok,barley,5.51,4.974,2019-2020,baseline,4.974
2020,Jász-Nagykun-Szolnok,maize,6.92,5.676,2019-2020,baseline,5.676
2020,Jász-Nagykun-Szolnok,wheat,5.13,4.786,2019-2020,baseline,4.786
2020,Komárom-Esztergom,barley,5.36,5.14,2019-2020,baseline,5.14
2020,Komárom-Esztergom,maize,7.83,7.438,2019-2020,baseline,7.438
2020,Komárom-Esztergom,wheat,5.19,5.324,2019-2020,baseline,5.324
2020,Nógrád,barley,3.94,3.91,2019-2020,baseline,3.91
2020,Nógrád,maize,6.39,5.508,2019-2020,baseline,5.508
2020,Nógrád,wheat,5.11,4.73,2019-2020,baseline,4.73
2020,Pest,barley,4.78,4.642,2019-2020,baseline,4.642
2020,Pest,maize,8.22,7.022,2019-2020,baseline,7.022
2020,Pest,wheat,4.58,4.826,2019-2020,baseline,4.826
2020,Somogy,barley,6.22,5.482,2019-2020,baseline,5.482
2020,Somogy,maize,10.3,8.86,2019-2020,baseline,8.86
2020,Somogy,wheat,6.32,5.722,2019-2020,baseline,5.722
2020,Szabolcs-Szatmár-Bereg,barley,4.91,4.46,2019-2020,baseline,4.46
2020,Szabolcs-Szatmár-Bereg,maize,8.47,6.864,2019-2020,baseline,6.864
2020,Szabolcs-Szatmár-Bereg,wheat,5.06,5.0,2019-2020,baseline,5.0
2020,Tolna,barley,6.86,6.048,2019-2020,baseline,6.048
2020,Tolna,maize,9.42,8.724,2019-2020,baseline,8.724
2020,Tolna,wheat,6.19,6.156,2019-2020,baseline,6.156
2020,Vas,barley,5.79,4.95,2019-2020,baseline,4.95
2020,Vas,maize,9.77,7.66,2019-2020,baseline,7.66
2020,Vas,wheat,6.23,5.518,2019-2020,baseline,5.518
2020,Veszprém,barley,5.22,4.298,2019-2020,baseline,4.298
2020,Veszprém,maize,7.84,6.452,2019-2020,baseline,6.452
2020,Veszprém,wheat,5.08,4.722,2019-2020,baseline,4.722
2020,Zala,barley,6.08,5.248,2019-2020,baseline,5.248
2020,Zala,maize,9.72,7.938,2019-2020,baseline,7.938
2020,Zala,wheat,6.41,5.524,2019-2020,baseline,5.524
2019,Bács-Kiskun,barley,5.61,4.692,2019-2020,no_soil,5.48844575881958
2019,Bács-Kiskun,maize,7.27,7.126,2019-2020,no_soil,8.452333450317383
2019,Bács-Kiskun,wheat,5.18,5.152,2019-2020,no_soil,5.787217140197754
2019,Baranya,barley,6.52,5.67,2019-2020,no_soil,5.972891330718994
2019,Baranya,maize,9.45,8.208,2019-2020,no_soil,9.433877944946289
2019,Baranya,wheat,6.19,6.114,2019-2020,no_soil,5.731651782989502
2019,Békés,barley,5.09,4.614,2019-2020,no_soil,5.18449592590332
2019,Békés,maize,8.12,7.328,2019-2020,no_soil,8.236251831054688
2019,Békés,wheat,4.59,4.938,2019-2020,no_soil,5.6756463050842285
2019,Borsod-Abaúj-Zemplén,barley,5.27,4.88,2019-2020,no_soil,5.091050148010254
2019,Borsod-Abaúj-Zemplén,maize,8.67,7.172,2019-2020,no_soil,6.332016468048096
2019,Borsod-Abaúj-Zemplén,wheat,5.35,5.186,2019-2020,no_soil,5.437777042388916
2019,Csongrád-Csanád,barley,4.89,4.44,2019-2020,no_soil,5.16848611831665
2019,Csongrád-Csanád,maize,6.85,6.438,2019-2020,no_soil,7.970310688018799
2019,Csongrád-Csanád,wheat,4.45,4.81,2019-2020,no_soil,5.501491546630859
2019,Fejér,barley,6.22,5.63,2019-2020,no_soil,5.709384441375732
2019,Fejér,maize,8.08,8.144,2019-2020,no_soil,9.115669250488281
2019,Fejér,wheat,5.59,5.816,2019-2020,no_soil,5.849610805511475
2019,Győr-Moson-Sopron,barley,5.46,4.88,2019-2020,no_soil,5.2404985427856445
2019,Győr-Moson-Sopron,maize,6.32,7.294,2019-2020,no_soil,8.628729820251465
2019,Győr-Moson-Sopron,wheat,5.42,5.046,2019-2020,no_soil,5.4949727058410645
2019,Hajdú-Bihar,barley,5.83,5.058,2019-2020,no_soil,5.461841106414795
2019,Hajdú-Bihar,maize,8.76,7.908,2019-2020,no_soil,8.17992877960205
2019,Hajdú-Bihar,wheat,5.44,5.408,2019-2020,no_soil,5.630997180938721
2019,Heves,barley,6.04,4.692,2019-2020,no_soil,5.0796637535095215
2019,Heves,maize,8.71,6.006,2019-2020,no_soil,7.212247371673584
2019,Heves,wheat,5.44,4.738,2019-2020,no_soil,5.108747959136963
2019,Jász-Nagykun-Szolnok,barley,5.4,4.726,2019-2020,no_soil,5.094536781311035
2019,Jász-Nagykun-Szolnok,maize,6.2,5.6,2019-2020,no_soil,5.263820648193359
2019,Jász-Nagykun-Szolnok,wheat,4.98,4.564,2019-2020,no_soil,4.909733295440674
2019,Komárom-Esztergom,barley,5.75,4.83,2019-2020,no_soil,5.103276252746582
2019,Komárom-Esztergom,maize,7.5,7.304,2019-2020,no_soil,7.370370864868164
2019,Komárom-Esztergom,wheat,5.6,5.108,2019-2020,no_soil,5.373161315917969
2019,Nógrád,barley,4.38,3.642,2019-2020,no_soil,4.032482624053955
2019,Nógrád,maize,6.74,4.96,2019-2020,no_soil,6.735988140106201
2019,Nógrád,wheat,5.59,4.396,2019-2020,no_soil,4.598039627075195
2019,Pest,barley,4.74,4.586,2019-2020,no_soil,4.821057319641113
2019,Pest,maize,7.65,6.962,2019-2020,no_soil,8.532100677490234
2019,Pest,wheat,4.74,4.806,2019-2020,no_soil,5.1219072341918945
2019,Somogy,barley,6.44,5.154,2019-2020,no_soil,5.706196308135986
2019,Somogy,maize,9.72,8.718,2019-2020,no_soil,9.414571762084961
2019,Somogy,wheat,5.97,5.628,2019-2020,no_soil,5.894649505615234
2019,Szabolcs-Szatmár-Bereg,barley,4.92,4.21,2019-2020,no_soil,4.616471290588379
2019,Szabolcs-Szatmár-Bereg,maize,7.35,6.98,2019-2020,no_soil,8.31933307647705
2019,Szabolcs-Szatmár-Bereg,wheat,4.94,4.97,2019-2020,no_soil,5.269654750823975
2019,Tolna,barley,6.32,5.908,2019-2020,no_soil,6.1317315101623535
2019,Tolna,maize,8.99,8.764,2019-2020,no_soil,9.487508773803711
2019,Tolna,wheat,5.92,6.142,2019-2020,no_soil,5.7406487464904785
2019,Vas,barley,6.07,4.646,2019-2020,no_soil,4.879882335662842
2019,Vas,maize,8.48,7.702,2019-2020,no_soil,8.341424942016602
2019,Vas,wheat,5.96,5.35,2019-2020,no_soil,5.460239410400391
2019,Veszprém,barley,4.99,4.094,2019-2020,no_soil,4.6831841468811035
2019,Veszprém,maize,6.94,6.458,2019-2020,no_soil,7.888125896453857
2019,Veszprém,wheat,4.93,4.598,2019-2020,no_soil,4.964587211608887
2019,Zala,barley,6.01,5.004,2019-2020,no_soil,5.471521854400635
2019,Zala,maize,8.76,7.756,2019-2020,no_soil,8.896783828735352
2019,Zala,wheat,5.79,5.408,2019-2020,no_soil,5.601362228393555
2020,Bács-Kiskun,barley,6.14,4.974,2019-2020,no_soil,5.788069725036621
2020,Bács-Kiskun,maize,7.3,7.03,2019-2020,no_soil,8.391691207885742
2020,Bács-Kiskun,wheat,5.74,5.266,2019-2020,no_soil,5.8338518142700195
2020,Baranya,barley,6.6,5.986,2019-2020,no_soil,6.115829944610596
2020,Baranya,maize,8.11,8.38,2019-2020,no_soil,9.516280174255371
2020,Baranya,wheat,6.38,6.186,2019-2020,no_soil,6.068624496459961
2020,Békés,barley,5.48,4.938,2019-2020,no_soil,5.694727897644043
2020,Békés,maize,9.1,7.428,2019-2020,no_soil,9.32391357421875
2020,Békés,wheat,5.36,5.094,2019-2020,no_soil,5.753736972808838
2020,Borsod-Abaúj-Zemplén,barley,5.46,5.012,2019-2020,no_soil,5.416099548339844
2020,Borsod-Abaúj-Zemplén,maize,9.17,7.354,2019-2020,no_soil,8.48363208770752
2020,Borsod-Abaúj-Zemplén,wheat,5.34,5.296,2019-2020,no_soil,5.470885753631592
2020,Csongrád-Csanád,barley,4.67,4.628,2019-2020,no_soil,5.056689262390137
2020,Csongrád-Csanád,maize,7.61,6.428,2019-2020,no_soil,7.401726722717285
2020,Csongrád-Csanád,wheat,4.62,4.902,2019-2020,no_soil,5.556224346160889
2020,Fejér,barley,5.98,5.846,2019-2020,no_soil,5.926536560058594
2020,Fejér,maize,7.74,8.084,2019-2020,no_soil,9.110095024108887
2020,Fejér,wheat,5.59,5.806,2019-2020,no_soil,5.949094295501709
2020,Győr-Moson-Sopron,barley,5.14,4.98,2019-2020,no_soil,5.4746527671813965
2020,Győr-Moson-Sopron,maize,7.21,6.92,2019-2020,no_soil,8.323179244995117
2020,Győr-Moson-Sopron,wheat,5.24,5.082,2019-2020,no_soil,5.505893707275391
2020,Hajdú-Bihar,barley,6.26,5.292,2019-2020,no_soil,5.390821933746338
2020,Hajdú-Bihar,maize,10.08,8.276,2019-2020,no_soil,8.137648582458496
2020,Hajdú-Bihar,wheat,5.54,5.488,2019-2020,no_soil,5.522377967834473
2020,Heves,barley,5.64,5.086,2019-2020,no_soil,5.317789554595947
2020,Heves,maize,6.61,6.584,2019-2020,no_soil,7.925878047943115
2020,Heves,wheat,4.98,4.986,2019-2020,no_soil,5.394445896148682
2020,Jász-Nagykun-Szolnok,barley,5.51,4.974,2019-2020,no_soil,5.678989410400391
2020,Jász-Nagykun-Szolnok,maize,6.92,5.676,2019-2020,no_soil,5.601573944091797
2020,Jász-Nagykun-Szolnok,wheat,5.13,4.786,2019-2020,no_soil,5.418513298034668
2020,Komárom-Esztergom,barley,5.36,5.14,2019-2020,no_soil,5.349360942840576
2020,Komárom-Esztergom,maize,7.83,7.438,2019-2020,no_soil,8.427836418151855
2020,Komárom-Esztergom,wheat,5.19,5.324,2019-2020,no_soil,5.426990032196045
2020,Nógrád,barley,3.94,3.91,2019-2020,no_soil,4.27778959274292
2020,Nógrád,maize,6.39,5.508,2019-2020,no_soil,6.563684940338135
2020,Nógrád,wheat,5.11,4.73,2019-2020,no_soil,4.913788795471191
2020,Pest,barley,4.78,4.642,2019-2020,no_soil,4.927812099456787
2020,Pest,maize,8.22,7.022,2019-2020,no_soil,8.506571769714355
2020,Pest,wheat,4.58,4.826,2019-2020,no_soil,5.202077388763428
2020,Somogy,barley,6.22,5.482,2019-2020,no_soil,5.8119401931762695
2020,Somogy,maize,10.3,8.86,2019-2020,no_soil,9.061593055725098
2020,Somogy,wheat,6.32,5.722,2019-2020,no_soil,6.070733547210693
2020,Szabolcs-Szatmár-Bereg,barley,4.91,4.46,2019-2020,no_soil,4.743300437927246
2020,Szabolcs-Szatmár-Bereg,maize,8.47,6.864,2019-2020,no_soil,7.391101360321045
2020,Szabolcs-Szatmár-Bereg,wheat,5.06,5.0,2019-2020,no_soil,5.377419948577881
2020,Tolna,barley,6.86,6.048,2019-2020,no_soil,6.095473289489746
2020,Tolna,maize,9.42,8.724,2019-2020,no_soil,9.171069145202637
2020,Tolna,wheat,6.19,6.156,2019-2020,no_soil,5.800205707550049
2020,Vas,barley,5.79,4.95,2019-2020,no_soil,5.386184215545654
2020,Vas,maize,9.77,7.66,2019-2020,no_soil,8.380556106567383
2020,Vas,wheat,6.23,5.518,2019-2020,no_soil,5.644053936004639
2020,Veszprém,barley,5.22,4.298,2019-2020,no_soil,4.7989373207092285
2020,Veszprém,maize,7.84,6.452,2019-2020,no_soil,8.47857666015625
2020,Veszprém,wheat,5.08,4.722,2019-2020,no_soil,5.235791206359863
2020,Zala,barley,6.08,5.248,2019-2020,no_soil,5.450882434844971
2020,Zala,maize,9.72,7.938,2019-2020,no_soil,8.840092658996582
2020,Zala,wheat,6.41,5.524,2019-2020,no_soil,5.68729829788208
2019,Bács-Kiskun,barley,5.61,4.692,2019-2020,soil,5.460673809051514
2019,Bács-Kiskun,maize,7.27,7.126,2019-2020,soil,7.870088577270508
2019,Bács-Kiskun,wheat,5.18,5.152,2019-2020,soil,5.694362640380859
2019,Baranya,barley,6.52,5.67,2019-2020,soil,6.020561695098877
2019,Baranya,maize,9.45,8.208,2019-2020,soil,9.50239372253418
2019,Baranya,wheat,6.19,6.114,2019-2020,soil,5.7493791580200195
2019,Békés,barley,5.09,4.614,2019-2020,soil,5.008916854858398
2019,Békés,maize,8.12,7.328,2019-2020,soil,7.417871475219727
2019,Békés,wheat,4.59,4.938,2019-2020,soil,5.418752670288086
2019,Borsod-Abaúj-Zemplén,barley,5.27,4.88,2019-2020,soil,5.1971235275268555
2019,Borsod-Abaúj-Zemplén,maize,8.67,7.172,2019-2020,soil,7.128685474395752
2019,Borsod-Abaúj-Zemplén,wheat,5.35,5.186,2019-2020,soil,5.526724815368652
2019,Csongrád-Csanád,barley,4.89,4.44,2019-2020,soil,4.9467549324035645
2019,Csongrád-Csanád,maize,6.85,6.438,2019-2020,soil,7.09724760055542
2019,Csongrád-Csanád,wheat,4.45,4.81,2019-2020,soil,5.304784774780273
2019,Fejér,barley,6.22,5.63,2019-2020,soil,5.7272868156433105
2019,Fejér,maize,8.08,8.144,2019-2020,soil,9.531835556030273
2019,Fejér,wheat,5.59,5.816,2019-2020,soil,5.846724033355713
2019,Győr-Moson-Sopron,barley,5.46,4.88,2019-2020,soil,5.215806484222412
2019,Győr-Moson-Sopron,maize,6.32,7.294,2019-2020,soil,8.726738929748535
2019,Győr-Moson-Sopron,wheat,5.42,5.046,2019-2020,soil,5.475014686584473
2019,Hajdú-Bihar,barley,5.83,5.058,2019-2020,soil,5.411185264587402
2019,Hajdú-Bihar,maize,8.76,7.908,2019-2020,soil,8.40966510772705
2019,Hajdú-Bihar,wheat,5.44,5.408,2019-2020,soil,5.543066501617432
2019,Heves,barley,6.04,4.692,2019-2020,soil,4.885621070861816
2019,Heves,maize,8.71,6.006,2019-2020,soil,6.839391231536865
2019,Heves,wheat,5.44,4.738,2019-2020,soil,4.938976287841797
2019,Jász-Nagykun-Szolnok,barley,5.4,4.726,2019-2020,soil,5.0586371421813965
2019,Jász-Nagykun-Szolnok,maize,6.2,5.6,2019-2020,soil,5.596255779266357
2019,Jász-Nagykun-Szolnok,wheat,4.98,4.564,2019-2020,soil,4.7682085037231445
2019,Komárom-Esztergom,barley,5.75,4.83,2019-2020,soil,5.249671936035156
2019,Komárom-Esztergom,maize,7.5,7.304,2019-2020,soil,8.260372161865234
2019,Komárom-Esztergom,wheat,5.6,5.108,2019-2020,soil,5.489350318908691
2019,Nógrád,barley,4.38,3.642,2019-2020,soil,4.028078556060791
2019,Nógrád,maize,6.74,4.96,2019-2020,soil,6.636993885040283
2019,Nógrád,wheat,5.59,4.396,2019-2020,soil,4.580790996551514
2019,Pest,barley,4.74,4.586,2019-2020,soil,4.776087760925293
2019,Pest,maize,7.65,6.962,2019-2020,soil,8.455409049987793
2019,Pest,wheat,4.74,4.806,2019-2020,soil,5.107418060302734
2019,Somogy,barley,6.44,5.154,2019-2020,soil,5.763279438018799
2019,Somogy,maize,9.72,8.718,2019-2020,soil,9.83903694152832
2019,Somogy,wheat,5.97,5.628,2019-2020,soil,5.803348541259766
2019,Szabolcs-Szatmár-Bereg,barley,4.92,4.21,2019-2020,soil,4.662994384765625
2019,Szabolcs-Szatmár-Bereg,maize,7.35,6.98,2019-2020,soil,8.350754737854004
2019,Szabolcs-Szatmár-Bereg,wheat,4.94,4.97,2019-2020,soil,5.230783939361572
2019,Tolna,barley,6.32,5.908,2019-2020,soil,5.999927997589111
2019,Tolna,maize,8.99,8.764,2019-2020,soil,9.66769790649414
2019,Tolna,wheat,5.92,6.142,2019-2020,soil,5.7229084968566895
2019,Vas,barley,6.07,4.646,2019-2020,soil,4.972265720367432
2019,Vas,maize,8.48,7.702,2019-2020,soil,9.130877494812012
2019,Vas,wheat,5.96,5.35,2019-2020,soil,5.486212253570557
2019,Veszprém,barley,4.99,4.094,2019-2020,soil,4.666094779968262
2019,Veszprém,maize,6.94,6.458,2019-2020,soil,8.330580711364746
2019,Veszprém,wheat,4.93,4.598,2019-2020,soil,4.915371417999268
2019,Zala,barley,6.01,5.004,2019-2020,soil,5.40195894241333
2019,Zala,maize,8.76,7.756,2019-2020,soil,9.165441513061523
2019,Zala,wheat,5.79,5.408,2019-2020,soil,5.4965009689331055
2020,Bács-Kiskun,barley,6.14,4.974,2019-2020,soil,5.732649326324463
2020,Bács-Kiskun,maize,7.3,7.03,2019-2020,soil,7.87371826171875
2020,Bács-Kiskun,wheat,5.74,5.266,2019-2020,soil,5.583222389221191
2020,Baranya,barley,6.6,5.986,2019-2020,soil,6.002558708190918
2020,Baranya,maize,8.11,8.38,2019-2020,soil,9.442423820495605
2020,Baranya,wheat,6.38,6.186,2019-2020,soil,6.132948875427246
2020,Békés,barley,5.48,4.938,2019-2020,soil,5.483785629272461
2020,Békés,maize,9.1,7.428,2019-2020,soil,8.52818489074707
2020,Békés,wheat,5.36,5.094,2019-2020,soil,5.463459014892578
2020,Borsod-Abaúj-Zemplén,barley,5.46,5.012,2019-2020,soil,5.440943717956543
2020,Borsod-Abaúj-Zemplén,maize,9.17,7.354,2019-2020,soil,8.950689315795898
2020,Borsod-Abaúj-Zemplén,wheat,5.34,5.296,2019-2020,soil,5.522010326385498
2020,Csongrád-Csanád,barley,4.67,4.628,2019-2020,soil,4.944217205047607
2020,Csongrád-Csanád,maize,7.61,6.428,2019-2020,soil,6.629194259643555
2020,Csongrád-Csanád,wheat,4.62,4.902,2019-2020,soil,5.430178165435791
2020,Fejér,barley,5.98,5.846,2019-2020,soil,5.85173225402832
2020,Fejér,maize,7.74,8.084,2019-2020,soil,9.500275611877441
2020,Fejér,wheat,5.59,5.806,2019-2020,soil,5.922918319702148
2020,Győr-Moson-Sopron,barley,5.14,4.98,2019-2020,soil,5.455410957336426
2020,Győr-Moson-Sopron,maize,7.21,6.92,2019-2020,soil,8.563206672668457
2020,Győr-Moson-Sopron,wheat,5.24,5.082,2019-2020,soil,5.493832111358643
2020,Hajdú-Bihar,barley,6.26,5.292,2019-2020,soil,5.456907749176025
2020,Hajdú-Bihar,maize,10.08,8.276,2019-2020,soil,8.37073040008545
2020,Hajdú-Bihar,wheat,5.54,5.488,2019-2020,soil,5.528944492340088
2020,Heves,barley,5.64,5.086,2019-2020,soil,5.098241806030273
2020,Heves,maize,6.61,6.584,2019-2020,soil,7.502943515777588
2020,Heves,wheat,4.98,4.986,2019-2020,soil,5.221086025238037
2020,Jász-Nagykun-Szolnok,barley,5.51,4.974,2019-2020,soil,5.466456890106201
2020,Jász-Nagykun-Szolnok,maize,6.92,5.676,2019-2020,soil,5.71144437789917
2020,Jász-Nagykun-Szolnok,wheat,5.13,4.786,2019-2020,soil,5.191778659820557
2020,Komárom-Esztergom,barley,5.36,5.14,2019-2020,soil,5.427734851837158
2020,Komárom-Esztergom,maize,7.83,7.438,2019-2020,soil,8.97036361694336
2020,Komárom-Esztergom,wheat,5.19,5.324,2019-2020,soil,5.515838146209717
2020,Nógrád,barley,3.94,3.91,2019-2020,soil,4.2165961265563965
2020,Nógrád,maize,6.39,5.508,2019-2020,soil,6.238945484161377
2020,Nógrád,wheat,5.11,4.73,2019-2020,soil,4.793266773223877
2020,Pest,barley,4.78,4.642,2019-2020,soil,4.889865875244141
2020,Pest,maize,8.22,7.022,2019-2020,soil,8.540608406066895
2020,Pest,wheat,4.58,4.826,2019-2020,soil,5.200732707977295
2020,Somogy,barley,6.22,5.482,2019-2020,soil,5.711300849914551
2020,Somogy,maize,10.3,8.86,2019-2020,soil,9.674883842468262
2020,Somogy,wheat,6.32,5.722,2019-2020,soil,6.048369407653809
2020,Szabolcs-Szatmár-Bereg,barley,4.91,4.46,2019-2020,soil,4.790961742401123
2020,Szabolcs-Szatmár-Bereg,maize,8.47,6.864,2019-2020,soil,7.700250148773193
2020,Szabolcs-Szatmár-Bereg,wheat,5.06,5.0,2019-2020,soil,5.332590103149414
2020,Tolna,barley,6.86,6.048,2019-2020,soil,5.9285078048706055
2020,Tolna,maize,9.42,8.724,2019-2020,soil,9.51624584197998
2020,Tolna,wheat,6.19,6.156,2019-2020,soil,5.707305431365967
2020,Vas,barley,5.79,4.95,2019-2020,soil,5.384857177734375
2020,Vas,maize,9.77,7.66,2019-2020,soil,9.130877494812012
2020,Vas,wheat,6.23,5.518,2019-2020,soil,5.612072467803955
2020,Veszprém,barley,5.22,4.298,2019-2020,soil,4.78181791305542
2020,Veszprém,maize,7.84,6.452,2019-2020,soil,8.761839866638184
2020,Veszprém,wheat,5.08,4.722,2019-2020,soil,5.151071548461914
2020,Zala,barley,6.08,5.248,2019-2020,soil,5.392032146453857
2020,Zala,maize,9.72,7.938,2019-2020,soil,9.141271591186523
2020,Zala,wheat,6.41,5.524,2019-2020,soil,5.562643527984619
2019,Bács-Kiskun,barley,5.61,4.692,2019-2020,county,5.469916820526123
2019,Bács-Kiskun,maize,7.27,7.126,2019-2020,county,8.370744705200195
2019,Bács-Kiskun,wheat,5.18,5.152,2019-2020,county,5.60524320602417
2019,Baranya,barley,6.52,5.67,2019-2020,county,5.930757522583008
2019,Baranya,maize,9.45,8.208,2019-2020,county,9.386248588562012
2019,Baranya,wheat,6.19,6.114,2019-2020,county,5.616491317749023
2019,Békés,barley,5.09,4.614,2019-2020,county,5.011969566345215
2019,Békés,maize,8.12,7.328,2019-2020,county,7.833861827850342
2019,Békés,wheat,4.59,4.938,2019-2020,county,5.53278923034668
2019,Borsod-Abaúj-Zemplén,barley,5.27,4.88,2019-2020,county,5.392566204071045
2019,Borsod-Abaúj-Zemplén,maize,8.67,7.172,2019-2020,county,6.810878276824951
2019,Borsod-Abaúj-Zemplén,wheat,5.35,5.186,2019-2020,county,5.738347053527832
2019,Csongrád-Csanád,barley,4.89,4.44,2019-2020,county,4.861552715301514
2019,Csongrád-Csanád,maize,6.85,6.438,2019-2020,county,7.352243423461914
2019,Csongrád-Csanád,wheat,4.45,4.81,2019-2020,county,5.26610803604126
2019,Fejér,barley,6.22,5.63,2019-2020,county,6.052795886993408
2019,Fejér,maize,8.08,8.144,2019-2020,county,9.462410926818848
2019,Fejér,wheat,5.59,5.816,2019-2020,county,6.140446662902832
2019,Győr-Moson-Sopron,barley,5.46,4.88,2019-2020,county,5.194507598876953
2019,Győr-Moson-Sopron,maize,6.32,7.294,2019-2020,county,8.714104652404785
2019,Győr-Moson-Sopron,wheat,5.42,5.046,2019-2020,county,5.40083122253418
2019,Hajdú-Bihar,barley,5.83,5.058,2019-2020,county,5.397160053253174
2019,Hajdú-Bihar,maize,8.76,7.908,2019-2020,county,8.090301513671875
2019,Hajdú-Bihar,wheat,5.44,5.408,2019-2020,county,5.523290634155273
2019,Heves,barley,6.04,4.692,2019-2020,county,4.862242698669434
2019,Heves,maize,8.71,6.006,2019-2020,county,7.051410675048828
2019,Heves,wheat,5.44,4.738,2019-2020,county,4.937867164611816
2019,Jász-Nagykun-Szolnok,barley,5.4,4.726,2019-2020,county,5.072783946990967
2019,Jász-Nagykun-Szolnok,maize,6.2,5.6,2019-2020,county,5.206164360046387
2019,Jász-Nagykun-Szolnok,wheat,4.98,4.564,2019-2020,county,4.7868571281433105
2019,Komárom-Esztergom,barley,5.75,4.83,2019-2020,county,5.268651485443115
2019,Komárom-Esztergom,maize,7.5,7.304,2019-2020,county,7.74442720413208
2019,Komárom-Esztergom,wheat,5.6,5.108,2019-2020,county,5.49768590927124
2019,Nógrád,barley,4.38,3.642,2019-2020,county,3.9679596424102783
2019,Nógrád,maize,6.74,4.96,2019-2020,county,6.483720779418945
2019,Nógrád,wheat,5.59,4.396,2019-2020,county,4.485893249511719
2019,Pest,barley,4.74,4.586,2019-2020,county,4.8112616539001465
2019,Pest,maize,7.65,6.962,2019-2020,county,8.555174827575684
2019,Pest,wheat,4.74,4.806,2019-2020,county,5.10896110534668
2019,Somogy,barley,6.44,5.154,2019-2020,county,5.69789981842041
2019,Somogy,maize,9.72,8.718,2019-2020,county,9.621150970458984
2019,Somogy,wheat,5.97,5.628,2019-2020,county,5.889693260192871
2019,Szabolcs-Szatmár-Bereg,barley,4.92,4.21,2019-2020,county,4.5750532150268555
2019,Szabolcs-Szatmár-Bereg,maize,7.35,6.98,2019-2020,county,8.041101455688477
2019,Szabolcs-Szatmár-Bereg,wheat,4.94,4.97,2019-2020,county,5.1497955322265625
2019,Tolna,barley,6.32,5.908,2019-2020,county,5.963212013244629
2019,Tolna,maize,8.99,8.764,2019-2020,county,9.65727710723877
2019,Tolna,wheat,5.92,6.142,2019-2020,county,5.661958694458008
2019,Vas,barley,6.07,4.646,2019-2020,county,4.868270397186279
2019,Vas,maize,8.48,7.702,2019-2020,county,8.647489547729492
2019,Vas,wheat,5.96,5.35,2019-2020,county,5.38218879699707
2019,Veszprém,barley,4.99,4.094,2019-2020,county,4.537118911743164
2019,Veszprém,maize,6.94,6.458,2019-2020,county,7.891740798950195
2019,Veszprém,wheat,4.93,4.598,2019-2020,county,4.801115989685059
2019,Zala,barley,6.01,5.004,2019-2020,county,5.430528163909912
2019,Zala,maize,8.76,7.756,2019-2020,county,9.152894973754883
2019,Zala,wheat,5.79,5.408,2019-2020,county,5.519053936004639
2020,Bács-Kiskun,barley,6.14,4.974,2019-2020,county,5.6240553855896
2020,Bács-Kiskun,maize,7.3,7.03,2019-2020,county,8.355145454406738
2020,Bács-Kiskun,wheat,5.74,5.266,2019-2020,county,5.575827598571777
2020,Baranya,barley,6.6,5.986,2019-2020,county,5.891984939575195
2020,Baranya,maize,8.11,8.38,2019-2020,county,9.394112586975098
2020,Baranya,wheat,6.38,6.186,2019-2020,county,5.805031776428223
2020,Békés,barley,5.48,4.938,2019-2020,county,5.482569694519043
2020,Békés,maize,9.1,7.428,2019-2020,county,8.937407493591309
2020,Békés,wheat,5.36,5.094,2019-2020,county,5.522052764892578
2020,Borsod-Abaúj-Zemplén,barley,5.46,5.012,2019-2020,county,5.60726261138916
2020,Borsod-Abaúj-Zemplén,maize,9.17,7.354,2019-2020,county,8.88878345489502
2020,Borsod-Abaúj-Zemplén,wheat,5.34,5.296,2019-2020,county,5.735383033752441
2020,Csongrád-Csanád,barley,4.67,4.628,2019-2020,county,4.8773417472839355
2020,Csongrád-Csanád,maize,7.61,6.428,2019-2020,county,7.135141372680664
2020,Csongrád-Csanád,wheat,4.62,4.902,2019-2020,county,5.413036823272705
2020,Fejér,barley,5.98,5.846,2019-2020,county,6.154879093170166
2020,Fejér,maize,7.74,8.084,2019-2020,county,9.523489952087402
2020,Fejér,wheat,5.59,5.806,2019-2020,county,6.214724063873291
2020,Győr-Moson-Sopron,barley,5.14,4.98,2019-2020,county,5.40944242477417
2020,Győr-Moson-Sopron,maize,7.21,6.92,2019-2020,county,8.438846588134766
2020,Győr-Moson-Sopron,wheat,5.24,5.082,2019-2020,county,5.444441795349121
2020,Hajdú-Bihar,barley,6.26,5.292,2019-2020,county,5.370397090911865
2020,Hajdú-Bihar,maize,10.08,8.276,2019-2020,county,8.067083358764648
2020,Hajdú-Bihar,wheat,5.54,5.488,2019-2020,county,5.482658386230469
2020,Heves,barley,5.64,5.086,2019-2020,county,5.049785614013672
2020,Heves,maize,6.61,6.584,2019-2020,county,7.809189796447754
2020,Heves,wheat,4.98,4.986,2019-2020,county,5.144775867462158
2020,Jász-Nagykun-Szolnok,barley,5.51,4.974,2019-2020,county,5.4000020027160645
2020,Jász-Nagykun-Szolnok,maize,6.92,5.676,2019-2020,county,5.373038291931152
2020,Jász-Nagykun-Szolnok,wheat,5.13,4.786,2019-2020,county,5.155122756958008
2020,Komárom-Esztergom,barley,5.36,5.14,2019-2020,county,5.4176812171936035
2020,Komárom-Esztergom,maize,7.83,7.438,2019-2020,county,8.814465522766113
2020,Komárom-Esztergom,wheat,5.19,5.324,2019-2020,county,5.534618854522705
2020,Nógrád,barley,3.94,3.91,2019-2020,county,4.163633346557617
2020,Nógrád,maize,6.39,5.508,2019-2020,county,6.219387054443359
2020,Nógrád,wheat,5.11,4.73,2019-2020,county,4.779573917388916
2020,Pest,barley,4.78,4.642,2019-2020,county,4.876354217529297
2020,Pest,maize,8.22,7.022,2019-2020,county,8.658570289611816
2020,Pest,wheat,4.58,4.826,2019-2020,county,5.2003350257873535
2020,Somogy,barley,6.22,5.482,2019-2020,county,5.699641704559326
2020,Somogy,maize,10.3,8.86,2019-2020,county,9.414064407348633
2020,Somogy,wheat,6.32,5.722,2019-2020,county,6.020169734954834
2020,Szabolcs-Szatmár-Bereg,barley,4.91,4.46,2019-2020,county,4.654230117797852
2020,Szabolcs-Szatmár-Bereg,maize,8.47,6.864,2019-2020,county,7.436380863189697
2020,Szabolcs-Szatmár-Bereg,wheat,5.06,5.0,2019-2020,county,5.22922420501709
2020,Tolna,barley,6.86,6.048,2019-2020,county,5.915307998657227
2020,Tolna,maize,9.42,8.724,2019-2020,county,9.421661376953125
2020,Tolna,wheat,6.19,6.156,2019-2020,county,5.661958694458008
2020,Vas,barley,5.79,4.95,2019-2020,county,5.328924179077148
2020,Vas,maize,9.77,7.66,2019-2020,county,8.647489547729492
2020,Vas,wheat,6.23,5.518,2019-2020,county,5.516776084899902
2020,Veszprém,barley,5.22,4.298,2019-2020,county,4.656526565551758
2020,Veszprém,maize,7.84,6.452,2019-2020,county,8.276906967163086
2020,Veszprém,wheat,5.08,4.722,2019-2020,county,5.047258377075195
2020,Zala,barley,6.08,5.248,2019-2020,county,5.399359226226807
2020,Zala,maize,9.72,7.938,2019-2020,county,9.167157173156738
2020,Zala,wheat,6.41,5.524,2019-2020,county,5.61436128616333
2021,Bács-Kiskun,barley,6.6,5.244,2021-2022,baseline,5.244
2021,Bács-Kiskun,maize,5.19,7.37,2021-2022,baseline,7.37
2021,Bács-Kiskun,wheat,5.78,5.408,2021-2022,baseline,5.408
2021,Baranya,barley,6.99,6.294,2021-2022,baseline,6.294
2021,Baranya,maize,6.67,8.688,2021-2022,baseline,8.688
2021,Baranya,wheat,6.14,6.306,2021-2022,baseline,6.306
2021,Békés,barley,6.39,5.036,2021-2022,baseline,5.036
2021,Békés,maize,5.21,7.998,2021-2022,baseline,7.998
2021,Békés,wheat,6.48,5.082,2021-2022,baseline,5.082
2021,Borsod-Abaúj-Zemplén,barley,6.08,5.188,2021-2022,baseline,5.188
2021,Borsod-Abaúj-Zemplén,maize,7.21,8.202,2021-2022,baseline,8.202
2021,Borsod-Abaúj-Zemplén,wheat,5.69,5.368,2021-2022,baseline,5.368
2021,Csongrád-Csanád,barley,6.56,4.688,2021-2022,baseline,4.688
2021,Csongrád-Csanád,maize,4.32,6.906,2021-2022,baseline,6.906
2021,Csongrád-Csanád,wheat,5.95,4.844,2021-2022,baseline,4.844
2021,Fejér,barley,7.09,5.884,2021-2022,baseline,5.884
2021,Fejér,maize,5.88,8.39,2021-2022,baseline,8.39
2021,Fejér,wheat,5.78,5.75,2021-2022,baseline,5.75
2021,Győr-Moson-Sopron,barley,6.09,5.03,2021-2022,baseline,5.03
2021,Győr-Moson-Sopron,maize,7.56,7.26,2021-2022,baseline,7.26
2021,Győr-Moson-Sopron,wheat,5.58,5.096,2021-2022,baseline,5.096
2021,Hajdú-Bihar,barley,7.19,5.538,2021-2022,baseline,5.538
2021,Hajdú-Bihar,maize,6.78,9.078,2021-2022,baseline,9.078
2021,Hajdú-Bihar,wheat,6.79,5.566,2021-2022,baseline,5.566
2021,Heves,barley,6.14,5.306,2021-2022,baseline,5.306
2021,Heves,maize,6.28,7.13,2021-2022,baseline,7.13
2021,Heves,wheat,5.67,5.006,2021-2022,baseline,5.006
2021,Jász-Nagykun-Szolnok,barley,5.92,5.148,2021-2022,baseline,5.148
2021,Jász-Nagykun-Szolnok,maize,5.16,6.154,2021-2022,baseline,6.154
2021,Jász-Nagykun-Szolnok,wheat,5.59,4.866,2021-2022,baseline,4.866
2021,Komárom-Esztergom,barley,6.31,5.216,2021-2022,baseline,5.216
2021,Komárom-Esztergom,maize,7.85,7.778,2021-2022,baseline,7.778
2021,Komárom-Esztergom,wheat,6.24,5.262,2021-2022,baseline,5.262
2021,Nógrád,barley,4.88,4.056,2021-2022,baseline,4.056
2021,Nógrád,maize,5.78,6.078,2021-2022,baseline,6.078
2021,Nógrád,wheat,5.05,4.94,2021-2022,baseline,4.94
2021,Pest,barley,5.69,4.688,2021-2022,baseline,4.688
2021,Pest,maize,6.09,7.566,2021-2022,baseline,7.566
2021,Pest,wheat,5.57,4.76,2021-2022,baseline,4.76
2021,Somogy,barley,6.64,5.852,2021-2022,baseline,5.852
2021,Somogy,maize,6.16,9.54,2021-2022,baseline,9.54
2021,Somogy,wheat,6.16,5.88,2021-2022,baseline,5.88
2021,Szabolcs-Szatmár-Bereg,barley,5.34,4.636,2021-2022,baseline,4.636
2021,Szabolcs-Szatmár-Bereg,maize,6.89,7.834,2021-2022,baseline,7.834
2021,Szabolcs-Szatmár-Bereg,wheat,5.91,5.036,2021-2022,baseline,5.036
2021,Tolna,barley,7.08,6.282,2021-2022,baseline,6.282
2021,Tolna,maize,4.93,9.14,2021-2022,baseline,9.14
2021,Tolna,wheat,5.98,6.178,2021-2022,baseline,6.178
2021,Vas,barley,5.81,5.17,2021-2022,baseline,5.17
2021,Vas,maize,8.23,8.392,2021-2022,baseline,8.392
2021,Vas,wheat,5.95,5.716,2021-2022,baseline,5.716
2021,Veszprém,barley,5.54,4.56,2021-2022,baseline,4.56
2021,Veszprém,maize,5.36,6.976,2021-2022,baseline,6.976
2021,Veszprém,wheat,5.26,4.842,2021-2022,baseline,4.842
2021,Zala,barley,6.13,5.544,2021-2022,baseline,5.544
2021,Zala,maize,7.32,8.622,2021-2022,baseline,8.622
2021,Zala,wheat,6.32,5.754,2021-2022,baseline,5.754
2022,Bács-Kiskun,barley,4.87,5.624,2021-2022,baseline,5.624
2022,Bács-Kiskun,maize,3.81,6.788,2021-2022,baseline,6.788
2022,Bács-Kiskun,wheat,4.46,5.48,2021-2022,baseline,5.48
2022,Baranya,barley,6.19,6.48,2021-2022,baseline,6.48
2022,Baranya,maize,4.7,8.218,2021-2022,baseline,8.218
2022,Baranya,wheat,5.46,6.25,2021-2022,baseline,6.25
2022,Békés,barley,4.1,5.288,2021-2022,baseline,5.288
2022,Békés,maize,1.85,7.294,2021-2022,baseline,7.294
2022,Békés,wheat,3.84,5.376,2021-2022,baseline,5.376
2022,Borsod-Abaúj-Zemplén,barley,5.05,5.416,2021-2022,baseline,5.416
2022,Borsod-Abaúj-Zemplén,maize,3.03,7.936,2021-2022,baseline,7.936
2022,Borsod-Abaúj-Zemplén,wheat,4.42,5.41,2021-2022,baseline,5.41
2022,Csongrád-Csanád,barley,4.47,5.144,2021-2022,baseline,5.144
2022,Csongrád-Csanád,maize,1.9,6.282,2021-2022,baseline,6.282
2022,Csongrád-Csanád,wheat,3.54,5.074,2021-2022,baseline,5.074
2022,Fejér,barley,5.58,6.132,2021-2022,baseline,6.132
2022,Fejér,maize,2.56,7.692,2021-2022,baseline,7.692
2022,Fejér,wheat,5.47,5.646,2021-2022,baseline,5.646
2022,Győr-Moson-Sopron,barley,5.36,5.23,2021-2022,baseline,5.23
2022,Győr-Moson-Sopron,maize,4.81,7.026,2021-2022,baseline,7.026
2022,Győr-Moson-Sopron,wheat,5.21,5.192,2021-2022,baseline,5.192
2022,Hajdú-Bihar,barley,4.15,5.914,2021-2022,baseline,5.914
2022,Hajdú-Bihar,maize,2.52,8.52,2021-2022,baseline,8.52
2022,Hajdú-Bihar,wheat,3.48,5.83,2021-2022,baseline,5.83
2022,Heves,barley,3.89,5.562,2021-2022,baseline,5.562
2022,Heves,maize,1.52,6.964,2021-2022,baseline,6.964
2022,Heves,wheat,3.28,5.198,2021-2022,baseline,5.198
2022,Jász-Nagykun-Szolnok,barley,3.34,5.356,2021-2022,baseline,5.356
2022,Jász-Nagykun-Szolnok,maize,2.23,5.828,2021-2022,baseline,5.828
2022,Jász-Nagykun-Szolnok,wheat,3.0,5.08,2021-2022,baseline,5.08
2022,Komárom-Esztergom,barley,4.8,5.462,2021-2022,baseline,5.462
2022,Komárom-Esztergom,maize,2.73,7.68,2021-2022,baseline,7.68
2022,Komárom-Esztergom,wheat,4.62,5.426,2021-2022,baseline,5.426
2022,Nógrád,barley,3.88,4.232,2021-2022,baseline,4.232
2022,Nógrád,maize,2.65,5.976,2021-2022,baseline,5.976
2022,Nógrád,wheat,3.57,5.03,2021-2022,baseline,5.03
2022,Pest,barley,3.49,4.898,2021-2022,baseline,4.898
2022,Pest,maize,1.55,7.302,2021-2022,baseline,7.302
2022,Pest,wheat,3.43,4.924,2021-2022,baseline,4.924
2022,Somogy,barley,5.88,5.994,2021-2022,baseline,5.994
2022,Somogy,maize,5.75,8.848,2021-2022,baseline,8.848
2022,Somogy,wheat,6.0,5.876,2021-2022,baseline,5.876
2022,Szabolcs-Szatmár-Bereg,barley,4.41,4.806,2021-2022,baseline,4.806
2022,Szabolcs-Szatmár-Bereg,maize,2.51,7.518,2021-2022,baseline,7.518
2022,Szabolcs-Szatmár-Bereg,wheat,4.09,5.248,2021-2022,baseline,5.248
2022,Tolna,barley,6.2,6.438,2021-2022,baseline,6.438
2022,Tolna,maize,4.18,8.236,2021-2022,baseline,8.236
2022,Tolna,wheat,6.12,6.096,2021-2022,baseline,6.096
2022,Vas,barley,5.72,5.382,2021-2022,baseline,5.382
2022,Vas,maize,5.95,8.278,2021-2022,baseline,8.278
2022,Vas,wheat,6.29,5.694,2021-2022,baseline,5.694
2022,Veszprém,barley,4.78,4.788,2021-2022,baseline,4.788
2022,Veszprém,maize,4.2,6.67,2021-2022,baseline,6.67
2022,Veszprém,wheat,4.79,4.88,2021-2022,baseline,4.88
2022,Zala,barley,5.5,5.674,2021-2022,baseline,5.674
2022,Zala,maize,7.14,8.412,2021-2022,baseline,8.412
2022,Zala,wheat,6.0,5.83,2021-2022,baseline,5.83
2021,Bács-Kiskun,barley,6.6,5.244,2021-2022,no_soil,5.64505672454834
2021,Bács-Kiskun,maize,5.19,7.37,2021-2022,no_soil,8.578316688537598
2021,Bács-Kiskun,wheat,5.78,5.408,2021-2022,no_soil,5.72856330871582
2021,Baranya,barley,6.99,6.294,2021-2022,no_soil,6.490622520446777
2021,Baranya,maize,6.67,8.688,2021-2022,no_soil,8.737848281860352
2021,Baranya,wheat,6.14,6.306,2021-2022,no_soil,6.486760139465332
2021,Békés,barley,6.39,5.036,2021-2022,no_soil,5.625739097595215
2021,Békés,maize,5.21,7.998,2021-2022,no_soil,8.944855690002441
2021,Békés,wheat,6.48,5.082,2021-2022,no_soil,5.583061695098877
2021,Borsod-Abaúj-Zemplén,barley,6.08,5.188,2021-2022,no_soil,5.2941975593566895
2021,Borsod-Abaúj-Zemplén,maize,7.21,8.202,2021-2022,no_soil,7.641209602355957
2021,Borsod-Abaúj-Zemplén,wheat,5.69,5.368,2021-2022,no_soil,5.328343391418457
2021,Csongrád-Csanád,barley,6.56,4.688,2021-2022,no_soil,5.303759574890137
2021,Csongrád-Csanád,maize,4.32,6.906,2021-2022,no_soil,8.296724319458008
2021,Csongrád-Csanád,wheat,5.95,4.844,2021-2022,no_soil,5.279972553253174
2021,Fejér,barley,7.09,5.884,2021-2022,no_soil,6.303711414337158
2021,Fejér,maize,5.88,8.39,2021-2022,no_soil,9.433141708374023
2021,Fejér,wheat,5.78,5.75,2021-2022,no_soil,6.017821788787842
2021,Győr-Moson-Sopron,barley,6.09,5.03,2021-2022,no_soil,5.536340236663818
2021,Győr-Moson-Sopron,maize,7.56,7.26,2021-2022,no_soil,7.351576805114746
2021,Győr-Moson-Sopron,wheat,5.58,5.096,2021-2022,no_soil,5.528181552886963
2021,Hajdú-Bihar,barley,7.19,5.538,2021-2022,no_soil,5.657746315002441
2021,Hajdú-Bihar,maize,6.78,9.078,2021-2022,no_soil,8.761005401611328
2021,Hajdú-Bihar,wheat,6.79,5.566,2021-2022,no_soil,5.546945571899414
2021,Heves,barley,6.14,5.306,2021-2022,no_soil,5.359977722167969
2021,Heves,maize,6.28,7.13,2021-2022,no_soil,6.877277374267578
2021,Heves,wheat,5.67,5.006,2021-2022,no_soil,5.275907039642334
2021,Jász-Nagykun-Szolnok,barley,5.92,5.148,2021-2022,no_soil,5.231167793273926
2021,Jász-Nagykun-Szolnok,maize,5.16,6.154,2021-2022,no_soil,6.294805526733398
2021,Jász-Nagykun-Szolnok,wheat,5.59,4.866,2021-2022,no_soil,4.867207050323486
2021,Komárom-Esztergom,barley,6.31,5.216,2021-2022,no_soil,5.365342617034912
2021,Komárom-Esztergom,maize,7.85,7.778,2021-2022,no_soil,8.240971565246582
2021,Komárom-Esztergom,wheat,6.24,5.262,2021-2022,no_soil,5.411625862121582
2021,Nógrád,barley,4.88,4.056,2021-2022,no_soil,4.079774856567383
2021,Nógrád,maize,5.78,6.078,2021-2022,no_soil,5.894876956939697
2021,Nógrád,wheat,5.05,4.94,2021-2022,no_soil,4.983471870422363
2021,Pest,barley,5.69,4.688,2021-2022,no_soil,5.254326820373535
2021,Pest,maize,6.09,7.566,2021-2022,no_soil,8.734309196472168
2021,Pest,wheat,5.57,4.76,2021-2022,no_soil,5.1775431632995605
2021,Somogy,barley,6.64,5.852,2021-2022,no_soil,6.129700183868408
2021,Somogy,maize,6.16,9.54,2021-2022,no_soil,9.00048542022705
2021,Somogy,wheat,6.16,5.88,2021-2022,no_soil,6.41981315612793
2021,Szabolcs-Szatmár-Bereg,barley,5.34,4.636,2021-2022,no_soil,4.774457931518555
2021,Szabolcs-Szatmár-Bereg,maize,6.89,7.834,2021-2022,no_soil,8.1395902633667
2021,Szabolcs-Szatmár-Bereg,wheat,5.91,5.036,2021-2022,no_soil,5.259904384613037
2021,Tolna,barley,7.08,6.282,2021-2022,no_soil,6.471899032592773
2021,Tolna,maize,4.93,9.14,2021-2022,no_soil,8.619745254516602
2021,Tolna,wheat,5.98,6.178,2021-2022,no_soil,6.3861165046691895
2021,Vas,barley,5.81,5.17,2021-2022,no_soil,5.562479019165039
2021,Vas,maize,8.23,8.392,2021-2022,no_soil,8.737876892089844
2021,Vas,wheat,5.95,5.716,2021-2022,no_soil,5.888548374176025
2021,Veszprém,barley,5.54,4.56,2021-2022,no_soil,5.016606330871582
2021,Veszprém,maize,5.36,6.976,2021-2022,no_soil,7.210831165313721
2021,Veszprém,wheat,5.26,4.842,2021-2022,no_soil,5.234202861785889
2021,Zala,barley,6.13,5.544,2021-2022,no_soil,5.956636905670166
2021,Zala,maize,7.32,8.622,2021-2022,no_soil,8.941551208496094
2021,Zala,wheat,6.32,5.754,2021-2022,no_soil,6.088803768157959
2022,Bács-Kiskun,barley,4.87,5.624,2021-2022,no_soil,5.920866966247559
2022,Bács-Kiskun,maize,3.81,6.788,2021-2022,no_soil,7.129366874694824
2022,Bács-Kiskun,wheat,4.46,5.48,2021-2022,no_soil,5.719437122344971
2022,Baranya,barley,6.19,6.48,2021-2022,no_soil,5.876202583312988
2022,Baranya,maize,4.7,8.218,2021-2022,no_soil,8.969979286193848
2022,Baranya,wheat,5.46,6.25,2021-2022,no_soil,6.400153160095215
2022,Békés,barley,4.1,5.288,2021-2022,no_soil,5.407201766967773
2022,Békés,maize,1.85,7.294,2021-2022,no_soil,7.826879978179932
2022,Békés,wheat,3.84,5.376,2021-2022,no_soil,5.403385162353516
2022,Borsod-Abaúj-Zemplén,barley,5.05,5.416,2021-2022,no_soil,5.2787957191467285
2022,Borsod-Abaúj-Zemplén,maize,3.03,7.936,2021-2022,no_soil,5.560797214508057
2022,Borsod-Abaúj-Zemplén,wheat,4.42,5.41,2021-2022,no_soil,5.278811931610107
2022,Csongrád-Csanád,barley,4.47,5.144,2021-2022,no_soil,5.339045524597168
2022,Csongrád-Csanád,maize,1.9,6.282,2021-2022,no_soil,7.711712837219238
2022,Csongrád-Csanád,wheat,3.54,5.074,2021-2022,no_soil,5.27451753616333
2022,Fejér,barley,5.58,6.132,2021-2022,no_soil,5.62173318862915
2022,Fejér,maize,2.56,7.692,2021-2022,no_soil,7.94023323059082
2022,Fejér,wheat,5.47,5.646,2021-2022,no_soil,5.535655498504639
2022,Győr-Moson-Sopron,barley,5.36,5.23,2021-2022,no_soil,5.350158214569092
2022,Győr-Moson-Sopron,maize,4.81,7.026,2021-2022,no_soil,7.190758228302002
2022,Győr-Moson-Sopron,wheat,5.21,5.192,2021-2022,no_soil,5.372859477996826
2022,Hajdú-Bihar,barley,4.15,5.914,2021-2022,no_soil,5.419992923736572
2022,Hajdú-Bihar,maize,2.52,8.52,2021-2022,no_soil,8.33730697631836
2022,Hajdú-Bihar,wheat,3.48,5.83,2021-2022,no_soil,4.939724445343018
2022,Heves,barley,3.89,5.562,2021-2022,no_soil,5.412264823913574
2022,Heves,maize,1.52,6.964,2021-2022,no_soil,6.690935134887695
2022,Heves,wheat,3.28,5.198,2021-2022,no_soil,5.163847923278809
2022,Jász-Nagykun-Szolnok,barley,3.34,5.356,2021-2022,no_soil,5.256453037261963
2022,Jász-Nagykun-Szolnok,maize,2.23,5.828,2021-2022,no_soil,5.563867568969727
2022,Jász-Nagykun-Szolnok,wheat,3.0,5.08,2021-2022,no_soil,5.202341556549072
2022,Komárom-Esztergom,barley,4.8,5.462,2021-2022,no_soil,5.508734703063965
2022,Komárom-Esztergom,maize,2.73,7.68,2021-2022,no_soil,6.68135929107666
2022,Komárom-Esztergom,wheat,4.62,5.426,2021-2022,no_soil,5.477023124694824
2022,Nógrád,barley,3.88,4.232,2021-2022,no_soil,4.061502933502197
2022,Nógrád,maize,2.65,5.976,2021-2022,no_soil,5.736111640930176
2022,Nógrád,wheat,3.57,5.03,2021-2022,no_soil,4.8796305656433105
2022,Pest,barley,3.49,4.898,2021-2022,no_soil,4.9638800621032715
2022,Pest,maize,1.55,7.302,2021-2022,no_soil,6.95551872253418
2022,Pest,wheat,3.43,4.924,2021-2022,no_soil,4.942615509033203
2022,Somogy,barley,5.88,5.994,2021-2022,no_soil,6.415783405303955
2022,Somogy,maize,5.75,8.848,2021-2022,no_soil,8.388056755065918
2022,Somogy,wheat,6.0,5.876,2021-2022,no_soil,6.280102729797363
2022,Szabolcs-Szatmár-Bereg,barley,4.41,4.806,2021-2022,no_soil,5.154326915740967
2022,Szabolcs-Szatmár-Bereg,maize,2.51,7.518,2021-2022,no_soil,7.340493202209473
2022,Szabolcs-Szatmár-Bereg,wheat,4.09,5.248,2021-2022,no_soil,5.425487995147705
2022,Tolna,barley,6.2,6.438,2021-2022,no_soil,5.738067626953125
2022,Tolna,maize,4.18,8.236,2021-2022,no_soil,8.926918029785156
2022,Tolna,wheat,6.12,6.096,2021-2022,no_soil,5.8718061447143555
2022,Vas,barley,5.72,5.382,2021-2022,no_soil,5.480722904205322
2022,Vas,maize,5.95,8.278,2021-2022,no_soil,8.16639232635498
2022,Vas,wheat,6.29,5.694,2021-2022,no_soil,5.741734504699707
2022,Veszprém,barley,4.78,4.788,2021-2022,no_soil,5.1932053565979
2022,Veszprém,maize,4.2,6.67,2021-2022,no_soil,6.3908915519714355
2022,Veszprém,wheat,4.79,4.88,2021-2022,no_soil,5.199218273162842
2022,Zala,barley,5.5,5.674,2021-2022,no_soil,5.973917484283447
2022,Zala,maize,7.14,8.412,2021-2022,no_soil,8.759881019592285
2022,Zala,wheat,6.0,5.83,2021-2022,no_soil,5.813107490539551
2021,Bács-Kiskun,barley,6.6,5.244,2021-2022,soil,5.415983200073242
2021,Bács-Kiskun,maize,5.19,7.37,2021-2022,soil,7.562685489654541
2021,Bács-Kiskun,wheat,5.78,5.408,2021-2022,soil,5.440467834472656
2021,Baranya,barley,6.99,6.294,2021-2022,soil,6.328202724456787
2021,Baranya,maize,6.67,8.688,2021-2022,soil,8.710918426513672
2021,Baranya,wheat,6.14,6.306,2021-2022,soil,6.3005146980285645
2021,Békés,barley,6.39,5.036,2021-2022,soil,5.339384078979492
2021,Békés,maize,5.21,7.998,2021-2022,soil,8.339906692504883
2021,Békés,wheat,6.48,5.082,2021-2022,soil,5.295709133148193
2021,Borsod-Abaúj-Zemplén,barley,6.08,5.188,2021-2022,soil,5.288685321807861
2021,Borsod-Abaúj-Zemplén,maize,7.21,8.202,2021-2022,soil,8.071270942687988
2021,Borsod-Abaúj-Zemplén,wheat,5.69,5.368,2021-2022,soil,5.421869277954102
2021,Csongrád-Csanád,barley,6.56,4.688,2021-2022,soil,5.050304889678955
2021,Csongrád-Csanád,maize,4.32,6.906,2021-2022,soil,7.122037887573242
2021,Csongrád-Csanád,wheat,5.95,4.844,2021-2022,soil,5.059351921081543
2021,Fejér,barley,7.09,5.884,2021-2022,soil,6.155517578125
2021,Fejér,maize,5.88,8.39,2021-2022,soil,8.970489501953125
2021,Fejér,wheat,5.78,5.75,2021-2022,soil,6.0564985275268555
2021,Győr-Moson-Sopron,barley,6.09,5.03,2021-2022,soil,5.441139221191406
2021,Győr-Moson-Sopron,maize,7.56,7.26,2021-2022,soil,7.484127521514893
2021,Győr-Moson-Sopron,wheat,5.58,5.096,2021-2022,soil,5.439992427825928
2021,Hajdú-Bihar,barley,7.19,5.538,2021-2022,soil,5.5966668128967285
2021,Hajdú-Bihar,maize,6.78,9.078,2021-2022,soil,8.931333541870117
2021,Hajdú-Bihar,wheat,6.79,5.566,2021-2022,soil,5.576864719390869
2021,Heves,barley,6.14,5.306,2021-2022,soil,5.25222635269165
2021,Heves,maize,6.28,7.13,2021-2022,soil,6.842780590057373
2021,Heves,wheat,5.67,5.006,2021-2022,soil,5.1964826583862305
2021,Jász-Nagykun-Szolnok,barley,5.92,5.148,2021-2022,soil,4.925119876861572
2021,Jász-Nagykun-Szolnok,maize,5.16,6.154,2021-2022,soil,6.786196231842041
2021,Jász-Nagykun-Szolnok,wheat,5.59,4.866,2021-2022,soil,4.706217288970947
2021,Komárom-Esztergom,barley,6.31,5.216,2021-2022,soil,5.381912708282471
2021,Komárom-Esztergom,maize,7.85,7.778,2021-2022,soil,8.242958068847656
2021,Komárom-Esztergom,wheat,6.24,5.262,2021-2022,soil,5.43302583694458
2021,Nógrád,barley,4.88,4.056,2021-2022,soil,3.990856170654297
2021,Nógrád,maize,5.78,6.078,2021-2022,soil,5.614954471588135
2021,Nógrád,wheat,5.05,4.94,2021-2022,soil,4.883248329162598
2021,Pest,barley,5.69,4.688,2021-2022,soil,5.136566638946533
2021,Pest,maize,6.09,7.566,2021-2022,soil,8.091282844543457
2021,Pest,wheat,5.57,4.76,2021-2022,soil,5.113201141357422
2021,Somogy,barley,6.64,5.852,2021-2022,soil,5.836341857910156
2021,Somogy,maize,6.16,9.54,2021-2022,soil,8.878270149230957
2021,Somogy,wheat,6.16,5.88,2021-2022,soil,5.952541828155518
2021,Szabolcs-Szatmár-Bereg,barley,5.34,4.636,2021-2022,soil,4.728934288024902
2021,Szabolcs-Szatmár-Bereg,maize,6.89,7.834,2021-2022,soil,8.006813049316406
2021,Szabolcs-Szatmár-Bereg,wheat,5.91,5.036,2021-2022,soil,5.194827556610107
2021,Tolna,barley,7.08,6.282,2021-2022,soil,6.348047733306885
2021,Tolna,maize,4.93,9.14,2021-2022,soil,8.829581260681152
2021,Tolna,wheat,5.98,6.178,2021-2022,soil,6.29238748550415
2021,Vas,barley,5.81,5.17,2021-2022,soil,5.673212051391602
2021,Vas,maize,8.23,8.392,2021-2022,soil,9.168725967407227
2021,Vas,wheat,5.95,5.716,2021-2022,soil,5.89756965637207
2021,Veszprém,barley,5.54,4.56,2021-2022,soil,4.923480987548828
2021,Veszprém,maize,5.36,6.976,2021-2022,soil,7.295018196105957
2021,Veszprém,wheat,5.26,4.842,2021-2022,soil,5.144709587097168
2021,Zala,barley,6.13,5.544,2021-2022,soil,5.947956085205078
2021,Zala,maize,7.32,8.622,2021-2022,soil,9.05788516998291
2021,Zala,wheat,6.32,5.754,2021-2022,soil,5.967998027801514
2022,Bács-Kiskun,barley,4.87,5.624,2021-2022,soil,5.4435133934021
2022,Bács-Kiskun,maize,3.81,6.788,2021-2022,soil,6.550239086151123
2022,Bács-Kiskun,wheat,4.46,5.48,2021-2022,soil,5.345010280609131
2022,Baranya,barley,6.19,6.48,2021-2022,soil,5.682095050811768
2022,Baranya,maize,4.7,8.218,2021-2022,soil,8.388561248779297
2022,Baranya,wheat,5.46,6.25,2021-2022,soil,6.205793380737305
2022,Békés,barley,4.1,5.288,2021-2022,soil,5.205549240112305
2022,Békés,maize,1.85,7.294,2021-2022,soil,7.52593469619751
2022,Békés,wheat,3.84,5.376,2021-2022,soil,5.257181167602539
2022,Borsod-Abaúj-Zemplén,barley,5.05,5.416,2021-2022,soil,5.25249719619751
2022,Borsod-Abaúj-Zemplén,maize,3.03,7.936,2021-2022,soil,5.9749345779418945
2022,Borsod-Abaúj-Zemplén,wheat,4.42,5.41,2021-2022,soil,5.296926021575928
2022,Csongrád-Csanád,barley,4.47,5.144,2021-2022,soil,4.91819429397583
2022,Csongrád-Csanád,maize,1.9,6.282,2021-2022,soil,7.141038417816162
2022,Csongrád-Csanád,wheat,3.54,5.074,2021-2022,soil,4.963369846343994
2022,Fejér,barley,5.58,6.132,2021-2022,soil,5.678831100463867
2022,Fejér,maize,2.56,7.692,2021-2022,soil,7.935318946838379
2022,Fejér,wheat,5.47,5.646,2021-2022,soil,5.649661540985107
2022,Győr-Moson-Sopron,barley,5.36,5.23,2021-2022,soil,5.27370023727417
2022,Győr-Moson-Sopron,maize,4.81,7.026,2021-2022,soil,7.194658279418945
2022,Győr-Moson-Sopron,wheat,5.21,5.192,2021-2022,soil,5.280245304107666
2022,Hajdú-Bihar,barley,4.15,5.914,2021-2022,soil,5.506898880004883
2022,Hajdú-Bihar,maize,2.52,8.52,2021-2022,soil,8.2190523147583
2022,Hajdú-Bihar,wheat,3.48,5.83,2021-2022,soil,5.1525139808654785
2022,Heves,barley,3.89,5.562,2021-2022,soil,5.335134506225586
2022,Heves,maize,1.52,6.964,2021-2022,soil,6.1654205322265625
2022,Heves,wheat,3.28,5.198,2021-2022,soil,5.076404571533203
2022,Jász-Nagykun-Szolnok,barley,3.34,5.356,2021-2022,soil,5.00675106048584
2022,Jász-Nagykun-Szolnok,maize,2.23,5.828,2021-2022,soil,5.973735332489014
2022,Jász-Nagykun-Szolnok,wheat,3.0,5.08,2021-2022,soil,4.924148082733154
2022,Komárom-Esztergom,barley,4.8,5.462,2021-2022,soil,5.470873832702637
2022,Komárom-Esztergom,maize,2.73,7.68,2021-2022,soil,7.091785430908203
2022,Komárom-Esztergom,wheat,4.62,5.426,2021-2022,soil,5.48588752746582
2022,Nógrád,barley,3.88,4.232,2021-2022,soil,3.955437660217285
2022,Nógrád,maize,2.65,5.976,2021-2022,soil,5.4741082191467285
2022,Nógrád,wheat,3.57,5.03,2021-2022,soil,4.737311363220215
2022,Pest,barley,3.49,4.898,2021-2022,soil,4.9394989013671875
2022,Pest,maize,1.55,7.302,2021-2022,soil,6.0736083984375
2022,Pest,wheat,3.43,4.924,2021-2022,soil,4.950624465942383
2022,Somogy,barley,5.88,5.994,2021-2022,soil,5.871005058288574
2022,Somogy,maize,5.75,8.848,2021-2022,soil,8.19249153137207
2022,Somogy,wheat,6.0,5.876,2021-2022,soil,5.79071569442749
2022,Szabolcs-Szatmár-Bereg,barley,4.41,4.806,2021-2022,soil,5.18619441986084
2022,Szabolcs-Szatmár-Bereg,maize,2.51,7.518,2021-2022,soil,6.625241279602051
2022,Szabolcs-Szatmár-Bereg,wheat,4.09,5.248,2021-2022,soil,5.4057297706604
2022,Tolna,barley,6.2,6.438,2021-2022,soil,5.5297980308532715
2022,Tolna,maize,4.18,8.236,2021-2022,soil,8.878314018249512
2022,Tolna,wheat,6.12,6.096,2021-2022,soil,5.780888557434082
2022,Vas,barley,5.72,5.382,2021-2022,soil,5.647983074188232
2022,Vas,maize,5.95,8.278,2021-2022,soil,8.156229972839355
2022,Vas,wheat,6.29,5.694,2021-2022,soil,5.819709300994873
2022,Veszprém,barley,4.78,4.788,2021-2022,soil,5.016504764556885
2022,Veszprém,maize,4.2,6.67,2021-2022,soil,6.338716506958008
2022,Veszprém,wheat,4.79,4.88,2021-2022,soil,5.056352615356445
2022,Zala,barley,5.5,5.674,2021-2022,soil,5.8289008140563965
2022,Zala,maize,7.14,8.412,2021-2022,soil,8.512395858764648
2022,Zala,wheat,6.0,5.83,2021-2022,soil,5.7446489334106445
2021,Bács-Kiskun,barley,6.6,5.244,2021-2022,county,5.511017799377441
2021,Bács-Kiskun,maize,5.19,7.37,2021-2022,county,8.13433837890625
2021,Bács-Kiskun,wheat,5.78,5.408,2021-2022,county,5.47655725479126
2021,Baranya,barley,6.99,6.294,2021-2022,county,6.273468017578125
2021,Baranya,maize,6.67,8.688,2021-2022,county,8.63516616821289
2021,Baranya,wheat,6.14,6.306,2021-2022,county,6.251910209655762
2021,Békés,barley,6.39,5.036,2021-2022,county,5.4607977867126465
2021,Békés,maize,5.21,7.998,2021-2022,county,8.717558860778809
2021,Békés,wheat,6.48,5.082,2021-2022,county,5.461470603942871
2021,Borsod-Abaúj-Zemplén,barley,6.08,5.188,2021-2022,county,5.375471591949463
2021,Borsod-Abaúj-Zemplén,maize,7.21,8.202,2021-2022,county,7.4703369140625
2021,Borsod-Abaúj-Zemplén,wheat,5.69,5.368,2021-2022,county,5.481451988220215
2021,Csongrád-Csanád,barley,6.56,4.688,2021-2022,county,5.010841369628906
2021,Csongrád-Csanád,maize,4.32,6.906,2021-2022,county,7.761752128601074
2021,Csongrád-Csanád,wheat,5.95,4.844,2021-2022,county,4.955525875091553
2021,Fejér,barley,7.09,5.884,2021-2022,county,6.326247215270996
2021,Fejér,maize,5.88,8.39,2021-2022,county,9.048008918762207
2021,Fejér,wheat,5.78,5.75,2021-2022,county,6.233593463897705
2021,Győr-Moson-Sopron,barley,6.09,5.03,2021-2022,county,5.402076244354248
2021,Győr-Moson-Sopron,maize,7.56,7.26,2021-2022,county,7.183119297027588
2021,Győr-Moson-Sopron,wheat,5.58,5.096,2021-2022,county,5.411499977111816
2021,Hajdú-Bihar,barley,7.19,5.538,2021-2022,county,5.814764976501465
2021,Hajdú-Bihar,maize,6.78,9.078,2021-2022,county,8.986493110656738
2021,Hajdú-Bihar,wheat,6.79,5.566,2021-2022,county,5.778562068939209
2021,Heves,barley,6.14,5.306,2021-2022,county,5.265573978424072
2021,Heves,maize,6.28,7.13,2021-2022,county,6.475940704345703
2021,Heves,wheat,5.67,5.006,2021-2022,county,5.207442283630371
2021,Jász-Nagykun-Szolnok,barley,5.92,5.148,2021-2022,county,5.087228298187256
2021,Jász-Nagykun-Szolnok,maize,5.16,6.154,2021-2022,county,6.340583324432373
2021,Jász-Nagykun-Szolnok,wheat,5.59,4.866,2021-2022,county,4.808314800262451
2021,Komárom-Esztergom,barley,6.31,5.216,2021-2022,county,5.460109710693359
2021,Komárom-Esztergom,maize,7.85,7.778,2021-2022,county,8.190655708312988
2021,Komárom-Esztergom,wheat,6.24,5.262,2021-2022,county,5.525723934173584
2021,Nógrád,barley,4.88,4.056,2021-2022,county,4.121058940887451
2021,Nógrád,maize,5.78,6.078,2021-2022,county,5.366502285003662
2021,Nógrád,wheat,5.05,4.94,2021-2022,county,4.951375484466553
2021,Pest,barley,5.69,4.688,2021-2022,county,5.194672107696533
2021,Pest,maize,6.09,7.566,2021-2022,county,8.450241088867188
2021,Pest,wheat,5.57,4.76,2021-2022,county,5.167571067810059
2021,Somogy,barley,6.64,5.852,2021-2022,county,5.940676212310791
2021,Somogy,maize,6.16,9.54,2021-2022,county,8.904358863830566
2021,Somogy,wheat,6.16,5.88,2021-2022,county,6.187835216522217
2021,Szabolcs-Szatmár-Bereg,barley,5.34,4.636,2021-2022,county,4.694247722625732
2021,Szabolcs-Szatmár-Bereg,maize,6.89,7.834,2021-2022,county,7.725340843200684
2021,Szabolcs-Szatmár-Bereg,wheat,5.91,5.036,2021-2022,county,5.164740085601807
2021,Tolna,barley,7.08,6.282,2021-2022,county,6.297052383422852
2021,Tolna,maize,4.93,9.14,2021-2022,county,8.881111145019531
2021,Tolna,wheat,5.98,6.178,2021-2022,county,6.275493621826172
2021,Vas,barley,5.81,5.17,2021-2022,county,5.714474678039551
2021,Vas,maize,8.23,8.392,2021-2022,county,9.011739730834961
2021,Vas,wheat,5.95,5.716,2021-2022,county,6.129453659057617
2021,Veszprém,barley,5.54,4.56,2021-2022,county,4.916644096374512
2021,Veszprém,maize,5.36,6.976,2021-2022,county,7.001459121704102
2021,Veszprém,wheat,5.26,4.842,2021-2022,county,5.093166828155518
2021,Zala,barley,6.13,5.544,2021-2022,county,5.949414253234863
2021,Zala,maize,7.32,8.622,2021-2022,county,9.078585624694824
2021,Zala,wheat,6.32,5.754,2021-2022,county,6.07323694229126
2022,Bács-Kiskun,barley,4.87,5.624,2021-2022,county,5.511828422546387
2022,Bács-Kiskun,maize,3.81,6.788,2021-2022,county,6.805289268493652
2022,Bács-Kiskun,wheat,4.46,5.48,2021-2022,county,5.477806091308594
2022,Baranya,barley,6.19,6.48,2021-2022,county,5.5440673828125
2022,Baranya,maize,4.7,8.218,2021-2022,county,8.607451438903809
2022,Baranya,wheat,5.46,6.25,2021-2022,county,6.217206954956055
2022,Békés,barley,4.1,5.288,2021-2022,county,5.282434463500977
2022,Békés,maize,1.85,7.294,2021-2022,county,7.647149085998535
2022,Békés,wheat,3.84,5.376,2021-2022,county,5.311913013458252
2022,Borsod-Abaúj-Zemplén,barley,5.05,5.416,2021-2022,county,5.313886642456055
2022,Borsod-Abaúj-Zemplén,maize,3.03,7.936,2021-2022,county,5.393256187438965
2022,Borsod-Abaúj-Zemplén,wheat,4.42,5.41,2021-2022,county,5.36787223815918
2022,Csongrád-Csanád,barley,4.47,5.144,2021-2022,county,4.835084438323975
2022,Csongrád-Csanád,maize,1.9,6.282,2021-2022,county,7.163578510284424
2022,Csongrád-Csanád,wheat,3.54,5.074,2021-2022,county,4.895878791809082
2022,Fejér,barley,5.58,6.132,2021-2022,county,5.845430374145508
2022,Fejér,maize,2.56,7.692,2021-2022,county,8.078600883483887
2022,Fejér,wheat,5.47,5.646,2021-2022,county,5.890286922454834
2022,Győr-Moson-Sopron,barley,5.36,5.23,2021-2022,county,5.275413990020752
2022,Győr-Moson-Sopron,maize,4.81,7.026,2021-2022,county,6.938894271850586
2022,Győr-Moson-Sopron,wheat,5.21,5.192,2021-2022,county,5.309650421142578
2022,Hajdú-Bihar,barley,4.15,5.914,2021-2022,county,5.648129463195801
2022,Hajdú-Bihar,maize,2.52,8.52,2021-2022,county,8.330856323242188
2022,Hajdú-Bihar,wheat,3.48,5.83,2021-2022,county,5.2728190422058105
2022,Heves,barley,3.89,5.562,2021-2022,county,5.2987236976623535
2022,Heves,maize,1.52,6.964,2021-2022,county,6.040783882141113
2022,Heves,wheat,3.28,5.198,2021-2022,county,5.029404163360596
2022,Jász-Nagykun-Szolnok,barley,3.34,5.356,2021-2022,county,5.030135154724121
2022,Jász-Nagykun-Szolnok,maize,2.23,5.828,2021-2022,county,5.7545576095581055
2022,Jász-Nagykun-Szolnok,wheat,3.0,5.08,2021-2022,county,4.957254886627197
2022,Komárom-Esztergom,barley,4.8,5.462,2021-2022,county,5.541617393493652
2022,Komárom-Esztergom,maize,2.73,7.68,2021-2022,county,6.9934468269348145
2022,Komárom-Esztergom,wheat,4.62,5.426,2021-2022,county,5.5438079833984375
2022,Nógrád,barley,3.88,4.232,2021-2022,county,3.99702787399292
2022,Nógrád,maize,2.65,5.976,2021-2022,county,5.477546691894531
2022,Nógrád,wheat,3.57,5.03,2021-2022,county,4.751250267028809
2022,Pest,barley,3.49,4.898,2021-2022,county,5.059759616851807
2022,Pest,maize,1.55,7.302,2021-2022,county,6.671952247619629
2022,Pest,wheat,3.43,4.924,2021-2022,county,5.051754951477051
2022,Somogy,barley,5.88,5.994,2021-2022,county,5.917990207672119
2022,Somogy,maize,5.75,8.848,2021-2022,county,8.350667953491211
2022,Somogy,wheat,6.0,5.876,2021-2022,county,6.016354560852051
2022,Szabolcs-Szatmár-Bereg,barley,4.41,4.806,2021-2022,county,5.0397467613220215
2022,Szabolcs-Szatmár-Bereg,maize,2.51,7.518,2021-2022,county,6.829571723937988
2022,Szabolcs-Szatmár-Bereg,wheat,4.09,5.248,2021-2022,county,5.315055847167969
2022,Tolna,barley,6.2,6.438,2021-2022,county,5.523338317871094
2022,Tolna,maize,4.18,8.236,2021-2022,county,8.922368049621582
2022,Tolna,wheat,6.12,6.096,2021-2022,county,5.859530925750732
2022,Vas,barley,5.72,5.382,2021-2022,county,5.541383743286133
2022,Vas,maize,5.95,8.278,2021-2022,county,8.292222023010254
2022,Vas,wheat,6.29,5.694,2021-2022,county,5.879812240600586
2022,Veszprém,barley,4.78,4.788,2021-2022,county,5.005402565002441
2022,Veszprém,maize,4.2,6.67,2021-2022,county,5.98944091796875
2022,Veszprém,wheat,4.79,4.88,2021-2022,county,5.025688648223877
2022,Zala,barley,5.5,5.674,2021-2022,county,5.932828426361084
2022,Zala,maize,7.14,8.412,2021-2022,county,8.805298805236816
2022,Zala,wheat,6.0,5.83,2021-2022,county,5.7618408203125
