yield_year,county_name,crop,average_yield_t_ha,recent_yield_mean_t_ha,period,prediction,model
2015,Bács-Kiskun,barley,4.79,3.956,2015-2016,3.956,baseline
2015,Bács-Kiskun,maize,5.6,5.64,2015-2016,5.64,baseline
2015,Bács-Kiskun,wheat,5.03,4.246,2015-2016,4.246,baseline
2015,Baranya,barley,5.06,4.7,2015-2016,4.7,baseline
2015,Baranya,maize,6.57,6.46,2015-2016,6.46,baseline
2015,Baranya,wheat,5.78,5.184,2015-2016,5.184,baseline
2015,Békés,barley,4.99,3.552,2015-2016,3.552,baseline
2015,Békés,maize,6.25,5.976,2015-2016,5.976,baseline
2015,Békés,wheat,5.42,3.976,2015-2016,3.976,baseline
2015,Borsod-Abaúj-Zemplén,barley,4.58,3.628,2015-2016,3.628,baseline
2015,Borsod-Abaúj-Zemplén,maize,4.93,6.37,2015-2016,6.37,baseline
2015,Borsod-Abaúj-Zemplén,wheat,4.98,4.16,2015-2016,4.16,baseline
2015,Csongrád-Csanád,barley,4.37,3.566,2015-2016,3.566,baseline
2015,Csongrád-Csanád,maize,5.22,5.25,2015-2016,5.25,baseline
2015,Csongrád-Csanád,wheat,4.91,4.062,2015-2016,4.062,baseline
2015,Fejér,barley,5.79,4.256,2015-2016,4.256,baseline
2015,Fejér,maize,6.21,6.674,2015-2016,6.674,baseline
2015,Fejér,wheat,5.87,4.696,2015-2016,4.696,baseline
2015,Győr-Moson-Sopron,barley,4.89,3.852,2015-2016,3.852,baseline
2015,Győr-Moson-Sopron,maize,5.51,6.822,2015-2016,6.822,baseline
2015,Győr-Moson-Sopron,wheat,5.17,4.452,2015-2016,4.452,baseline
2015,Hajdú-Bihar,barley,5.03,3.816,2015-2016,3.816,baseline
2015,Hajdú-Bihar,maize,6.07,6.292,2015-2016,6.292,baseline
2015,Hajdú-Bihar,wheat,5.15,4.328,2015-2016,4.328,baseline
2015,Heves,barley,4.54,3.33,2015-2016,3.33,baseline
2015,Heves,maize,3.88,4.654,2015-2016,4.654,baseline
2015,Heves,wheat,4.88,3.622,2015-2016,3.622,baseline
2015,Jász-Nagykun-Szolnok,barley,4.64,3.436,2015-2016,3.436,baseline
2015,Jász-Nagykun-Szolnok,maize,4.53,4.168,2015-2016,4.168,baseline
2015,Jász-Nagykun-Szolnok,wheat,4.73,3.498,2015-2016,3.498,baseline
2015,Komárom-Esztergom,barley,4.98,3.724,2015-2016,3.724,baseline
2015,Komárom-Esztergom,maize,6.13,6.25,2015-2016,6.25,baseline
2015,Komárom-Esztergom,wheat,5.5,4.14,2015-2016,4.14,baseline
2015,Nógrád,barley,3.21,2.59,2015-2016,2.59,baseline
2015,Nógrád,maize,3.54,4.436,2015-2016,4.436,baseline
2015,Nógrád,wheat,4.06,3.346,2015-2016,3.346,baseline
2015,Pest,barley,4.55,3.688,2015-2016,3.688,baseline
2015,Pest,maize,5.5,5.528,2015-2016,5.528,baseline
2015,Pest,wheat,4.91,3.854,2015-2016,3.854,baseline
2015,Somogy,barley,4.37,4.12,2015-2016,4.12,baseline
2015,Somogy,maize,6.9,5.96,2015-2016,5.96,baseline
2015,Somogy,wheat,5.53,4.69,2015-2016,4.69,baseline
2015,Szabolcs-Szatmár-Bereg,barley,4.03,3.282,2015-2016,3.282,baseline
2015,Szabolcs-Szatmár-Bereg,maize,3.62,5.78,2015-2016,5.78,baseline
2015,Szabolcs-Szatmár-Bereg,wheat,4.88,3.964,2015-2016,3.964,baseline
2015,Tolna,barley,5.69,4.66,2015-2016,4.66,baseline
2015,Tolna,maize,7.34,6.69,2015-2016,6.69,baseline
2015,Tolna,wheat,6.08,5.018,2015-2016,5.018,baseline
2015,Vas,barley,4.69,4.168,2015-2016,4.168,baseline
2015,Vas,maize,6.11,6.624,2015-2016,6.624,baseline
2015,Vas,wheat,5.24,4.558,2015-2016,4.558,baseline
2015,Veszprém,barley,3.91,3.402,2015-2016,3.402,baseline
2015,Veszprém,maize,5.22,5.352,2015-2016,5.352,baseline
2015,Veszprém,wheat,4.48,3.754,2015-2016,3.754,baseline
2015,Zala,barley,4.6,4.348,2015-2016,4.348,baseline
2015,Zala,maize,6.3,6.074,2015-2016,6.074,baseline
2015,Zala,wheat,5.26,4.722,2015-2016,4.722,baseline
2016,Bács-Kiskun,barley,4.7,4.21,2015-2016,4.21,baseline
2016,Bács-Kiskun,maize,8.1,5.534,2015-2016,5.534,baseline
2016,Bács-Kiskun,wheat,5.42,4.484,2015-2016,4.484,baseline
2016,Baranya,barley,6.06,4.936,2015-2016,4.936,baseline
2016,Baranya,maize,9.02,6.394,2015-2016,6.394,baseline
2016,Baranya,wheat,6.42,5.5,2015-2016,5.5,baseline
2016,Békés,barley,5.13,3.958,2015-2016,3.958,baseline
2016,Békés,maize,8.73,5.902,2015-2016,5.902,baseline
2016,Békés,wheat,5.01,4.364,2015-2016,4.364,baseline
2016,Borsod-Abaúj-Zemplén,barley,4.94,3.916,2015-2016,3.916,baseline
2016,Borsod-Abaúj-Zemplén,maize,8.54,6.344,2015-2016,6.344,baseline
2016,Borsod-Abaúj-Zemplén,wheat,5.48,4.396,2015-2016,4.396,baseline
2016,Csongrád-Csanád,barley,4.28,3.806,2015-2016,3.806,baseline
2016,Csongrád-Csanád,maize,7.44,5.07,2015-2016,5.07,baseline
2016,Csongrád-Csanád,wheat,4.8,4.29,2015-2016,4.29,baseline
2016,Fejér,barley,5.85,4.65,2015-2016,4.65,baseline
2016,Fejér,maize,9.37,6.432,2015-2016,6.432,baseline
2016,Fejér,wheat,6.3,5.01,2015-2016,5.01,baseline
2016,Győr-Moson-Sopron,barley,5.09,4.182,2015-2016,4.182,baseline
2016,Győr-Moson-Sopron,maize,8.73,6.58,2015-2016,6.58,baseline
2016,Győr-Moson-Sopron,wheat,5.1,4.698,2015-2016,4.698,baseline
2016,Hajdú-Bihar,barley,5.31,4.226,2015-2016,4.226,baseline
2016,Hajdú-Bihar,maize,9.57,6.234,2015-2016,6.234,baseline
2016,Hajdú-Bihar,wheat,5.47,4.674,2015-2016,4.674,baseline
2016,Heves,barley,4.86,3.622,2015-2016,3.622,baseline
2016,Heves,maize,7.11,4.46,2015-2016,4.46,baseline
2016,Heves,wheat,4.71,3.958,2015-2016,3.958,baseline
2016,Jász-Nagykun-Szolnok,barley,4.88,3.824,2015-2016,3.824,baseline
2016,Jász-Nagykun-Szolnok,maize,6.79,4.238,2015-2016,4.238,baseline
2016,Jász-Nagykun-Szolnok,wheat,4.52,3.86,2015-2016,3.86,baseline
2016,Komárom-Esztergom,barley,5.08,4.07,2015-2016,4.07,baseline
2016,Komárom-Esztergom,maize,8.34,6.16,2015-2016,6.16,baseline
2016,Komárom-Esztergom,wheat,5.42,4.464,2015-2016,4.464,baseline
2016,Nógrád,barley,4.0,2.734,2015-2016,2.734,baseline
2016,Nógrád,maize,6.29,4.226,2015-2016,4.226,baseline
2016,Nógrád,wheat,4.6,3.488,2015-2016,3.488,baseline
2016,Pest,barley,4.64,3.992,2015-2016,3.992,baseline
2016,Pest,maize,7.41,5.4,2015-2016,5.4,baseline
2016,Pest,wheat,4.75,4.182,2015-2016,4.182,baseline
2016,Somogy,barley,5.93,4.256,2015-2016,4.256,baseline
2016,Somogy,maize,9.62,5.924,2015-2016,5.924,baseline
2016,Somogy,wheat,6.18,4.974,2015-2016,4.974,baseline
2016,Szabolcs-Szatmár-Bereg,barley,4.49,3.518,2015-2016,3.518,baseline
2016,Szabolcs-Szatmár-Bereg,maize,8.47,5.514,2015-2016,5.514,baseline
2016,Szabolcs-Szatmár-Bereg,wheat,4.85,4.24,2015-2016,4.24,baseline
2016,Tolna,barley,6.3,5.028,2015-2016,5.028,baseline
2016,Tolna,maize,9.45,6.608,2015-2016,6.608,baseline
2016,Tolna,wheat,6.39,5.386,2015-2016,5.386,baseline
2016,Vas,barley,4.75,4.236,2015-2016,4.236,baseline
2016,Vas,maize,8.8,6.434,2015-2016,6.434,baseline
2016,Vas,wheat,6.06,4.686,2015-2016,4.686,baseline
2016,Veszprém,barley,4.4,3.542,2015-2016,3.542,baseline
2016,Veszprém,maize,6.89,5.37,2015-2016,5.37,baseline
2016,Veszprém,wheat,5.07,3.966,2015-2016,3.966,baseline
2016,Zala,barley,5.48,4.438,2015-2016,4.438,baseline
2016,Zala,maize,8.37,5.99,2015-2016,5.99,baseline
2016,Zala,wheat,5.94,4.888,2015-2016,4.888,baseline
2017,Bács-Kiskun,barley,5.02,4.346,2017-2018,4.346,baseline
2017,Bács-Kiskun,maize,6.19,5.86,2017-2018,5.86,baseline
2017,Bács-Kiskun,wheat,5.65,4.668,2017-2018,4.668,baseline
2017,Baranya,barley,6.4,5.192,2017-2018,5.192,baseline
2017,Baranya,maize,7.26,6.82,2017-2018,6.82,baseline
2017,Baranya,wheat,6.45,5.792,2017-2018,5.792,baseline
2017,Békés,barley,5.02,4.256,2017-2018,4.256,baseline
2017,Békés,maize,5.68,6.386,2017-2018,6.386,baseline
2017,Békés,wheat,5.35,4.546,2017-2018,4.546,baseline
2017,Borsod-Abaúj-Zemplén,barley,5.53,4.228,2017-2018,4.228,baseline
2017,Borsod-Abaúj-Zemplén,maize,7.52,6.708,2017-2018,6.708,baseline
2017,Borsod-Abaúj-Zemplén,wheat,5.66,4.668,2017-2018,4.668,baseline
2017,Csongrád-Csanád,barley,4.94,4.02,2017-2018,4.02,baseline
2017,Csongrád-Csanád,maize,5.52,5.384,2017-2018,5.384,baseline
2017,Csongrád-Csanád,wheat,5.41,4.47,2017-2018,4.47,baseline
2017,Fejér,barley,5.89,5.012,2017-2018,5.012,baseline
2017,Fejér,maize,6.7,6.79,2017-2018,6.79,baseline
2017,Fejér,wheat,5.45,5.334,2017-2018,5.334,baseline
2017,Győr-Moson-Sopron,barley,4.93,4.384,2017-2018,4.384,baseline
2017,Győr-Moson-Sopron,maize,5.68,6.834,2017-2018,6.834,baseline
2017,Győr-Moson-Sopron,wheat,4.77,4.78,2017-2018,4.78,baseline
2017,Hajdú-Bihar,barley,5.6,4.536,2017-2018,4.536,baseline
2017,Hajdú-Bihar,maize,7.93,6.766,2017-2018,6.766,baseline
2017,Hajdú-Bihar,wheat,6.06,4.888,2017-2018,4.888,baseline
2017,Heves,barley,5.34,3.932,2017-2018,3.932,baseline
2017,Heves,maize,5.69,4.866,2017-2018,4.866,baseline
2017,Heves,wheat,5.14,4.156,2017-2018,4.156,baseline
2017,Jász-Nagykun-Szolnok,barley,5.46,4.154,2017-2018,4.154,baseline
2017,Jász-Nagykun-Szolnok,maize,5.47,4.688,2017-2018,4.688,baseline
2017,Jász-Nagykun-Szolnok,wheat,5.19,4.102,2017-2018,4.102,baseline
2017,Komárom-Esztergom,barley,4.91,4.318,2017-2018,4.318,baseline
2017,Komárom-Esztergom,maize,6.04,6.284,2017-2018,6.284,baseline
2017,Komárom-Esztergom,wheat,4.78,4.628,2017-2018,4.628,baseline
2017,Nógrád,barley,3.87,2.936,2017-2018,2.936,baseline
2017,Nógrád,maize,4.88,4.356,2017-2018,4.356,baseline
2017,Nógrád,wheat,4.54,3.698,2017-2018,3.698,baseline
2017,Pest,barley,4.9,4.084,2017-2018,4.084,baseline
2017,Pest,maize,6.16,5.708,2017-2018,5.708,baseline
2017,Pest,wheat,4.96,4.28,2017-2018,4.28,baseline
2017,Somogy,barley,5.78,4.75,2017-2018,4.75,baseline
2017,Somogy,maize,7.93,6.8,2017-2018,6.8,baseline
2017,Somogy,wheat,5.54,5.376,2017-2018,5.376,baseline
2017,Szabolcs-Szatmár-Bereg,barley,4.5,3.798,2017-2018,3.798,baseline
2017,Szabolcs-Szatmár-Bereg,maize,7.95,5.912,2017-2018,5.912,baseline
2017,Szabolcs-Szatmár-Bereg,wheat,5.48,4.406,2017-2018,4.406,baseline
2017,Tolna,barley,6.43,5.38,2017-2018,5.38,baseline
2017,Tolna,maize,8.06,7.03,2017-2018,7.03,baseline
2017,Tolna,wheat,6.51,5.7,2017-2018,5.7,baseline
2017,Vas,barley,5.04,4.358,2017-2018,4.358,baseline
2017,Vas,maize,7.0,6.764,2017-2018,6.764,baseline
2017,Vas,wheat,5.22,5.0,2017-2018,5.0,baseline
2017,Veszprém,barley,4.56,3.736,2017-2018,3.736,baseline
2017,Veszprém,maize,5.46,5.544,2017-2018,5.544,baseline
2017,Veszprém,wheat,4.55,4.26,2017-2018,4.26,baseline
2017,Zala,barley,5.39,4.826,2017-2018,4.826,baseline
2017,Zala,maize,6.67,6.512,2017-2018,6.512,baseline
2017,Zala,wheat,5.5,5.214,2017-2018,5.214,baseline
2018,Bács-Kiskun,barley,4.75,4.588,2017-2018,4.588,baseline
2018,Bács-Kiskun,maize,7.99,6.492,2017-2018,6.492,baseline
2018,Bács-Kiskun,wheat,5.05,5.032,2017-2018,5.032,baseline
2018,Baranya,barley,5.89,5.438,2017-2018,5.438,baseline
2018,Baranya,maize,9.6,7.482,2017-2018,7.482,baseline
2018,Baranya,wheat,6.09,5.994,2017-2018,5.994,baseline
2018,Békés,barley,4.46,4.538,2017-2018,4.538,baseline
2018,Békés,maize,8.36,6.838,2017-2018,6.838,baseline
2018,Békés,wheat,5.1,4.85,2017-2018,4.85,baseline
2018,Borsod-Abaúj-Zemplén,barley,4.74,4.604,2017-2018,4.604,baseline
2018,Borsod-Abaúj-Zemplén,maize,7.11,6.946,2017-2018,6.946,baseline
2018,Borsod-Abaúj-Zemplén,wheat,5.01,5.062,2017-2018,5.062,baseline
2018,Csongrád-Csanád,barley,4.66,4.298,2017-2018,4.298,baseline
2018,Csongrád-Csanád,maize,7.11,5.988,2017-2018,5.988,baseline
2018,Csongrád-Csanád,wheat,4.94,4.772,2017-2018,4.772,baseline
2018,Fejér,barley,5.48,5.438,2017-2018,5.438,baseline
2018,Fejér,maize,10.06,7.314,2017-2018,7.314,baseline
2018,Fejér,wheat,5.82,5.674,2017-2018,5.674,baseline
2018,Győr-Moson-Sopron,barley,4.53,4.674,2017-2018,4.674,baseline
2018,Győr-Moson-Sopron,maize,8.36,6.728,2017-2018,6.728,baseline
2018,Győr-Moson-Sopron,wheat,4.95,4.974,2017-2018,4.974,baseline
2018,Hajdú-Bihar,barley,4.69,4.924,2017-2018,4.924,baseline
2018,Hajdú-Bihar,maize,9.05,7.314,2017-2018,7.314,baseline
2018,Hajdú-Bihar,wheat,5.32,5.284,2017-2018,5.284,baseline
2018,Heves,barley,4.65,4.498,2017-2018,4.498,baseline
2018,Heves,maize,7.53,5.374,2017-2018,5.374,baseline
2018,Heves,wheat,4.76,4.632,2017-2018,4.632,baseline
2018,Jász-Nagykun-Szolnok,barley,4.49,4.6,2017-2018,4.6,baseline
2018,Jász-Nagykun-Szolnok,maize,5.39,5.322,2017-2018,5.322,baseline
2018,Jász-Nagykun-Szolnok,wheat,4.51,4.49,2017-2018,4.49,baseline
2018,Komárom-Esztergom,barley,4.98,4.634,2017-2018,4.634,baseline
2018,Komárom-Esztergom,maize,9.18,6.614,2017-2018,6.614,baseline
2018,Komárom-Esztergom,wheat,5.32,4.888,2017-2018,4.888,baseline
2018,Nógrád,barley,4.09,3.382,2017-2018,3.382,baseline
2018,Nógrád,maize,6.09,4.338,2017-2018,4.338,baseline
2018,Nógrád,wheat,4.86,4.204,2017-2018,4.204,baseline
2018,Pest,barley,4.38,4.502,2017-2018,4.502,baseline
2018,Pest,maize,8.39,6.218,2017-2018,6.218,baseline
2018,Pest,wheat,4.77,4.706,2017-2018,4.706,baseline
2018,Somogy,barley,4.89,5.064,2017-2018,5.064,baseline
2018,Somogy,maize,10.13,7.748,2017-2018,7.748,baseline
2018,Somogy,wheat,5.39,5.602,2017-2018,5.602,baseline
2018,Szabolcs-Szatmár-Bereg,barley,4.36,4.142,2017-2018,4.142,baseline
2018,Szabolcs-Szatmár-Bereg,maize,6.93,6.658,2017-2018,6.658,baseline
2018,Szabolcs-Szatmár-Bereg,wheat,4.85,4.818,2017-2018,4.818,baseline
2018,Tolna,barley,5.5,5.794,2017-2018,5.794,baseline
2018,Tolna,maize,9.78,7.986,2017-2018,7.986,baseline
2018,Tolna,wheat,5.88,6.108,2017-2018,6.108,baseline
2018,Vas,barley,4.2,4.626,2017-2018,4.626,baseline
2018,Vas,maize,7.91,7.102,2017-2018,7.102,baseline
2018,Vas,wheat,5.11,5.246,2017-2018,5.246,baseline
2018,Veszprém,barley,3.63,4.038,2017-2018,4.038,baseline
2018,Veszprém,maize,7.75,5.822,2017-2018,5.822,baseline
2018,Veszprém,wheat,4.58,4.53,2017-2018,4.53,baseline
2018,Zala,barley,4.76,5.03,2017-2018,5.03,baseline
2018,Zala,maize,9.59,6.938,2017-2018,6.938,baseline
2018,Zala,wheat,5.13,5.408,2017-2018,5.408,baseline
2019,Bács-Kiskun,barley,5.61,4.692,2019-2020,4.692,baseline
2019,Bács-Kiskun,maize,7.27,7.126,2019-2020,7.126,baseline
2019,Bács-Kiskun,wheat,5.18,5.152,2019-2020,5.152,baseline
2019,Baranya,barley,6.52,5.67,2019-2020,5.67,baseline
2019,Baranya,maize,9.45,8.208,2019-2020,8.208,baseline
2019,Baranya,wheat,6.19,6.114,2019-2020,6.114,baseline
2019,Békés,barley,5.09,4.614,2019-2020,4.614,baseline
2019,Békés,maize,8.12,7.328,2019-2020,7.328,baseline
2019,Békés,wheat,4.59,4.938,2019-2020,4.938,baseline
2019,Borsod-Abaúj-Zemplén,barley,5.27,4.88,2019-2020,4.88,baseline
2019,Borsod-Abaúj-Zemplén,maize,8.67,7.172,2019-2020,7.172,baseline
2019,Borsod-Abaúj-Zemplén,wheat,5.35,5.186,2019-2020,5.186,baseline
2019,Csongrád-Csanád,barley,4.89,4.44,2019-2020,4.44,baseline
2019,Csongrád-Csanád,maize,6.85,6.438,2019-2020,6.438,baseline
2019,Csongrád-Csanád,wheat,4.45,4.81,2019-2020,4.81,baseline
2019,Fejér,barley,6.22,5.63,2019-2020,5.63,baseline
2019,Fejér,maize,8.08,8.144,2019-2020,8.144,baseline
2019,Fejér,wheat,5.59,5.816,2019-2020,5.816,baseline
2019,Győr-Moson-Sopron,barley,5.46,4.88,2019-2020,4.88,baseline
2019,Győr-Moson-Sopron,maize,6.32,7.294,2019-2020,7.294,baseline
2019,Győr-Moson-Sopron,wheat,5.42,5.046,2019-2020,5.046,baseline
2019,Hajdú-Bihar,barley,5.83,5.058,2019-2020,5.058,baseline
2019,Hajdú-Bihar,maize,8.76,7.908,2019-2020,7.908,baseline
2019,Hajdú-Bihar,wheat,5.44,5.408,2019-2020,5.408,baseline
2019,Heves,barley,6.04,4.692,2019-2020,4.692,baseline
2019,Heves,maize,8.71,6.006,2019-2020,6.006,baseline
2019,Heves,wheat,5.44,4.738,2019-2020,4.738,baseline
2019,Jász-Nagykun-Szolnok,barley,5.4,4.726,2019-2020,4.726,baseline
2019,Jász-Nagykun-Szolnok,maize,6.2,5.6,2019-2020,5.6,baseline
2019,Jász-Nagykun-Szolnok,wheat,4.98,4.564,2019-2020,4.564,baseline
2019,Komárom-Esztergom,barley,5.75,4.83,2019-2020,4.83,baseline
2019,Komárom-Esztergom,maize,7.5,7.304,2019-2020,7.304,baseline
2019,Komárom-Esztergom,wheat,5.6,5.108,2019-2020,5.108,baseline
2019,Nógrád,barley,4.38,3.642,2019-2020,3.642,baseline
2019,Nógrád,maize,6.74,4.96,2019-2020,4.96,baseline
2019,Nógrád,wheat,5.59,4.396,2019-2020,4.396,baseline
2019,Pest,barley,4.74,4.586,2019-2020,4.586,baseline
2019,Pest,maize,7.65,6.962,2019-2020,6.962,baseline
2019,Pest,wheat,4.74,4.806,2019-2020,4.806,baseline
2019,Somogy,barley,6.44,5.154,2019-2020,5.154,baseline
2019,Somogy,maize,9.72,8.718,2019-2020,8.718,baseline
2019,Somogy,wheat,5.97,5.628,2019-2020,5.628,baseline
2019,Szabolcs-Szatmár-Bereg,barley,4.92,4.21,2019-2020,4.21,baseline
2019,Szabolcs-Szatmár-Bereg,maize,7.35,6.98,2019-2020,6.98,baseline
2019,Szabolcs-Szatmár-Bereg,wheat,4.94,4.97,2019-2020,4.97,baseline
2019,Tolna,barley,6.32,5.908,2019-2020,5.908,baseline
2019,Tolna,maize,8.99,8.764,2019-2020,8.764,baseline
2019,Tolna,wheat,5.92,6.142,2019-2020,6.142,baseline
2019,Vas,barley,6.07,4.646,2019-2020,4.646,baseline
2019,Vas,maize,8.48,7.702,2019-2020,7.702,baseline
2019,Vas,wheat,5.96,5.35,2019-2020,5.35,baseline
2019,Veszprém,barley,4.99,4.094,2019-2020,4.094,baseline
2019,Veszprém,maize,6.94,6.458,2019-2020,6.458,baseline
2019,Veszprém,wheat,4.93,4.598,2019-2020,4.598,baseline
2019,Zala,barley,6.01,5.004,2019-2020,5.004,baseline
2019,Zala,maize,8.76,7.756,2019-2020,7.756,baseline
2019,Zala,wheat,5.79,5.408,2019-2020,5.408,baseline
2020,Bács-Kiskun,barley,6.14,4.974,2019-2020,4.974,baseline
2020,Bács-Kiskun,maize,7.3,7.03,2019-2020,7.03,baseline
2020,Bács-Kiskun,wheat,5.74,5.266,2019-2020,5.266,baseline
2020,Baranya,barley,6.6,5.986,2019-2020,5.986,baseline
2020,Baranya,maize,8.11,8.38,2019-2020,8.38,baseline
2020,Baranya,wheat,6.38,6.186,2019-2020,6.186,baseline
2020,Békés,barley,5.48,4.938,2019-2020,4.938,baseline
2020,Békés,maize,9.1,7.428,2019-2020,7.428,baseline
2020,Békés,wheat,5.36,5.094,2019-2020,5.094,baseline
2020,Borsod-Abaúj-Zemplén,barley,5.46,5.012,2019-2020,5.012,baseline
2020,Borsod-Abaúj-Zemplén,maize,9.17,7.354,2019-2020,7.354,baseline
2020,Borsod-Abaúj-Zemplén,wheat,5.34,5.296,2019-2020,5.296,baseline
2020,Csongrád-Csanád,barley,4.67,4.628,2019-2020,4.628,baseline
2020,Csongrád-Csanád,maize,7.61,6.428,2019-2020,6.428,baseline
2020,Csongrád-Csanád,wheat,4.62,4.902,2019-2020,4.902,baseline
2020,Fejér,barley,5.98,5.846,2019-2020,5.846,baseline
2020,Fejér,maize,7.74,8.084,2019-2020,8.084,baseline
2020,Fejér,wheat,5.59,5.806,2019-2020,5.806,baseline
2020,Győr-Moson-Sopron,barley,5.14,4.98,2019-2020,4.98,baseline
2020,Győr-Moson-Sopron,maize,7.21,6.92,2019-2020,6.92,baseline
2020,Győr-Moson-Sopron,wheat,5.24,5.082,2019-2020,5.082,baseline
2020,Hajdú-Bihar,barley,6.26,5.292,2019-2020,5.292,baseline
2020,Hajdú-Bihar,maize,10.08,8.276,2019-2020,8.276,baseline
2020,Hajdú-Bihar,wheat,5.54,5.488,2019-2020,5.488,baseline
2020,Heves,barley,5.64,5.086,2019-2020,5.086,baseline
2020,Heves,maize,6.61,6.584,2019-2020,6.584,baseline
2020,Heves,wheat,4.98,4.986,2019-2020,4.986,baseline
2020,Jász-Nagykun-Szolnok,barley,5.51,4.974,2019-2020,4.974,baseline
2020,Jász-Nagykun-Szolnok,maize,6.92,5.676,2019-2020,5.676,baseline
2020,Jász-Nagykun-Szolnok,wheat,5.13,4.786,2019-2020,4.786,baseline
2020,Komárom-Esztergom,barley,5.36,5.14,2019-2020,5.14,baseline
2020,Komárom-Esztergom,maize,7.83,7.438,2019-2020,7.438,baseline
2020,Komárom-Esztergom,wheat,5.19,5.324,2019-2020,5.324,baseline
2020,Nógrád,barley,3.94,3.91,2019-2020,3.91,baseline
2020,Nógrád,maize,6.39,5.508,2019-2020,5.508,baseline
2020,Nógrád,wheat,5.11,4.73,2019-2020,4.73,baseline
2020,Pest,barley,4.78,4.642,2019-2020,4.642,baseline
2020,Pest,maize,8.22,7.022,2019-2020,7.022,baseline
2020,Pest,wheat,4.58,4.826,2019-2020,4.826,baseline
2020,Somogy,barley,6.22,5.482,2019-2020,5.482,baseline
2020,Somogy,maize,10.3,8.86,2019-2020,8.86,baseline
2020,Somogy,wheat,6.32,5.722,2019-2020,5.722,baseline
2020,Szabolcs-Szatmár-Bereg,barley,4.91,4.46,2019-2020,4.46,baseline
2020,Szabolcs-Szatmár-Bereg,maize,8.47,6.864,2019-2020,6.864,baseline
2020,Szabolcs-Szatmár-Bereg,wheat,5.06,5.0,2019-2020,5.0,baseline
2020,Tolna,barley,6.86,6.048,2019-2020,6.048,baseline
2020,Tolna,maize,9.42,8.724,2019-2020,8.724,baseline
2020,Tolna,wheat,6.19,6.156,2019-2020,6.156,baseline
2020,Vas,barley,5.79,4.95,2019-2020,4.95,baseline
2020,Vas,maize,9.77,7.66,2019-2020,7.66,baseline
2020,Vas,wheat,6.23,5.518,2019-2020,5.518,baseline
2020,Veszprém,barley,5.22,4.298,2019-2020,4.298,baseline
2020,Veszprém,maize,7.84,6.452,2019-2020,6.452,baseline
2020,Veszprém,wheat,5.08,4.722,2019-2020,4.722,baseline
2020,Zala,barley,6.08,5.248,2019-2020,5.248,baseline
2020,Zala,maize,9.72,7.938,2019-2020,7.938,baseline
2020,Zala,wheat,6.41,5.524,2019-2020,5.524,baseline
2021,Bács-Kiskun,barley,6.6,5.244,2021-2022,5.244,baseline
2021,Bács-Kiskun,maize,5.19,7.37,2021-2022,7.37,baseline
2021,Bács-Kiskun,wheat,5.78,5.408,2021-2022,5.408,baseline
2021,Baranya,barley,6.99,6.294,2021-2022,6.294,baseline
2021,Baranya,maize,6.67,8.688,2021-2022,8.688,baseline
2021,Baranya,wheat,6.14,6.306,2021-2022,6.306,baseline
2021,Békés,barley,6.39,5.036,2021-2022,5.036,baseline
2021,Békés,maize,5.21,7.998,2021-2022,7.998,baseline
2021,Békés,wheat,6.48,5.082,2021-2022,5.082,baseline
2021,Borsod-Abaúj-Zemplén,barley,6.08,5.188,2021-2022,5.188,baseline
2021,Borsod-Abaúj-Zemplén,maize,7.21,8.202,2021-2022,8.202,baseline
2021,Borsod-Abaúj-Zemplén,wheat,5.69,5.368,2021-2022,5.368,baseline
2021,Csongrád-Csanád,barley,6.56,4.688,2021-2022,4.688,baseline
2021,Csongrád-Csanád,maize,4.32,6.906,2021-2022,6.906,baseline
2021,Csongrád-Csanád,wheat,5.95,4.844,2021-2022,4.844,baseline
2021,Fejér,barley,7.09,5.884,2021-2022,5.884,baseline
2021,Fejér,maize,5.88,8.39,2021-2022,8.39,baseline
2021,Fejér,wheat,5.78,5.75,2021-2022,5.75,baseline
2021,Győr-Moson-Sopron,barley,6.09,5.03,2021-2022,5.03,baseline
2021,Győr-Moson-Sopron,maize,7.56,7.26,2021-2022,7.26,baseline
2021,Győr-Moson-Sopron,wheat,5.58,5.096,2021-2022,5.096,baseline
2021,Hajdú-Bihar,barley,7.19,5.538,2021-2022,5.538,baseline
2021,Hajdú-Bihar,maize,6.78,9.078,2021-2022,9.078,baseline
2021,Hajdú-Bihar,wheat,6.79,5.566,2021-2022,5.566,baseline
2021,Heves,barley,6.14,5.306,2021-2022,5.306,baseline
2021,Heves,maize,6.28,7.13,2021-2022,7.13,baseline
2021,Heves,wheat,5.67,5.006,2021-2022,5.006,baseline
2021,Jász-Nagykun-Szolnok,barley,5.92,5.148,2021-2022,5.148,baseline
2021,Jász-Nagykun-Szolnok,maize,5.16,6.154,2021-2022,6.154,baseline
2021,Jász-Nagykun-Szolnok,wheat,5.59,4.866,2021-2022,4.866,baseline
2021,Komárom-Esztergom,barley,6.31,5.216,2021-2022,5.216,baseline
2021,Komárom-Esztergom,maize,7.85,7.778,2021-2022,7.778,baseline
2021,Komárom-Esztergom,wheat,6.24,5.262,2021-2022,5.262,baseline
2021,Nógrád,barley,4.88,4.056,2021-2022,4.056,baseline
2021,Nógrád,maize,5.78,6.078,2021-2022,6.078,baseline
2021,Nógrád,wheat,5.05,4.94,2021-2022,4.94,baseline
2021,Pest,barley,5.69,4.688,2021-2022,4.688,baseline
2021,Pest,maize,6.09,7.566,2021-2022,7.566,baseline
2021,Pest,wheat,5.57,4.76,2021-2022,4.76,baseline
2021,Somogy,barley,6.64,5.852,2021-2022,5.852,baseline
2021,Somogy,maize,6.16,9.54,2021-2022,9.54,baseline
2021,Somogy,wheat,6.16,5.88,2021-2022,5.88,baseline
2021,Szabolcs-Szatmár-Bereg,barley,5.34,4.636,2021-2022,4.636,baseline
2021,Szabolcs-Szatmár-Bereg,maize,6.89,7.834,2021-2022,7.834,baseline
2021,Szabolcs-Szatmár-Bereg,wheat,5.91,5.036,2021-2022,5.036,baseline
2021,Tolna,barley,7.08,6.282,2021-2022,6.282,baseline
2021,Tolna,maize,4.93,9.14,2021-2022,9.14,baseline
2021,Tolna,wheat,5.98,6.178,2021-2022,6.178,baseline
2021,Vas,barley,5.81,5.17,2021-2022,5.17,baseline
2021,Vas,maize,8.23,8.392,2021-2022,8.392,baseline
2021,Vas,wheat,5.95,5.716,2021-2022,5.716,baseline
2021,Veszprém,barley,5.54,4.56,2021-2022,4.56,baseline
2021,Veszprém,maize,5.36,6.976,2021-2022,6.976,baseline
2021,Veszprém,wheat,5.26,4.842,2021-2022,4.842,baseline
2021,Zala,barley,6.13,5.544,2021-2022,5.544,baseline
2021,Zala,maize,7.32,8.622,2021-2022,8.622,baseline
2021,Zala,wheat,6.32,5.754,2021-2022,5.754,baseline
2022,Bács-Kiskun,barley,4.87,5.624,2021-2022,5.624,baseline
2022,Bács-Kiskun,maize,3.81,6.788,2021-2022,6.788,baseline
2022,Bács-Kiskun,wheat,4.46,5.48,2021-2022,5.48,baseline
2022,Baranya,barley,6.19,6.48,2021-2022,6.48,baseline
2022,Baranya,maize,4.7,8.218,2021-2022,8.218,baseline
2022,Baranya,wheat,5.46,6.25,2021-2022,6.25,baseline
2022,Békés,barley,4.1,5.288,2021-2022,5.288,baseline
2022,Békés,maize,1.85,7.294,2021-2022,7.294,baseline
2022,Békés,wheat,3.84,5.376,2021-2022,5.376,baseline
2022,Borsod-Abaúj-Zemplén,barley,5.05,5.416,2021-2022,5.416,baseline
2022,Borsod-Abaúj-Zemplén,maize,3.03,7.936,2021-2022,7.936,baseline
2022,Borsod-Abaúj-Zemplén,wheat,4.42,5.41,2021-2022,5.41,baseline
2022,Csongrád-Csanád,barley,4.47,5.144,2021-2022,5.144,baseline
2022,Csongrád-Csanád,maize,1.9,6.282,2021-2022,6.282,baseline
2022,Csongrád-Csanád,wheat,3.54,5.074,2021-2022,5.074,baseline
2022,Fejér,barley,5.58,6.132,2021-2022,6.132,baseline
2022,Fejér,maize,2.56,7.692,2021-2022,7.692,baseline
2022,Fejér,wheat,5.47,5.646,2021-2022,5.646,baseline
2022,Győr-Moson-Sopron,barley,5.36,5.23,2021-2022,5.23,baseline
2022,Győr-Moson-Sopron,maize,4.81,7.026,2021-2022,7.026,baseline
2022,Győr-Moson-Sopron,wheat,5.21,5.192,2021-2022,5.192,baseline
2022,Hajdú-Bihar,barley,4.15,5.914,2021-2022,5.914,baseline
2022,Hajdú-Bihar,maize,2.52,8.52,2021-2022,8.52,baseline
2022,Hajdú-Bihar,wheat,3.48,5.83,2021-2022,5.83,baseline
2022,Heves,barley,3.89,5.562,2021-2022,5.562,baseline
2022,Heves,maize,1.52,6.964,2021-2022,6.964,baseline
2022,Heves,wheat,3.28,5.198,2021-2022,5.198,baseline
2022,Jász-Nagykun-Szolnok,barley,3.34,5.356,2021-2022,5.356,baseline
2022,Jász-Nagykun-Szolnok,maize,2.23,5.828,2021-2022,5.828,baseline
2022,Jász-Nagykun-Szolnok,wheat,3.0,5.08,2021-2022,5.08,baseline
2022,Komárom-Esztergom,barley,4.8,5.462,2021-2022,5.462,baseline
2022,Komárom-Esztergom,maize,2.73,7.68,2021-2022,7.68,baseline
2022,Komárom-Esztergom,wheat,4.62,5.426,2021-2022,5.426,baseline
2022,Nógrád,barley,3.88,4.232,2021-2022,4.232,baseline
2022,Nógrád,maize,2.65,5.976,2021-2022,5.976,baseline
2022,Nógrád,wheat,3.57,5.03,2021-2022,5.03,baseline
2022,Pest,barley,3.49,4.898,2021-2022,4.898,baseline
2022,Pest,maize,1.55,7.302,2021-2022,7.302,baseline
2022,Pest,wheat,3.43,4.924,2021-2022,4.924,baseline
2022,Somogy,barley,5.88,5.994,2021-2022,5.994,baseline
2022,Somogy,maize,5.75,8.848,2021-2022,8.848,baseline
2022,Somogy,wheat,6.0,5.876,2021-2022,5.876,baseline
2022,Szabolcs-Szatmár-Bereg,barley,4.41,4.806,2021-2022,4.806,baseline
2022,Szabolcs-Szatmár-Bereg,maize,2.51,7.518,2021-2022,7.518,baseline
2022,Szabolcs-Szatmár-Bereg,wheat,4.09,5.248,2021-2022,5.248,baseline
2022,Tolna,barley,6.2,6.438,2021-2022,6.438,baseline
2022,Tolna,maize,4.18,8.236,2021-2022,8.236,baseline
2022,Tolna,wheat,6.12,6.096,2021-2022,6.096,baseline
2022,Vas,barley,5.72,5.382,2021-2022,5.382,baseline
2022,Vas,maize,5.95,8.278,2021-2022,8.278,baseline
2022,Vas,wheat,6.29,5.694,2021-2022,5.694,baseline
2022,Veszprém,barley,4.78,4.788,2021-2022,4.788,baseline
2022,Veszprém,maize,4.2,6.67,2021-2022,6.67,baseline
2022,Veszprém,wheat,4.79,4.88,2021-2022,4.88,baseline
2022,Zala,barley,5.5,5.674,2021-2022,5.674,baseline
2022,Zala,maize,7.14,8.412,2021-2022,8.412,baseline
2022,Zala,wheat,6.0,5.83,2021-2022,5.83,baseline
2015,Bács-Kiskun,barley,4.79,3.956,2015-2016,4.546186923980713,v2_actual_train
2015,Bács-Kiskun,maize,5.6,5.64,2015-2016,5.684818267822266,v2_actual_train
2015,Bács-Kiskun,wheat,5.03,4.246,2015-2016,4.744162559509277,v2_actual_train
2015,Baranya,barley,5.06,4.7,2015-2016,4.947825908660889,v2_actual_train
2015,Baranya,maize,6.57,6.46,2015-2016,7.56854772567749,v2_actual_train
2015,Baranya,wheat,5.78,5.184,2015-2016,5.5726423263549805,v2_actual_train
2015,Békés,barley,4.99,3.552,2015-2016,4.015212535858154,v2_actual_train
2015,Békés,maize,6.25,5.976,2015-2016,5.8239593505859375,v2_actual_train
2015,Békés,wheat,5.42,3.976,2015-2016,4.444406032562256,v2_actual_train
2015,Borsod-Abaúj-Zemplén,barley,4.58,3.628,2015-2016,3.8316268920898438,v2_actual_train
2015,Borsod-Abaúj-Zemplén,maize,4.93,6.37,2015-2016,6.894218444824219,v2_actual_train
2015,Borsod-Abaúj-Zemplén,wheat,4.98,4.16,2015-2016,4.270205497741699,v2_actual_train
2015,Csongrád-Csanád,barley,4.37,3.566,2015-2016,4.25736141204834,v2_actual_train
2015,Csongrád-Csanád,maize,5.22,5.25,2015-2016,5.7150983810424805,v2_actual_train
2015,Csongrád-Csanád,wheat,4.91,4.062,2015-2016,4.686553478240967,v2_actual_train
2015,Fejér,barley,5.79,4.256,2015-2016,4.582948207855225,v2_actual_train
2015,Fejér,maize,6.21,6.674,2015-2016,6.481039524078369,v2_actual_train
2015,Fejér,wheat,5.87,4.696,2015-2016,5.047490119934082,v2_actual_train
2015,Győr-Moson-Sopron,barley,4.89,3.852,2015-2016,4.043428897857666,v2_actual_train
2015,Győr-Moson-Sopron,maize,5.51,6.822,2015-2016,7.091991424560547,v2_actual_train
2015,Győr-Moson-Sopron,wheat,5.17,4.452,2015-2016,4.621274948120117,v2_actual_train
2015,Hajdú-Bihar,barley,5.03,3.816,2015-2016,4.12111759185791,v2_actual_train
2015,Hajdú-Bihar,maize,6.07,6.292,2015-2016,6.903135299682617,v2_actual_train
2015,Hajdú-Bihar,wheat,5.15,4.328,2015-2016,4.619652271270752,v2_actual_train
2015,Heves,barley,4.54,3.33,2015-2016,3.665057897567749,v2_actual_train
2015,Heves,maize,3.88,4.654,2015-2016,5.256161689758301,v2_actual_train
2015,Heves,wheat,4.88,3.622,2015-2016,3.912684679031372,v2_actual_train
2015,Jász-Nagykun-Szolnok,barley,4.64,3.436,2015-2016,3.786909818649292,v2_actual_train
2015,Jász-Nagykun-Szolnok,maize,4.53,4.168,2015-2016,4.5964202880859375,v2_actual_train
2015,Jász-Nagykun-Szolnok,wheat,4.73,3.498,2015-2016,3.906944990158081,v2_actual_train
2015,Komárom-Esztergom,barley,4.98,3.724,2015-2016,3.9863762855529785,v2_actual_train
2015,Komárom-Esztergom,maize,6.13,6.25,2015-2016,7.245756149291992,v2_actual_train
2015,Komárom-Esztergom,wheat,5.5,4.14,2015-2016,4.405825138092041,v2_actual_train
2015,Nógrád,barley,3.21,2.59,2015-2016,3.2870750427246094,v2_actual_train
2015,Nógrád,maize,3.54,4.436,2015-2016,5.48491907119751,v2_actual_train
2015,Nógrád,wheat,4.06,3.346,2015-2016,3.7384228706359863,v2_actual_train
2015,Pest,barley,4.55,3.688,2015-2016,4.172462463378906,v2_actual_train
2015,Pest,maize,5.5,5.528,2015-2016,5.9812421798706055,v2_actual_train
2015,Pest,wheat,4.91,3.854,2015-2016,4.2923760414123535,v2_actual_train
2015,Somogy,barley,4.37,4.12,2015-2016,4.409353256225586,v2_actual_train
2015,Somogy,maize,6.9,5.96,2015-2016,6.6572346687316895,v2_actual_train
2015,Somogy,wheat,5.53,4.69,2015-2016,4.941439151763916,v2_actual_train
2015,Szabolcs-Szatmár-Bereg,barley,4.03,3.282,2015-2016,3.7893106937408447,v2_actual_train
2015,Szabolcs-Szatmár-Bereg,maize,3.62,5.78,2015-2016,5.900803565979004,v2_actual_train
2015,Szabolcs-Szatmár-Bereg,wheat,4.88,3.964,2015-2016,4.371508598327637,v2_actual_train
2015,Tolna,barley,5.69,4.66,2015-2016,4.882784843444824,v2_actual_train
2015,Tolna,maize,7.34,6.69,2015-2016,6.936960697174072,v2_actual_train
2015,Tolna,wheat,6.08,5.018,2015-2016,5.588787078857422,v2_actual_train
2015,Vas,barley,4.69,4.168,2015-2016,4.328079700469971,v2_actual_train
2015,Vas,maize,6.11,6.624,2015-2016,7.207205295562744,v2_actual_train
2015,Vas,wheat,5.24,4.558,2015-2016,4.598800182342529,v2_actual_train
2015,Veszprém,barley,3.91,3.402,2015-2016,3.7799785137176514,v2_actual_train
2015,Veszprém,maize,5.22,5.352,2015-2016,6.2672905921936035,v2_actual_train
2015,Veszprém,wheat,4.48,3.754,2015-2016,3.975360631942749,v2_actual_train
2015,Zala,barley,4.6,4.348,2015-2016,4.432680130004883,v2_actual_train
2015,Zala,maize,6.3,6.074,2015-2016,6.835899353027344,v2_actual_train
2015,Zala,wheat,5.26,4.722,2015-2016,4.822886943817139,v2_actual_train
2016,Bács-Kiskun,barley,4.7,4.21,2015-2016,4.760825157165527,v2_actual_train
2016,Bács-Kiskun,maize,8.1,5.534,2015-2016,5.572741508483887,v2_actual_train
2016,Bács-Kiskun,wheat,5.42,4.484,2015-2016,5.014523029327393,v2_actual_train
2016,Baranya,barley,6.06,4.936,2015-2016,5.397082805633545,v2_actual_train
2016,Baranya,maize,9.02,6.394,2015-2016,6.803650379180908,v2_actual_train
2016,Baranya,wheat,6.42,5.5,2015-2016,5.6329450607299805,v2_actual_train
2016,Békés,barley,5.13,3.958,2015-2016,4.318631172180176,v2_actual_train
2016,Békés,maize,8.73,5.902,2015-2016,4.2176947593688965,v2_actual_train
2016,Békés,wheat,5.01,4.364,2015-2016,4.58042049407959,v2_actual_train
2016,Borsod-Abaúj-Zemplén,barley,4.94,3.916,2015-2016,4.0672760009765625,v2_actual_train
2016,Borsod-Abaúj-Zemplén,maize,8.54,6.344,2015-2016,7.044727802276611,v2_actual_train
2016,Borsod-Abaúj-Zemplén,wheat,5.48,4.396,2015-2016,4.4285149574279785,v2_actual_train
2016,Csongrád-Csanád,barley,4.28,3.806,2015-2016,4.299018383026123,v2_actual_train
2016,Csongrád-Csanád,maize,7.44,5.07,2015-2016,4.195235729217529,v2_actual_train
2016,Csongrád-Csanád,wheat,4.8,4.29,2015-2016,4.797553062438965,v2_actual_train
2016,Fejér,barley,5.85,4.65,2015-2016,4.914651870727539,v2_actual_train
2016,Fejér,maize,9.37,6.432,2015-2016,6.63983678817749,v2_actual_train
2016,Fejér,wheat,6.3,5.01,2015-2016,5.59256649017334,v2_actual_train
2016,Győr-Moson-Sopron,barley,5.09,4.182,2015-2016,4.397120475769043,v2_actual_train
2016,Győr-Moson-Sopron,maize,8.73,6.58,2015-2016,7.295745849609375,v2_actual_train
2016,Győr-Moson-Sopron,wheat,5.1,4.698,2015-2016,4.86953592300415,v2_actual_train
2016,Hajdú-Bihar,barley,5.31,4.226,2015-2016,4.418593406677246,v2_actual_train
2016,Hajdú-Bihar,maize,9.57,6.234,2015-2016,6.072086334228516,v2_actual_train
2016,Hajdú-Bihar,wheat,5.47,4.674,2015-2016,4.883256912231445,v2_actual_train
2016,Heves,barley,4.86,3.622,2015-2016,3.8362245559692383,v2_actual_train
2016,Heves,maize,7.11,4.46,2015-2016,4.827635765075684,v2_actual_train
2016,Heves,wheat,4.71,3.958,2015-2016,4.247459411621094,v2_actual_train
2016,Jász-Nagykun-Szolnok,barley,4.88,3.824,2015-2016,3.90380859375,v2_actual_train
2016,Jász-Nagykun-Szolnok,maize,6.79,4.238,2015-2016,4.259364604949951,v2_actual_train
2016,Jász-Nagykun-Szolnok,wheat,4.52,3.86,2015-2016,4.023842811584473,v2_actual_train
2016,Komárom-Esztergom,barley,5.08,4.07,2015-2016,4.32892370223999,v2_actual_train
2016,Komárom-Esztergom,maize,8.34,6.16,2015-2016,6.909333229064941,v2_actual_train
2016,Komárom-Esztergom,wheat,5.42,4.464,2015-2016,4.607146739959717,v2_actual_train
2016,Nógrád,barley,4.0,2.734,2015-2016,3.296544313430786,v2_actual_train
2016,Nógrád,maize,6.29,4.226,2015-2016,5.324356555938721,v2_actual_train
2016,Nógrád,wheat,4.6,3.488,2015-2016,3.8111984729766846,v2_actual_train
2016,Pest,barley,4.64,3.992,2015-2016,4.464414119720459,v2_actual_train
2016,Pest,maize,7.41,5.4,2015-2016,5.941305160522461,v2_actual_train
2016,Pest,wheat,4.75,4.182,2015-2016,4.671627044677734,v2_actual_train
2016,Somogy,barley,5.93,4.256,2015-2016,4.535713195800781,v2_actual_train
2016,Somogy,maize,9.62,5.924,2015-2016,6.266135215759277,v2_actual_train
2016,Somogy,wheat,6.18,4.974,2015-2016,5.4559221267700195,v2_actual_train
2016,Szabolcs-Szatmár-Bereg,barley,4.49,3.518,2015-2016,3.9935595989227295,v2_actual_train
2016,Szabolcs-Szatmár-Bereg,maize,8.47,5.514,2015-2016,5.628360748291016,v2_actual_train
2016,Szabolcs-Szatmár-Bereg,wheat,4.85,4.24,2015-2016,4.543384552001953,v2_actual_train
2016,Tolna,barley,6.3,5.028,2015-2016,5.605369567871094,v2_actual_train
2016,Tolna,maize,9.45,6.608,2015-2016,6.4807939529418945,v2_actual_train
2016,Tolna,wheat,6.39,5.386,2015-2016,5.7689528465271,v2_actual_train
2016,Vas,barley,4.75,4.236,2015-2016,4.3876423835754395,v2_actual_train
2016,Vas,maize,8.8,6.434,2015-2016,7.180516719818115,v2_actual_train
2016,Vas,wheat,6.06,4.686,2015-2016,4.832304000854492,v2_actual_train
2016,Veszprém,barley,4.4,3.542,2015-2016,3.8192970752716064,v2_actual_train
2016,Veszprém,maize,6.89,5.37,2015-2016,6.2603440284729,v2_actual_train
2016,Veszprém,wheat,5.07,3.966,2015-2016,4.2642502784729,v2_actual_train
2016,Zala,barley,5.48,4.438,2015-2016,4.457538604736328,v2_actual_train
2016,Zala,maize,8.37,5.99,2015-2016,6.720933437347412,v2_actual_train
2016,Zala,wheat,5.94,4.888,2015-2016,5.155110836029053,v2_actual_train
2017,Bács-Kiskun,barley,5.02,4.346,2017-2018,5.0408148765563965,v2_actual_train
2017,Bács-Kiskun,maize,6.19,5.86,2017-2018,6.318206310272217,v2_actual_train
2017,Bács-Kiskun,wheat,5.65,4.668,2017-2018,5.505579948425293,v2_actual_train
2017,Baranya,barley,6.4,5.192,2017-2018,5.960387706756592,v2_actual_train
2017,Baranya,maize,7.26,6.82,2017-2018,6.967650413513184,v2_actual_train
2017,Baranya,wheat,6.45,5.792,2017-2018,6.16745138168335,v2_actual_train
2017,Békés,barley,5.02,4.256,2017-2018,4.904242515563965,v2_actual_train
2017,Békés,maize,5.68,6.386,2017-2018,5.389780521392822,v2_actual_train
2017,Békés,wheat,5.35,4.546,2017-2018,4.982715606689453,v2_actual_train
2017,Borsod-Abaúj-Zemplén,barley,5.53,4.228,2017-2018,4.6112871170043945,v2_actual_train
2017,Borsod-Abaúj-Zemplén,maize,7.52,6.708,2017-2018,6.771393775939941,v2_actual_train
2017,Borsod-Abaúj-Zemplén,wheat,5.66,4.668,2017-2018,5.08206844329834,v2_actual_train
2017,Csongrád-Csanád,barley,4.94,4.02,2017-2018,4.842573642730713,v2_actual_train
2017,Csongrád-Csanád,maize,5.52,5.384,2017-2018,4.753268241882324,v2_actual_train
2017,Csongrád-Csanád,wheat,5.41,4.47,2017-2018,5.052293300628662,v2_actual_train
2017,Fejér,barley,5.89,5.012,2017-2018,6.092962265014648,v2_actual_train
2017,Fejér,maize,6.7,6.79,2017-2018,6.9833879470825195,v2_actual_train
2017,Fejér,wheat,5.45,5.334,2017-2018,6.203772068023682,v2_actual_train
2017,Győr-Moson-Sopron,barley,4.93,4.384,2017-2018,4.757968425750732,v2_actual_train
2017,Győr-Moson-Sopron,maize,5.68,6.834,2017-2018,7.385711669921875,v2_actual_train
2017,Győr-Moson-Sopron,wheat,4.77,4.78,2017-2018,5.253312110900879,v2_actual_train
2017,Hajdú-Bihar,barley,5.6,4.536,2017-2018,5.074859619140625,v2_actual_train
2017,Hajdú-Bihar,maize,7.93,6.766,2017-2018,5.878196716308594,v2_actual_train
2017,Hajdú-Bihar,wheat,6.06,4.888,2017-2018,5.8494462966918945,v2_actual_train
2017,Heves,barley,5.34,3.932,2017-2018,4.336379051208496,v2_actual_train
2017,Heves,maize,5.69,4.866,2017-2018,5.664373397827148,v2_actual_train
2017,Heves,wheat,5.14,4.156,2017-2018,4.434667110443115,v2_actual_train
2017,Jász-Nagykun-Szolnok,barley,5.46,4.154,2017-2018,4.676762104034424,v2_actual_train
2017,Jász-Nagykun-Szolnok,maize,5.47,4.688,2017-2018,4.825706481933594,v2_actual_train
2017,Jász-Nagykun-Szolnok,wheat,5.19,4.102,2017-2018,4.678192615509033,v2_actual_train
2017,Komárom-Esztergom,barley,4.91,4.318,2017-2018,4.725287437438965,v2_actual_train
2017,Komárom-Esztergom,maize,6.04,6.284,2017-2018,7.5108747482299805,v2_actual_train
2017,Komárom-Esztergom,wheat,4.78,4.628,2017-2018,4.964249610900879,v2_actual_train
2017,Nógrád,barley,3.87,2.936,2017-2018,3.3976187705993652,v2_actual_train
2017,Nógrád,maize,4.88,4.356,2017-2018,5.282860279083252,v2_actual_train
2017,Nógrád,wheat,4.54,3.698,2017-2018,3.973210334777832,v2_actual_train
2017,Pest,barley,4.9,4.084,2017-2018,4.674915790557861,v2_actual_train
2017,Pest,maize,6.16,5.708,2017-2018,6.093821048736572,v2_actual_train
2017,Pest,wheat,4.96,4.28,2017-2018,4.838212490081787,v2_actual_train
2017,Somogy,barley,5.78,4.75,2017-2018,5.458968639373779,v2_actual_train
2017,Somogy,maize,7.93,6.8,2017-2018,6.88314962387085,v2_actual_train
2017,Somogy,wheat,5.54,5.376,2017-2018,6.010981559753418,v2_actual_train
2017,Szabolcs-Szatmár-Bereg,barley,4.5,3.798,2017-2018,4.314866542816162,v2_actual_train
2017,Szabolcs-Szatmár-Bereg,maize,7.95,5.912,2017-2018,5.697538375854492,v2_actual_train
2017,Szabolcs-Szatmár-Bereg,wheat,5.48,4.406,2017-2018,4.799068450927734,v2_actual_train
2017,Tolna,barley,6.43,5.38,2017-2018,6.166102409362793,v2_actual_train
2017,Tolna,maize,8.06,7.03,2017-2018,6.939948081970215,v2_actual_train
2017,Tolna,wheat,6.51,5.7,2017-2018,6.332098007202148,v2_actual_train
2017,Vas,barley,5.04,4.358,2017-2018,4.719632148742676,v2_actual_train
2017,Vas,maize,7.0,6.764,2017-2018,6.967690944671631,v2_actual_train
2017,Vas,wheat,5.22,5.0,2017-2018,5.651989936828613,v2_actual_train
2017,Veszprém,barley,4.56,3.736,2017-2018,4.223460674285889,v2_actual_train
2017,Veszprém,maize,5.46,5.544,2017-2018,6.648257255554199,v2_actual_train
2017,Veszprém,wheat,4.55,4.26,2017-2018,4.691262245178223,v2_actual_train
2017,Zala,barley,5.39,4.826,2017-2018,5.23866605758667,v2_actual_train
2017,Zala,maize,6.67,6.512,2017-2018,7.327889919281006,v2_actual_train
2017,Zala,wheat,5.5,5.214,2017-2018,5.658514499664307,v2_actual_train
2018,Bács-Kiskun,barley,4.75,4.588,2017-2018,5.255038738250732,v2_actual_train
2018,Bács-Kiskun,maize,7.99,6.492,2017-2018,6.155611991882324,v2_actual_train
2018,Bács-Kiskun,wheat,5.05,5.032,2017-2018,6.067137718200684,v2_actual_train
2018,Baranya,barley,5.89,5.438,2017-2018,6.061833381652832,v2_actual_train
2018,Baranya,maize,9.6,7.482,2017-2018,7.282924652099609,v2_actual_train
2018,Baranya,wheat,6.09,5.994,2017-2018,6.474045753479004,v2_actual_train
2018,Békés,barley,4.46,4.538,2017-2018,4.958924293518066,v2_actual_train
2018,Békés,maize,8.36,6.838,2017-2018,4.744335174560547,v2_actual_train
2018,Békés,wheat,5.1,4.85,2017-2018,5.431581974029541,v2_actual_train
2018,Borsod-Abaúj-Zemplén,barley,4.74,4.604,2017-2018,4.6129045486450195,v2_actual_train
2018,Borsod-Abaúj-Zemplén,maize,7.11,6.946,2017-2018,6.754389762878418,v2_actual_train
2018,Borsod-Abaúj-Zemplén,wheat,5.01,5.062,2017-2018,5.368585109710693,v2_actual_train
2018,Csongrád-Csanád,barley,4.66,4.298,2017-2018,4.996506214141846,v2_actual_train
2018,Csongrád-Csanád,maize,7.11,5.988,2017-2018,4.889167785644531,v2_actual_train
2018,Csongrád-Csanád,wheat,4.94,4.772,2017-2018,5.538272857666016,v2_actual_train
2018,Fejér,barley,5.48,5.438,2017-2018,5.994103908538818,v2_actual_train
2018,Fejér,maize,10.06,7.314,2017-2018,6.674625873565674,v2_actual_train
2018,Fejér,wheat,5.82,5.674,2017-2018,6.160099506378174,v2_actual_train
2018,Győr-Moson-Sopron,barley,4.53,4.674,2017-2018,5.172962665557861,v2_actual_train
2018,Győr-Moson-Sopron,maize,8.36,6.728,2017-2018,7.3343658447265625,v2_actual_train
2018,Győr-Moson-Sopron,wheat,4.95,4.974,2017-2018,5.698338985443115,v2_actual_train
2018,Hajdú-Bihar,barley,4.69,4.924,2017-2018,5.716121673583984,v2_actual_train
2018,Hajdú-Bihar,maize,9.05,7.314,2017-2018,5.963505744934082,v2_actual_train
2018,Hajdú-Bihar,wheat,5.32,5.284,2017-2018,5.922198295593262,v2_actual_train
2018,Heves,barley,4.65,4.498,2017-2018,4.560553073883057,v2_actual_train
2018,Heves,maize,7.53,5.374,2017-2018,6.045308589935303,v2_actual_train
2018,Heves,wheat,4.76,4.632,2017-2018,4.736422538757324,v2_actual_train
2018,Jász-Nagykun-Szolnok,barley,4.49,4.6,2017-2018,5.09016752243042,v2_actual_train
2018,Jász-Nagykun-Szolnok,maize,5.39,5.322,2017-2018,4.424808502197266,v2_actual_train
2018,Jász-Nagykun-Szolnok,wheat,4.51,4.49,2017-2018,4.933026313781738,v2_actual_train
2018,Komárom-Esztergom,barley,4.98,4.634,2017-2018,4.93649435043335,v2_actual_train
2018,Komárom-Esztergom,maize,9.18,6.614,2017-2018,7.633865833282471,v2_actual_train
2018,Komárom-Esztergom,wheat,5.32,4.888,2017-2018,5.5445756912231445,v2_actual_train
2018,Nógrád,barley,4.09,3.382,2017-2018,3.745112180709839,v2_actual_train
2018,Nógrád,maize,6.09,4.338,2017-2018,5.402677536010742,v2_actual_train
2018,Nógrád,wheat,4.86,4.204,2017-2018,4.393902778625488,v2_actual_train
2018,Pest,barley,4.38,4.502,2017-2018,4.891941070556641,v2_actual_train
2018,Pest,maize,8.39,6.218,2017-2018,6.969455242156982,v2_actual_train
2018,Pest,wheat,4.77,4.706,2017-2018,5.2845940589904785,v2_actual_train
2018,Somogy,barley,4.89,5.064,2017-2018,5.900171756744385,v2_actual_train
2018,Somogy,maize,10.13,7.748,2017-2018,6.958689212799072,v2_actual_train
2018,Somogy,wheat,5.39,5.602,2017-2018,6.010981559753418,v2_actual_train
2018,Szabolcs-Szatmár-Bereg,barley,4.36,4.142,2017-2018,4.535006046295166,v2_actual_train
2018,Szabolcs-Szatmár-Bereg,maize,6.93,6.658,2017-2018,6.295469284057617,v2_actual_train
2018,Szabolcs-Szatmár-Bereg,wheat,4.85,4.818,2017-2018,5.210812091827393,v2_actual_train
2018,Tolna,barley,5.5,5.794,2017-2018,6.262356281280518,v2_actual_train
2018,Tolna,maize,9.78,7.986,2017-2018,7.215910911560059,v2_actual_train
2018,Tolna,wheat,5.88,6.108,2017-2018,6.5758442878723145,v2_actual_train
2018,Vas,barley,4.2,4.626,2017-2018,4.949230194091797,v2_actual_train
2018,Vas,maize,7.91,7.102,2017-2018,6.9460930824279785,v2_actual_train
2018,Vas,wheat,5.11,5.246,2017-2018,5.775350570678711,v2_actual_train
2018,Veszprém,barley,3.63,4.038,2017-2018,4.527965545654297,v2_actual_train
2018,Veszprém,maize,7.75,5.822,2017-2018,6.651724815368652,v2_actual_train
2018,Veszprém,wheat,4.58,4.53,2017-2018,4.754354953765869,v2_actual_train
2018,Zala,barley,4.76,5.03,2017-2018,5.649150371551514,v2_actual_train
2018,Zala,maize,9.59,6.938,2017-2018,6.874673843383789,v2_actual_train
2018,Zala,wheat,5.13,5.408,2017-2018,5.759960174560547,v2_actual_train
2019,Bács-Kiskun,barley,5.61,4.692,2019-2020,5.320234775543213,v2_actual_train
2019,Bács-Kiskun,maize,7.27,7.126,2019-2020,7.4533538818359375,v2_actual_train
2019,Bács-Kiskun,wheat,5.18,5.152,2019-2020,5.785825729370117,v2_actual_train
2019,Baranya,barley,6.52,5.67,2019-2020,6.0375895500183105,v2_actual_train
2019,Baranya,maize,9.45,8.208,2019-2020,8.910436630249023,v2_actual_train
2019,Baranya,wheat,6.19,6.114,2019-2020,6.273540019989014,v2_actual_train
2019,Békés,barley,5.09,4.614,2019-2020,5.050479888916016,v2_actual_train
2019,Békés,maize,8.12,7.328,2019-2020,7.569112300872803,v2_actual_train
2019,Békés,wheat,4.59,4.938,2019-2020,5.730712890625,v2_actual_train
2019,Borsod-Abaúj-Zemplén,barley,5.27,4.88,2019-2020,4.9565935134887695,v2_actual_train
2019,Borsod-Abaúj-Zemplén,maize,8.67,7.172,2019-2020,7.476378440856934,v2_actual_train
2019,Borsod-Abaúj-Zemplén,wheat,5.35,5.186,2019-2020,5.388046741485596,v2_actual_train
2019,Csongrád-Csanád,barley,4.89,4.44,2019-2020,5.041188716888428,v2_actual_train
2019,Csongrád-Csanád,maize,6.85,6.438,2019-2020,5.932711124420166,v2_actual_train
2019,Csongrád-Csanád,wheat,4.45,4.81,2019-2020,5.430728912353516,v2_actual_train
2019,Fejér,barley,6.22,5.63,2019-2020,5.982567310333252,v2_actual_train
2019,Fejér,maize,8.08,8.144,2019-2020,8.254054069519043,v2_actual_train
2019,Fejér,wheat,5.59,5.816,2019-2020,6.041327476501465,v2_actual_train
2019,Győr-Moson-Sopron,barley,5.46,4.88,2019-2020,5.26569938659668,v2_actual_train
2019,Győr-Moson-Sopron,maize,6.32,7.294,2019-2020,8.507540702819824,v2_actual_train
2019,Győr-Moson-Sopron,wheat,5.42,5.046,2019-2020,5.691220760345459,v2_actual_train
2019,Hajdú-Bihar,barley,5.83,5.058,2019-2020,5.675614833831787,v2_actual_train
2019,Hajdú-Bihar,maize,8.76,7.908,2019-2020,7.352339267730713,v2_actual_train
2019,Hajdú-Bihar,wheat,5.44,5.408,2019-2020,5.886472225189209,v2_actual_train
2019,Heves,barley,6.04,4.692,2019-2020,5.0868048667907715,v2_actual_train
2019,Heves,maize,8.71,6.006,2019-2020,6.607298851013184,v2_actual_train
2019,Heves,wheat,5.44,4.738,2019-2020,5.087260723114014,v2_actual_train
2019,Jász-Nagykun-Szolnok,barley,5.4,4.726,2019-2020,5.216042518615723,v2_actual_train
2019,Jász-Nagykun-Szolnok,maize,6.2,5.6,2019-2020,5.153002738952637,v2_actual_train
2019,Jász-Nagykun-Szolnok,wheat,4.98,4.564,2019-2020,4.99068546295166,v2_actual_train
2019,Komárom-Esztergom,barley,5.75,4.83,2019-2020,5.1366801261901855,v2_actual_train
2019,Komárom-Esztergom,maize,7.5,7.304,2019-2020,8.353050231933594,v2_actual_train
2019,Komárom-Esztergom,wheat,5.6,5.108,2019-2020,5.56956148147583,v2_actual_train
2019,Nógrád,barley,4.38,3.642,2019-2020,3.99300479888916,v2_actual_train
2019,Nógrád,maize,6.74,4.96,2019-2020,6.291707992553711,v2_actual_train
2019,Nógrád,wheat,5.59,4.396,2019-2020,4.625427722930908,v2_actual_train
2019,Pest,barley,4.74,4.586,2019-2020,4.921986103057861,v2_actual_train
2019,Pest,maize,7.65,6.962,2019-2020,7.551753520965576,v2_actual_train
2019,Pest,wheat,4.74,4.806,2019-2020,5.17238712310791,v2_actual_train
2019,Somogy,barley,6.44,5.154,2019-2020,5.733664035797119,v2_actual_train
2019,Somogy,maize,9.72,8.718,2019-2020,8.583169937133789,v2_actual_train
2019,Somogy,wheat,5.97,5.628,2019-2020,5.9529266357421875,v2_actual_train
2019,Szabolcs-Szatmár-Bereg,barley,4.92,4.21,2019-2020,4.772419452667236,v2_actual_train
2019,Szabolcs-Szatmár-Bereg,maize,7.35,6.98,2019-2020,6.2896037101745605,v2_actual_train
2019,Szabolcs-Szatmár-Bereg,wheat,4.94,4.97,2019-2020,5.596124172210693,v2_actual_train
2019,Tolna,barley,6.32,5.908,2019-2020,6.456573486328125,v2_actual_train
2019,Tolna,maize,8.99,8.764,2019-2020,8.988962173461914,v2_actual_train
2019,Tolna,wheat,5.92,6.142,2019-2020,6.364770412445068,v2_actual_train
2019,Vas,barley,6.07,4.646,2019-2020,4.816757678985596,v2_actual_train
2019,Vas,maize,8.48,7.702,2019-2020,8.301185607910156,v2_actual_train
2019,Vas,wheat,5.96,5.35,2019-2020,5.667171001434326,v2_actual_train
2019,Veszprém,barley,4.99,4.094,2019-2020,4.491949081420898,v2_actual_train
2019,Veszprém,maize,6.94,6.458,2019-2020,7.2508111000061035,v2_actual_train
2019,Veszprém,wheat,4.93,4.598,2019-2020,4.823127269744873,v2_actual_train
2019,Zala,barley,6.01,5.004,2019-2020,5.4838128089904785,v2_actual_train
2019,Zala,maize,8.76,7.756,2019-2020,8.226740837097168,v2_actual_train
2019,Zala,wheat,5.79,5.408,2019-2020,5.664036750793457,v2_actual_train
2020,Bács-Kiskun,barley,6.14,4.974,2019-2020,5.722853183746338,v2_actual_train
2020,Bács-Kiskun,maize,7.3,7.03,2019-2020,7.9906439781188965,v2_actual_train
2020,Bács-Kiskun,wheat,5.74,5.266,2019-2020,5.920856475830078,v2_actual_train
2020,Baranya,barley,6.6,5.986,2019-2020,6.38226842880249,v2_actual_train
2020,Baranya,maize,8.11,8.38,2019-2020,9.016651153564453,v2_actual_train
2020,Baranya,wheat,6.38,6.186,2019-2020,6.605527877807617,v2_actual_train
2020,Békés,barley,5.48,4.938,2019-2020,5.713379383087158,v2_actual_train
2020,Békés,maize,9.1,7.428,2019-2020,7.589132308959961,v2_actual_train
2020,Békés,wheat,5.36,5.094,2019-2020,5.7763519287109375,v2_actual_train
2020,Borsod-Abaúj-Zemplén,barley,5.46,5.012,2019-2020,5.352326393127441,v2_actual_train
2020,Borsod-Abaúj-Zemplén,maize,9.17,7.354,2019-2020,8.125755310058594,v2_actual_train
2020,Borsod-Abaúj-Zemplén,wheat,5.34,5.296,2019-2020,5.574210166931152,v2_actual_train
2020,Csongrád-Csanád,barley,4.67,4.628,2019-2020,5.041224002838135,v2_actual_train
2020,Csongrád-Csanád,maize,7.61,6.428,2019-2020,6.317065238952637,v2_actual_train
2020,Csongrád-Csanád,wheat,4.62,4.902,2019-2020,5.711833953857422,v2_actual_train
2020,Fejér,barley,5.98,5.846,2019-2020,6.023993492126465,v2_actual_train
2020,Fejér,maize,7.74,8.084,2019-2020,8.759641647338867,v2_actual_train
2020,Fejér,wheat,5.59,5.806,2019-2020,6.041327476501465,v2_actual_train
2020,Győr-Moson-Sopron,barley,5.14,4.98,2019-2020,5.635608196258545,v2_actual_train
2020,Győr-Moson-Sopron,maize,7.21,6.92,2019-2020,8.008827209472656,v2_actual_train
2020,Győr-Moson-Sopron,wheat,5.24,5.082,2019-2020,5.698580741882324,v2_actual_train
2020,Hajdú-Bihar,barley,6.26,5.292,2019-2020,5.953854560852051,v2_actual_train
2020,Hajdú-Bihar,maize,10.08,8.276,2019-2020,7.352339267730713,v2_actual_train
2020,Hajdú-Bihar,wheat,5.54,5.488,2019-2020,5.985154628753662,v2_actual_train
2020,Heves,barley,5.64,5.086,2019-2020,5.513696193695068,v2_actual_train
2020,Heves,maize,6.61,6.584,2019-2020,6.851970672607422,v2_actual_train
2020,Heves,wheat,4.98,4.986,2019-2020,5.523670196533203,v2_actual_train
2020,Jász-Nagykun-Szolnok,barley,5.51,4.974,2019-2020,5.652740955352783,v2_actual_train
2020,Jász-Nagykun-Szolnok,maize,6.92,5.676,2019-2020,5.181717872619629,v2_actual_train
2020,Jász-Nagykun-Szolnok,wheat,5.13,4.786,2019-2020,5.249865531921387,v2_actual_train
2020,Komárom-Esztergom,barley,5.36,5.14,2019-2020,5.552227973937988,v2_actual_train
2020,Komárom-Esztergom,maize,7.83,7.438,2019-2020,8.454599380493164,v2_actual_train
2020,Komárom-Esztergom,wheat,5.19,5.324,2019-2020,5.725091934204102,v2_actual_train
2020,Nógrád,barley,3.94,3.91,2019-2020,4.195348262786865,v2_actual_train
2020,Nógrád,maize,6.39,5.508,2019-2020,6.667733669281006,v2_actual_train
2020,Nógrád,wheat,5.11,4.73,2019-2020,4.938424110412598,v2_actual_train
2020,Pest,barley,4.78,4.642,2019-2020,4.921986103057861,v2_actual_train
2020,Pest,maize,8.22,7.022,2019-2020,7.505490303039551,v2_actual_train
2020,Pest,wheat,4.58,4.826,2019-2020,5.222687244415283,v2_actual_train
2020,Somogy,barley,6.22,5.482,2019-2020,5.882660865783691,v2_actual_train
2020,Somogy,maize,10.3,8.86,2019-2020,8.664580345153809,v2_actual_train
2020,Somogy,wheat,6.32,5.722,2019-2020,6.018331527709961,v2_actual_train
2020,Szabolcs-Szatmár-Bereg,barley,4.91,4.46,2019-2020,4.855208873748779,v2_actual_train
2020,Szabolcs-Szatmár-Bereg,maize,8.47,6.864,2019-2020,6.1413397789001465,v2_actual_train
2020,Szabolcs-Szatmár-Bereg,wheat,5.06,5.0,2019-2020,5.621947765350342,v2_actual_train
2020,Tolna,barley,6.86,6.048,2019-2020,6.456573486328125,v2_actual_train
2020,Tolna,maize,9.42,8.724,2019-2020,9.06378173828125,v2_actual_train
2020,Tolna,wheat,6.19,6.156,2019-2020,6.389895439147949,v2_actual_train
2020,Vas,barley,5.79,4.95,2019-2020,5.461123466491699,v2_actual_train
2020,Vas,maize,9.77,7.66,2019-2020,8.301185607910156,v2_actual_train
2020,Vas,wheat,6.23,5.518,2019-2020,5.713570594787598,v2_actual_train
2020,Veszprém,barley,5.22,4.298,2019-2020,4.659773826599121,v2_actual_train
2020,Veszprém,maize,7.84,6.452,2019-2020,7.478673934936523,v2_actual_train
2020,Veszprém,wheat,5.08,4.722,2019-2020,5.0569071769714355,v2_actual_train
2020,Zala,barley,6.08,5.248,2019-2020,5.626203536987305,v2_actual_train
2020,Zala,maize,9.72,7.938,2019-2020,8.226740837097168,v2_actual_train
2020,Zala,wheat,6.41,5.524,2019-2020,5.7104363441467285,v2_actual_train
2021,Bács-Kiskun,barley,6.6,5.244,2021-2022,5.87529993057251,v2_actual_train
2021,Bács-Kiskun,maize,5.19,7.37,2021-2022,7.994673252105713,v2_actual_train
2021,Bács-Kiskun,wheat,5.78,5.408,2021-2022,5.936983108520508,v2_actual_train
2021,Baranya,barley,6.99,6.294,2021-2022,6.596096515655518,v2_actual_train
2021,Baranya,maize,6.67,8.688,2021-2022,9.415245056152344,v2_actual_train
2021,Baranya,wheat,6.14,6.306,2021-2022,6.590399742126465,v2_actual_train
2021,Békés,barley,6.39,5.036,2021-2022,5.703924179077148,v2_actual_train
2021,Békés,maize,5.21,7.998,2021-2022,8.063089370727539,v2_actual_train
2021,Békés,wheat,6.48,5.082,2021-2022,5.698227405548096,v2_actual_train
2021,Borsod-Abaúj-Zemplén,barley,6.08,5.188,2021-2022,5.436379909515381,v2_actual_train
2021,Borsod-Abaúj-Zemplén,maize,7.21,8.202,2021-2022,8.678667068481445,v2_actual_train
2021,Borsod-Abaúj-Zemplén,wheat,5.69,5.368,2021-2022,5.523449897766113,v2_actual_train
2021,Csongrád-Csanád,barley,6.56,4.688,2021-2022,5.339353084564209,v2_actual_train
2021,Csongrád-Csanád,maize,4.32,6.906,2021-2022,6.537430763244629,v2_actual_train
2021,Csongrád-Csanád,wheat,5.95,4.844,2021-2022,5.370656967163086,v2_actual_train
2021,Fejér,barley,7.09,5.884,2021-2022,6.40687894821167,v2_actual_train
2021,Fejér,maize,5.88,8.39,2021-2022,8.225768089294434,v2_actual_train
2021,Fejér,wheat,5.78,5.75,2021-2022,6.1310882568359375,v2_actual_train
2021,Győr-Moson-Sopron,barley,6.09,5.03,2021-2022,5.704799175262451,v2_actual_train
2021,Győr-Moson-Sopron,maize,7.56,7.26,2021-2022,7.516802787780762,v2_actual_train
2021,Győr-Moson-Sopron,wheat,5.58,5.096,2021-2022,5.699102401733398,v2_actual_train
2021,Hajdú-Bihar,barley,7.19,5.538,2021-2022,5.941445350646973,v2_actual_train
2021,Hajdú-Bihar,maize,6.78,9.078,2021-2022,8.18620777130127,v2_actual_train
2021,Hajdú-Bihar,wheat,6.79,5.566,2021-2022,5.93574857711792,v2_actual_train
2021,Heves,barley,6.14,5.306,2021-2022,5.698246955871582,v2_actual_train
2021,Heves,maize,6.28,7.13,2021-2022,7.045374870300293,v2_actual_train
2021,Heves,wheat,5.67,5.006,2021-2022,5.599783420562744,v2_actual_train
2021,Jász-Nagykun-Szolnok,barley,5.92,5.148,2021-2022,5.6533002853393555,v2_actual_train
2021,Jász-Nagykun-Szolnok,maize,5.16,6.154,2021-2022,5.8220415115356445,v2_actual_train
2021,Jász-Nagykun-Szolnok,wheat,5.59,4.866,2021-2022,5.255415439605713,v2_actual_train
2021,Komárom-Esztergom,barley,6.31,5.216,2021-2022,5.569888114929199,v2_actual_train
2021,Komárom-Esztergom,maize,7.85,7.778,2021-2022,8.691051483154297,v2_actual_train
2021,Komárom-Esztergom,wheat,6.24,5.262,2021-2022,5.656958103179932,v2_actual_train
2021,Nógrád,barley,4.88,4.056,2021-2022,4.392005920410156,v2_actual_train
2021,Nógrád,maize,5.78,6.078,2021-2022,6.524345397949219,v2_actual_train
2021,Nógrád,wheat,5.05,4.94,2021-2022,5.325512886047363,v2_actual_train
2021,Pest,barley,5.69,4.688,2021-2022,5.29460334777832,v2_actual_train
2021,Pest,maize,6.09,7.566,2021-2022,7.9191694259643555,v2_actual_train
2021,Pest,wheat,5.57,4.76,2021-2022,5.268314838409424,v2_actual_train
2021,Somogy,barley,6.64,5.852,2021-2022,6.107781887054443,v2_actual_train
2021,Somogy,maize,6.16,9.54,2021-2022,9.50796890258789,v2_actual_train
2021,Somogy,wheat,6.16,5.88,2021-2022,6.324122905731201,v2_actual_train
2021,Szabolcs-Szatmár-Bereg,barley,5.34,4.636,2021-2022,5.061291694641113,v2_actual_train
2021,Szabolcs-Szatmár-Bereg,maize,6.89,7.834,2021-2022,7.8218913078308105,v2_actual_train
2021,Szabolcs-Szatmár-Bereg,wheat,5.91,5.036,2021-2022,5.695168495178223,v2_actual_train
2021,Tolna,barley,7.08,6.282,2021-2022,6.629083156585693,v2_actual_train
2021,Tolna,maize,4.93,9.14,2021-2022,8.877943992614746,v2_actual_train
2021,Tolna,wheat,5.98,6.178,2021-2022,6.623386383056641,v2_actual_train
2021,Vas,barley,5.81,5.17,2021-2022,5.6116204261779785,v2_actual_train
2021,Vas,maize,8.23,8.392,2021-2022,9.341063499450684,v2_actual_train
2021,Vas,wheat,5.95,5.716,2021-2022,5.9391584396362305,v2_actual_train
2021,Veszprém,barley,5.54,4.56,2021-2022,4.882211208343506,v2_actual_train
2021,Veszprém,maize,5.36,6.976,2021-2022,8.023568153381348,v2_actual_train
2021,Veszprém,wheat,5.26,4.842,2021-2022,5.168177127838135,v2_actual_train
2021,Zala,barley,6.13,5.544,2021-2022,5.853081226348877,v2_actual_train
2021,Zala,maize,7.32,8.622,2021-2022,9.36221981048584,v2_actual_train
2021,Zala,wheat,6.32,5.754,2021-2022,5.912160873413086,v2_actual_train
2022,Bács-Kiskun,barley,4.87,5.624,2021-2022,6.1280622482299805,v2_actual_train
2022,Bács-Kiskun,maize,3.81,6.788,2021-2022,6.4130706787109375,v2_actual_train
2022,Bács-Kiskun,wheat,4.46,5.48,2021-2022,5.949277400970459,v2_actual_train
2022,Baranya,barley,6.19,6.48,2021-2022,6.632340908050537,v2_actual_train
2022,Baranya,maize,4.7,8.218,2021-2022,9.464592933654785,v2_actual_train
2022,Baranya,wheat,5.46,6.25,2021-2022,6.590399742126465,v2_actual_train
2022,Békés,barley,4.1,5.288,2021-2022,5.757111549377441,v2_actual_train
2022,Békés,maize,1.85,7.294,2021-2022,7.048901081085205,v2_actual_train
2022,Békés,wheat,3.84,5.376,2021-2022,5.751414775848389,v2_actual_train
2022,Borsod-Abaúj-Zemplén,barley,5.05,5.416,2021-2022,5.610135555267334,v2_actual_train
2022,Borsod-Abaúj-Zemplén,maize,3.03,7.936,2021-2022,8.67961597442627,v2_actual_train
2022,Borsod-Abaúj-Zemplén,wheat,4.42,5.41,2021-2022,5.604438781738281,v2_actual_train
2022,Csongrád-Csanád,barley,4.47,5.144,2021-2022,5.778180122375488,v2_actual_train
2022,Csongrád-Csanád,maize,1.9,6.282,2021-2022,6.252978324890137,v2_actual_train
2022,Csongrád-Csanád,wheat,3.54,5.074,2021-2022,5.7724833488464355,v2_actual_train
2022,Fejér,barley,5.58,6.132,2021-2022,6.442678928375244,v2_actual_train
2022,Fejér,maize,2.56,7.692,2021-2022,7.6403584480285645,v2_actual_train
2022,Fejér,wheat,5.47,5.646,2021-2022,6.065210819244385,v2_actual_train
2022,Győr-Moson-Sopron,barley,5.36,5.23,2021-2022,5.635021686553955,v2_actual_train
2022,Győr-Moson-Sopron,maize,4.81,7.026,2021-2022,7.315463542938232,v2_actual_train
2022,Győr-Moson-Sopron,wheat,5.21,5.192,2021-2022,5.629324913024902,v2_actual_train
2022,Hajdú-Bihar,barley,4.15,5.914,2021-2022,6.393710136413574,v2_actual_train
2022,Hajdú-Bihar,maize,2.52,8.52,2021-2022,8.082798957824707,v2_actual_train
2022,Hajdú-Bihar,wheat,3.48,5.83,2021-2022,5.981935501098633,v2_actual_train
2022,Heves,barley,3.89,5.562,2021-2022,5.897441387176514,v2_actual_train
2022,Heves,maize,1.52,6.964,2021-2022,6.934800624847412,v2_actual_train
2022,Heves,wheat,3.28,5.198,2021-2022,5.623286247253418,v2_actual_train
2022,Jász-Nagykun-Szolnok,barley,3.34,5.356,2021-2022,5.746067047119141,v2_actual_train
2022,Jász-Nagykun-Szolnok,maize,2.23,5.828,2021-2022,5.718638896942139,v2_actual_train
2022,Jász-Nagykun-Szolnok,wheat,3.0,5.08,2021-2022,5.647603511810303,v2_actual_train
2022,Komárom-Esztergom,barley,4.8,5.462,2021-2022,5.735270023345947,v2_actual_train
2022,Komárom-Esztergom,maize,2.73,7.68,2021-2022,8.238624572753906,v2_actual_train
2022,Komárom-Esztergom,wheat,4.62,5.426,2021-2022,5.7295732498168945,v2_actual_train
2022,Nógrád,barley,3.88,4.232,2021-2022,4.648292064666748,v2_actual_train
2022,Nógrád,maize,2.65,5.976,2021-2022,6.40478515625,v2_actual_train
2022,Nógrád,wheat,3.57,5.03,2021-2022,5.455324649810791,v2_actual_train
2022,Pest,barley,3.49,4.898,2021-2022,5.509119033813477,v2_actual_train
2022,Pest,maize,1.55,7.302,2021-2022,7.317032814025879,v2_actual_train
2022,Pest,wheat,3.43,4.924,2021-2022,5.503422260284424,v2_actual_train
2022,Somogy,barley,5.88,5.994,2021-2022,6.463869571685791,v2_actual_train
2022,Somogy,maize,5.75,8.848,2021-2022,9.373834609985352,v2_actual_train
2022,Somogy,wheat,6.0,5.876,2021-2022,6.317757606506348,v2_actual_train
2022,Szabolcs-Szatmár-Bereg,barley,4.41,4.806,2021-2022,5.3086771965026855,v2_actual_train
2022,Szabolcs-Szatmár-Bereg,maize,2.51,7.518,2021-2022,7.382595539093018,v2_actual_train
2022,Szabolcs-Szatmár-Bereg,wheat,4.09,5.248,2021-2022,5.787935256958008,v2_actual_train
2022,Tolna,barley,6.2,6.438,2021-2022,6.665327548980713,v2_actual_train
2022,Tolna,maize,4.18,8.236,2021-2022,8.856040000915527,v2_actual_train
2022,Tolna,wheat,6.12,6.096,2021-2022,6.413917541503906,v2_actual_train
2022,Vas,barley,5.72,5.382,2021-2022,5.683193206787109,v2_actual_train
2022,Vas,maize,5.95,8.278,2021-2022,9.046390533447266,v2_actual_train
2022,Vas,wheat,6.29,5.694,2021-2022,5.917964458465576,v2_actual_train
2022,Veszprém,barley,4.78,4.788,2021-2022,5.092353343963623,v2_actual_train
2022,Veszprém,maize,4.2,6.67,2021-2022,7.293287754058838,v2_actual_train
2022,Veszprém,wheat,4.79,4.88,2021-2022,5.1469831466674805,v2_actual_train
2022,Zala,barley,5.5,5.674,2021-2022,5.913957595825195,v2_actual_train
2022,Zala,maize,7.14,8.412,2021-2022,9.230487823486328,v2_actual_train
2022,Zala,wheat,6.0,5.83,2021-2022,5.912692070007324,v2_actual_train
2015,Bács-Kiskun,barley,4.79,3.956,2015-2016,4.2315568923950195,xgb_expected_fixed
2015,Bács-Kiskun,maize,5.6,5.64,2015-2016,6.073965549468994,xgb_expected_fixed
2015,Bács-Kiskun,wheat,5.03,4.246,2015-2016,4.467143535614014,xgb_expected_fixed
2015,Baranya,barley,5.06,4.7,2015-2016,4.83826208114624,xgb_expected_fixed
2015,Baranya,maize,6.57,6.46,2015-2016,7.045997142791748,xgb_expected_fixed
2015,Baranya,wheat,5.78,5.184,2015-2016,5.00821590423584,xgb_expected_fixed
2015,Békés,barley,4.99,3.552,2015-2016,3.7968201637268066,xgb_expected_fixed
2015,Békés,maize,6.25,5.976,2015-2016,5.967161655426025,xgb_expected_fixed
2015,Békés,wheat,5.42,3.976,2015-2016,4.199244022369385,xgb_expected_fixed
2015,Borsod-Abaúj-Zemplén,barley,4.58,3.628,2015-2016,3.699160099029541,xgb_expected_fixed
2015,Borsod-Abaúj-Zemplén,maize,4.93,6.37,2015-2016,6.553806781768799,xgb_expected_fixed
2015,Borsod-Abaúj-Zemplén,wheat,4.98,4.16,2015-2016,4.206149101257324,xgb_expected_fixed
2015,Csongrád-Csanád,barley,4.37,3.566,2015-2016,3.8485026359558105,xgb_expected_fixed
2015,Csongrád-Csanád,maize,5.22,5.25,2015-2016,5.7571282386779785,xgb_expected_fixed
2015,Csongrád-Csanád,wheat,4.91,4.062,2015-2016,4.2041239738464355,xgb_expected_fixed
2015,Fejér,barley,5.79,4.256,2015-2016,4.277287483215332,xgb_expected_fixed
2015,Fejér,maize,6.21,6.674,2015-2016,6.856186389923096,xgb_expected_fixed
2015,Fejér,wheat,5.87,4.696,2015-2016,4.707459926605225,xgb_expected_fixed
2015,Győr-Moson-Sopron,barley,4.89,3.852,2015-2016,3.993527412414551,xgb_expected_fixed
2015,Győr-Moson-Sopron,maize,5.51,6.822,2015-2016,6.715672492980957,xgb_expected_fixed
2015,Győr-Moson-Sopron,wheat,5.17,4.452,2015-2016,4.583781719207764,xgb_expected_fixed
2015,Hajdú-Bihar,barley,5.03,3.816,2015-2016,3.8788816928863525,xgb_expected_fixed
2015,Hajdú-Bihar,maize,6.07,6.292,2015-2016,7.479582786560059,xgb_expected_fixed
2015,Hajdú-Bihar,wheat,5.15,4.328,2015-2016,4.40278959274292,xgb_expected_fixed
2015,Heves,barley,4.54,3.33,2015-2016,3.438722848892212,xgb_expected_fixed
2015,Heves,maize,3.88,4.654,2015-2016,5.033493518829346,xgb_expected_fixed
2015,Heves,wheat,4.88,3.622,2015-2016,3.729341745376587,xgb_expected_fixed
2015,Jász-Nagykun-Szolnok,barley,4.64,3.436,2015-2016,3.6687209606170654,xgb_expected_fixed
2015,Jász-Nagykun-Szolnok,maize,4.53,4.168,2015-2016,4.95553731918335,xgb_expected_fixed
2015,Jász-Nagykun-Szolnok,wheat,4.73,3.498,2015-2016,3.845858335494995,xgb_expected_fixed
2015,Komárom-Esztergom,barley,4.98,3.724,2015-2016,3.9095726013183594,xgb_expected_fixed
2015,Komárom-Esztergom,maize,6.13,6.25,2015-2016,6.985378265380859,xgb_expected_fixed
2015,Komárom-Esztergom,wheat,5.5,4.14,2015-2016,4.3769073486328125,xgb_expected_fixed
2015,Nógrád,barley,3.21,2.59,2015-2016,3.0995407104492188,xgb_expected_fixed
2015,Nógrád,maize,3.54,4.436,2015-2016,4.518259525299072,xgb_expected_fixed
2015,Nógrád,wheat,4.06,3.346,2015-2016,3.491990089416504,xgb_expected_fixed
2015,Pest,barley,4.55,3.688,2015-2016,3.8961586952209473,xgb_expected_fixed
2015,Pest,maize,5.5,5.528,2015-2016,6.400782585144043,xgb_expected_fixed
2015,Pest,wheat,4.91,3.854,2015-2016,4.061721324920654,xgb_expected_fixed
2015,Somogy,barley,4.37,4.12,2015-2016,4.346362113952637,xgb_expected_fixed
2015,Somogy,maize,6.9,5.96,2015-2016,6.324952602386475,xgb_expected_fixed
2015,Somogy,wheat,5.53,4.69,2015-2016,4.807882308959961,xgb_expected_fixed
2015,Szabolcs-Szatmár-Bereg,barley,4.03,3.282,2015-2016,3.599470615386963,xgb_expected_fixed
2015,Szabolcs-Szatmár-Bereg,maize,3.62,5.78,2015-2016,6.2401533126831055,xgb_expected_fixed
2015,Szabolcs-Szatmár-Bereg,wheat,4.88,3.964,2015-2016,4.163487434387207,xgb_expected_fixed
2015,Tolna,barley,5.69,4.66,2015-2016,4.619204044342041,xgb_expected_fixed
2015,Tolna,maize,7.34,6.69,2015-2016,6.392046928405762,xgb_expected_fixed
2015,Tolna,wheat,6.08,5.018,2015-2016,4.945167064666748,xgb_expected_fixed
2015,Vas,barley,4.69,4.168,2015-2016,4.406794548034668,xgb_expected_fixed
2015,Vas,maize,6.11,6.624,2015-2016,6.237586498260498,xgb_expected_fixed
2015,Vas,wheat,5.24,4.558,2015-2016,4.731611251831055,xgb_expected_fixed
2015,Veszprém,barley,3.91,3.402,2015-2016,3.9882290363311768,xgb_expected_fixed
2015,Veszprém,maize,5.22,5.352,2015-2016,6.236225605010986,xgb_expected_fixed
2015,Veszprém,wheat,4.48,3.754,2015-2016,4.176050662994385,xgb_expected_fixed
2015,Zala,barley,4.6,4.348,2015-2016,4.513546943664551,xgb_expected_fixed
2015,Zala,maize,6.3,6.074,2015-2016,6.417468070983887,xgb_expected_fixed
2015,Zala,wheat,5.26,4.722,2015-2016,4.9018049240112305,xgb_expected_fixed
2016,Bács-Kiskun,barley,4.7,4.21,2015-2016,4.275407791137695,xgb_expected_fixed
2016,Bács-Kiskun,maize,8.1,5.534,2015-2016,5.946101188659668,xgb_expected_fixed
2016,Bács-Kiskun,wheat,5.42,4.484,2015-2016,4.513912200927734,xgb_expected_fixed
2016,Baranya,barley,6.06,4.936,2015-2016,4.918124675750732,xgb_expected_fixed
2016,Baranya,maize,9.02,6.394,2015-2016,6.675974369049072,xgb_expected_fixed
2016,Baranya,wheat,6.42,5.5,2015-2016,4.718625545501709,xgb_expected_fixed
2016,Békés,barley,5.13,3.958,2015-2016,3.9975216388702393,xgb_expected_fixed
2016,Békés,maize,8.73,5.902,2015-2016,5.413996696472168,xgb_expected_fixed
2016,Békés,wheat,5.01,4.364,2015-2016,4.2650017738342285,xgb_expected_fixed
2016,Borsod-Abaúj-Zemplén,barley,4.94,3.916,2015-2016,3.9838554859161377,xgb_expected_fixed
2016,Borsod-Abaúj-Zemplén,maize,8.54,6.344,2015-2016,6.876637935638428,xgb_expected_fixed
2016,Borsod-Abaúj-Zemplén,wheat,5.48,4.396,2015-2016,4.383209228515625,xgb_expected_fixed
2016,Csongrád-Csanád,barley,4.28,3.806,2015-2016,3.824613332748413,xgb_expected_fixed
2016,Csongrád-Csanád,maize,7.44,5.07,2015-2016,5.799980640411377,xgb_expected_fixed
2016,Csongrád-Csanád,wheat,4.8,4.29,2015-2016,4.279484748840332,xgb_expected_fixed
2016,Fejér,barley,5.85,4.65,2015-2016,4.4099440574646,xgb_expected_fixed
2016,Fejér,maize,9.37,6.432,2015-2016,6.674417972564697,xgb_expected_fixed
2016,Fejér,wheat,6.3,5.01,2015-2016,4.806158542633057,xgb_expected_fixed
2016,Győr-Moson-Sopron,barley,5.09,4.182,2015-2016,4.3573899269104,xgb_expected_fixed
2016,Győr-Moson-Sopron,maize,8.73,6.58,2015-2016,7.269481658935547,xgb_expected_fixed
2016,Győr-Moson-Sopron,wheat,5.1,4.698,2015-2016,4.821204662322998,xgb_expected_fixed
2016,Hajdú-Bihar,barley,5.31,4.226,2015-2016,4.216426372528076,xgb_expected_fixed
2016,Hajdú-Bihar,maize,9.57,6.234,2015-2016,6.4685587882995605,xgb_expected_fixed
2016,Hajdú-Bihar,wheat,5.47,4.674,2015-2016,4.6557698249816895,xgb_expected_fixed
2016,Heves,barley,4.86,3.622,2015-2016,3.629910707473755,xgb_expected_fixed
2016,Heves,maize,7.11,4.46,2015-2016,5.391417503356934,xgb_expected_fixed
2016,Heves,wheat,4.71,3.958,2015-2016,4.042176723480225,xgb_expected_fixed
2016,Jász-Nagykun-Szolnok,barley,4.88,3.824,2015-2016,3.6253156661987305,xgb_expected_fixed
2016,Jász-Nagykun-Szolnok,maize,6.79,4.238,2015-2016,4.464725017547607,xgb_expected_fixed
2016,Jász-Nagykun-Szolnok,wheat,4.52,3.86,2015-2016,3.7864322662353516,xgb_expected_fixed
2016,Komárom-Esztergom,barley,5.08,4.07,2015-2016,4.30081033706665,xgb_expected_fixed
2016,Komárom-Esztergom,maize,8.34,6.16,2015-2016,6.988182067871094,xgb_expected_fixed
2016,Komárom-Esztergom,wheat,5.42,4.464,2015-2016,4.608112812042236,xgb_expected_fixed
2016,Nógrád,barley,4.0,2.734,2015-2016,3.2163798809051514,xgb_expected_fixed
2016,Nógrád,maize,6.29,4.226,2015-2016,4.793337821960449,xgb_expected_fixed
2016,Nógrád,wheat,4.6,3.488,2015-2016,3.7216696739196777,xgb_expected_fixed
2016,Pest,barley,4.64,3.992,2015-2016,4.186776638031006,xgb_expected_fixed
2016,Pest,maize,7.41,5.4,2015-2016,6.010262489318848,xgb_expected_fixed
2016,Pest,wheat,4.75,4.182,2015-2016,4.451364994049072,xgb_expected_fixed
2016,Somogy,barley,5.93,4.256,2015-2016,4.439404010772705,xgb_expected_fixed
2016,Somogy,maize,9.62,5.924,2015-2016,6.51074743270874,xgb_expected_fixed
2016,Somogy,wheat,6.18,4.974,2015-2016,4.886478900909424,xgb_expected_fixed
2016,Szabolcs-Szatmár-Bereg,barley,4.49,3.518,2015-2016,3.8453750610351562,xgb_expected_fixed
2016,Szabolcs-Szatmár-Bereg,maize,8.47,5.514,2015-2016,6.262548923492432,xgb_expected_fixed
2016,Szabolcs-Szatmár-Bereg,wheat,4.85,4.24,2015-2016,4.389688491821289,xgb_expected_fixed
2016,Tolna,barley,6.3,5.028,2015-2016,4.79341983795166,xgb_expected_fixed
2016,Tolna,maize,9.45,6.608,2015-2016,6.578859329223633,xgb_expected_fixed
2016,Tolna,wheat,6.39,5.386,2015-2016,4.755768299102783,xgb_expected_fixed
2016,Vas,barley,4.75,4.236,2015-2016,4.537825584411621,xgb_expected_fixed
2016,Vas,maize,8.8,6.434,2015-2016,6.547954559326172,xgb_expected_fixed
2016,Vas,wheat,6.06,4.686,2015-2016,4.949382781982422,xgb_expected_fixed
2016,Veszprém,barley,4.4,3.542,2015-2016,4.057392597198486,xgb_expected_fixed
2016,Veszprém,maize,6.89,5.37,2015-2016,6.241581916809082,xgb_expected_fixed
2016,Veszprém,wheat,5.07,3.966,2015-2016,4.450928688049316,xgb_expected_fixed
2016,Zala,barley,5.48,4.438,2015-2016,4.578623294830322,xgb_expected_fixed
2016,Zala,maize,8.37,5.99,2015-2016,6.815820693969727,xgb_expected_fixed
2016,Zala,wheat,5.94,4.888,2015-2016,5.022777080535889,xgb_expected_fixed
2017,Bács-Kiskun,barley,5.02,4.346,2017-2018,4.667819976806641,xgb_expected_fixed
2017,Bács-Kiskun,maize,6.19,5.86,2017-2018,6.598602294921875,xgb_expected_fixed
2017,Bács-Kiskun,wheat,5.65,4.668,2017-2018,5.148604393005371,xgb_expected_fixed
2017,Baranya,barley,6.4,5.192,2017-2018,5.379934310913086,xgb_expected_fixed
2017,Baranya,maize,7.26,6.82,2017-2018,6.781468391418457,xgb_expected_fixed
2017,Baranya,wheat,6.45,5.792,2017-2018,5.340577602386475,xgb_expected_fixed
2017,Békés,barley,5.02,4.256,2017-2018,4.5594706535339355,xgb_expected_fixed
2017,Békés,maize,5.68,6.386,2017-2018,7.192648887634277,xgb_expected_fixed
2017,Békés,wheat,5.35,4.546,2017-2018,4.657080173492432,xgb_expected_fixed
2017,Borsod-Abaúj-Zemplén,barley,5.53,4.228,2017-2018,4.539977550506592,xgb_expected_fixed
2017,Borsod-Abaúj-Zemplén,maize,7.52,6.708,2017-2018,5.789273738861084,xgb_expected_fixed
2017,Borsod-Abaúj-Zemplén,wheat,5.66,4.668,2017-2018,5.074007034301758,xgb_expected_fixed
2017,Csongrád-Csanád,barley,4.94,4.02,2017-2018,4.4991302490234375,xgb_expected_fixed
2017,Csongrád-Csanád,maize,5.52,5.384,2017-2018,5.923686504364014,xgb_expected_fixed
2017,Csongrád-Csanád,wheat,5.41,4.47,2017-2018,4.651788711547852,xgb_expected_fixed
2017,Fejér,barley,5.89,5.012,2017-2018,5.422756195068359,xgb_expected_fixed
2017,Fejér,maize,6.7,6.79,2017-2018,6.756742477416992,xgb_expected_fixed
2017,Fejér,wheat,5.45,5.334,2017-2018,5.429870128631592,xgb_expected_fixed
2017,Győr-Moson-Sopron,barley,4.93,4.384,2017-2018,4.740828990936279,xgb_expected_fixed
2017,Győr-Moson-Sopron,maize,5.68,6.834,2017-2018,6.835887432098389,xgb_expected_fixed
2017,Győr-Moson-Sopron,wheat,4.77,4.78,2017-2018,5.228513717651367,xgb_expected_fixed
2017,Hajdú-Bihar,barley,5.6,4.536,2017-2018,4.679919719696045,xgb_expected_fixed
2017,Hajdú-Bihar,maize,7.93,6.766,2017-2018,6.554586887359619,xgb_expected_fixed
2017,Hajdú-Bihar,wheat,6.06,4.888,2017-2018,5.183424472808838,xgb_expected_fixed
2017,Heves,barley,5.34,3.932,2017-2018,4.328390598297119,xgb_expected_fixed
2017,Heves,maize,5.69,4.866,2017-2018,5.7606611251831055,xgb_expected_fixed
2017,Heves,wheat,5.14,4.156,2017-2018,4.405714988708496,xgb_expected_fixed
2017,Jász-Nagykun-Szolnok,barley,5.46,4.154,2017-2018,4.391433238983154,xgb_expected_fixed
2017,Jász-Nagykun-Szolnok,maize,5.47,4.688,2017-2018,5.293093681335449,xgb_expected_fixed
2017,Jász-Nagykun-Szolnok,wheat,5.19,4.102,2017-2018,4.449793815612793,xgb_expected_fixed
2017,Komárom-Esztergom,barley,4.91,4.318,2017-2018,4.753663539886475,xgb_expected_fixed
2017,Komárom-Esztergom,maize,6.04,6.284,2017-2018,7.184072494506836,xgb_expected_fixed
2017,Komárom-Esztergom,wheat,4.78,4.628,2017-2018,4.946079730987549,xgb_expected_fixed
2017,Nógrád,barley,3.87,2.936,2017-2018,3.4787700176239014,xgb_expected_fixed
2017,Nógrád,maize,4.88,4.356,2017-2018,4.932004451751709,xgb_expected_fixed
2017,Nógrád,wheat,4.54,3.698,2017-2018,3.9327752590179443,xgb_expected_fixed
2017,Pest,barley,4.9,4.084,2017-2018,4.57844352722168,xgb_expected_fixed
2017,Pest,maize,6.16,5.708,2017-2018,6.607840538024902,xgb_expected_fixed
2017,Pest,wheat,4.96,4.28,2017-2018,4.740848541259766,xgb_expected_fixed
2017,Somogy,barley,5.78,4.75,2017-2018,5.2413811683654785,xgb_expected_fixed
2017,Somogy,maize,7.93,6.8,2017-2018,6.7528181076049805,xgb_expected_fixed
2017,Somogy,wheat,5.54,5.376,2017-2018,5.305357933044434,xgb_expected_fixed
2017,Szabolcs-Szatmár-Bereg,barley,4.5,3.798,2017-2018,4.256248474121094,xgb_expected_fixed
2017,Szabolcs-Szatmár-Bereg,maize,7.95,5.912,2017-2018,7.063596248626709,xgb_expected_fixed
2017,Szabolcs-Szatmár-Bereg,wheat,5.48,4.406,2017-2018,4.715323448181152,xgb_expected_fixed
2017,Tolna,barley,6.43,5.38,2017-2018,5.358146667480469,xgb_expected_fixed
2017,Tolna,maize,8.06,7.03,2017-2018,6.698487281799316,xgb_expected_fixed
2017,Tolna,wheat,6.51,5.7,2017-2018,5.464966773986816,xgb_expected_fixed
2017,Vas,barley,5.04,4.358,2017-2018,4.798574924468994,xgb_expected_fixed
2017,Vas,maize,7.0,6.764,2017-2018,6.493052005767822,xgb_expected_fixed
2017,Vas,wheat,5.22,5.0,2017-2018,5.47256326675415,xgb_expected_fixed
2017,Veszprém,barley,4.56,3.736,2017-2018,4.3280558586120605,xgb_expected_fixed
2017,Veszprém,maize,5.46,5.544,2017-2018,6.549978256225586,xgb_expected_fixed
2017,Veszprém,wheat,4.55,4.26,2017-2018,4.788485050201416,xgb_expected_fixed
2017,Zala,barley,5.39,4.826,2017-2018,5.312366008758545,xgb_expected_fixed
2017,Zala,maize,6.67,6.512,2017-2018,7.423091888427734,xgb_expected_fixed
2017,Zala,wheat,5.5,5.214,2017-2018,5.467711925506592,xgb_expected_fixed
2018,Bács-Kiskun,barley,4.75,4.588,2017-2018,4.797266006469727,xgb_expected_fixed
2018,Bács-Kiskun,maize,7.99,6.492,2017-2018,7.343118667602539,xgb_expected_fixed
2018,Bács-Kiskun,wheat,5.05,5.032,2017-2018,5.296213626861572,xgb_expected_fixed
2018,Baranya,barley,5.89,5.438,2017-2018,5.295583248138428,xgb_expected_fixed
2018,Baranya,maize,9.6,7.482,2017-2018,7.177947044372559,xgb_expected_fixed
2018,Baranya,wheat,6.09,5.994,2017-2018,5.742849826812744,xgb_expected_fixed
2018,Békés,barley,4.46,4.538,2017-2018,4.609084129333496,xgb_expected_fixed
2018,Békés,maize,8.36,6.838,2017-2018,5.913448333740234,xgb_expected_fixed
2018,Békés,wheat,5.1,4.85,2017-2018,5.057376384735107,xgb_expected_fixed
2018,Borsod-Abaúj-Zemplén,barley,4.74,4.604,2017-2018,4.6591949462890625,xgb_expected_fixed
2018,Borsod-Abaúj-Zemplén,maize,7.11,6.946,2017-2018,6.350421905517578,xgb_expected_fixed
2018,Borsod-Abaúj-Zemplén,wheat,5.01,5.062,2017-2018,5.238516807556152,xgb_expected_fixed
2018,Csongrád-Csanád,barley,4.66,4.298,2017-2018,4.577908515930176,xgb_expected_fixed
2018,Csongrád-Csanád,maize,7.11,5.988,2017-2018,6.551684856414795,xgb_expected_fixed
2018,Csongrád-Csanád,wheat,4.94,4.772,2017-2018,5.050146102905273,xgb_expected_fixed
2018,Fejér,barley,5.48,5.438,2017-2018,5.3920745849609375,xgb_expected_fixed
2018,Fejér,maize,10.06,7.314,2017-2018,6.743345737457275,xgb_expected_fixed
2018,Fejér,wheat,5.82,5.674,2017-2018,5.487032890319824,xgb_expected_fixed
2018,Győr-Moson-Sopron,barley,4.53,4.674,2017-2018,5.158170223236084,xgb_expected_fixed
2018,Győr-Moson-Sopron,maize,8.36,6.728,2017-2018,7.195193290710449,xgb_expected_fixed
2018,Győr-Moson-Sopron,wheat,4.95,4.974,2017-2018,5.387842178344727,xgb_expected_fixed
2018,Hajdú-Bihar,barley,4.69,4.924,2017-2018,5.290712356567383,xgb_expected_fixed
2018,Hajdú-Bihar,maize,9.05,7.314,2017-2018,6.961776256561279,xgb_expected_fixed
2018,Hajdú-Bihar,wheat,5.32,5.284,2017-2018,5.322896480560303,xgb_expected_fixed
2018,Heves,barley,4.65,4.498,2017-2018,4.4776692390441895,xgb_expected_fixed
2018,Heves,maize,7.53,5.374,2017-2018,6.1437153816223145,xgb_expected_fixed
2018,Heves,wheat,4.76,4.632,2017-2018,4.591450214385986,xgb_expected_fixed
2018,Jász-Nagykun-Szolnok,barley,4.49,4.6,2017-2018,4.5446906089782715,xgb_expected_fixed
2018,Jász-Nagykun-Szolnok,maize,5.39,5.322,2017-2018,5.4078779220581055,xgb_expected_fixed
2018,Jász-Nagykun-Szolnok,wheat,4.51,4.49,2017-2018,4.529844760894775,xgb_expected_fixed
2018,Komárom-Esztergom,barley,4.98,4.634,2017-2018,4.907339096069336,xgb_expected_fixed
2018,Komárom-Esztergom,maize,9.18,6.614,2017-2018,7.246395111083984,xgb_expected_fixed
2018,Komárom-Esztergom,wheat,5.32,4.888,2017-2018,5.36201286315918,xgb_expected_fixed
2018,Nógrád,barley,4.09,3.382,2017-2018,3.6712582111358643,xgb_expected_fixed
2018,Nógrád,maize,6.09,4.338,2017-2018,4.786595821380615,xgb_expected_fixed
2018,Nógrád,wheat,4.86,4.204,2017-2018,4.349652290344238,xgb_expected_fixed
2018,Pest,barley,4.38,4.502,2017-2018,4.695873737335205,xgb_expected_fixed
2018,Pest,maize,8.39,6.218,2017-2018,7.161634922027588,xgb_expected_fixed
2018,Pest,wheat,4.77,4.706,2017-2018,5.143888473510742,xgb_expected_fixed
2018,Somogy,barley,4.89,5.064,2017-2018,5.400709629058838,xgb_expected_fixed
2018,Somogy,maize,10.13,7.748,2017-2018,6.715309143066406,xgb_expected_fixed
2018,Somogy,wheat,5.39,5.602,2017-2018,5.348250389099121,xgb_expected_fixed
2018,Szabolcs-Szatmár-Bereg,barley,4.36,4.142,2017-2018,4.422421932220459,xgb_expected_fixed
2018,Szabolcs-Szatmár-Bereg,maize,6.93,6.658,2017-2018,6.513594627380371,xgb_expected_fixed
2018,Szabolcs-Szatmár-Bereg,wheat,4.85,4.818,2017-2018,5.071278095245361,xgb_expected_fixed
2018,Tolna,barley,5.5,5.794,2017-2018,5.362030506134033,xgb_expected_fixed
2018,Tolna,maize,9.78,7.986,2017-2018,7.264868259429932,xgb_expected_fixed
2018,Tolna,wheat,5.88,6.108,2017-2018,5.787731170654297,xgb_expected_fixed
2018,Vas,barley,4.2,4.626,2017-2018,4.92802095413208,xgb_expected_fixed
2018,Vas,maize,7.91,7.102,2017-2018,6.846592426300049,xgb_expected_fixed
2018,Vas,wheat,5.11,5.246,2017-2018,5.418923377990723,xgb_expected_fixed
2018,Veszprém,barley,3.63,4.038,2017-2018,4.640044212341309,xgb_expected_fixed
2018,Veszprém,maize,7.75,5.822,2017-2018,6.960501194000244,xgb_expected_fixed
2018,Veszprém,wheat,4.58,4.53,2017-2018,4.872537612915039,xgb_expected_fixed
2018,Zala,barley,4.76,5.03,2017-2018,5.471694469451904,xgb_expected_fixed
2018,Zala,maize,9.59,6.938,2017-2018,7.218151092529297,xgb_expected_fixed
2018,Zala,wheat,5.13,5.408,2017-2018,5.490670204162598,xgb_expected_fixed
2019,Bács-Kiskun,barley,5.61,4.692,2019-2020,5.206384658813477,xgb_expected_fixed
2019,Bács-Kiskun,maize,7.27,7.126,2019-2020,7.62363862991333,xgb_expected_fixed
2019,Bács-Kiskun,wheat,5.18,5.152,2019-2020,5.487636089324951,xgb_expected_fixed
2019,Baranya,barley,6.52,5.67,2019-2020,5.580471515655518,xgb_expected_fixed
2019,Baranya,maize,9.45,8.208,2019-2020,8.995983123779297,xgb_expected_fixed
2019,Baranya,wheat,6.19,6.114,2019-2020,5.8205647468566895,xgb_expected_fixed
2019,Békés,barley,5.09,4.614,2019-2020,4.893689155578613,xgb_expected_fixed
2019,Békés,maize,8.12,7.328,2019-2020,7.350478649139404,xgb_expected_fixed
2019,Békés,wheat,4.59,4.938,2019-2020,5.42818021774292,xgb_expected_fixed
2019,Borsod-Abaúj-Zemplén,barley,5.27,4.88,2019-2020,5.042908191680908,xgb_expected_fixed
2019,Borsod-Abaúj-Zemplén,maize,8.67,7.172,2019-2020,6.855149745941162,xgb_expected_fixed
2019,Borsod-Abaúj-Zemplén,wheat,5.35,5.186,2019-2020,5.308478832244873,xgb_expected_fixed
2019,Csongrád-Csanád,barley,4.89,4.44,2019-2020,4.848903179168701,xgb_expected_fixed
2019,Csongrád-Csanád,maize,6.85,6.438,2019-2020,6.748639106750488,xgb_expected_fixed
2019,Csongrád-Csanád,wheat,4.45,4.81,2019-2020,5.243141174316406,xgb_expected_fixed
2019,Fejér,barley,6.22,5.63,2019-2020,5.5854339599609375,xgb_expected_fixed
2019,Fejér,maize,8.08,8.144,2019-2020,8.693129539489746,xgb_expected_fixed
2019,Fejér,wheat,5.59,5.816,2019-2020,5.677505016326904,xgb_expected_fixed
2019,Győr-Moson-Sopron,barley,5.46,4.88,2019-2020,5.212749481201172,xgb_expected_fixed
2019,Győr-Moson-Sopron,maize,6.32,7.294,2019-2020,8.175008773803711,xgb_expected_fixed
2019,Győr-Moson-Sopron,wheat,5.42,5.046,2019-2020,5.475203990936279,xgb_expected_fixed
2019,Hajdú-Bihar,barley,5.83,5.058,2019-2020,5.415414810180664,xgb_expected_fixed
2019,Hajdú-Bihar,maize,8.76,7.908,2019-2020,7.824182987213135,xgb_expected_fixed
2019,Hajdú-Bihar,wheat,5.44,5.408,2019-2020,5.457400798797607,xgb_expected_fixed
2019,Heves,barley,6.04,4.692,2019-2020,4.924462795257568,xgb_expected_fixed
2019,Heves,maize,8.71,6.006,2019-2020,7.050912857055664,xgb_expected_fixed
2019,Heves,wheat,5.44,4.738,2019-2020,4.960962772369385,xgb_expected_fixed
2019,Jász-Nagykun-Szolnok,barley,5.4,4.726,2019-2020,5.028001308441162,xgb_expected_fixed
2019,Jász-Nagykun-Szolnok,maize,6.2,5.6,2019-2020,5.6213250160217285,xgb_expected_fixed
2019,Jász-Nagykun-Szolnok,wheat,4.98,4.564,2019-2020,4.826495170593262,xgb_expected_fixed
2019,Komárom-Esztergom,barley,5.75,4.83,2019-2020,5.19998025894165,xgb_expected_fixed
2019,Komárom-Esztergom,maize,7.5,7.304,2019-2020,7.698634624481201,xgb_expected_fixed
2019,Komárom-Esztergom,wheat,5.6,5.108,2019-2020,5.448889255523682,xgb_expected_fixed
2019,Nógrád,barley,4.38,3.642,2019-2020,3.9072840213775635,xgb_expected_fixed
2019,Nógrád,maize,6.74,4.96,2019-2020,6.105981826782227,xgb_expected_fixed
2019,Nógrád,wheat,5.59,4.396,2019-2020,4.493618965148926,xgb_expected_fixed
2019,Pest,barley,4.74,4.586,2019-2020,4.7380452156066895,xgb_expected_fixed
2019,Pest,maize,7.65,6.962,2019-2020,8.0579252243042,xgb_expected_fixed
2019,Pest,wheat,4.74,4.806,2019-2020,5.029527187347412,xgb_expected_fixed
2019,Somogy,barley,6.44,5.154,2019-2020,5.532467842102051,xgb_expected_fixed
2019,Somogy,maize,9.72,8.718,2019-2020,9.129107475280762,xgb_expected_fixed
2019,Somogy,wheat,5.97,5.628,2019-2020,5.584553241729736,xgb_expected_fixed
2019,Szabolcs-Szatmár-Bereg,barley,4.92,4.21,2019-2020,4.6219868659973145,xgb_expected_fixed
2019,Szabolcs-Szatmár-Bereg,maize,7.35,6.98,2019-2020,7.725696563720703,xgb_expected_fixed
2019,Szabolcs-Szatmár-Bereg,wheat,4.94,4.97,2019-2020,5.275455474853516,xgb_expected_fixed
2019,Tolna,barley,6.32,5.908,2019-2020,5.940889358520508,xgb_expected_fixed
2019,Tolna,maize,8.99,8.764,2019-2020,8.978035926818848,xgb_expected_fixed
2019,Tolna,wheat,5.92,6.142,2019-2020,5.852397918701172,xgb_expected_fixed
2019,Vas,barley,6.07,4.646,2019-2020,4.8909196853637695,xgb_expected_fixed
2019,Vas,maize,8.48,7.702,2019-2020,8.444141387939453,xgb_expected_fixed
2019,Vas,wheat,5.96,5.35,2019-2020,5.458540439605713,xgb_expected_fixed
2019,Veszprém,barley,4.99,4.094,2019-2020,4.634322166442871,xgb_expected_fixed
2019,Veszprém,maize,6.94,6.458,2019-2020,7.878849506378174,xgb_expected_fixed
2019,Veszprém,wheat,4.93,4.598,2019-2020,4.913087368011475,xgb_expected_fixed
2019,Zala,barley,6.01,5.004,2019-2020,5.502936840057373,xgb_expected_fixed
2019,Zala,maize,8.76,7.756,2019-2020,8.737335205078125,xgb_expected_fixed
2019,Zala,wheat,5.79,5.408,2019-2020,5.544349670410156,xgb_expected_fixed
2020,Bács-Kiskun,barley,6.14,4.974,2019-2020,5.452455043792725,xgb_expected_fixed
2020,Bács-Kiskun,maize,7.3,7.03,2019-2020,7.682028293609619,xgb_expected_fixed
2020,Bács-Kiskun,wheat,5.74,5.266,2019-2020,5.420665264129639,xgb_expected_fixed
2020,Baranya,barley,6.6,5.986,2019-2020,5.909056186676025,xgb_expected_fixed
2020,Baranya,maize,8.11,8.38,2019-2020,9.050497055053711,xgb_expected_fixed
2020,Baranya,wheat,6.38,6.186,2019-2020,6.0883355140686035,xgb_expected_fixed
2020,Békés,barley,5.48,4.938,2019-2020,5.411988258361816,xgb_expected_fixed
2020,Békés,maize,9.1,7.428,2019-2020,8.112688064575195,xgb_expected_fixed
2020,Békés,wheat,5.36,5.094,2019-2020,5.449634552001953,xgb_expected_fixed
2020,Borsod-Abaúj-Zemplén,barley,5.46,5.012,2019-2020,5.336852073669434,xgb_expected_fixed
2020,Borsod-Abaúj-Zemplén,maize,9.17,7.354,2019-2020,8.091325759887695,xgb_expected_fixed
2020,Borsod-Abaúj-Zemplén,wheat,5.34,5.296,2019-2020,5.371272563934326,xgb_expected_fixed
2020,Csongrád-Csanád,barley,4.67,4.628,2019-2020,4.899349689483643,xgb_expected_fixed
2020,Csongrád-Csanád,maize,7.61,6.428,2019-2020,6.927103519439697,xgb_expected_fixed
2020,Csongrád-Csanád,wheat,4.62,4.902,2019-2020,5.447641372680664,xgb_expected_fixed
2020,Fejér,barley,5.98,5.846,2019-2020,5.684971332550049,xgb_expected_fixed
2020,Fejér,maize,7.74,8.084,2019-2020,8.635047912597656,xgb_expected_fixed
2020,Fejér,wheat,5.59,5.806,2019-2020,5.714963912963867,xgb_expected_fixed
2020,Győr-Moson-Sopron,barley,5.14,4.98,2019-2020,5.476113319396973,xgb_expected_fixed
2020,Győr-Moson-Sopron,maize,7.21,6.92,2019-2020,8.09109878540039,xgb_expected_fixed
2020,Győr-Moson-Sopron,wheat,5.24,5.082,2019-2020,5.520567893981934,xgb_expected_fixed
2020,Hajdú-Bihar,barley,6.26,5.292,2019-2020,5.462972640991211,xgb_expected_fixed
2020,Hajdú-Bihar,maize,10.08,8.276,2019-2020,7.824182987213135,xgb_expected_fixed
2020,Hajdú-Bihar,wheat,5.54,5.488,2019-2020,5.502764701843262,xgb_expected_fixed
2020,Heves,barley,5.64,5.086,2019-2020,5.216226577758789,xgb_expected_fixed
2020,Heves,maize,6.61,6.584,2019-2020,7.315533638000488,xgb_expected_fixed
2020,Heves,wheat,4.98,4.986,2019-2020,5.239226818084717,xgb_expected_fixed
2020,Jász-Nagykun-Szolnok,barley,5.51,4.974,2019-2020,5.370043754577637,xgb_expected_fixed
2020,Jász-Nagykun-Szolnok,maize,6.92,5.676,2019-2020,5.708014011383057,xgb_expected_fixed
2020,Jász-Nagykun-Szolnok,wheat,5.13,4.786,2019-2020,5.1462178230285645,xgb_expected_fixed
2020,Komárom-Esztergom,barley,5.36,5.14,2019-2020,5.443937301635742,xgb_expected_fixed
2020,Komárom-Esztergom,maize,7.83,7.438,2019-2020,8.325902938842773,xgb_expected_fixed
2020,Komárom-Esztergom,wheat,5.19,5.324,2019-2020,5.4691314697265625,xgb_expected_fixed
2020,Nógrád,barley,3.94,3.91,2019-2020,4.122452735900879,xgb_expected_fixed
2020,Nógrád,maize,6.39,5.508,2019-2020,6.0597991943359375,xgb_expected_fixed
2020,Nógrád,wheat,5.11,4.73,2019-2020,4.8264241218566895,xgb_expected_fixed
2020,Pest,barley,4.78,4.642,2019-2020,4.826488494873047,xgb_expected_fixed
2020,Pest,maize,8.22,7.022,2019-2020,8.052474975585938,xgb_expected_fixed
2020,Pest,wheat,4.58,4.826,2019-2020,5.1702799797058105,xgb_expected_fixed
2020,Somogy,barley,6.22,5.482,2019-2020,5.499903202056885,xgb_expected_fixed
2020,Somogy,maize,10.3,8.86,2019-2020,9.113040924072266,xgb_expected_fixed
2020,Somogy,wheat,6.32,5.722,2019-2020,5.646631717681885,xgb_expected_fixed
2020,Szabolcs-Szatmár-Bereg,barley,4.91,4.46,2019-2020,4.6928510665893555,xgb_expected_fixed
2020,Szabolcs-Szatmár-Bereg,maize,8.47,6.864,2019-2020,7.342270851135254,xgb_expected_fixed
2020,Szabolcs-Szatmár-Bereg,wheat,5.06,5.0,2019-2020,5.322269916534424,xgb_expected_fixed
2020,Tolna,barley,6.86,6.048,2019-2020,5.940889358520508,xgb_expected_fixed
2020,Tolna,maize,9.42,8.724,2019-2020,8.816847801208496,xgb_expected_fixed
2020,Tolna,wheat,6.19,6.156,2019-2020,5.852397918701172,xgb_expected_fixed
2020,Vas,barley,5.79,4.95,2019-2020,5.4070587158203125,xgb_expected_fixed
2020,Vas,maize,9.77,7.66,2019-2020,8.444141387939453,xgb_expected_fixed
2020,Vas,wheat,6.23,5.518,2019-2020,5.549872398376465,xgb_expected_fixed
2020,Veszprém,barley,5.22,4.298,2019-2020,4.786835193634033,xgb_expected_fixed
2020,Veszprém,maize,7.84,6.452,2019-2020,8.124835968017578,xgb_expected_fixed
2020,Veszprém,wheat,5.08,4.722,2019-2020,5.16107702255249,xgb_expected_fixed
2020,Zala,barley,6.08,5.248,2019-2020,5.505130767822266,xgb_expected_fixed
2020,Zala,maize,9.72,7.938,2019-2020,8.737335205078125,xgb_expected_fixed
2020,Zala,wheat,6.41,5.524,2019-2020,5.624296188354492,xgb_expected_fixed
2021,Bács-Kiskun,barley,6.6,5.244,2021-2022,5.434770584106445,xgb_expected_fixed
2021,Bács-Kiskun,maize,5.19,7.37,2021-2022,7.9837327003479,xgb_expected_fixed
2021,Bács-Kiskun,wheat,5.78,5.408,2021-2022,5.501513481140137,xgb_expected_fixed
2021,Baranya,barley,6.99,6.294,2021-2022,6.292364120483398,xgb_expected_fixed
2021,Baranya,maize,6.67,8.688,2021-2022,9.150749206542969,xgb_expected_fixed
2021,Baranya,wheat,6.14,6.306,2021-2022,6.292364120483398,xgb_expected_fixed
2021,Békés,barley,6.39,5.036,2021-2022,5.423179626464844,xgb_expected_fixed
2021,Békés,maize,5.21,7.998,2021-2022,8.305020332336426,xgb_expected_fixed
2021,Békés,wheat,6.48,5.082,2021-2022,5.423179626464844,xgb_expected_fixed
2021,Borsod-Abaúj-Zemplén,barley,6.08,5.188,2021-2022,5.313605785369873,xgb_expected_fixed
2021,Borsod-Abaúj-Zemplén,maize,7.21,8.202,2021-2022,8.243430137634277,xgb_expected_fixed
2021,Borsod-Abaúj-Zemplén,wheat,5.69,5.368,2021-2022,5.353890419006348,xgb_expected_fixed
2021,Csongrád-Csanád,barley,6.56,4.688,2021-2022,5.081701278686523,xgb_expected_fixed
2021,Csongrád-Csanád,maize,4.32,6.906,2021-2022,6.738202095031738,xgb_expected_fixed
2021,Csongrád-Csanád,wheat,5.95,4.844,2021-2022,5.133709907531738,xgb_expected_fixed
2021,Fejér,barley,7.09,5.884,2021-2022,6.0334672927856445,xgb_expected_fixed
2021,Fejér,maize,5.88,8.39,2021-2022,8.669156074523926,xgb_expected_fixed
2021,Fejér,wheat,5.78,5.75,2021-2022,5.769318103790283,xgb_expected_fixed
2021,Győr-Moson-Sopron,barley,6.09,5.03,2021-2022,5.5637030601501465,xgb_expected_fixed
2021,Győr-Moson-Sopron,maize,7.56,7.26,2021-2022,7.582621097564697,xgb_expected_fixed
2021,Győr-Moson-Sopron,wheat,5.58,5.096,2021-2022,5.5637030601501465,xgb_expected_fixed
2021,Hajdú-Bihar,barley,7.19,5.538,2021-2022,5.635955333709717,xgb_expected_fixed
2021,Hajdú-Bihar,maize,6.78,9.078,2021-2022,8.707938194274902,xgb_expected_fixed
2021,Hajdú-Bihar,wheat,6.79,5.566,2021-2022,5.635955333709717,xgb_expected_fixed
2021,Heves,barley,6.14,5.306,2021-2022,5.319024085998535,xgb_expected_fixed
2021,Heves,maize,6.28,7.13,2021-2022,7.247859001159668,xgb_expected_fixed
2021,Heves,wheat,5.67,5.006,2021-2022,5.315476894378662,xgb_expected_fixed
2021,Jász-Nagykun-Szolnok,barley,5.92,5.148,2021-2022,5.304417133331299,xgb_expected_fixed
2021,Jász-Nagykun-Szolnok,maize,5.16,6.154,2021-2022,6.633369445800781,xgb_expected_fixed
2021,Jász-Nagykun-Szolnok,wheat,5.59,4.866,2021-2022,5.01534366607666,xgb_expected_fixed
2021,Komárom-Esztergom,barley,6.31,5.216,2021-2022,5.462273597717285,xgb_expected_fixed
2021,Komárom-Esztergom,maize,7.85,7.778,2021-2022,8.409934043884277,xgb_expected_fixed
2021,Komárom-Esztergom,wheat,6.24,5.262,2021-2022,5.487210750579834,xgb_expected_fixed
2021,Nógrád,barley,4.88,4.056,2021-2022,4.1229658126831055,xgb_expected_fixed
2021,Nógrád,maize,5.78,6.078,2021-2022,6.232745170593262,xgb_expected_fixed
2021,Nógrád,wheat,5.05,4.94,2021-2022,4.963002681732178,xgb_expected_fixed
2021,Pest,barley,5.69,4.688,2021-2022,5.186835765838623,xgb_expected_fixed
2021,Pest,maize,6.09,7.566,2021-2022,8.21557331085205,xgb_expected_fixed
2021,Pest,wheat,5.57,4.76,2021-2022,5.186835765838623,xgb_expected_fixed
2021,Somogy,barley,6.64,5.852,2021-2022,5.8228302001953125,xgb_expected_fixed
2021,Somogy,maize,6.16,9.54,2021-2022,9.065953254699707,xgb_expected_fixed
2021,Somogy,wheat,6.16,5.88,2021-2022,6.041014194488525,xgb_expected_fixed
2021,Szabolcs-Szatmár-Bereg,barley,5.34,4.636,2021-2022,4.804948806762695,xgb_expected_fixed
2021,Szabolcs-Szatmár-Bereg,maize,6.89,7.834,2021-2022,8.346030235290527,xgb_expected_fixed
2021,Szabolcs-Szatmár-Bereg,wheat,5.91,5.036,2021-2022,5.378444671630859,xgb_expected_fixed
2021,Tolna,barley,7.08,6.282,2021-2022,6.3060503005981445,xgb_expected_fixed
2021,Tolna,maize,4.93,9.14,2021-2022,8.990756034851074,xgb_expected_fixed
2021,Tolna,wheat,5.98,6.178,2021-2022,6.3060503005981445,xgb_expected_fixed
2021,Vas,barley,5.81,5.17,2021-2022,5.621359348297119,xgb_expected_fixed
2021,Vas,maize,8.23,8.392,2021-2022,9.248146057128906,xgb_expected_fixed
2021,Vas,wheat,5.95,5.716,2021-2022,5.78646183013916,xgb_expected_fixed
2021,Veszprém,barley,5.54,4.56,2021-2022,4.987524032592773,xgb_expected_fixed
2021,Veszprém,maize,5.36,6.976,2021-2022,7.414039611816406,xgb_expected_fixed
2021,Veszprém,wheat,5.26,4.842,2021-2022,5.271946430206299,xgb_expected_fixed
2021,Zala,barley,6.13,5.544,2021-2022,5.833765029907227,xgb_expected_fixed
2021,Zala,maize,7.32,8.622,2021-2022,9.281564712524414,xgb_expected_fixed
2021,Zala,wheat,6.32,5.754,2021-2022,5.885873794555664,xgb_expected_fixed
2022,Bács-Kiskun,barley,4.87,5.624,2021-2022,5.583493232727051,xgb_expected_fixed
2022,Bács-Kiskun,maize,3.81,6.788,2021-2022,6.798636436462402,xgb_expected_fixed
2022,Bács-Kiskun,wheat,4.46,5.48,2021-2022,5.501513481140137,xgb_expected_fixed
2022,Baranya,barley,6.19,6.48,2021-2022,6.252654075622559,xgb_expected_fixed
2022,Baranya,maize,4.7,8.218,2021-2022,8.849556922912598,xgb_expected_fixed
2022,Baranya,wheat,5.46,6.25,2021-2022,6.281507968902588,xgb_expected_fixed
2022,Békés,barley,4.1,5.288,2021-2022,5.380613803863525,xgb_expected_fixed
2022,Békés,maize,1.85,7.294,2021-2022,7.176695823669434,xgb_expected_fixed
2022,Békés,wheat,3.84,5.376,2021-2022,5.380613803863525,xgb_expected_fixed
2022,Borsod-Abaúj-Zemplén,barley,5.05,5.416,2021-2022,5.278205871582031,xgb_expected_fixed
2022,Borsod-Abaúj-Zemplén,maize,3.03,7.936,2021-2022,7.6584882736206055,xgb_expected_fixed
2022,Borsod-Abaúj-Zemplén,wheat,4.42,5.41,2021-2022,5.307220935821533,xgb_expected_fixed
2022,Csongrád-Csanád,barley,4.47,5.144,2021-2022,5.34755277633667,xgb_expected_fixed
2022,Csongrád-Csanád,maize,1.9,6.282,2021-2022,6.762672424316406,xgb_expected_fixed
2022,Csongrád-Csanád,wheat,3.54,5.074,2021-2022,5.34755277633667,xgb_expected_fixed
2022,Fejér,barley,5.58,6.132,2021-2022,6.025145053863525,xgb_expected_fixed
2022,Fejér,maize,2.56,7.692,2021-2022,7.940228462219238,xgb_expected_fixed
2022,Fejér,wheat,5.47,5.646,2021-2022,5.726504325866699,xgb_expected_fixed
2022,Győr-Moson-Sopron,barley,5.36,5.23,2021-2022,5.373270511627197,xgb_expected_fixed
2022,Győr-Moson-Sopron,maize,4.81,7.026,2021-2022,7.3248186111450195,xgb_expected_fixed
2022,Győr-Moson-Sopron,wheat,5.21,5.192,2021-2022,5.394660472869873,xgb_expected_fixed
2022,Hajdú-Bihar,barley,4.15,5.914,2021-2022,5.769123077392578,xgb_expected_fixed
2022,Hajdú-Bihar,maize,2.52,8.52,2021-2022,8.276961326599121,xgb_expected_fixed
2022,Hajdú-Bihar,wheat,3.48,5.83,2021-2022,5.44256591796875,xgb_expected_fixed
2022,Heves,barley,3.89,5.562,2021-2022,5.3601975440979,xgb_expected_fixed
2022,Heves,maize,1.52,6.964,2021-2022,6.528773784637451,xgb_expected_fixed
2022,Heves,wheat,3.28,5.198,2021-2022,5.239481449127197,xgb_expected_fixed
2022,Jász-Nagykun-Szolnok,barley,3.34,5.356,2021-2022,5.2922043800354,xgb_expected_fixed
2022,Jász-Nagykun-Szolnok,maize,2.23,5.828,2021-2022,6.0001935958862305,xgb_expected_fixed
2022,Jász-Nagykun-Szolnok,wheat,3.0,5.08,2021-2022,5.288657188415527,xgb_expected_fixed
2022,Komárom-Esztergom,barley,4.8,5.462,2021-2022,5.48525333404541,xgb_expected_fixed
2022,Komárom-Esztergom,maize,2.73,7.68,2021-2022,7.414334774017334,xgb_expected_fixed
2022,Komárom-Esztergom,wheat,4.62,5.426,2021-2022,5.48525333404541,xgb_expected_fixed
2022,Nógrád,barley,3.88,4.232,2021-2022,4.276508331298828,xgb_expected_fixed
2022,Nógrád,maize,2.65,5.976,2021-2022,5.905266761779785,xgb_expected_fixed
2022,Nógrád,wheat,3.57,5.03,2021-2022,5.011081218719482,xgb_expected_fixed
2022,Pest,barley,3.49,4.898,2021-2022,5.202740669250488,xgb_expected_fixed
2022,Pest,maize,1.55,7.302,2021-2022,7.072559833526611,xgb_expected_fixed
2022,Pest,wheat,3.43,4.924,2021-2022,5.202740669250488,xgb_expected_fixed
2022,Somogy,barley,5.88,5.994,2021-2022,6.081043243408203,xgb_expected_fixed
2022,Somogy,maize,5.75,8.848,2021-2022,8.757187843322754,xgb_expected_fixed
2022,Somogy,wheat,6.0,5.876,2021-2022,6.016805648803711,xgb_expected_fixed
2022,Szabolcs-Szatmár-Bereg,barley,4.41,4.806,2021-2022,5.045273780822754,xgb_expected_fixed
2022,Szabolcs-Szatmár-Bereg,maize,2.51,7.518,2021-2022,7.332259178161621,xgb_expected_fixed
2022,Szabolcs-Szatmár-Bereg,wheat,4.09,5.248,2021-2022,5.337894439697266,xgb_expected_fixed
2022,Tolna,barley,6.2,6.438,2021-2022,6.163700103759766,xgb_expected_fixed
2022,Tolna,maize,4.18,8.236,2021-2022,8.948822975158691,xgb_expected_fixed
2022,Tolna,wheat,6.12,6.096,2021-2022,6.029468536376953,xgb_expected_fixed
2022,Vas,barley,5.72,5.382,2021-2022,5.547573089599609,xgb_expected_fixed
2022,Vas,maize,5.95,8.278,2021-2022,8.44054889678955,xgb_expected_fixed
2022,Vas,wheat,6.29,5.694,2021-2022,5.709128379821777,xgb_expected_fixed
2022,Veszprém,barley,4.78,4.788,2021-2022,5.219937801361084,xgb_expected_fixed
2022,Veszprém,maize,4.2,6.67,2021-2022,6.5519208908081055,xgb_expected_fixed
2022,Veszprém,wheat,4.79,4.88,2021-2022,5.271946430206299,xgb_expected_fixed
2022,Zala,barley,5.5,5.674,2021-2022,5.760564804077148,xgb_expected_fixed
2022,Zala,maize,7.14,8.412,2021-2022,8.595574378967285,xgb_expected_fixed
2022,Zala,wheat,6.0,5.83,2021-2022,5.778003215789795,xgb_expected_fixed
2015,Bács-Kiskun,barley,4.79,3.956,2015-2016,4.277827739715576,xgb_expected_tuned
2015,Bács-Kiskun,maize,5.6,5.64,2015-2016,6.160066604614258,xgb_expected_tuned
2015,Bács-Kiskun,wheat,5.03,4.246,2015-2016,4.546268463134766,xgb_expected_tuned
2015,Baranya,barley,5.06,4.7,2015-2016,4.908191680908203,xgb_expected_tuned
2015,Baranya,maize,6.57,6.46,2015-2016,7.193436622619629,xgb_expected_tuned
2015,Baranya,wheat,5.78,5.184,2015-2016,5.101313591003418,xgb_expected_tuned
2015,Békés,barley,4.99,3.552,2015-2016,3.812812089920044,xgb_expected_tuned
2015,Békés,maize,6.25,5.976,2015-2016,6.425023555755615,xgb_expected_tuned
2015,Békés,wheat,5.42,3.976,2015-2016,4.114835739135742,xgb_expected_tuned
2015,Borsod-Abaúj-Zemplén,barley,4.58,3.628,2015-2016,3.6803512573242188,xgb_expected_tuned
2015,Borsod-Abaúj-Zemplén,maize,4.93,6.37,2015-2016,7.1399054527282715,xgb_expected_tuned
2015,Borsod-Abaúj-Zemplén,wheat,4.98,4.16,2015-2016,4.413837909698486,xgb_expected_tuned
2015,Csongrád-Csanád,barley,4.37,3.566,2015-2016,3.823655605316162,xgb_expected_tuned
2015,Csongrád-Csanád,maize,5.22,5.25,2015-2016,5.714719772338867,xgb_expected_tuned
2015,Csongrád-Csanád,wheat,4.91,4.062,2015-2016,4.293678283691406,xgb_expected_tuned
2015,Fejér,barley,5.79,4.256,2015-2016,4.446692943572998,xgb_expected_tuned
2015,Fejér,maize,6.21,6.674,2015-2016,6.711153507232666,xgb_expected_tuned
2015,Fejér,wheat,5.87,4.696,2015-2016,4.896434307098389,xgb_expected_tuned
2015,Győr-Moson-Sopron,barley,4.89,3.852,2015-2016,4.011984825134277,xgb_expected_tuned
2015,Győr-Moson-Sopron,maize,5.51,6.822,2015-2016,6.82271146774292,xgb_expected_tuned
2015,Győr-Moson-Sopron,wheat,5.17,4.452,2015-2016,4.567049980163574,xgb_expected_tuned
2015,Hajdú-Bihar,barley,5.03,3.816,2015-2016,3.7776219844818115,xgb_expected_tuned
2015,Hajdú-Bihar,maize,6.07,6.292,2015-2016,7.68872594833374,xgb_expected_tuned
2015,Hajdú-Bihar,wheat,5.15,4.328,2015-2016,4.375216960906982,xgb_expected_tuned
2015,Heves,barley,4.54,3.33,2015-2016,3.4931647777557373,xgb_expected_tuned
2015,Heves,maize,3.88,4.654,2015-2016,4.339353561401367,xgb_expected_tuned
2015,Heves,wheat,4.88,3.622,2015-2016,3.699486017227173,xgb_expected_tuned
2015,Jász-Nagykun-Szolnok,barley,4.64,3.436,2015-2016,3.5332720279693604,xgb_expected_tuned
2015,Jász-Nagykun-Szolnok,maize,4.53,4.168,2015-2016,5.274116516113281,xgb_expected_tuned
2015,Jász-Nagykun-Szolnok,wheat,4.73,3.498,2015-2016,3.9144954681396484,xgb_expected_tuned
2015,Komárom-Esztergom,barley,4.98,3.724,2015-2016,3.9007017612457275,xgb_expected_tuned
2015,Komárom-Esztergom,maize,6.13,6.25,2015-2016,7.62136697769165,xgb_expected_tuned
2015,Komárom-Esztergom,wheat,5.5,4.14,2015-2016,4.539529323577881,xgb_expected_tuned
2015,Nógrád,barley,3.21,2.59,2015-2016,3.026552438735962,xgb_expected_tuned
2015,Nógrád,maize,3.54,4.436,2015-2016,4.501252174377441,xgb_expected_tuned
2015,Nógrád,wheat,4.06,3.346,2015-2016,3.554131269454956,xgb_expected_tuned
2015,Pest,barley,4.55,3.688,2015-2016,3.880815267562866,xgb_expected_tuned
2015,Pest,maize,5.5,5.528,2015-2016,6.036771774291992,xgb_expected_tuned
2015,Pest,wheat,4.91,3.854,2015-2016,4.140389442443848,xgb_expected_tuned
2015,Somogy,barley,4.37,4.12,2015-2016,4.5014729499816895,xgb_expected_tuned
2015,Somogy,maize,6.9,5.96,2015-2016,6.4434380531311035,xgb_expected_tuned
2015,Somogy,wheat,5.53,4.69,2015-2016,4.865880966186523,xgb_expected_tuned
2015,Szabolcs-Szatmár-Bereg,barley,4.03,3.282,2015-2016,3.587881088256836,xgb_expected_tuned
2015,Szabolcs-Szatmár-Bereg,maize,3.62,5.78,2015-2016,6.17159366607666,xgb_expected_tuned
2015,Szabolcs-Szatmár-Bereg,wheat,4.88,3.964,2015-2016,4.162246227264404,xgb_expected_tuned
2015,Tolna,barley,5.69,4.66,2015-2016,4.715005397796631,xgb_expected_tuned
2015,Tolna,maize,7.34,6.69,2015-2016,6.296663761138916,xgb_expected_tuned
2015,Tolna,wheat,6.08,5.018,2015-2016,4.978668212890625,xgb_expected_tuned
2015,Vas,barley,4.69,4.168,2015-2016,4.351208686828613,xgb_expected_tuned
2015,Vas,maize,6.11,6.624,2015-2016,6.089300155639648,xgb_expected_tuned
2015,Vas,wheat,5.24,4.558,2015-2016,4.668156147003174,xgb_expected_tuned
2015,Veszprém,barley,3.91,3.402,2015-2016,4.040645599365234,xgb_expected_tuned
2015,Veszprém,maize,5.22,5.352,2015-2016,6.344148635864258,xgb_expected_tuned
2015,Veszprém,wheat,4.48,3.754,2015-2016,4.1563849449157715,xgb_expected_tuned
2015,Zala,barley,4.6,4.348,2015-2016,4.504337310791016,xgb_expected_tuned
2015,Zala,maize,6.3,6.074,2015-2016,6.674221515655518,xgb_expected_tuned
2015,Zala,wheat,5.26,4.722,2015-2016,4.832458972930908,xgb_expected_tuned
2016,Bács-Kiskun,barley,4.7,4.21,2015-2016,4.301602840423584,xgb_expected_tuned
2016,Bács-Kiskun,maize,8.1,5.534,2015-2016,5.670078277587891,xgb_expected_tuned
2016,Bács-Kiskun,wheat,5.42,4.484,2015-2016,4.492685317993164,xgb_expected_tuned
2016,Baranya,barley,6.06,4.936,2015-2016,4.946426868438721,xgb_expected_tuned
2016,Baranya,maize,9.02,6.394,2015-2016,7.344619274139404,xgb_expected_tuned
2016,Baranya,wheat,6.42,5.5,2015-2016,4.675237655639648,xgb_expected_tuned
2016,Békés,barley,5.13,3.958,2015-2016,3.8405299186706543,xgb_expected_tuned
2016,Békés,maize,8.73,5.902,2015-2016,6.1309967041015625,xgb_expected_tuned
2016,Békés,wheat,5.01,4.364,2015-2016,3.941227436065674,xgb_expected_tuned
2016,Borsod-Abaúj-Zemplén,barley,4.94,3.916,2015-2016,3.947969913482666,xgb_expected_tuned
2016,Borsod-Abaúj-Zemplén,maize,8.54,6.344,2015-2016,7.465470314025879,xgb_expected_tuned
2016,Borsod-Abaúj-Zemplén,wheat,5.48,4.396,2015-2016,4.247316360473633,xgb_expected_tuned
2016,Csongrád-Csanád,barley,4.28,3.806,2015-2016,3.7027056217193604,xgb_expected_tuned
2016,Csongrád-Csanád,maize,7.44,5.07,2015-2016,6.470643997192383,xgb_expected_tuned
2016,Csongrád-Csanád,wheat,4.8,4.29,2015-2016,4.216698169708252,xgb_expected_tuned
2016,Fejér,barley,5.85,4.65,2015-2016,4.517572402954102,xgb_expected_tuned
2016,Fejér,maize,9.37,6.432,2015-2016,7.384777545928955,xgb_expected_tuned
2016,Fejér,wheat,6.3,5.01,2015-2016,4.869991779327393,xgb_expected_tuned
2016,Győr-Moson-Sopron,barley,5.09,4.182,2015-2016,4.495266437530518,xgb_expected_tuned
2016,Győr-Moson-Sopron,maize,8.73,6.58,2015-2016,7.990408897399902,xgb_expected_tuned
2016,Győr-Moson-Sopron,wheat,5.1,4.698,2015-2016,4.8297529220581055,xgb_expected_tuned
2016,Hajdú-Bihar,barley,5.31,4.226,2015-2016,4.096218585968018,xgb_expected_tuned
2016,Hajdú-Bihar,maize,9.57,6.234,2015-2016,6.567021369934082,xgb_expected_tuned
2016,Hajdú-Bihar,wheat,5.47,4.674,2015-2016,4.626065731048584,xgb_expected_tuned
2016,Heves,barley,4.86,3.622,2015-2016,3.630610942840576,xgb_expected_tuned
2016,Heves,maize,7.11,4.46,2015-2016,5.055654048919678,xgb_expected_tuned
2016,Heves,wheat,4.71,3.958,2015-2016,3.984712839126587,xgb_expected_tuned
2016,Jász-Nagykun-Szolnok,barley,4.88,3.824,2015-2016,3.2446765899658203,xgb_expected_tuned
2016,Jász-Nagykun-Szolnok,maize,6.79,4.238,2015-2016,3.998858690261841,xgb_expected_tuned
2016,Jász-Nagykun-Szolnok,wheat,4.52,3.86,2015-2016,3.5531046390533447,xgb_expected_tuned
2016,Komárom-Esztergom,barley,5.08,4.07,2015-2016,4.660614967346191,xgb_expected_tuned
2016,Komárom-Esztergom,maize,8.34,6.16,2015-2016,7.667059421539307,xgb_expected_tuned
2016,Komárom-Esztergom,wheat,5.42,4.464,2015-2016,4.810926914215088,xgb_expected_tuned
2016,Nógrád,barley,4.0,2.734,2015-2016,3.1795146465301514,xgb_expected_tuned
2016,Nógrád,maize,6.29,4.226,2015-2016,5.234767436981201,xgb_expected_tuned
2016,Nógrád,wheat,4.6,3.488,2015-2016,3.7569615840911865,xgb_expected_tuned
2016,Pest,barley,4.64,3.992,2015-2016,4.191938400268555,xgb_expected_tuned
2016,Pest,maize,7.41,5.4,2015-2016,5.809248924255371,xgb_expected_tuned
2016,Pest,wheat,4.75,4.182,2015-2016,4.572290897369385,xgb_expected_tuned
2016,Somogy,barley,5.93,4.256,2015-2016,4.558679580688477,xgb_expected_tuned
2016,Somogy,maize,9.62,5.924,2015-2016,7.064837455749512,xgb_expected_tuned
2016,Somogy,wheat,6.18,4.974,2015-2016,4.934490203857422,xgb_expected_tuned
2016,Szabolcs-Szatmár-Bereg,barley,4.49,3.518,2015-2016,4.106830596923828,xgb_expected_tuned
2016,Szabolcs-Szatmár-Bereg,maize,8.47,5.514,2015-2016,5.745868682861328,xgb_expected_tuned
2016,Szabolcs-Szatmár-Bereg,wheat,4.85,4.24,2015-2016,4.613399982452393,xgb_expected_tuned
2016,Tolna,barley,6.3,5.028,2015-2016,4.786513805389404,xgb_expected_tuned
2016,Tolna,maize,9.45,6.608,2015-2016,7.009214878082275,xgb_expected_tuned
2016,Tolna,wheat,6.39,5.386,2015-2016,4.655297756195068,xgb_expected_tuned
2016,Vas,barley,4.75,4.236,2015-2016,4.564709186553955,xgb_expected_tuned
2016,Vas,maize,8.8,6.434,2015-2016,6.539444446563721,xgb_expected_tuned
2016,Vas,wheat,6.06,4.686,2015-2016,4.896054267883301,xgb_expected_tuned
2016,Veszprém,barley,4.4,3.542,2015-2016,4.053452491760254,xgb_expected_tuned
2016,Veszprém,maize,6.89,5.37,2015-2016,6.530624866485596,xgb_expected_tuned
2016,Veszprém,wheat,5.07,3.966,2015-2016,4.410026550292969,xgb_expected_tuned
2016,Zala,barley,5.48,4.438,2015-2016,4.539466381072998,xgb_expected_tuned
2016,Zala,maize,8.37,5.99,2015-2016,7.411735534667969,xgb_expected_tuned
2016,Zala,wheat,5.94,4.888,2015-2016,4.915502548217773,xgb_expected_tuned
2017,Bács-Kiskun,barley,5.02,4.346,2017-2018,5.0103912353515625,xgb_expected_tuned
2017,Bács-Kiskun,maize,6.19,5.86,2017-2018,6.347126483917236,xgb_expected_tuned
2017,Bács-Kiskun,wheat,5.65,4.668,2017-2018,5.492371082305908,xgb_expected_tuned
2017,Baranya,barley,6.4,5.192,2017-2018,5.843057155609131,xgb_expected_tuned
2017,Baranya,maize,7.26,6.82,2017-2018,6.292280197143555,xgb_expected_tuned
2017,Baranya,wheat,6.45,5.792,2017-2018,5.689472198486328,xgb_expected_tuned
2017,Békés,barley,5.02,4.256,2017-2018,4.84202766418457,xgb_expected_tuned
2017,Békés,maize,5.68,6.386,2017-2018,7.859851360321045,xgb_expected_tuned
2017,Békés,wheat,5.35,4.546,2017-2018,4.8646240234375,xgb_expected_tuned
2017,Borsod-Abaúj-Zemplén,barley,5.53,4.228,2017-2018,4.663872718811035,xgb_expected_tuned
2017,Borsod-Abaúj-Zemplén,maize,7.52,6.708,2017-2018,6.451569080352783,xgb_expected_tuned
2017,Borsod-Abaúj-Zemplén,wheat,5.66,4.668,2017-2018,5.143505573272705,xgb_expected_tuned
2017,Csongrád-Csanád,barley,4.94,4.02,2017-2018,4.628016471862793,xgb_expected_tuned
2017,Csongrád-Csanád,maize,5.52,5.384,2017-2018,5.643942356109619,xgb_expected_tuned
2017,Csongrád-Csanád,wheat,5.41,4.47,2017-2018,4.870420455932617,xgb_expected_tuned
2017,Fejér,barley,5.89,5.012,2017-2018,5.951347351074219,xgb_expected_tuned
2017,Fejér,maize,6.7,6.79,2017-2018,6.797464370727539,xgb_expected_tuned
2017,Fejér,wheat,5.45,5.334,2017-2018,5.944110870361328,xgb_expected_tuned
2017,Győr-Moson-Sopron,barley,4.93,4.384,2017-2018,5.002575397491455,xgb_expected_tuned
2017,Győr-Moson-Sopron,maize,5.68,6.834,2017-2018,7.093563556671143,xgb_expected_tuned
2017,Győr-Moson-Sopron,wheat,4.77,4.78,2017-2018,5.462496280670166,xgb_expected_tuned
2017,Hajdú-Bihar,barley,5.6,4.536,2017-2018,4.880988121032715,xgb_expected_tuned
2017,Hajdú-Bihar,maize,7.93,6.766,2017-2018,6.877561092376709,xgb_expected_tuned
2017,Hajdú-Bihar,wheat,6.06,4.888,2017-2018,5.418488025665283,xgb_expected_tuned
2017,Heves,barley,5.34,3.932,2017-2018,4.425688743591309,xgb_expected_tuned
2017,Heves,maize,5.69,4.866,2017-2018,5.7603349685668945,xgb_expected_tuned
2017,Heves,wheat,5.14,4.156,2017-2018,4.604776382446289,xgb_expected_tuned
2017,Jász-Nagykun-Szolnok,barley,5.46,4.154,2017-2018,4.5517578125,xgb_expected_tuned
2017,Jász-Nagykun-Szolnok,maize,5.47,4.688,2017-2018,5.024226188659668,xgb_expected_tuned
2017,Jász-Nagykun-Szolnok,wheat,5.19,4.102,2017-2018,4.588047504425049,xgb_expected_tuned
2017,Komárom-Esztergom,barley,4.91,4.318,2017-2018,5.06954288482666,xgb_expected_tuned
2017,Komárom-Esztergom,maize,6.04,6.284,2017-2018,7.45995569229126,xgb_expected_tuned
2017,Komárom-Esztergom,wheat,4.78,4.628,2017-2018,5.413322925567627,xgb_expected_tuned
2017,Nógrád,barley,3.87,2.936,2017-2018,3.397756576538086,xgb_expected_tuned
2017,Nógrád,maize,4.88,4.356,2017-2018,5.241524696350098,xgb_expected_tuned
2017,Nógrád,wheat,4.54,3.698,2017-2018,3.864866018295288,xgb_expected_tuned
2017,Pest,barley,4.9,4.084,2017-2018,4.7351579666137695,xgb_expected_tuned
2017,Pest,maize,6.16,5.708,2017-2018,7.127099514007568,xgb_expected_tuned
2017,Pest,wheat,4.96,4.28,2017-2018,4.950915813446045,xgb_expected_tuned
2017,Somogy,barley,5.78,4.75,2017-2018,5.646849632263184,xgb_expected_tuned
2017,Somogy,maize,7.93,6.8,2017-2018,6.117032527923584,xgb_expected_tuned
2017,Somogy,wheat,5.54,5.376,2017-2018,5.848336696624756,xgb_expected_tuned
2017,Szabolcs-Szatmár-Bereg,barley,4.5,3.798,2017-2018,4.308953762054443,xgb_expected_tuned
2017,Szabolcs-Szatmár-Bereg,maize,7.95,5.912,2017-2018,7.404530048370361,xgb_expected_tuned
2017,Szabolcs-Szatmár-Bereg,wheat,5.48,4.406,2017-2018,4.8524556159973145,xgb_expected_tuned
2017,Tolna,barley,6.43,5.38,2017-2018,5.698178291320801,xgb_expected_tuned
2017,Tolna,maize,8.06,7.03,2017-2018,7.348426818847656,xgb_expected_tuned
2017,Tolna,wheat,6.51,5.7,2017-2018,5.922325134277344,xgb_expected_tuned
2017,Vas,barley,5.04,4.358,2017-2018,5.025970458984375,xgb_expected_tuned
2017,Vas,maize,7.0,6.764,2017-2018,6.090789794921875,xgb_expected_tuned
2017,Vas,wheat,5.22,5.0,2017-2018,5.743860721588135,xgb_expected_tuned
2017,Veszprém,barley,4.56,3.736,2017-2018,4.31034517288208,xgb_expected_tuned
2017,Veszprém,maize,5.46,5.544,2017-2018,7.136018753051758,xgb_expected_tuned
2017,Veszprém,wheat,4.55,4.26,2017-2018,4.876633644104004,xgb_expected_tuned
2017,Zala,barley,5.39,4.826,2017-2018,5.5444183349609375,xgb_expected_tuned
2017,Zala,maize,6.67,6.512,2017-2018,6.879473686218262,xgb_expected_tuned
2017,Zala,wheat,5.5,5.214,2017-2018,5.710367679595947,xgb_expected_tuned
2018,Bács-Kiskun,barley,4.75,4.588,2017-2018,5.176206111907959,xgb_expected_tuned
2018,Bács-Kiskun,maize,7.99,6.492,2017-2018,7.213464736938477,xgb_expected_tuned
2018,Bács-Kiskun,wheat,5.05,5.032,2017-2018,5.669846534729004,xgb_expected_tuned
2018,Baranya,barley,5.89,5.438,2017-2018,5.767800331115723,xgb_expected_tuned
2018,Baranya,maize,9.6,7.482,2017-2018,7.593461036682129,xgb_expected_tuned
2018,Baranya,wheat,6.09,5.994,2017-2018,6.08292293548584,xgb_expected_tuned
2018,Békés,barley,4.46,4.538,2017-2018,4.770862102508545,xgb_expected_tuned
2018,Békés,maize,8.36,6.838,2017-2018,6.29847526550293,xgb_expected_tuned
2018,Békés,wheat,5.1,4.85,2017-2018,5.165867328643799,xgb_expected_tuned
2018,Borsod-Abaúj-Zemplén,barley,4.74,4.604,2017-2018,4.930523872375488,xgb_expected_tuned
2018,Borsod-Abaúj-Zemplén,maize,7.11,6.946,2017-2018,6.289462566375732,xgb_expected_tuned
2018,Borsod-Abaúj-Zemplén,wheat,5.01,5.062,2017-2018,5.399740219116211,xgb_expected_tuned
2018,Csongrád-Csanád,barley,4.66,4.298,2017-2018,4.726079940795898,xgb_expected_tuned
2018,Csongrád-Csanád,maize,7.11,5.988,2017-2018,7.182779312133789,xgb_expected_tuned
2018,Csongrád-Csanád,wheat,4.94,4.772,2017-2018,5.239741325378418,xgb_expected_tuned
2018,Fejér,barley,5.48,5.438,2017-2018,5.8580403327941895,xgb_expected_tuned
2018,Fejér,maize,10.06,7.314,2017-2018,7.760731220245361,xgb_expected_tuned
2018,Fejér,wheat,5.82,5.674,2017-2018,6.145335674285889,xgb_expected_tuned
2018,Győr-Moson-Sopron,barley,4.53,4.674,2017-2018,5.3855390548706055,xgb_expected_tuned
2018,Győr-Moson-Sopron,maize,8.36,6.728,2017-2018,7.440402507781982,xgb_expected_tuned
2018,Győr-Moson-Sopron,wheat,4.95,4.974,2017-2018,5.558316230773926,xgb_expected_tuned
2018,Hajdú-Bihar,barley,4.69,4.924,2017-2018,5.341513633728027,xgb_expected_tuned
2018,Hajdú-Bihar,maize,9.05,7.314,2017-2018,7.753225326538086,xgb_expected_tuned
2018,Hajdú-Bihar,wheat,5.32,5.284,2017-2018,5.440598011016846,xgb_expected_tuned
2018,Heves,barley,4.65,4.498,2017-2018,4.471539497375488,xgb_expected_tuned
2018,Heves,maize,7.53,5.374,2017-2018,6.097866535186768,xgb_expected_tuned
2018,Heves,wheat,4.76,4.632,2017-2018,4.663787841796875,xgb_expected_tuned
2018,Jász-Nagykun-Szolnok,barley,4.49,4.6,2017-2018,4.664022922515869,xgb_expected_tuned
2018,Jász-Nagykun-Szolnok,maize,5.39,5.322,2017-2018,5.02932071685791,xgb_expected_tuned
2018,Jász-Nagykun-Szolnok,wheat,4.51,4.49,2017-2018,4.564572811126709,xgb_expected_tuned
2018,Komárom-Esztergom,barley,4.98,4.634,2017-2018,5.290176868438721,xgb_expected_tuned
2018,Komárom-Esztergom,maize,9.18,6.614,2017-2018,8.218766212463379,xgb_expected_tuned
2018,Komárom-Esztergom,wheat,5.32,4.888,2017-2018,5.738150119781494,xgb_expected_tuned
2018,Nógrád,barley,4.09,3.382,2017-2018,3.6548821926116943,xgb_expected_tuned
2018,Nógrád,maize,6.09,4.338,2017-2018,4.838974952697754,xgb_expected_tuned
2018,Nógrád,wheat,4.86,4.204,2017-2018,4.340177059173584,xgb_expected_tuned
2018,Pest,barley,4.38,4.502,2017-2018,4.766716957092285,xgb_expected_tuned
2018,Pest,maize,8.39,6.218,2017-2018,7.088479995727539,xgb_expected_tuned
2018,Pest,wheat,4.77,4.706,2017-2018,5.2419114112854,xgb_expected_tuned
2018,Somogy,barley,4.89,5.064,2017-2018,5.78649377822876,xgb_expected_tuned
2018,Somogy,maize,10.13,7.748,2017-2018,6.744202613830566,xgb_expected_tuned
2018,Somogy,wheat,5.39,5.602,2017-2018,5.681649684906006,xgb_expected_tuned
2018,Szabolcs-Szatmár-Bereg,barley,4.36,4.142,2017-2018,4.574620246887207,xgb_expected_tuned
2018,Szabolcs-Szatmár-Bereg,maize,6.93,6.658,2017-2018,5.501186847686768,xgb_expected_tuned
2018,Szabolcs-Szatmár-Bereg,wheat,4.85,4.818,2017-2018,5.175371170043945,xgb_expected_tuned
2018,Tolna,barley,5.5,5.794,2017-2018,5.459359169006348,xgb_expected_tuned
2018,Tolna,maize,9.78,7.986,2017-2018,7.716050148010254,xgb_expected_tuned
2018,Tolna,wheat,5.88,6.108,2017-2018,5.724862098693848,xgb_expected_tuned
2018,Vas,barley,4.2,4.626,2017-2018,5.241720199584961,xgb_expected_tuned
2018,Vas,maize,7.91,7.102,2017-2018,7.348457336425781,xgb_expected_tuned
2018,Vas,wheat,5.11,5.246,2017-2018,5.754608154296875,xgb_expected_tuned
2018,Veszprém,barley,3.63,4.038,2017-2018,4.805335998535156,xgb_expected_tuned
2018,Veszprém,maize,7.75,5.822,2017-2018,7.398535251617432,xgb_expected_tuned
2018,Veszprém,wheat,4.58,4.53,2017-2018,5.059743881225586,xgb_expected_tuned
2018,Zala,barley,4.76,5.03,2017-2018,5.6408467292785645,xgb_expected_tuned
2018,Zala,maize,9.59,6.938,2017-2018,7.101476669311523,xgb_expected_tuned
2018,Zala,wheat,5.13,5.408,2017-2018,5.676429748535156,xgb_expected_tuned
2019,Bács-Kiskun,barley,5.61,4.692,2019-2020,5.460673809051514,xgb_expected_tuned
2019,Bács-Kiskun,maize,7.27,7.126,2019-2020,7.870088577270508,xgb_expected_tuned
2019,Bács-Kiskun,wheat,5.18,5.152,2019-2020,5.694362640380859,xgb_expected_tuned
2019,Baranya,barley,6.52,5.67,2019-2020,6.020561695098877,xgb_expected_tuned
2019,Baranya,maize,9.45,8.208,2019-2020,9.50239372253418,xgb_expected_tuned
2019,Baranya,wheat,6.19,6.114,2019-2020,5.7493791580200195,xgb_expected_tuned
2019,Békés,barley,5.09,4.614,2019-2020,5.008916854858398,xgb_expected_tuned
2019,Békés,maize,8.12,7.328,2019-2020,7.417871475219727,xgb_expected_tuned
2019,Békés,wheat,4.59,4.938,2019-2020,5.418752670288086,xgb_expected_tuned
2019,Borsod-Abaúj-Zemplén,barley,5.27,4.88,2019-2020,5.1971235275268555,xgb_expected_tuned
2019,Borsod-Abaúj-Zemplén,maize,8.67,7.172,2019-2020,7.128685474395752,xgb_expected_tuned
2019,Borsod-Abaúj-Zemplén,wheat,5.35,5.186,2019-2020,5.526724815368652,xgb_expected_tuned
2019,Csongrád-Csanád,barley,4.89,4.44,2019-2020,4.9467549324035645,xgb_expected_tuned
2019,Csongrád-Csanád,maize,6.85,6.438,2019-2020,7.09724760055542,xgb_expected_tuned
2019,Csongrád-Csanád,wheat,4.45,4.81,2019-2020,5.304784774780273,xgb_expected_tuned
2019,Fejér,barley,6.22,5.63,2019-2020,5.7272868156433105,xgb_expected_tuned
2019,Fejér,maize,8.08,8.144,2019-2020,9.531835556030273,xgb_expected_tuned
2019,Fejér,wheat,5.59,5.816,2019-2020,5.846724033355713,xgb_expected_tuned
2019,Győr-Moson-Sopron,barley,5.46,4.88,2019-2020,5.215806484222412,xgb_expected_tuned
2019,Győr-Moson-Sopron,maize,6.32,7.294,2019-2020,8.726738929748535,xgb_expected_tuned
2019,Győr-Moson-Sopron,wheat,5.42,5.046,2019-2020,5.475014686584473,xgb_expected_tuned
2019,Hajdú-Bihar,barley,5.83,5.058,2019-2020,5.411185264587402,xgb_expected_tuned
2019,Hajdú-Bihar,maize,8.76,7.908,2019-2020,8.40966510772705,xgb_expected_tuned
2019,Hajdú-Bihar,wheat,5.44,5.408,2019-2020,5.543066501617432,xgb_expected_tuned
2019,Heves,barley,6.04,4.692,2019-2020,4.885621070861816,xgb_expected_tuned
2019,Heves,maize,8.71,6.006,2019-2020,6.839391231536865,xgb_expected_tuned
2019,Heves,wheat,5.44,4.738,2019-2020,4.938976287841797,xgb_expected_tuned
2019,Jász-Nagykun-Szolnok,barley,5.4,4.726,2019-2020,5.0586371421813965,xgb_expected_tuned
2019,Jász-Nagykun-Szolnok,maize,6.2,5.6,2019-2020,5.596255779266357,xgb_expected_tuned
2019,Jász-Nagykun-Szolnok,wheat,4.98,4.564,2019-2020,4.7682085037231445,xgb_expected_tuned
2019,Komárom-Esztergom,barley,5.75,4.83,2019-2020,5.249671936035156,xgb_expected_tuned
2019,Komárom-Esztergom,maize,7.5,7.304,2019-2020,8.260372161865234,xgb_expected_tuned
2019,Komárom-Esztergom,wheat,5.6,5.108,2019-2020,5.489350318908691,xgb_expected_tuned
2019,Nógrád,barley,4.38,3.642,2019-2020,4.028078556060791,xgb_expected_tuned
2019,Nógrád,maize,6.74,4.96,2019-2020,6.636993885040283,xgb_expected_tuned
2019,Nógrád,wheat,5.59,4.396,2019-2020,4.580790996551514,xgb_expected_tuned
2019,Pest,barley,4.74,4.586,2019-2020,4.776087760925293,xgb_expected_tuned
2019,Pest,maize,7.65,6.962,2019-2020,8.455409049987793,xgb_expected_tuned
2019,Pest,wheat,4.74,4.806,2019-2020,5.107418060302734,xgb_expected_tuned
2019,Somogy,barley,6.44,5.154,2019-2020,5.763279438018799,xgb_expected_tuned
2019,Somogy,maize,9.72,8.718,2019-2020,9.83903694152832,xgb_expected_tuned
2019,Somogy,wheat,5.97,5.628,2019-2020,5.803348541259766,xgb_expected_tuned
2019,Szabolcs-Szatmár-Bereg,barley,4.92,4.21,2019-2020,4.662994384765625,xgb_expected_tuned
2019,Szabolcs-Szatmár-Bereg,maize,7.35,6.98,2019-2020,8.350754737854004,xgb_expected_tuned
2019,Szabolcs-Szatmár-Bereg,wheat,4.94,4.97,2019-2020,5.230783939361572,xgb_expected_tuned
2019,Tolna,barley,6.32,5.908,2019-2020,5.999927997589111,xgb_expected_tuned
2019,Tolna,maize,8.99,8.764,2019-2020,9.66769790649414,xgb_expected_tuned
2019,Tolna,wheat,5.92,6.142,2019-2020,5.7229084968566895,xgb_expected_tuned
2019,Vas,barley,6.07,4.646,2019-2020,4.972265720367432,xgb_expected_tuned
2019,Vas,maize,8.48,7.702,2019-2020,9.130877494812012,xgb_expected_tuned
2019,Vas,wheat,5.96,5.35,2019-2020,5.486212253570557,xgb_expected_tuned
2019,Veszprém,barley,4.99,4.094,2019-2020,4.666094779968262,xgb_expected_tuned
2019,Veszprém,maize,6.94,6.458,2019-2020,8.330580711364746,xgb_expected_tuned
2019,Veszprém,wheat,4.93,4.598,2019-2020,4.915371417999268,xgb_expected_tuned
2019,Zala,barley,6.01,5.004,2019-2020,5.40195894241333,xgb_expected_tuned
2019,Zala,maize,8.76,7.756,2019-2020,9.165441513061523,xgb_expected_tuned
2019,Zala,wheat,5.79,5.408,2019-2020,5.4965009689331055,xgb_expected_tuned
2020,Bács-Kiskun,barley,6.14,4.974,2019-2020,5.732649326324463,xgb_expected_tuned
2020,Bács-Kiskun,maize,7.3,7.03,2019-2020,7.87371826171875,xgb_expected_tuned
2020,Bács-Kiskun,wheat,5.74,5.266,2019-2020,5.583222389221191,xgb_expected_tuned
2020,Baranya,barley,6.6,5.986,2019-2020,6.002558708190918,xgb_expected_tuned
2020,Baranya,maize,8.11,8.38,2019-2020,9.442423820495605,xgb_expected_tuned
2020,Baranya,wheat,6.38,6.186,2019-2020,6.132948875427246,xgb_expected_tuned
2020,Békés,barley,5.48,4.938,2019-2020,5.483785629272461,xgb_expected_tuned
2020,Békés,maize,9.1,7.428,2019-2020,8.52818489074707,xgb_expected_tuned
2020,Békés,wheat,5.36,5.094,2019-2020,5.463459014892578,xgb_expected_tuned
2020,Borsod-Abaúj-Zemplén,barley,5.46,5.012,2019-2020,5.440943717956543,xgb_expected_tuned
2020,Borsod-Abaúj-Zemplén,maize,9.17,7.354,2019-2020,8.950689315795898,xgb_expected_tuned
2020,Borsod-Abaúj-Zemplén,wheat,5.34,5.296,2019-2020,5.522010326385498,xgb_expected_tuned
2020,Csongrád-Csanád,barley,4.67,4.628,2019-2020,4.944217205047607,xgb_expected_tuned
2020,Csongrád-Csanád,maize,7.61,6.428,2019-2020,6.629194259643555,xgb_expected_tuned
2020,Csongrád-Csanád,wheat,4.62,4.902,2019-2020,5.430178165435791,xgb_expected_tuned
2020,Fejér,barley,5.98,5.846,2019-2020,5.85173225402832,xgb_expected_tuned
2020,Fejér,maize,7.74,8.084,2019-2020,9.500275611877441,xgb_expected_tuned
2020,Fejér,wheat,5.59,5.806,2019-2020,5.922918319702148,xgb_expected_tuned
2020,Győr-Moson-Sopron,barley,5.14,4.98,2019-2020,5.455410957336426,xgb_expected_tuned
2020,Győr-Moson-Sopron,maize,7.21,6.92,2019-2020,8.563206672668457,xgb_expected_tuned
2020,Győr-Moson-Sopron,wheat,5.24,5.082,2019-2020,5.493832111358643,xgb_expected_tuned
2020,Hajdú-Bihar,barley,6.26,5.292,2019-2020,5.456907749176025,xgb_expected_tuned
2020,Hajdú-Bihar,maize,10.08,8.276,2019-2020,8.37073040008545,xgb_expected_tuned
2020,Hajdú-Bihar,wheat,5.54,5.488,2019-2020,5.528944492340088,xgb_expected_tuned
2020,Heves,barley,5.64,5.086,2019-2020,5.098241806030273,xgb_expected_tuned
2020,Heves,maize,6.61,6.584,2019-2020,7.502943515777588,xgb_expected_tuned
2020,Heves,wheat,4.98,4.986,2019-2020,5.221086025238037,xgb_expected_tuned
2020,Jász-Nagykun-Szolnok,barley,5.51,4.974,2019-2020,5.466456890106201,xgb_expected_tuned
2020,Jász-Nagykun-Szolnok,maize,6.92,5.676,2019-2020,5.71144437789917,xgb_expected_tuned
2020,Jász-Nagykun-Szolnok,wheat,5.13,4.786,2019-2020,5.191778659820557,xgb_expected_tuned
2020,Komárom-Esztergom,barley,5.36,5.14,2019-2020,5.427734851837158,xgb_expected_tuned
2020,Komárom-Esztergom,maize,7.83,7.438,2019-2020,8.97036361694336,xgb_expected_tuned
2020,Komárom-Esztergom,wheat,5.19,5.324,2019-2020,5.515838146209717,xgb_expected_tuned
2020,Nógrád,barley,3.94,3.91,2019-2020,4.2165961265563965,xgb_expected_tuned
2020,Nógrád,maize,6.39,5.508,2019-2020,6.238945484161377,xgb_expected_tuned
2020,Nógrád,wheat,5.11,4.73,2019-2020,4.793266773223877,xgb_expected_tuned
2020,Pest,barley,4.78,4.642,2019-2020,4.889865875244141,xgb_expected_tuned
2020,Pest,maize,8.22,7.022,2019-2020,8.540608406066895,xgb_expected_tuned
2020,Pest,wheat,4.58,4.826,2019-2020,5.200732707977295,xgb_expected_tuned
2020,Somogy,barley,6.22,5.482,2019-2020,5.711300849914551,xgb_expected_tuned
2020,Somogy,maize,10.3,8.86,2019-2020,9.674883842468262,xgb_expected_tuned
2020,Somogy,wheat,6.32,5.722,2019-2020,6.048369407653809,xgb_expected_tuned
2020,Szabolcs-Szatmár-Bereg,barley,4.91,4.46,2019-2020,4.790961742401123,xgb_expected_tuned
2020,Szabolcs-Szatmár-Bereg,maize,8.47,6.864,2019-2020,7.700250148773193,xgb_expected_tuned
2020,Szabolcs-Szatmár-Bereg,wheat,5.06,5.0,2019-2020,5.332590103149414,xgb_expected_tuned
2020,Tolna,barley,6.86,6.048,2019-2020,5.9285078048706055,xgb_expected_tuned
2020,Tolna,maize,9.42,8.724,2019-2020,9.51624584197998,xgb_expected_tuned
2020,Tolna,wheat,6.19,6.156,2019-2020,5.707305431365967,xgb_expected_tuned
2020,Vas,barley,5.79,4.95,2019-2020,5.384857177734375,xgb_expected_tuned
2020,Vas,maize,9.77,7.66,2019-2020,9.130877494812012,xgb_expected_tuned
2020,Vas,wheat,6.23,5.518,2019-2020,5.612072467803955,xgb_expected_tuned
2020,Veszprém,barley,5.22,4.298,2019-2020,4.78181791305542,xgb_expected_tuned
2020,Veszprém,maize,7.84,6.452,2019-2020,8.761839866638184,xgb_expected_tuned
2020,Veszprém,wheat,5.08,4.722,2019-2020,5.151071548461914,xgb_expected_tuned
2020,Zala,barley,6.08,5.248,2019-2020,5.392032146453857,xgb_expected_tuned
2020,Zala,maize,9.72,7.938,2019-2020,9.141271591186523,xgb_expected_tuned
2020,Zala,wheat,6.41,5.524,2019-2020,5.562643527984619,xgb_expected_tuned
2021,Bács-Kiskun,barley,6.6,5.244,2021-2022,5.415983200073242,xgb_expected_tuned
2021,Bács-Kiskun,maize,5.19,7.37,2021-2022,7.562685489654541,xgb_expected_tuned
2021,Bács-Kiskun,wheat,5.78,5.408,2021-2022,5.440467834472656,xgb_expected_tuned
2021,Baranya,barley,6.99,6.294,2021-2022,6.328202724456787,xgb_expected_tuned
2021,Baranya,maize,6.67,8.688,2021-2022,8.710918426513672,xgb_expected_tuned
2021,Baranya,wheat,6.14,6.306,2021-2022,6.3005146980285645,xgb_expected_tuned
2021,Békés,barley,6.39,5.036,2021-2022,5.339384078979492,xgb_expected_tuned
2021,Békés,maize,5.21,7.998,2021-2022,8.339906692504883,xgb_expected_tuned
2021,Békés,wheat,6.48,5.082,2021-2022,5.295709133148193,xgb_expected_tuned
2021,Borsod-Abaúj-Zemplén,barley,6.08,5.188,2021-2022,5.288685321807861,xgb_expected_tuned
2021,Borsod-Abaúj-Zemplén,maize,7.21,8.202,2021-2022,8.071270942687988,xgb_expected_tuned
2021,Borsod-Abaúj-Zemplén,wheat,5.69,5.368,2021-2022,5.421869277954102,xgb_expected_tuned
2021,Csongrád-Csanád,barley,6.56,4.688,2021-2022,5.050304889678955,xgb_expected_tuned
2021,Csongrád-Csanád,maize,4.32,6.906,2021-2022,7.122037887573242,xgb_expected_tuned
2021,Csongrád-Csanád,wheat,5.95,4.844,2021-2022,5.059351921081543,xgb_expected_tuned
2021,Fejér,barley,7.09,5.884,2021-2022,6.155517578125,xgb_expected_tuned
2021,Fejér,maize,5.88,8.39,2021-2022,8.970489501953125,xgb_expected_tuned
2021,Fejér,wheat,5.78,5.75,2021-2022,6.0564985275268555,xgb_expected_tuned
2021,Győr-Moson-Sopron,barley,6.09,5.03,2021-2022,5.441139221191406,xgb_expected_tuned
2021,Győr-Moson-Sopron,maize,7.56,7.26,2021-2022,7.484127521514893,xgb_expected_tuned
2021,Győr-Moson-Sopron,wheat,5.58,5.096,2021-2022,5.439992427825928,xgb_expected_tuned
2021,Hajdú-Bihar,barley,7.19,5.538,2021-2022,5.5966668128967285,xgb_expected_tuned
2021,Hajdú-Bihar,maize,6.78,9.078,2021-2022,8.931333541870117,xgb_expected_tuned
2021,Hajdú-Bihar,wheat,6.79,5.566,2021-2022,5.576864719390869,xgb_expected_tuned
2021,Heves,barley,6.14,5.306,2021-2022,5.25222635269165,xgb_expected_tuned
2021,Heves,maize,6.28,7.13,2021-2022,6.842780590057373,xgb_expected_tuned
2021,Heves,wheat,5.67,5.006,2021-2022,5.1964826583862305,xgb_expected_tuned
2021,Jász-Nagykun-Szolnok,barley,5.92,5.148,2021-2022,4.925119876861572,xgb_expected_tuned
2021,Jász-Nagykun-Szolnok,maize,5.16,6.154,2021-2022,6.786196231842041,xgb_expected_tuned
2021,Jász-Nagykun-Szolnok,wheat,5.59,4.866,2021-2022,4.706217288970947,xgb_expected_tuned
2021,Komárom-Esztergom,barley,6.31,5.216,2021-2022,5.381912708282471,xgb_expected_tuned
2021,Komárom-Esztergom,maize,7.85,7.778,2021-2022,8.242958068847656,xgb_expected_tuned
2021,Komárom-Esztergom,wheat,6.24,5.262,2021-2022,5.43302583694458,xgb_expected_tuned
2021,Nógrád,barley,4.88,4.056,2021-2022,3.990856170654297,xgb_expected_tuned
2021,Nógrád,maize,5.78,6.078,2021-2022,5.614954471588135,xgb_expected_tuned
2021,Nógrád,wheat,5.05,4.94,2021-2022,4.883248329162598,xgb_expected_tuned
2021,Pest,barley,5.69,4.688,2021-2022,5.136566638946533,xgb_expected_tuned
2021,Pest,maize,6.09,7.566,2021-2022,8.091282844543457,xgb_expected_tuned
2021,Pest,wheat,5.57,4.76,2021-2022,5.113201141357422,xgb_expected_tuned
2021,Somogy,barley,6.64,5.852,2021-2022,5.836341857910156,xgb_expected_tuned
2021,Somogy,maize,6.16,9.54,2021-2022,8.878270149230957,xgb_expected_tuned
2021,Somogy,wheat,6.16,5.88,2021-2022,5.952541828155518,xgb_expected_tuned
2021,Szabolcs-Szatmár-Bereg,barley,5.34,4.636,2021-2022,4.728934288024902,xgb_expected_tuned
2021,Szabolcs-Szatmár-Bereg,maize,6.89,7.834,2021-2022,8.006813049316406,xgb_expected_tuned
2021,Szabolcs-Szatmár-Bereg,wheat,5.91,5.036,2021-2022,5.194827556610107,xgb_expected_tuned
2021,Tolna,barley,7.08,6.282,2021-2022,6.348047733306885,xgb_expected_tuned
2021,Tolna,maize,4.93,9.14,2021-2022,8.829581260681152,xgb_expected_tuned
2021,Tolna,wheat,5.98,6.178,2021-2022,6.29238748550415,xgb_expected_tuned
2021,Vas,barley,5.81,5.17,2021-2022,5.673212051391602,xgb_expected_tuned
2021,Vas,maize,8.23,8.392,2021-2022,9.168725967407227,xgb_expected_tuned
2021,Vas,wheat,5.95,5.716,2021-2022,5.89756965637207,xgb_expected_tuned
2021,Veszprém,barley,5.54,4.56,2021-2022,4.923480987548828,xgb_expected_tuned
2021,Veszprém,maize,5.36,6.976,2021-2022,7.295018196105957,xgb_expected_tuned
2021,Veszprém,wheat,5.26,4.842,2021-2022,5.144709587097168,xgb_expected_tuned
2021,Zala,barley,6.13,5.544,2021-2022,5.947956085205078,xgb_expected_tuned
2021,Zala,maize,7.32,8.622,2021-2022,9.05788516998291,xgb_expected_tuned
2021,Zala,wheat,6.32,5.754,2021-2022,5.967998027801514,xgb_expected_tuned
2022,Bács-Kiskun,barley,4.87,5.624,2021-2022,5.4435133934021,xgb_expected_tuned
2022,Bács-Kiskun,maize,3.81,6.788,2021-2022,6.550239086151123,xgb_expected_tuned
2022,Bács-Kiskun,wheat,4.46,5.48,2021-2022,5.345010280609131,xgb_expected_tuned
2022,Baranya,barley,6.19,6.48,2021-2022,5.682095050811768,xgb_expected_tuned
2022,Baranya,maize,4.7,8.218,2021-2022,8.388561248779297,xgb_expected_tuned
2022,Baranya,wheat,5.46,6.25,2021-2022,6.205793380737305,xgb_expected_tuned
2022,Békés,barley,4.1,5.288,2021-2022,5.205549240112305,xgb_expected_tuned
2022,Békés,maize,1.85,7.294,2021-2022,7.52593469619751,xgb_expected_tuned
2022,Békés,wheat,3.84,5.376,2021-2022,5.257181167602539,xgb_expected_tuned
2022,Borsod-Abaúj-Zemplén,barley,5.05,5.416,2021-2022,5.25249719619751,xgb_expected_tuned
2022,Borsod-Abaúj-Zemplén,maize,3.03,7.936,2021-2022,5.9749345779418945,xgb_expected_tuned
2022,Borsod-Abaúj-Zemplén,wheat,4.42,5.41,2021-2022,5.296926021575928,xgb_expected_tuned
2022,Csongrád-Csanád,barley,4.47,5.144,2021-2022,4.91819429397583,xgb_expected_tuned
2022,Csongrád-Csanád,maize,1.9,6.282,2021-2022,7.141038417816162,xgb_expected_tuned
2022,Csongrád-Csanád,wheat,3.54,5.074,2021-2022,4.963369846343994,xgb_expected_tuned
2022,Fejér,barley,5.58,6.132,2021-2022,5.678831100463867,xgb_expected_tuned
2022,Fejér,maize,2.56,7.692,2021-2022,7.935318946838379,xgb_expected_tuned
2022,Fejér,wheat,5.47,5.646,2021-2022,5.649661540985107,xgb_expected_tuned
2022,Győr-Moson-Sopron,barley,5.36,5.23,2021-2022,5.27370023727417,xgb_expected_tuned
2022,Győr-Moson-Sopron,maize,4.81,7.026,2021-2022,7.194658279418945,xgb_expected_tuned
2022,Győr-Moson-Sopron,wheat,5.21,5.192,2021-2022,5.280245304107666,xgb_expected_tuned
2022,Hajdú-Bihar,barley,4.15,5.914,2021-2022,5.506898880004883,xgb_expected_tuned
2022,Hajdú-Bihar,maize,2.52,8.52,2021-2022,8.2190523147583,xgb_expected_tuned
2022,Hajdú-Bihar,wheat,3.48,5.83,2021-2022,5.1525139808654785,xgb_expected_tuned
2022,Heves,barley,3.89,5.562,2021-2022,5.335134506225586,xgb_expected_tuned
2022,Heves,maize,1.52,6.964,2021-2022,6.1654205322265625,xgb_expected_tuned
2022,Heves,wheat,3.28,5.198,2021-2022,5.076404571533203,xgb_expected_tuned
2022,Jász-Nagykun-Szolnok,barley,3.34,5.356,2021-2022,5.00675106048584,xgb_expected_tuned
2022,Jász-Nagykun-Szolnok,maize,2.23,5.828,2021-2022,5.973735332489014,xgb_expected_tuned
2022,Jász-Nagykun-Szolnok,wheat,3.0,5.08,2021-2022,4.924148082733154,xgb_expected_tuned
2022,Komárom-Esztergom,barley,4.8,5.462,2021-2022,5.470873832702637,xgb_expected_tuned
2022,Komárom-Esztergom,maize,2.73,7.68,2021-2022,7.091785430908203,xgb_expected_tuned
2022,Komárom-Esztergom,wheat,4.62,5.426,2021-2022,5.48588752746582,xgb_expected_tuned
2022,Nógrád,barley,3.88,4.232,2021-2022,3.955437660217285,xgb_expected_tuned
2022,Nógrád,maize,2.65,5.976,2021-2022,5.4741082191467285,xgb_expected_tuned
2022,Nógrád,wheat,3.57,5.03,2021-2022,4.737311363220215,xgb_expected_tuned
2022,Pest,barley,3.49,4.898,2021-2022,4.9394989013671875,xgb_expected_tuned
2022,Pest,maize,1.55,7.302,2021-2022,6.0736083984375,xgb_expected_tuned
2022,Pest,wheat,3.43,4.924,2021-2022,4.950624465942383,xgb_expected_tuned
2022,Somogy,barley,5.88,5.994,2021-2022,5.871005058288574,xgb_expected_tuned
2022,Somogy,maize,5.75,8.848,2021-2022,8.19249153137207,xgb_expected_tuned
2022,Somogy,wheat,6.0,5.876,2021-2022,5.79071569442749,xgb_expected_tuned
2022,Szabolcs-Szatmár-Bereg,barley,4.41,4.806,2021-2022,5.18619441986084,xgb_expected_tuned
2022,Szabolcs-Szatmár-Bereg,maize,2.51,7.518,2021-2022,6.625241279602051,xgb_expected_tuned
2022,Szabolcs-Szatmár-Bereg,wheat,4.09,5.248,2021-2022,5.4057297706604,xgb_expected_tuned
2022,Tolna,barley,6.2,6.438,2021-2022,5.5297980308532715,xgb_expected_tuned
2022,Tolna,maize,4.18,8.236,2021-2022,8.878314018249512,xgb_expected_tuned
2022,Tolna,wheat,6.12,6.096,2021-2022,5.780888557434082,xgb_expected_tuned
2022,Vas,barley,5.72,5.382,2021-2022,5.647983074188232,xgb_expected_tuned
2022,Vas,maize,5.95,8.278,2021-2022,8.156229972839355,xgb_expected_tuned
2022,Vas,wheat,6.29,5.694,2021-2022,5.819709300994873,xgb_expected_tuned
2022,Veszprém,barley,4.78,4.788,2021-2022,5.016504764556885,xgb_expected_tuned
2022,Veszprém,maize,4.2,6.67,2021-2022,6.338716506958008,xgb_expected_tuned
2022,Veszprém,wheat,4.79,4.88,2021-2022,5.056352615356445,xgb_expected_tuned
2022,Zala,barley,5.5,5.674,2021-2022,5.8289008140563965,xgb_expected_tuned
2022,Zala,maize,7.14,8.412,2021-2022,8.512395858764648,xgb_expected_tuned
2022,Zala,wheat,6.0,5.83,2021-2022,5.7446489334106445,xgb_expected_tuned
2015,Bács-Kiskun,barley,4.79,3.956,2015-2016,4.280661072264127,ridge_expected_tuned
2015,Bács-Kiskun,maize,5.6,5.64,2015-2016,6.321619528134278,ridge_expected_tuned
2015,Bács-Kiskun,wheat,5.03,4.246,2015-2016,4.709098935836529,ridge_expected_tuned
2015,Baranya,barley,5.06,4.7,2015-2016,4.843166415737913,ridge_expected_tuned
2015,Baranya,maize,6.57,6.46,2015-2016,6.685473546624188,ridge_expected_tuned
2015,Baranya,wheat,5.78,5.184,2015-2016,5.3254027105578805,ridge_expected_tuned
2015,Békés,barley,4.99,3.552,2015-2016,3.9024023688831364,ridge_expected_tuned
2015,Békés,maize,6.25,5.976,2015-2016,6.225531974128663,ridge_expected_tuned
2015,Békés,wheat,5.42,3.976,2015-2016,4.367999973626537,ridge_expected_tuned
2015,Borsod-Abaúj-Zemplén,barley,4.58,3.628,2015-2016,3.650673725093192,ridge_expected_tuned
2015,Borsod-Abaúj-Zemplén,maize,4.93,6.37,2015-2016,6.084646669230848,ridge_expected_tuned
2015,Borsod-Abaúj-Zemplén,wheat,4.98,4.16,2015-2016,4.146220971974413,ridge_expected_tuned
2015,Csongrád-Csanád,barley,4.37,3.566,2015-2016,3.939634584688447,ridge_expected_tuned
2015,Csongrád-Csanád,maize,5.22,5.25,2015-2016,6.037397576561684,ridge_expected_tuned
2015,Csongrád-Csanád,wheat,4.91,4.062,2015-2016,4.425198617523728,ridge_expected_tuned
2015,Fejér,barley,5.79,4.256,2015-2016,4.159653147257331,ridge_expected_tuned
2015,Fejér,maize,6.21,6.674,2015-2016,6.489847824411669,ridge_expected_tuned
2015,Fejér,wheat,5.87,4.696,2015-2016,4.62968773602115,ridge_expected_tuned
2015,Győr-Moson-Sopron,barley,4.89,3.852,2015-2016,4.111496581170202,ridge_expected_tuned
2015,Győr-Moson-Sopron,maize,5.51,6.822,2015-2016,6.62794643118332,ridge_expected_tuned
2015,Győr-Moson-Sopron,wheat,5.17,4.452,2015-2016,4.6259010101381985,ridge_expected_tuned
2015,Hajdú-Bihar,barley,5.03,3.816,2015-2016,3.794096092340987,ridge_expected_tuned
2015,Hajdú-Bihar,maize,6.07,6.292,2015-2016,6.1151146973205295,ridge_expected_tuned
2015,Hajdú-Bihar,wheat,5.15,4.328,2015-2016,4.284097109196686,ridge_expected_tuned
2015,Heves,barley,4.54,3.33,2015-2016,3.7076160954308004,ridge_expected_tuned
2015,Heves,maize,3.88,4.654,2015-2016,5.7213236273343675,ridge_expected_tuned
2015,Heves,wheat,4.88,3.622,2015-2016,4.136608582005754,ridge_expected_tuned
2015,Jász-Nagykun-Szolnok,barley,4.64,3.436,2015-2016,3.5408319225984095,ridge_expected_tuned
2015,Jász-Nagykun-Szolnok,maize,4.53,4.168,2015-2016,5.5068740808096655,ridge_expected_tuned
2015,Jász-Nagykun-Szolnok,wheat,4.73,3.498,2015-2016,3.9060427638798565,ridge_expected_tuned
2015,Komárom-Esztergom,barley,4.98,3.724,2015-2016,4.253898100243932,ridge_expected_tuned
2015,Komárom-Esztergom,maize,6.13,6.25,2015-2016,6.472372772775179,ridge_expected_tuned
2015,Komárom-Esztergom,wheat,5.5,4.14,2015-2016,4.717277212977123,ridge_expected_tuned
2015,Nógrád,barley,3.21,2.59,2015-2016,3.223767660551932,ridge_expected_tuned
2015,Nógrád,maize,3.54,4.436,2015-2016,5.3039989400627325,ridge_expected_tuned
2015,Nógrád,wheat,4.06,3.346,2015-2016,3.7814326837190038,ridge_expected_tuned
2015,Pest,barley,4.55,3.688,2015-2016,3.8908811141326196,ridge_expected_tuned
2015,Pest,maize,5.5,5.528,2015-2016,6.04593236387405,ridge_expected_tuned
2015,Pest,wheat,4.91,3.854,2015-2016,4.284932351546782,ridge_expected_tuned
2015,Somogy,barley,4.37,4.12,2015-2016,4.470350207364659,ridge_expected_tuned
2015,Somogy,maize,6.9,5.96,2015-2016,6.438422127259226,ridge_expected_tuned
2015,Somogy,wheat,5.53,4.69,2015-2016,4.976435291294372,ridge_expected_tuned
2015,Szabolcs-Szatmár-Bereg,barley,4.03,3.282,2015-2016,3.7516080194319867,ridge_expected_tuned
2015,Szabolcs-Szatmár-Bereg,maize,3.62,5.78,2015-2016,5.943301012588733,ridge_expected_tuned
2015,Szabolcs-Szatmár-Bereg,wheat,4.88,3.964,2015-2016,4.2887519915046255,ridge_expected_tuned
2015,Tolna,barley,5.69,4.66,2015-2016,4.626727619926847,ridge_expected_tuned
2015,Tolna,maize,7.34,6.69,2015-2016,6.71660502488467,ridge_expected_tuned
2015,Tolna,wheat,6.08,5.018,2015-2016,5.074022665586024,ridge_expected_tuned
2015,Vas,barley,4.69,4.168,2015-2016,4.1712266624613985,ridge_expected_tuned
2015,Vas,maize,6.11,6.624,2015-2016,6.579617938087652,ridge_expected_tuned
2015,Vas,wheat,5.24,4.558,2015-2016,4.627395676161412,ridge_expected_tuned
2015,Veszprém,barley,3.91,3.402,2015-2016,4.192577459694362,ridge_expected_tuned
2015,Veszprém,maize,5.22,5.352,2015-2016,6.36890855507356,ridge_expected_tuned
2015,Veszprém,wheat,4.48,3.754,2015-2016,4.638208636345881,ridge_expected_tuned
2015,Zala,barley,4.6,4.348,2015-2016,4.686452545883987,ridge_expected_tuned
2015,Zala,maize,6.3,6.074,2015-2016,6.750315040927968,ridge_expected_tuned
2015,Zala,wheat,5.26,4.722,2015-2016,5.138184575563582,ridge_expected_tuned
2016,Bács-Kiskun,barley,4.7,4.21,2015-2016,4.429856984923961,ridge_expected_tuned
2016,Bács-Kiskun,maize,8.1,5.534,2015-2016,6.29051865211231,ridge_expected_tuned
2016,Bács-Kiskun,wheat,5.42,4.484,2015-2016,4.853857864475945,ridge_expected_tuned
2016,Baranya,barley,6.06,4.936,2015-2016,5.001315403257035,ridge_expected_tuned
2016,Baranya,maize,9.02,6.394,2015-2016,6.662190155296015,ridge_expected_tuned
2016,Baranya,wheat,6.42,5.5,2015-2016,5.5057366181790925,ridge_expected_tuned
2016,Békés,barley,5.13,3.958,2015-2016,4.07284860056279,ridge_expected_tuned
2016,Békés,maize,8.73,5.902,2015-2016,6.200997398018017,ridge_expected_tuned
2016,Békés,wheat,5.01,4.364,2015-2016,4.533454598283221,ridge_expected_tuned
2016,Borsod-Abaúj-Zemplén,barley,4.94,3.916,2015-2016,3.733487281218744,ridge_expected_tuned
2016,Borsod-Abaúj-Zemplén,maize,8.54,6.344,2015-2016,6.0653665949885065,ridge_expected_tuned
2016,Borsod-Abaúj-Zemplén,wheat,5.48,4.396,2015-2016,4.214614330033608,ridge_expected_tuned
2016,Csongrád-Csanád,barley,4.28,3.806,2015-2016,4.081620133077493,ridge_expected_tuned
2016,Csongrád-Csanád,maize,7.44,5.07,2015-2016,5.992777241009573,ridge_expected_tuned
2016,Csongrád-Csanád,wheat,4.8,4.29,2015-2016,4.563856427897462,ridge_expected_tuned
2016,Fejér,barley,5.85,4.65,2015-2016,4.366459638332725,ridge_expected_tuned
2016,Fejér,maize,9.37,6.432,2015-2016,6.397742763529969,ridge_expected_tuned
2016,Fejér,wheat,6.3,5.01,2015-2016,4.8143093069944545,ridge_expected_tuned
2016,Győr-Moson-Sopron,barley,5.09,4.182,2015-2016,4.357018430788491,ridge_expected_tuned
2016,Győr-Moson-Sopron,maize,8.73,6.58,2015-2016,6.61646008072868,ridge_expected_tuned
2016,Győr-Moson-Sopron,wheat,5.1,4.698,2015-2016,4.848128693649294,ridge_expected_tuned
2016,Hajdú-Bihar,barley,5.31,4.226,2015-2016,3.900328623149872,ridge_expected_tuned
2016,Hajdú-Bihar,maize,9.57,6.234,2015-2016,6.063423973329085,ridge_expected_tuned
2016,Hajdú-Bihar,wheat,5.47,4.674,2015-2016,4.3725817039239,ridge_expected_tuned
2016,Heves,barley,4.86,3.622,2015-2016,3.8588789888113673,ridge_expected_tuned
2016,Heves,maize,7.11,4.46,2015-2016,5.687396699978217,ridge_expected_tuned
2016,Heves,wheat,4.71,3.958,2015-2016,4.30007318144247,ridge_expected_tuned
2016,Jász-Nagykun-Szolnok,barley,4.88,3.824,2015-2016,3.7455427638116388,ridge_expected_tuned
2016,Jász-Nagykun-Szolnok,maize,6.79,4.238,2015-2016,5.488211121560168,ridge_expected_tuned
2016,Jász-Nagykun-Szolnok,wheat,4.52,3.86,2015-2016,4.103543506059907,ridge_expected_tuned
2016,Komárom-Esztergom,barley,5.08,4.07,2015-2016,4.47882768747227,ridge_expected_tuned
2016,Komárom-Esztergom,maize,8.34,6.16,2015-2016,6.465639614644983,ridge_expected_tuned
2016,Komárom-Esztergom,wheat,5.42,4.464,2015-2016,4.936105947177388,ridge_expected_tuned
2016,Nógrád,barley,4.0,2.734,2015-2016,3.3150113162578076,ridge_expected_tuned
2016,Nógrád,maize,6.29,4.226,2015-2016,5.257441891008255,ridge_expected_tuned
2016,Nógrád,wheat,4.6,3.488,2015-2016,3.872121716422327,ridge_expected_tuned
2016,Pest,barley,4.64,3.992,2015-2016,4.045233345932119,ridge_expected_tuned
2016,Pest,maize,7.41,5.4,2015-2016,5.98866778308176,ridge_expected_tuned
2016,Pest,wheat,4.75,4.182,2015-2016,4.445940059376909,ridge_expected_tuned
2016,Somogy,barley,5.93,4.256,2015-2016,4.656450081656143,ridge_expected_tuned
2016,Somogy,maize,9.62,5.924,2015-2016,6.436197507895771,ridge_expected_tuned
2016,Somogy,wheat,6.18,4.974,2015-2016,5.2035772677747225,ridge_expected_tuned
2016,Szabolcs-Szatmár-Bereg,barley,4.49,3.518,2015-2016,3.779945850687914,ridge_expected_tuned
2016,Szabolcs-Szatmár-Bereg,maize,8.47,5.514,2015-2016,5.8514451506774865,ridge_expected_tuned
2016,Szabolcs-Szatmár-Bereg,wheat,4.85,4.24,2015-2016,4.328182282811598,ridge_expected_tuned
2016,Tolna,barley,6.3,5.028,2015-2016,4.839673033761582,ridge_expected_tuned
2016,Tolna,maize,9.45,6.608,2015-2016,6.66726751783621,ridge_expected_tuned
2016,Tolna,wheat,6.39,5.386,2015-2016,5.28696807942076,ridge_expected_tuned
2016,Vas,barley,4.75,4.236,2015-2016,4.332275986642537,ridge_expected_tuned
2016,Vas,maize,8.8,6.434,2015-2016,6.573586529525006,ridge_expected_tuned
2016,Vas,wheat,6.06,4.686,2015-2016,4.805083690419117,ridge_expected_tuned
2016,Veszprém,barley,4.4,3.542,2015-2016,4.399319378710619,ridge_expected_tuned
2016,Veszprém,maize,6.89,5.37,2015-2016,6.398022635932778,ridge_expected_tuned
2016,Veszprém,wheat,5.07,3.966,2015-2016,4.86491698345402,ridge_expected_tuned
2016,Zala,barley,5.48,4.438,2015-2016,4.846866722875561,ridge_expected_tuned
2016,Zala,maize,8.37,5.99,2015-2016,6.731058552581007,ridge_expected_tuned
2016,Zala,wheat,5.94,4.888,2015-2016,5.31967442665214,ridge_expected_tuned
2017,Bács-Kiskun,barley,5.02,4.346,2017-2018,4.954321624330844,ridge_expected_tuned
2017,Bács-Kiskun,maize,6.19,5.86,2017-2018,6.516985319383169,ridge_expected_tuned
2017,Bács-Kiskun,wheat,5.65,4.668,2017-2018,5.369146740476099,ridge_expected_tuned
2017,Baranya,barley,6.4,5.192,2017-2018,5.713802960996836,ridge_expected_tuned
2017,Baranya,maize,7.26,6.82,2017-2018,7.068198290549437,ridge_expected_tuned
2017,Baranya,wheat,6.45,5.792,2017-2018,6.220286077503656,ridge_expected_tuned
2017,Békés,barley,5.02,4.256,2017-2018,4.861921380541631,ridge_expected_tuned
2017,Békés,maize,5.68,6.386,2017-2018,6.778756358763279,ridge_expected_tuned
2017,Békés,wheat,5.35,4.546,2017-2018,5.266195935494187,ridge_expected_tuned
2017,Borsod-Abaúj-Zemplén,barley,5.53,4.228,2017-2018,4.28694752359421,ridge_expected_tuned
2017,Borsod-Abaúj-Zemplén,maize,7.52,6.708,2017-2018,6.414569021639616,ridge_expected_tuned
2017,Borsod-Abaúj-Zemplén,wheat,5.66,4.668,2017-2018,4.740677834137539,ridge_expected_tuned
2017,Csongrád-Csanád,barley,4.94,4.02,2017-2018,4.734303122224949,ridge_expected_tuned
2017,Csongrád-Csanád,maize,5.52,5.384,2017-2018,6.353917972211319,ridge_expected_tuned
2017,Csongrád-Csanád,wheat,5.41,4.47,2017-2018,5.191330483140995,ridge_expected_tuned
2017,Fejér,barley,5.89,5.012,2017-2018,5.040529086457434,ridge_expected_tuned
2017,Fejér,maize,6.7,6.79,2017-2018,6.74397967516214,ridge_expected_tuned
2017,Fejér,wheat,5.45,5.334,2017-2018,5.455354202602689,ridge_expected_tuned
2017,Győr-Moson-Sopron,barley,4.93,4.384,2017-2018,4.948899450833254,ridge_expected_tuned
2017,Győr-Moson-Sopron,maize,5.68,6.834,2017-2018,6.905357117130267,ridge_expected_tuned
2017,Győr-Moson-Sopron,wheat,4.77,4.78,2017-2018,5.388122739736623,ridge_expected_tuned
2017,Hajdú-Bihar,barley,5.6,4.536,2017-2018,4.61997552893975,ridge_expected_tuned
2017,Hajdú-Bihar,maize,7.93,6.766,2017-2018,6.627264994126696,ridge_expected_tuned
2017,Hajdú-Bihar,wheat,6.06,4.888,2017-2018,5.04469179620316,ridge_expected_tuned
2017,Heves,barley,5.34,3.932,2017-2018,4.475829496373643,ridge_expected_tuned
2017,Heves,maize,5.69,4.866,2017-2018,5.975748798448724,ridge_expected_tuned
2017,Heves,wheat,5.14,4.156,2017-2018,4.858343518866259,ridge_expected_tuned
2017,Jász-Nagykun-Szolnok,barley,5.46,4.154,2017-2018,4.393083127344119,ridge_expected_tuned
2017,Jász-Nagykun-Szolnok,maize,5.47,4.688,2017-2018,5.815175828320003,ridge_expected_tuned
2017,Jász-Nagykun-Szolnok,wheat,5.19,4.102,2017-2018,4.6845985595497135,ridge_expected_tuned
2017,Komárom-Esztergom,barley,4.91,4.318,2017-2018,5.041245914919557,ridge_expected_tuned
2017,Komárom-Esztergom,maize,6.04,6.284,2017-2018,6.69069512629901,ridge_expected_tuned
2017,Komárom-Esztergom,wheat,4.78,4.628,2017-2018,5.45211457061755,ridge_expected_tuned
2017,Nógrád,barley,3.87,2.936,2017-2018,3.6534289225204564,ridge_expected_tuned
2017,Nógrád,maize,4.88,4.356,2017-2018,5.199804105223019,ridge_expected_tuned
2017,Nógrád,wheat,4.54,3.698,2017-2018,4.213324255065311,ridge_expected_tuned
2017,Pest,barley,4.9,4.084,2017-2018,4.5904997553002245,ridge_expected_tuned
2017,Pest,maize,6.16,5.708,2017-2018,6.267009287728997,ridge_expected_tuned
2017,Pest,wheat,4.96,4.28,2017-2018,4.9637820367492305,ridge_expected_tuned
2017,Somogy,barley,5.78,4.75,2017-2018,5.420028344280261,ridge_expected_tuned
2017,Somogy,maize,7.93,6.8,2017-2018,6.947092392073554,ridge_expected_tuned
2017,Somogy,wheat,5.54,5.376,2017-2018,5.935083791756147,ridge_expected_tuned
2017,Szabolcs-Szatmár-Bereg,barley,4.5,3.798,2017-2018,4.411896862679648,ridge_expected_tuned
2017,Szabolcs-Szatmár-Bereg,maize,7.95,5.912,2017-2018,6.280843739211097,ridge_expected_tuned
2017,Szabolcs-Szatmár-Bereg,wheat,5.48,4.406,2017-2018,4.921017619484642,ridge_expected_tuned
2017,Tolna,barley,6.43,5.38,2017-2018,5.5587984507987604,ridge_expected_tuned
2017,Tolna,maize,8.06,7.03,2017-2018,7.0523124207283825,ridge_expected_tuned
2017,Tolna,wheat,6.51,5.7,2017-2018,5.972964156869471,ridge_expected_tuned
2017,Vas,barley,5.04,4.358,2017-2018,4.9606710053227125,ridge_expected_tuned
2017,Vas,maize,7.0,6.764,2017-2018,6.915459364318595,ridge_expected_tuned
2017,Vas,wheat,5.22,5.0,2017-2018,5.481001733394949,ridge_expected_tuned
2017,Veszprém,barley,4.56,3.736,2017-2018,4.999548532311299,ridge_expected_tuned
2017,Veszprém,maize,5.46,5.544,2017-2018,6.639508509647578,ridge_expected_tuned
2017,Veszprém,wheat,4.55,4.26,2017-2018,5.48097406598546,ridge_expected_tuned
2017,Zala,barley,5.39,4.826,2017-2018,5.641891370956116,ridge_expected_tuned
2017,Zala,maize,6.67,6.512,2017-2018,7.162031387706904,ridge_expected_tuned
2017,Zala,wheat,5.5,5.214,2017-2018,6.07847701956131,ridge_expected_tuned
2018,Bács-Kiskun,barley,4.75,4.588,2017-2018,5.061596332228023,ridge_expected_tuned
2018,Bács-Kiskun,maize,7.99,6.492,2017-2018,6.917027669244723,ridge_expected_tuned
2018,Bács-Kiskun,wheat,5.05,5.032,2017-2018,5.5166454629204384,ridge_expected_tuned
2018,Baranya,barley,5.89,5.438,2017-2018,5.806679720229633,ridge_expected_tuned
2018,Baranya,maize,9.6,7.482,2017-2018,7.461169648130725,ridge_expected_tuned
2018,Baranya,wheat,6.09,5.994,2017-2018,6.298655815096493,ridge_expected_tuned
2018,Békés,barley,4.46,4.538,2017-2018,4.894174383614349,ridge_expected_tuned
2018,Békés,maize,8.36,6.838,2017-2018,7.019726291083019,ridge_expected_tuned
2018,Békés,wheat,5.1,4.85,2017-2018,5.305702449386884,ridge_expected_tuned
2018,Borsod-Abaúj-Zemplén,barley,4.74,4.604,2017-2018,4.4382164391638685,ridge_expected_tuned
2018,Borsod-Abaúj-Zemplén,maize,7.11,6.946,2017-2018,6.602208142011376,ridge_expected_tuned
2018,Borsod-Abaúj-Zemplén,wheat,5.01,5.062,2017-2018,4.89788144037809,ridge_expected_tuned
2018,Csongrád-Csanád,barley,4.66,4.298,2017-2018,4.7826211784648525,ridge_expected_tuned
2018,Csongrád-Csanád,maize,7.11,5.988,2017-2018,6.676813785973144,ridge_expected_tuned
2018,Csongrád-Csanád,wheat,4.94,4.772,2017-2018,5.247561460275423,ridge_expected_tuned
2018,Fejér,barley,5.48,5.438,2017-2018,5.205739293704681,ridge_expected_tuned
2018,Fejér,maize,10.06,7.314,2017-2018,7.0794769628092595,ridge_expected_tuned
2018,Fejér,wheat,5.82,5.674,2017-2018,5.59220977664456,ridge_expected_tuned
2018,Győr-Moson-Sopron,barley,4.53,4.674,2017-2018,5.052801757951836,ridge_expected_tuned
2018,Győr-Moson-Sopron,maize,8.36,6.728,2017-2018,6.940632011281789,ridge_expected_tuned
2018,Győr-Moson-Sopron,wheat,4.95,4.974,2017-2018,5.46037336327711,ridge_expected_tuned
2018,Hajdú-Bihar,barley,4.69,4.924,2017-2018,4.727074710138524,ridge_expected_tuned
2018,Hajdú-Bihar,maize,9.05,7.314,2017-2018,6.912538057041412,ridge_expected_tuned
2018,Hajdú-Bihar,wheat,5.32,5.284,2017-2018,5.154428617700107,ridge_expected_tuned
2018,Heves,barley,4.65,4.498,2017-2018,4.67939076035008,ridge_expected_tuned
2018,Heves,maize,7.53,5.374,2017-2018,6.286888271975926,ridge_expected_tuned
2018,Heves,wheat,4.76,4.632,2017-2018,5.0322313294882335,ridge_expected_tuned
2018,Jász-Nagykun-Szolnok,barley,4.49,4.6,2017-2018,4.504441471046468,ridge_expected_tuned
2018,Jász-Nagykun-Szolnok,maize,5.39,5.322,2017-2018,6.15617421096392,ridge_expected_tuned
2018,Jász-Nagykun-Szolnok,wheat,4.51,4.49,2017-2018,4.776834011090298,ridge_expected_tuned
2018,Komárom-Esztergom,barley,4.98,4.634,2017-2018,5.1447213687132916,ridge_expected_tuned
2018,Komárom-Esztergom,maize,9.18,6.614,2017-2018,6.9249395852084525,ridge_expected_tuned
2018,Komárom-Esztergom,wheat,5.32,4.888,2017-2018,5.537126542324062,ridge_expected_tuned
2018,Nógrád,barley,4.09,3.382,2017-2018,3.784572157409146,ridge_expected_tuned
2018,Nógrád,maize,6.09,4.338,2017-2018,5.337954068507617,ridge_expected_tuned
2018,Nógrád,wheat,4.86,4.204,2017-2018,4.364249792190309,ridge_expected_tuned
2018,Pest,barley,4.38,4.502,2017-2018,4.738168056565226,ridge_expected_tuned
2018,Pest,maize,8.39,6.218,2017-2018,6.617623611786561,ridge_expected_tuned
2018,Pest,wheat,4.77,4.706,2017-2018,5.114087978312407,ridge_expected_tuned
2018,Somogy,barley,4.89,5.064,2017-2018,5.546234522233928,ridge_expected_tuned
2018,Somogy,maize,10.13,7.748,2017-2018,7.3992098364090655,ridge_expected_tuned
2018,Somogy,wheat,5.39,5.602,2017-2018,6.032275926429896,ridge_expected_tuned
2018,Szabolcs-Szatmár-Bereg,barley,4.36,4.142,2017-2018,4.530239638317126,ridge_expected_tuned
2018,Szabolcs-Szatmár-Bereg,maize,6.93,6.658,2017-2018,6.6503327194435125,ridge_expected_tuned
2018,Szabolcs-Szatmár-Bereg,wheat,4.85,4.818,2017-2018,5.061780337656604,ridge_expected_tuned
2018,Tolna,barley,5.5,5.794,2017-2018,5.751236356494754,ridge_expected_tuned
2018,Tolna,maize,9.78,7.986,2017-2018,7.559350926089115,ridge_expected_tuned
2018,Tolna,wheat,5.88,6.108,2017-2018,6.1634238323418336,ridge_expected_tuned
2018,Vas,barley,4.2,4.626,2017-2018,5.0940631271544445,ridge_expected_tuned
2018,Vas,maize,7.91,7.102,2017-2018,7.1170211206519,ridge_expected_tuned
2018,Vas,wheat,5.11,5.246,2017-2018,5.607140344406701,ridge_expected_tuned
2018,Veszprém,barley,3.63,4.038,2017-2018,5.125452688139801,ridge_expected_tuned
2018,Veszprém,maize,7.75,5.822,2017-2018,6.821029604692254,ridge_expected_tuned
2018,Veszprém,wheat,4.58,4.53,2017-2018,5.596327660621265,ridge_expected_tuned
2018,Zala,barley,4.76,5.03,2017-2018,5.731585872965902,ridge_expected_tuned
2018,Zala,maize,9.59,6.938,2017-2018,7.38899854191086,ridge_expected_tuned
2018,Zala,wheat,5.13,5.408,2017-2018,6.164874471198378,ridge_expected_tuned
2019,Bács-Kiskun,barley,5.61,4.692,2019-2020,5.2354771819730095,ridge_expected_tuned
2019,Bács-Kiskun,maize,7.27,7.126,2019-2020,7.585699168847323,ridge_expected_tuned
2019,Bács-Kiskun,wheat,5.18,5.152,2019-2020,5.664995030158594,ridge_expected_tuned
2019,Baranya,barley,6.52,5.67,2019-2020,6.074284295783556,ridge_expected_tuned
2019,Baranya,maize,9.45,8.208,2019-2020,8.293414155008055,ridge_expected_tuned
2019,Baranya,wheat,6.19,6.114,2019-2020,6.496479187330428,ridge_expected_tuned
2019,Békés,barley,5.09,4.614,2019-2020,5.069131105257772,ridge_expected_tuned
2019,Békés,maize,8.12,7.328,2019-2020,7.690926850962869,ridge_expected_tuned
2019,Békés,wheat,4.59,4.938,2019-2020,5.436403822014297,ridge_expected_tuned
2019,Borsod-Abaúj-Zemplén,barley,5.27,4.88,2019-2020,4.727938691870017,ridge_expected_tuned
2019,Borsod-Abaúj-Zemplén,maize,8.67,7.172,2019-2020,7.178251808361139,ridge_expected_tuned
2019,Borsod-Abaúj-Zemplén,wheat,5.35,5.186,2019-2020,5.08697308240799,ridge_expected_tuned
2019,Csongrád-Csanád,barley,4.89,4.44,2019-2020,4.980666138072642,ridge_expected_tuned
2019,Csongrád-Csanád,maize,6.85,6.438,2019-2020,7.236794091634883,ridge_expected_tuned
2019,Csongrád-Csanád,wheat,4.45,4.81,2019-2020,5.368992355165466,ridge_expected_tuned
2019,Fejér,barley,6.22,5.63,2019-2020,5.5330305195903025,ridge_expected_tuned
2019,Fejér,maize,8.08,8.144,2019-2020,7.973658919864034,ridge_expected_tuned
2019,Fejér,wheat,5.59,5.816,2019-2020,5.837142735337929,ridge_expected_tuned
2019,Győr-Moson-Sopron,barley,5.46,4.88,2019-2020,5.236614092187625,ridge_expected_tuned
2019,Győr-Moson-Sopron,maize,6.32,7.294,2019-2020,7.579542527541971,ridge_expected_tuned
2019,Győr-Moson-Sopron,wheat,5.42,5.046,2019-2020,5.53157261213686,ridge_expected_tuned
2019,Hajdú-Bihar,barley,5.83,5.058,2019-2020,5.045756237340914,ridge_expected_tuned
2019,Hajdú-Bihar,maize,8.76,7.908,2019-2020,7.760280357156165,ridge_expected_tuned
2019,Hajdú-Bihar,wheat,5.44,5.408,2019-2020,5.424928758635348,ridge_expected_tuned
2019,Heves,barley,6.04,4.692,2019-2020,4.870832249400573,ridge_expected_tuned
2019,Heves,maize,8.71,6.006,2019-2020,6.830278425072834,ridge_expected_tuned
2019,Heves,wheat,5.44,4.738,2019-2020,5.110868594559461,ridge_expected_tuned
2019,Jász-Nagykun-Szolnok,barley,5.4,4.726,2019-2020,4.740476008306676,ridge_expected_tuned
2019,Jász-Nagykun-Szolnok,maize,6.2,5.6,2019-2020,6.563307910338729,ridge_expected_tuned
2019,Jász-Nagykun-Szolnok,wheat,4.98,4.564,2019-2020,4.885313917162297,ridge_expected_tuned
2019,Komárom-Esztergom,barley,5.75,4.83,2019-2020,5.250863083950712,ridge_expected_tuned
2019,Komárom-Esztergom,maize,7.5,7.304,2019-2020,7.570720890877657,ridge_expected_tuned
2019,Komárom-Esztergom,wheat,5.6,5.108,2019-2020,5.597082300370937,ridge_expected_tuned
2019,Nógrád,barley,4.38,3.642,2019-2020,3.9258089544629495,ridge_expected_tuned
2019,Nógrád,maize,6.74,4.96,2019-2020,5.769581865563501,ridge_expected_tuned
2019,Nógrád,wheat,5.59,4.396,2019-2020,4.489886130884884,ridge_expected_tuned
2019,Pest,barley,4.74,4.586,2019-2020,4.915676864198386,ridge_expected_tuned
2019,Pest,maize,7.65,6.962,2019-2020,7.319916537045378,ridge_expected_tuned
2019,Pest,wheat,4.74,4.806,2019-2020,5.235350362803278,ridge_expected_tuned
2019,Somogy,barley,6.44,5.154,2019-2020,5.797109911091505,ridge_expected_tuned
2019,Somogy,maize,9.72,8.718,2019-2020,8.442908215168359,ridge_expected_tuned
2019,Somogy,wheat,5.97,5.628,2019-2020,6.233035346335964,ridge_expected_tuned
2019,Szabolcs-Szatmár-Bereg,barley,4.92,4.21,2019-2020,4.708556573761918,ridge_expected_tuned
2019,Szabolcs-Szatmár-Bereg,maize,7.35,6.98,2019-2020,7.278023240676532,ridge_expected_tuned
2019,Szabolcs-Szatmár-Bereg,wheat,4.94,4.97,2019-2020,5.275379858923369,ridge_expected_tuned
2019,Tolna,barley,6.32,5.908,2019-2020,6.032068225551006,ridge_expected_tuned
2019,Tolna,maize,8.99,8.764,2019-2020,8.494022226697137,ridge_expected_tuned
2019,Tolna,wheat,5.92,6.142,2019-2020,6.358149311214771,ridge_expected_tuned
2019,Vas,barley,6.07,4.646,2019-2020,5.251045083515265,ridge_expected_tuned
2019,Vas,maize,8.48,7.702,2019-2020,7.845512243582366,ridge_expected_tuned
2019,Vas,wheat,5.96,5.35,2019-2020,5.792238020441221,ridge_expected_tuned
2019,Veszprém,barley,4.99,4.094,2019-2020,5.16902414775298,ridge_expected_tuned
2019,Veszprém,maize,6.94,6.458,2019-2020,7.418405089311735,ridge_expected_tuned
2019,Veszprém,wheat,4.93,4.598,2019-2020,5.618680126695025,ridge_expected_tuned
2019,Zala,barley,6.01,5.004,2019-2020,5.907860939595505,ridge_expected_tuned
2019,Zala,maize,8.76,7.756,2019-2020,8.209085321952807,ridge_expected_tuned
2019,Zala,wheat,5.79,5.408,2019-2020,6.311748439545594,ridge_expected_tuned
2020,Bács-Kiskun,barley,6.14,4.974,2019-2020,5.3951828224280085,ridge_expected_tuned
2020,Bács-Kiskun,maize,7.3,7.03,2019-2020,7.619179675123211,ridge_expected_tuned
2020,Bács-Kiskun,wheat,5.74,5.266,2019-2020,5.747809625907108,ridge_expected_tuned
2020,Baranya,barley,6.6,5.986,2019-2020,6.210401557483214,ridge_expected_tuned
2020,Baranya,maize,8.11,8.38,2019-2020,8.456802081928076,ridge_expected_tuned
2020,Baranya,wheat,6.38,6.186,2019-2020,6.520921360289715,ridge_expected_tuned
2020,Békés,barley,5.48,4.938,2019-2020,5.2785442075408415,ridge_expected_tuned
2020,Békés,maize,9.1,7.428,2019-2020,7.807021786242215,ridge_expected_tuned
2020,Békés,wheat,5.36,5.094,2019-2020,5.568925879590881,ridge_expected_tuned
2020,Borsod-Abaúj-Zemplén,barley,5.46,5.012,2019-2020,4.815081867083423,ridge_expected_tuned
2020,Borsod-Abaúj-Zemplén,maize,9.17,7.354,2019-2020,7.334598545820066,ridge_expected_tuned
2020,Borsod-Abaúj-Zemplén,wheat,5.34,5.296,2019-2020,5.164047192243165,ridge_expected_tuned
2020,Csongrád-Csanád,barley,4.67,4.628,2019-2020,5.128217542502898,ridge_expected_tuned
2020,Csongrád-Csanád,maize,7.61,6.428,2019-2020,7.3117830823634264,ridge_expected_tuned
2020,Csongrád-Csanád,wheat,4.62,4.902,2019-2020,5.472606019763445,ridge_expected_tuned
2020,Fejér,barley,5.98,5.846,2019-2020,5.66567339260528,ridge_expected_tuned
2020,Fejér,maize,7.74,8.084,2019-2020,8.012727658489373,ridge_expected_tuned
2020,Fejér,wheat,5.59,5.806,2019-2020,5.866348845831086,ridge_expected_tuned
2020,Győr-Moson-Sopron,barley,5.14,4.98,2019-2020,5.29281642948772,ridge_expected_tuned
2020,Győr-Moson-Sopron,maize,7.21,6.92,2019-2020,7.4281589649120985,ridge_expected_tuned
2020,Győr-Moson-Sopron,wheat,5.24,5.082,2019-2020,5.5584831228821034,ridge_expected_tuned
2020,Hajdú-Bihar,barley,6.26,5.292,2019-2020,5.206347835979641,ridge_expected_tuned
2020,Hajdú-Bihar,maize,10.08,8.276,2019-2020,7.993361457175851,ridge_expected_tuned
2020,Hajdú-Bihar,wheat,5.54,5.488,2019-2020,5.5150368996264625,ridge_expected_tuned
2020,Heves,barley,5.64,5.086,2019-2020,5.07520489566232,ridge_expected_tuned
2020,Heves,maize,6.61,6.584,2019-2020,7.165145778702254,ridge_expected_tuned
2020,Heves,wheat,4.98,4.986,2019-2020,5.248419261492953,ridge_expected_tuned
2020,Jász-Nagykun-Szolnok,barley,5.51,4.974,2019-2020,4.899308241076506,ridge_expected_tuned
2020,Jász-Nagykun-Szolnok,maize,6.92,5.676,2019-2020,6.663317832864444,ridge_expected_tuned
2020,Jász-Nagykun-Szolnok,wheat,5.13,4.786,2019-2020,5.032246345394219,ridge_expected_tuned
2020,Komárom-Esztergom,barley,5.36,5.14,2019-2020,5.426337339415182,ridge_expected_tuned
2020,Komárom-Esztergom,maize,7.83,7.438,2019-2020,7.684548814565982,ridge_expected_tuned
2020,Komárom-Esztergom,wheat,5.19,5.324,2019-2020,5.72953418558297,ridge_expected_tuned
2020,Nógrád,barley,3.94,3.91,2019-2020,4.04777948232506,ridge_expected_tuned
2020,Nógrád,maize,6.39,5.508,2019-2020,6.08051970685975,ridge_expected_tuned
2020,Nógrád,wheat,5.11,4.73,2019-2020,4.642063854881685,ridge_expected_tuned
2020,Pest,barley,4.78,4.642,2019-2020,4.974784244073563,ridge_expected_tuned
2020,Pest,maize,8.22,7.022,2019-2020,7.422957758584561,ridge_expected_tuned
2020,Pest,wheat,4.58,4.826,2019-2020,5.27798109024135,ridge_expected_tuned
2020,Somogy,barley,6.22,5.482,2019-2020,5.934385952996576,ridge_expected_tuned
2020,Somogy,maize,10.3,8.86,2019-2020,8.55640690091921,ridge_expected_tuned
2020,Somogy,wheat,6.32,5.722,2019-2020,6.263213147399858,ridge_expected_tuned
2020,Szabolcs-Szatmár-Bereg,barley,4.91,4.46,2019-2020,4.873901577339619,ridge_expected_tuned
2020,Szabolcs-Szatmár-Bereg,maize,8.47,6.864,2019-2020,7.27762377950548,ridge_expected_tuned
2020,Szabolcs-Szatmár-Bereg,wheat,5.06,5.0,2019-2020,5.340034208718768,ridge_expected_tuned
2020,Tolna,barley,6.86,6.048,2019-2020,6.115086899407269,ridge_expected_tuned
2020,Tolna,maize,9.42,8.724,2019-2020,8.555471752654185,ridge_expected_tuned
2020,Tolna,wheat,6.19,6.156,2019-2020,6.3834997015411705,ridge_expected_tuned
2020,Vas,barley,5.79,4.95,2019-2020,5.408436616175508,ridge_expected_tuned
2020,Vas,maize,9.77,7.66,2019-2020,7.853094496449284,ridge_expected_tuned
2020,Vas,wheat,6.23,5.518,2019-2020,5.887384421672404,ridge_expected_tuned
2020,Veszprém,barley,5.22,4.298,2019-2020,5.249048903182049,ridge_expected_tuned
2020,Veszprém,maize,7.84,6.452,2019-2020,7.441351854998343,ridge_expected_tuned
2020,Veszprém,wheat,5.08,4.722,2019-2020,5.6620900989305305,ridge_expected_tuned
2020,Zala,barley,6.08,5.248,2019-2020,6.015051586833582,ridge_expected_tuned
2020,Zala,maize,9.72,7.938,2019-2020,8.315775588824778,ridge_expected_tuned
2020,Zala,wheat,6.41,5.524,2019-2020,6.360355433673968,ridge_expected_tuned
2021,Bács-Kiskun,barley,6.6,5.244,2021-2022,5.460454013249567,ridge_expected_tuned
2021,Bács-Kiskun,maize,5.19,7.37,2021-2022,7.655307468656794,ridge_expected_tuned
2021,Bács-Kiskun,wheat,5.78,5.408,2021-2022,5.6546554253468315,ridge_expected_tuned
2021,Baranya,barley,6.99,6.294,2021-2022,6.455979552212102,ridge_expected_tuned
2021,Baranya,maize,6.67,8.688,2021-2022,8.69142407039591,ridge_expected_tuned
2021,Baranya,wheat,6.14,6.306,2021-2022,6.564388089096298,ridge_expected_tuned
2021,Békés,barley,6.39,5.036,2021-2022,5.3570981294841795,ridge_expected_tuned
2021,Békés,maize,5.21,7.998,2021-2022,8.159747940512666,ridge_expected_tuned
2021,Békés,wheat,6.48,5.082,2021-2022,5.484697177929193,ridge_expected_tuned
2021,Borsod-Abaúj-Zemplén,barley,6.08,5.188,2021-2022,5.02812670082332,ridge_expected_tuned
2021,Borsod-Abaúj-Zemplén,maize,7.21,8.202,2021-2022,7.901629932058059,ridge_expected_tuned
2021,Borsod-Abaúj-Zemplén,wheat,5.69,5.368,2021-2022,5.231358941890381,ridge_expected_tuned
2021,Csongrád-Csanád,barley,6.56,4.688,2021-2022,5.119975155444399,ridge_expected_tuned
2021,Csongrád-Csanád,maize,4.32,6.906,2021-2022,7.473677865349039,ridge_expected_tuned
2021,Csongrád-Csanád,wheat,5.95,4.844,2021-2022,5.309661153056766,ridge_expected_tuned
2021,Fejér,barley,7.09,5.884,2021-2022,5.776284578946602,ridge_expected_tuned
2021,Fejér,maize,5.88,8.39,2021-2022,8.171854381933196,ridge_expected_tuned
2021,Fejér,wheat,5.78,5.75,2021-2022,5.802286801481403,ridge_expected_tuned
2021,Győr-Moson-Sopron,barley,6.09,5.03,2021-2022,5.414191243276027,ridge_expected_tuned
2021,Győr-Moson-Sopron,maize,7.56,7.26,2021-2022,7.5612111856637085,ridge_expected_tuned
2021,Győr-Moson-Sopron,wheat,5.58,5.096,2021-2022,5.553078827933286,ridge_expected_tuned
2021,Hajdú-Bihar,barley,7.19,5.538,2021-2022,5.5015441132008265,ridge_expected_tuned
2021,Hajdú-Bihar,maize,6.78,9.078,2021-2022,8.640260247135796,ridge_expected_tuned
2021,Hajdú-Bihar,wheat,6.79,5.566,2021-2022,5.618983479054818,ridge_expected_tuned
2021,Heves,barley,6.14,5.306,2021-2022,5.291047721288475,ridge_expected_tuned
2021,Heves,maize,6.28,7.13,2021-2022,7.451074661959398,ridge_expected_tuned
2021,Heves,wheat,5.67,5.006,2021-2022,5.223355093261635,ridge_expected_tuned
2021,Jász-Nagykun-Szolnok,barley,5.92,5.148,2021-2022,5.074336434261917,ridge_expected_tuned
2021,Jász-Nagykun-Szolnok,maize,5.16,6.154,2021-2022,6.800872683635281,ridge_expected_tuned
2021,Jász-Nagykun-Szolnok,wheat,5.59,4.866,2021-2022,5.016803488826097,ridge_expected_tuned
2021,Komárom-Esztergom,barley,6.31,5.216,2021-2022,5.445801727585338,ridge_expected_tuned
2021,Komárom-Esztergom,maize,7.85,7.778,2021-2022,7.789048353804095,ridge_expected_tuned
2021,Komárom-Esztergom,wheat,6.24,5.262,2021-2022,5.573400776030351,ridge_expected_tuned
2021,Nógrád,barley,4.88,4.056,2021-2022,4.089671755237314,ridge_expected_tuned
2021,Nógrád,maize,5.78,6.078,2021-2022,6.255674499419911,ridge_expected_tuned
2021,Nógrád,wheat,5.05,4.94,2021-2022,4.69026047097543,ridge_expected_tuned
2021,Pest,barley,5.69,4.688,2021-2022,4.9901547572194955,ridge_expected_tuned
2021,Pest,maize,6.09,7.566,2021-2022,7.665695249814031,ridge_expected_tuned
2021,Pest,wheat,5.57,4.76,2021-2022,5.132428902740428,ridge_expected_tuned
2021,Somogy,barley,6.64,5.852,2021-2022,6.223985722531294,ridge_expected_tuned
2021,Somogy,maize,6.16,9.54,2021-2022,9.089943210862724,ridge_expected_tuned
2021,Somogy,wheat,6.16,5.88,2021-2022,6.341425088385286,ridge_expected_tuned
2021,Szabolcs-Szatmár-Bereg,barley,5.34,4.636,2021-2022,5.05040898103478,ridge_expected_tuned
2021,Szabolcs-Szatmár-Bereg,maize,6.89,7.834,2021-2022,7.926553635082316,ridge_expected_tuned
2021,Szabolcs-Szatmár-Bereg,wheat,5.91,5.036,2021-2022,5.377815120436545,ridge_expected_tuned
2021,Tolna,barley,7.08,6.282,2021-2022,6.279074014926485,ridge_expected_tuned
2021,Tolna,maize,4.93,9.14,2021-2022,8.812800526038076,ridge_expected_tuned
2021,Tolna,wheat,5.98,6.178,2021-2022,6.322009041779655,ridge_expected_tuned
2021,Vas,barley,5.81,5.17,2021-2022,5.684209931511459,ridge_expected_tuned
2021,Vas,maize,8.23,8.392,2021-2022,8.340532639282046,ridge_expected_tuned
2021,Vas,wheat,5.95,5.716,2021-2022,6.094022385262619,ridge_expected_tuned
2021,Veszprém,barley,5.54,4.56,2021-2022,5.362484122013753,ridge_expected_tuned
2021,Veszprém,maize,5.36,6.976,2021-2022,7.579386003251651,ridge_expected_tuned
2021,Veszprém,wheat,5.26,4.842,2021-2022,5.623287897763268,ridge_expected_tuned
2021,Zala,barley,6.13,5.544,2021-2022,6.299999697211578,ridge_expected_tuned
2021,Zala,maize,7.32,8.622,2021-2022,8.756567977011098,ridge_expected_tuned
2021,Zala,wheat,6.32,5.754,2021-2022,6.520164742597007,ridge_expected_tuned
2022,Bács-Kiskun,barley,4.87,5.624,2021-2022,5.558017502645318,ridge_expected_tuned
2022,Bács-Kiskun,maize,3.81,6.788,2021-2022,7.133581858542506,ridge_expected_tuned
2022,Bács-Kiskun,wheat,4.46,5.48,2021-2022,5.578375457073996,ridge_expected_tuned
2022,Baranya,barley,6.19,6.48,2021-2022,6.4651487794665465,ridge_expected_tuned
2022,Baranya,maize,4.7,8.218,2021-2022,8.237529430254863,ridge_expected_tuned
2022,Baranya,wheat,5.46,6.25,2021-2022,6.436966028182566,ridge_expected_tuned
2022,Békés,barley,4.1,5.288,2021-2022,5.394619867663425,ridge_expected_tuned
2022,Békés,maize,1.85,7.294,2021-2022,7.53462885857757,ridge_expected_tuned
2022,Békés,wheat,3.84,5.376,2021-2022,5.545924842154156,ridge_expected_tuned
2022,Borsod-Abaúj-Zemplén,barley,5.05,5.416,2021-2022,5.03286358254807,ridge_expected_tuned
2022,Borsod-Abaúj-Zemplén,maize,3.03,7.936,2021-2022,7.506928536450237,ridge_expected_tuned
2022,Borsod-Abaúj-Zemplén,wheat,4.42,5.41,2021-2022,5.131112436841244,ridge_expected_tuned
2022,Csongrád-Csanád,barley,4.47,5.144,2021-2022,5.28085671153836,ridge_expected_tuned
2022,Csongrád-Csanád,maize,1.9,6.282,2021-2022,6.902849535986003,ridge_expected_tuned
2022,Csongrád-Csanád,wheat,3.54,5.074,2021-2022,5.342982249952347,ridge_expected_tuned
2022,Fejér,barley,5.58,6.132,2021-2022,5.793391101578236,ridge_expected_tuned
2022,Fejér,maize,2.56,7.692,2021-2022,7.59692239614119,ridge_expected_tuned
2022,Fejér,wheat,5.47,5.646,2021-2022,5.620715086777508,ridge_expected_tuned
2022,Győr-Moson-Sopron,barley,5.36,5.23,2021-2022,5.384151139726088,ridge_expected_tuned
2022,Győr-Moson-Sopron,maize,4.81,7.026,2021-2022,7.2453687398265245,ridge_expected_tuned
2022,Győr-Moson-Sopron,wheat,5.21,5.192,2021-2022,5.464338336079669,ridge_expected_tuned
2022,Hajdú-Bihar,barley,4.15,5.914,2021-2022,5.5928957338278105,ridge_expected_tuned
2022,Hajdú-Bihar,maize,2.52,8.52,2021-2022,8.072865069207682,ridge_expected_tuned
2022,Hajdú-Bihar,wheat,3.48,5.83,2021-2022,5.647119296893226,ridge_expected_tuned
2022,Heves,barley,3.89,5.562,2021-2022,5.305125213626369,ridge_expected_tuned
2022,Heves,maize,1.52,6.964,2021-2022,7.13461857601621,ridge_expected_tuned
2022,Heves,wheat,3.28,5.198,2021-2022,5.201309269720342,ridge_expected_tuned
2022,Jász-Nagykun-Szolnok,barley,3.34,5.356,2021-2022,5.076030503528106,ridge_expected_tuned
2022,Jász-Nagykun-Szolnok,maize,2.23,5.828,2021-2022,6.390532512343745,ridge_expected_tuned
2022,Jász-Nagykun-Szolnok,wheat,3.0,5.08,2021-2022,5.021884118955961,ridge_expected_tuned
2022,Komárom-Esztergom,barley,4.8,5.462,2021-2022,5.435416091924507,ridge_expected_tuned
2022,Komárom-Esztergom,maize,2.73,7.68,2021-2022,7.531629717519846,ridge_expected_tuned
2022,Komárom-Esztergom,wheat,4.62,5.426,2021-2022,5.516732141899312,ridge_expected_tuned
2022,Nógrád,barley,3.88,4.232,2021-2022,4.050041299404462,ridge_expected_tuned
2022,Nógrád,maize,2.65,5.976,2021-2022,5.973103816340533,ridge_expected_tuned
2022,Nógrád,wheat,3.57,5.03,2021-2022,4.602089309429921,ridge_expected_tuned
2022,Pest,barley,3.49,4.898,2021-2022,4.973604645087783,ridge_expected_tuned
2022,Pest,maize,1.55,7.302,2021-2022,7.314940030249369,ridge_expected_tuned
2022,Pest,wheat,3.43,4.924,2021-2022,5.089915157320551,ridge_expected_tuned
2022,Somogy,barley,5.88,5.994,2021-2022,6.193611452210202,ridge_expected_tuned
2022,Somogy,maize,5.75,8.848,2021-2022,8.510021175579594,ridge_expected_tuned
2022,Somogy,wheat,6.0,5.876,2021-2022,6.2286445037148,ridge_expected_tuned
2022,Szabolcs-Szatmár-Bereg,barley,4.41,4.806,2021-2022,5.045121681124245,ridge_expected_tuned
2022,Szabolcs-Szatmár-Bereg,maize,2.51,7.518,2021-2022,7.493319113950818,ridge_expected_tuned
2022,Szabolcs-Szatmár-Bereg,wheat,4.09,5.248,2021-2022,5.396233746571728,ridge_expected_tuned
2022,Tolna,barley,6.2,6.438,2021-2022,6.2497005276153335,ridge_expected_tuned
2022,Tolna,maize,4.18,8.236,2021-2022,8.123978790563811,ridge_expected_tuned
2022,Tolna,wheat,6.12,6.096,2021-2022,6.158301973542777,ridge_expected_tuned
2022,Vas,barley,5.72,5.382,2021-2022,5.648926906155873,ridge_expected_tuned
2022,Vas,maize,5.95,8.278,2021-2022,8.089905161324229,ridge_expected_tuned
2022,Vas,wheat,6.29,5.694,2021-2022,5.926663486223758,ridge_expected_tuned
2022,Veszprém,barley,4.78,4.788,2021-2022,5.343515019260746,ridge_expected_tuned
2022,Veszprém,maize,4.2,6.67,2021-2022,7.228140304520316,ridge_expected_tuned
2022,Veszprém,wheat,4.79,4.88,2021-2022,5.497077700993924,ridge_expected_tuned
2022,Zala,barley,5.5,5.674,2021-2022,6.232239171424887,ridge_expected_tuned
2022,Zala,maize,7.14,8.412,2021-2022,8.45760389622419,ridge_expected_tuned
2022,Zala,wheat,6.0,5.83,2021-2022,6.421925169037252,ridge_expected_tuned
