configuration_id,fold,train_start,train_end,validation_start,validation_end,crop,records,mae,rmse,r2,bias,baseline_mae,baseline_rmse
1,1,2005,2014,2015,2016,ALL,114,1.0497887825547603,1.1884979239879374,0.2842447871422279,-0.992087223655299,1.1329298245614035,1.3605235447391102
1,1,2005,2014,2015,2016,barley,38,0.8603623259694956,0.954717940209313,-1.3416084834933728,-0.8603623259694956,0.9384736842105265,0.9997013764646236
1,1,2005,2014,2015,2016,maize,38,1.2833630983453046,1.477464692405766,0.23968712373232348,-1.1102584216469211,1.5505263157894733,1.912135482977908
1,1,2005,2014,2015,2016,wheat,38,1.005640923349481,1.0692023584465826,-2.5242288027522437,-1.005640923349481,0.9097894736842104,0.9473162090875463
1,2,2005,2016,2017,2018,ALL,114,0.8484246377777636,1.2040526373360363,0.295382138787215,-0.8041544683356034,0.7088947368421055,0.9635267273853719
1,2,2005,2016,2017,2018,barley,38,0.48976910064094953,0.6250423060119825,0.006635476824210507,-0.40358357404407696,0.5816315789473684,0.7006516515659585
1,2,2005,2016,2017,2018,maize,38,1.5670323994285182,1.8924172312319625,-0.7229163639435736,-1.5371470601935138,1.1426842105263155,1.4097880766457884
1,2,2005,2016,2017,2018,wheat,38,0.48847241326382296,0.6142535299525512,-0.5239059503015353,-0.4717327707692197,0.4023684210526317,0.5538376163309584
1,3,2005,2018,2019,2020,ALL,114,0.7206323196176897,0.8975867730519649,0.6288804813570887,-0.6765357215780962,0.6385964912280702,0.8240232069632719
1,3,2005,2018,2019,2020,barley,38,0.7322505843011955,0.8380190314382063,-0.6245269134167235,-0.7301589938213949,0.6510526315789474,0.7400854858161924
1,3,2005,2018,2019,2020,maize,38,0.9340992024070339,1.1707142419529633,-0.10847214023658625,-0.9035880219308955,0.9531578947368423,1.151337985951448
1,3,2005,2018,2019,2020,wheat,38,0.49554717214483984,0.5866330301895619,-0.22803272546324194,-0.395860148981998,0.31157894736842096,0.4046443532678776
1,4,2005,2020,2021,2022,ALL,114,1.2654163176553292,1.714363670243629,-0.4412329908926915,0.677978149213289,1.4767719298245612,2.0633381911911752
1,4,2005,2020,2021,2022,barley,38,0.7893554587113227,0.9038736024292285,0.22591509457502923,-0.25065502066361267,0.8475263157894738,0.9902519084077864
1,4,2005,2020,2021,2022,maize,38,2.2796136158391045,2.676331989890674,-0.8989704442277042,2.1871027831027376,2.8119473684210528,3.289523833722987
1,4,2005,2020,2021,2022,wheat,38,0.7272798784155596,0.9150890515534832,0.21074272889186918,0.09748668520074137,0.7708421052631579,0.9851535814010772
2,1,2005,2014,2015,2016,ALL,114,1.0776125275461297,1.2251160675167272,0.2394598672098477,-1.0095323027225962,1.1329298245614035,1.3605235447391102
2,1,2005,2014,2015,2016,barley,38,0.9037098603499562,1.006452662956986,-1.602260816565769,-0.9037098603499562,0.9384736842105265,0.9997013764646236
2,1,2005,2014,2015,2016,maize,38,1.2571183445579126,1.4753004063052777,0.24191300345139477,-1.0528776700873121,1.5505263157894733,1.912135482977908
2,1,2005,2014,2015,2016,wheat,38,1.0720093777305202,1.14597987986056,-3.048538425502854,-1.0720093777305202,0.9097894736842104,0.9473162090875463
2,2,2005,2016,2017,2018,ALL,114,0.8683474960661771,1.2429028320431132,0.2491778843350544,-0.8225766494817901,0.7088947368421055,0.9635267273853719
2,2,2005,2016,2017,2018,barley,38,0.4531797102877969,0.5811651960330876,0.14120597439902893,-0.3767888204674971,0.5816315789473684,0.7006516515659585
2,2,2005,2016,2017,2018,maize,38,1.6546456648174086,1.9777057025118114,-0.8817145359909118,-1.619200796830027,1.1426842105263155,1.4097880766457884
2,2,2005,2016,2017,2018,wheat,38,0.497217113093326,0.620765268740495,-0.5563872487603425,-0.47174033114784647,0.4023684210526317,0.5538376163309584
2,3,2005,2018,2019,2020,ALL,114,0.7019649402718794,0.8929627525122105,0.6326943611466855,-0.6435245695448759,0.6385964912280702,0.8240232069632719
2,3,2005,2018,2019,2020,barley,38,0.6726837446815089,0.7864379944227088,-0.4306984988173659,-0.6692524204756083,0.6510526315789474,0.7400854858161924
2,3,2005,2018,2019,2020,maize,38,0.9793624175222297,1.214052061465747,-0.19205858664004993,-0.9444245318362589,0.9531578947368423,1.151337985951448
2,3,2005,2018,2019,2020,wheat,38,0.45384865861190005,0.5474854382553995,-0.0696016422845469,-0.3168967563227604,0.31157894736842096,0.4046443532678776
2,4,2005,2020,2021,2022,ALL,114,1.2642768135405422,1.7204128442244673,-0.451421786389131,0.7159692253982812,1.4767719298245612,2.0633381911911752
2,4,2005,2020,2021,2022,barley,38,0.7780915069580077,0.8970376099060712,0.23757961999203836,-0.20481244840120003,0.8475263157894738,0.9902519084077864
2,4,2005,2020,2021,2022,maize,38,2.298827756580553,2.6879934519952386,-0.9155550960352241,2.210379250175074,2.8119473684210528,3.289523833722987
2,4,2005,2020,2021,2022,wheat,38,0.7159111770830657,0.9216701102684658,0.19934968283040588,0.14234087442096907,0.7708421052631579,0.9851535814010772
3,1,2005,2014,2015,2016,ALL,114,1.068827068680211,1.2051489187290196,0.2640486680187465,-1.0084712752124718,1.1329298245614035,1.3605235447391102
3,1,2005,2014,2015,2016,barley,38,0.8965191309075605,0.9901218782001937,-1.5184969532252355,-0.8965191309075605,0.9384736842105265,0.9997013764646236
3,1,2005,2014,2015,2016,maize,38,1.2812553651709304,1.4812929768441314,0.2357418992645921,-1.1001879847677127,1.5505263157894733,1.912135482977908
3,1,2005,2014,2015,2016,wheat,38,1.028706709962142,1.0874656463552068,-2.6456533635036394,-1.028706709962142,0.9097894736842104,0.9473162090875463
3,2,2005,2016,2017,2018,ALL,114,0.8773891258239747,1.2374199688088412,0.2557875321552817,-0.8315231477168569,0.7088947368421055,0.9635267273853719
3,2,2005,2016,2017,2018,barley,38,0.5062070013347426,0.6378138349056385,-0.0343742228795858,-0.41274704782586347,0.5816315789473684,0.7006516515659585
3,2,2005,2016,2017,2018,maize,38,1.6401648014470152,1.9494652574177609,-0.8283587215923103,-1.6114882444080556,1.1426842105263155,1.4097880766457884
3,2,2005,2016,2017,2018,wheat,38,0.48579557469016643,0.6216134327254248,-0.5606432002370942,-0.4703341509166517,0.4023684210526317,0.5538376163309584
3,3,2005,2018,2019,2020,ALL,114,0.7046422956700911,0.8982199263227458,0.6283567249483994,-0.6459325909196285,0.6385964912280702,0.8240232069632719
3,3,2005,2018,2019,2020,barley,38,0.6887128358138234,0.796099440894205,-0.46606688889029324,-0.6833029857434724,0.6510526315789474,0.7400854858161924
3,3,2005,2018,2019,2020,maize,38,0.9655531536905391,1.2189492820740935,-0.20169499057085072,-0.9168637832842377,0.9531578947368423,1.151337985951448
3,3,2005,2018,2019,2020,wheat,38,0.4596608975059109,0.5484390905731492,-0.07333111669848025,-0.33763100373117555,0.31157894736842096,0.4046443532678776
3,4,2005,2020,2021,2022,ALL,114,1.2228922517676104,1.6563938773912248,-0.3454126857919364,0.641480811436971,1.4767719298245612,2.0633381911911752
3,4,2005,2020,2021,2022,barley,38,0.7673382558320697,0.8837139829738109,0.2600597592899391,-0.2513132818121658,0.8475263157894738,0.9902519084077864
3,4,2005,2020,2021,2022,maize,38,2.1894822702909766,2.5781344472911965,-0.7621763094025271,2.085532013742547,2.8119473684210528,3.289523833722987
3,4,2005,2020,2021,2022,wheat,38,0.711856229179784,0.8962111353718424,0.24297095176429384,0.09022370238053166,0.7708421052631579,0.9851535814010772
4,1,2005,2014,2015,2016,ALL,114,1.0700770240917539,1.2111953537266824,0.25664535922561127,-1.0060000352692184,1.1329298245614035,1.3605235447391102
4,1,2005,2014,2015,2016,barley,38,0.9008600995415135,1.005385144773535,-1.5967434433467877,-0.9008600995415135,0.9384736842105265,0.9997013764646236
4,1,2005,2014,2015,2016,maize,38,1.241338347886738,1.4437830704430592,0.2739575505325407,-1.0491073814191314,1.5505263157894733,1.912135482977908
4,1,2005,2014,2015,2016,wheat,38,1.0680326248470107,1.1426608030548788,-3.025120997360416,-1.0680326248470107,0.9097894736842104,0.9473162090875463
4,2,2005,2016,2017,2018,ALL,114,0.8711710468928019,1.235164202246896,0.25849839746807557,-0.8301557230531124,0.7088947368421055,0.9635267273853719
4,2,2005,2016,2017,2018,barley,38,0.4666646776701276,0.5936291486238214,0.1039747384037435,-0.39736458226254107,0.5816315789473684,0.7006516515659585
4,2,2005,2016,2017,2018,maize,38,1.6351948999103747,1.9561644085168732,-0.8409462725722803,-1.6004835329557723,1.1426842105263155,1.4097880766457884
4,2,2005,2016,2017,2018,wheat,38,0.5116535630979037,0.6308066742613154,-0.6071462616913224,-0.492619053941024,0.4023684210526317,0.5538376163309584
4,3,2005,2018,2019,2020,ALL,114,0.7194106245877449,0.9148149721345049,0.6144972899057378,-0.6583765140332675,0.6385964912280702,0.8240232069632719
4,3,2005,2018,2019,2020,barley,38,0.681560815008063,0.7973764383024214,-0.470774002247601,-0.6772567282224955,0.6510526315789474,0.7400854858161924
4,3,2005,2018,2019,2020,maize,38,1.0116112307498333,1.2503763935475094,-0.26445829736742965,-0.9738870952003882,0.9531578947368423,1.151337985951448
4,3,2005,2018,2019,2020,wheat,38,0.46505982800533907,0.5580403120058923,-0.1112405014217539,-0.3239857186769185,0.31157894736842096,0.4046443532678776
4,4,2005,2020,2021,2022,ALL,114,1.248790937557555,1.6801687921395434,-0.3843124115911569,0.6773835290942276,1.4767719298245612,2.0633381911911752
4,4,2005,2020,2021,2022,barley,38,0.7918291493466025,0.917701753569129,0.20204882990323214,-0.2225291071440043,0.8475263157894738,0.9902519084077864
4,4,2005,2020,2021,2022,maize,38,2.2253021521317327,2.6011353888439257,-0.7937592371975601,2.133881544815866,2.8119473684210528,3.289523833722987
4,4,2005,2020,2021,2022,wheat,38,0.7292415111943297,0.9278036918652897,0.1886577996749238,0.12079814961082053,0.7708421052631579,0.9851535814010772
5,1,2005,2014,2015,2016,ALL,114,1.0448572950195847,1.1763363346694877,0.29881811403963265,-0.9962117270419472,1.1329298245614035,1.3605235447391102
5,1,2005,2014,2015,2016,barley,38,0.8888256582460904,0.9717983217776911,-1.4261430565392597,-0.8888256582460904,0.9384736842105265,0.9997013764646236
5,1,2005,2014,2015,2016,maize,38,1.2923325558712606,1.474145987909725,0.24309894113496444,-1.146395851938348,1.5505263157894733,1.912135482977908
5,1,2005,2014,2015,2016,wheat,38,0.9534136709414031,1.0167611051326944,-2.1870004819552893,-0.9534136709414031,0.9097894736842104,0.9473162090875463
5,2,2005,2016,2017,2018,ALL,114,0.8337631284144889,1.1640255026378854,0.34145161055864937,-0.7791316813753363,0.7088947368421055,0.9635267273853719
5,2,2005,2016,2017,2018,barley,38,0.5083748556438246,0.6397114239776747,-0.04053820662448726,-0.39791387357209856,0.5816315789473684,0.7006516515659585
5,2,2005,2016,2017,2018,maize,38,1.5574556270398592,1.824907841126586,-0.6021836026283378,-1.5395221358851385,1.1426842105263155,1.4097880766457884
5,2,2005,2016,2017,2018,wheat,38,0.4354589025597823,0.5703917757132412,-0.3140423215636112,-0.3999590346687719,0.4023684210526317,0.5538376163309584
5,3,2005,2018,2019,2020,ALL,114,0.7278016076171607,0.8875780137538292,0.6371108533458609,-0.6739311324504385,0.6385964912280702,0.8240232069632719
5,3,2005,2018,2019,2020,barley,38,0.8099771085538362,0.9073868114925999,-0.9046012843378366,-0.803955830774809,0.6510526315789474,0.7400854858161924
5,3,2005,2018,2019,2020,maize,38,0.8662626266479493,1.0808196508299392,0.055222714632904846,-0.8191445029409309,0.9531578947368423,1.151337985951448
5,3,2005,2018,2019,2020,wheat,38,0.5071650876496969,0.6098050903417574,-0.32696359020042043,-0.3986930636355753,0.31157894736842096,0.4046443532678776
5,4,2005,2020,2021,2022,ALL,114,1.2447804369006241,1.7348583584679047,-0.4758979547972615,0.7851100193826777,1.4767719298245612,2.0633381911911752
5,4,2005,2020,2021,2022,barley,38,0.6831935897626374,0.7877575343901934,0.4120257267382177,-0.1820117142325953,0.8475263157894738,0.9902519084077864
5,4,2005,2020,2021,2022,maize,38,2.422387921684666,2.7794571680540003,-1.0481332436041026,2.372703917152003,2.8119473684210528,3.289523833722987
5,4,2005,2020,2021,2022,wheat,38,0.628759799254568,0.8265933037489342,0.35601516804129507,0.1646378552286248,0.7708421052631579,0.9851535814010772
6,1,2005,2014,2015,2016,ALL,114,1.0482652144683036,1.196260371513788,0.27486461712096655,-0.9859405479933087,1.1329298245614035,1.3605235447391102
6,1,2005,2014,2015,2016,barley,38,0.8962537271098086,0.9924196980379739,-1.5302000930562691,-0.8962537271098086,0.9384736842105265,0.9997013764646236
6,1,2005,2014,2015,2016,maize,38,1.2745269037547864,1.4835971918840163,0.23336237717817854,-1.0875529043298016,1.5505263157894733,1.912135482977908
6,1,2005,2014,2015,2016,wheat,38,0.9740150125403154,1.0522163012152002,-2.4131418003808385,-0.9740150125403154,0.9097894736842104,0.9473162090875463
6,2,2005,2016,2017,2018,ALL,114,0.8530973041266726,1.210477548409721,0.28784229303253317,-0.797350575129191,0.7088947368421055,0.9635267273853719
6,2,2005,2016,2017,2018,barley,38,0.4637981668271517,0.5842272361189023,0.13213251534229176,-0.36733571830548734,0.5816315789473684,0.7006516515659585
6,2,2005,2016,2017,2018,maize,38,1.6498937441173354,1.931978614128305,-0.7957051891802704,-1.625329823242991,1.1426842105263155,1.4097880766457884
6,2,2005,2016,2017,2018,wheat,38,0.4456000014355309,0.567366598188303,-0.3001407548325492,-0.3993861838390953,0.4023684210526317,0.5538376163309584
6,3,2005,2018,2019,2020,ALL,114,0.7616296196820442,0.9334819658594485,0.5986042478194629,-0.7023919989769919,0.6385964912280702,0.8240232069632719
6,3,2005,2018,2019,2020,barley,38,0.7849131044588591,0.8975061687300815,-0.86334825925296,-0.777728519690664,0.6510526315789474,0.7400854858161924
6,3,2005,2018,2019,2020,maize,38,0.9847300077739517,1.1928682393666181,-0.15082140179621395,-0.9370822685643247,0.9531578947368423,1.151337985951448
6,3,2005,2018,2019,2020,wheat,38,0.5152457468133225,0.6210585981663055,-0.3763917899532745,-0.392365208675987,0.31157894736842096,0.4046443532678776
6,4,2005,2020,2021,2022,ALL,114,1.2220944782725551,1.7015116681987663,-0.41970511980953606,0.7934635664287366,1.4767719298245612,2.0633381911911752
6,4,2005,2020,2021,2022,barley,38,0.6659604940916362,0.7815626473068629,0.42123696778439024,-0.14347084898697698,0.8475263157894738,0.9902519084077864
6,4,2005,2020,2021,2022,maize,38,2.3796865894919943,2.715977702271419,-0.9556477617915213,2.3202072705720593,2.8119473684210528,3.289523833722987
6,4,2005,2020,2021,2022,wheat,38,0.6206363512340346,0.835494356742639,0.3420711741178655,0.20365427770112685,0.7708421052631579,0.9851535814010772
7,1,2005,2014,2015,2016,ALL,114,1.0587001600600126,1.185090494080022,0.28834305188578346,-1.0103990441874453,1.1329298245614035,1.3605235447391102
7,1,2005,2014,2015,2016,barley,38,0.9148906125520404,0.9983852705546787,-1.5607102864915756,-0.9148906125520404,0.9384736842105265,0.9997013764646236
7,1,2005,2014,2015,2016,maize,38,1.2883089286402651,1.4669650188243766,0.2504551253556555,-1.1434055810225636,1.5505263157894733,1.912135482977908
7,1,2005,2014,2015,2016,wheat,38,0.972900938987732,1.031774647179097,-2.2818141596644756,-0.972900938987732,0.9097894736842104,0.9473162090875463
7,2,2005,2016,2017,2018,ALL,114,0.8428087835981136,1.1778639870051084,0.32570026620146453,-0.7825407763531333,0.7088947368421055,0.9635267273853719
7,2,2005,2016,2017,2018,barley,38,0.5150169713873612,0.6408241895081531,-0.0441613468610369,-0.3946667631048905,0.5816315789473684,0.7006516515659585
7,2,2005,2016,2017,2018,maize,38,1.585788914529901,1.8515590586495165,-0.6493223591913202,-1.5659865479720267,1.1426842105263155,1.4097880766457884
7,2,2005,2016,2017,2018,wheat,38,0.42762046487707844,0.568475264303423,-0.30522681493563786,-0.38696901798248295,0.4023684210526317,0.5538376163309584
7,3,2005,2018,2019,2020,ALL,114,0.6881565834346569,0.8504969637235892,0.6667988873500645,-0.6178514394425509,0.6385964912280702,0.8240232069632719
7,3,2005,2018,2019,2020,barley,38,0.745336059520119,0.8473609184982774,-0.6609478896970755,-0.7389398371545891,0.6510526315789474,0.7400854858161924
7,3,2005,2018,2019,2020,maize,38,0.8404390651301336,1.0604659900969153,0.09047117198125854,-0.7665183825241894,0.9531578947368423,1.151337985951448
7,3,2005,2018,2019,2020,wheat,38,0.4786946256537187,0.5722120354891687,-0.1683982355031426,-0.3480960986488744,0.31157894736842096,0.4046443532678776
7,4,2005,2020,2021,2022,ALL,114,1.2188717617904932,1.6967232056371142,-0.4117255813191616,0.7400537808736165,1.4767719298245612,2.0633381911911752
7,4,2005,2020,2021,2022,barley,38,0.6841034452538741,0.7923671250585925,0.4051244903229332,-0.19769348295111394,0.8475263157894738,0.9902519084077864
7,4,2005,2020,2021,2022,maize,38,2.348990925236752,2.7084393860010856,-0.9448068536437664,2.274056410538522,2.8119473684210528,3.289523833722987
7,4,2005,2020,2021,2022,wheat,38,0.623520914880853,0.8204385053901944,0.3655696619742186,0.1437984150334408,0.7708421052631579,0.9851535814010772
8,1,2005,2014,2015,2016,ALL,114,1.046645779442369,1.188267851660976,0.284521875599674,-0.9892075183098776,1.1329298245614035,1.3605235447391102
8,1,2005,2014,2015,2016,barley,38,0.8971988183573671,0.9932702828908038,-1.5345391285717347,-0.8971988183573671,0.9384736842105265,0.9997013764646236
8,1,2005,2014,2015,2016,maize,38,1.2624121472710055,1.4616905189120817,0.25583544040030715,-1.0900973638735316,1.5505263157894733,1.912135482977908
8,1,2005,2014,2015,2016,wheat,38,0.9803263726987337,1.0549011488862479,-2.4305820491019725,-0.9803263726987337,0.9097894736842104,0.9473162090875463
8,2,2005,2016,2017,2018,ALL,114,0.8580476685574181,1.2127291781676834,0.2851904357541982,-0.8071805564144201,0.7088947368421055,0.9635267273853719
8,2,2005,2016,2017,2018,barley,38,0.4799077776858682,0.6045007434718633,0.07085499364860437,-0.39001870506688163,0.5816315789473684,0.7006516515659585
8,2,2005,2016,2017,2018,maize,38,1.6371046954707096,1.924919961174977,-0.782607627376017,-1.6164872796911944,1.1426842105263155,1.4097880766457884
8,2,2005,2016,2017,2018,wheat,38,0.4571305325156765,0.5842928828506172,-0.37887226298155663,-0.4150356844851846,0.4023684210526317,0.5538376163309584
8,3,2005,2018,2019,2020,ALL,114,0.7435167152003238,0.9173995484930032,0.6123159336681636,-0.6788915209184614,0.6385964912280702,0.8240232069632719
8,3,2005,2018,2019,2020,barley,38,0.7840846312673468,0.9034620812347204,-0.8881609300259188,-0.7756305805005524,0.6510526315789474,0.7400854858161924
8,3,2005,2018,2019,2020,maize,38,0.9240800596538343,1.1472262656583263,-0.06443989165558173,-0.8656227744253059,0.9531578947368423,1.151337985951448
8,3,2005,2018,2019,2020,wheat,38,0.5223854546797904,0.6264933821519404,-0.4005863568896748,-0.3954212078295257,0.31157894736842096,0.4046443532678776
8,4,2005,2020,2021,2022,ALL,114,1.213782589561061,1.664899689910831,-0.3592659257083479,0.7243272061933551,1.4767719298245612,2.0633381911911752
8,4,2005,2020,2021,2022,barley,38,0.7042922220732036,0.8199290242150802,0.3630201227051746,-0.19694599051224543,0.8475263157894738,0.9902519084077864
8,4,2005,2020,2021,2022,maize,38,2.299174755999916,2.634540696130133,-0.8401281033503056,2.2246245469545056,2.8119473684210528,3.289523833722987
8,4,2005,2020,2021,2022,wheat,38,0.6378807906100625,0.8382032260015497,0.33779793784188583,0.1453030621378045,0.7708421052631579,0.9851535814010772
9,1,2005,2014,2015,2016,ALL,114,1.0481168074356881,1.1867224695782803,0.2863816719089902,-0.9890739892658433,1.1329298245614035,1.3605235447391102
9,1,2005,2014,2015,2016,barley,38,0.8540703467318889,0.9488683307608198,-1.3130020608405943,-0.8540703467318889,0.9384736842105265,0.9997013764646236
9,1,2005,2014,2015,2016,maize,38,1.2843656484704267,1.4776071044150179,0.23954054438820893,-1.1072371939608923,1.5505263157894733,1.912135482977908
9,1,2005,2014,2015,2016,wheat,38,1.0059144271047493,1.0682962113886576,-2.5182577790147382,-1.0059144271047493,0.9097894736842104,0.9473162090875463
9,2,2005,2016,2017,2018,ALL,114,0.8533186181386311,1.2106286367690882,0.28766450294500645,-0.8097722416593317,0.7088947368421055,0.9635267273853719
9,2,2005,2016,2017,2018,barley,38,0.48519068165829315,0.6196912197616955,0.023571371986441436,-0.3977626910962556,0.5816315789473684,0.7006516515659585
9,2,2005,2016,2017,2018,maize,38,1.5807367746453538,1.9045951662491132,-0.7451620639182908,-1.5526874592429716,1.1426842105263155,1.4097880766457884
9,2,2005,2016,2017,2018,wheat,38,0.4940283981122469,0.6207778454060016,-0.5564503140157544,-0.4788665746387683,0.4023684210526317,0.5538376163309584
9,3,2005,2018,2019,2020,ALL,114,0.7121127023194965,0.886286315318905,0.6381663149566897,-0.667176305369327,0.6385964912280702,0.8240232069632719
9,3,2005,2018,2019,2020,barley,38,0.7304287965674149,0.8333925709664676,-0.6066393405463082,-0.7282643252924867,0.6510526315789474,0.7400854858161924
9,3,2005,2018,2019,2020,maize,38,0.9137181407526921,1.150086046037015,-0.06975333067967426,-0.8802997845097593,0.9531578947368423,1.151337985951448
9,3,2005,2018,2019,2020,wheat,38,0.49219116963838283,0.5824682030235901,-0.2106576772560118,-0.3929648063057349,0.31157894736842096,0.4046443532678776
9,4,2005,2020,2021,2022,ALL,114,1.284200928504007,1.7436568457431905,-0.4909062098464465,0.7000143126437539,1.4767719298245612,2.0633381911911752
9,4,2005,2020,2021,2022,barley,38,0.7919964087636845,0.9060111332202915,0.22224956701254617,-0.2507573900724711,0.8475263157894738,0.9902519084077864
9,4,2005,2020,2021,2022,maize,38,2.3295527714177178,2.731357936947597,-0.9778596425007977,2.2551455884230758,2.8119473684210528,3.289523833722987
9,4,2005,2020,2021,2022,wheat,38,0.7310536053306179,0.9164307032588603,0.20842670376255612,0.0956547395806563,0.7708421052631579,0.9851535814010772
10,1,2005,2014,2015,2016,ALL,114,1.0723057336138004,1.217990151678597,0.24828153507779271,-1.0046293982288292,1.1329298245614035,1.3605235447391102
10,1,2005,2014,2015,2016,barley,38,0.9028408999192086,1.0054838372725086,-1.5972532811529732,-0.9028408999192086,0.9384736842105265,0.9997013764646236
10,1,2005,2014,2015,2016,maize,38,1.246577231758519,1.4608537571534832,0.25668720786393506,-1.0435482256036053,1.5505263157894733,1.912135482977908
10,1,2005,2014,2015,2016,wheat,38,1.0674990691636739,1.1425447833465692,-3.024303660046029,-1.0674990691636739,0.9097894736842104,0.9473162090875463
10,2,2005,2016,2017,2018,ALL,114,0.8690358827825179,1.2422183955353296,0.2500045757869628,-0.8273916967291581,0.7088947368421055,0.9635267273853719
10,2,2005,2016,2017,2018,barley,38,0.4543339355368363,0.5814484617460863,0.14036860082952052,-0.38826878171218066,0.5816315789473684,0.7006516515659585
10,2,2005,2016,2017,2018,maize,38,1.6506992726576957,1.9761186915035251,-0.8786957819876442,-1.614515482751947,1.1426842105263155,1.4097880766457884
10,2,2005,2016,2017,2018,wheat,38,0.5020744401530216,0.621443666025015,-0.5597908728788561,-0.47939082572334696,0.4023684210526317,0.5538376163309584
10,3,2005,2018,2019,2020,ALL,114,0.7070010266387671,0.8992552023475338,0.6274995293064527,-0.645642529621459,0.6385964912280702,0.8240232069632719
10,3,2005,2018,2019,2020,barley,38,0.6710967929739701,0.7899011308272542,-0.4433266100954316,-0.6669898156115882,0.6510526315789474,0.7400854858161924
10,3,2005,2018,2019,2020,maize,38,0.9928393414146023,1.2246517796423615,-0.21296484724398512,-0.955464466496518,0.9531578947368423,1.151337985951448
10,3,2005,2018,2019,2020,wheat,38,0.45706694552772936,0.549785393570922,-0.0786071903642569,-0.3144733067562706,0.31157894736842096,0.4046443532678776
10,4,2005,2020,2021,2022,ALL,114,1.270118047647309,1.7371322125668514,-0.4797693670230325,0.7293642420517771,1.4767719298245612,2.0633381911911752
10,4,2005,2020,2021,2022,barley,38,0.7731157237605043,0.8934682853182756,0.24363491061263787,-0.19627602175662387,0.8475263157894738,0.9902519084077864
10,4,2005,2020,2021,2022,maize,38,2.3264133508581857,2.7218802419557466,-0.9641572807218122,2.235769360692877,2.8119473684210528,3.289523833722987
10,4,2005,2020,2021,2022,wheat,38,0.7108250683232358,0.9197648304830743,0.20265647584955082,0.14859938721907762,0.7708421052631579,0.9851535814010772
11,1,2005,2014,2015,2016,ALL,114,1.0648850077913519,1.200987041903517,0.26912297866961776,-1.005240722288165,1.1329298245614035,1.3605235447391102
11,1,2005,2014,2015,2016,barley,38,0.8924617047058907,0.9860999401898658,-1.4980779198879528,-0.8924617047058907,0.9384736842105265,0.9997013764646236
11,1,2005,2014,2015,2016,maize,38,1.2788548539814195,1.4779453156494422,0.2391923796218326,-1.0999219974718593,1.5505263157894733,1.912135482977908
11,1,2005,2014,2015,2016,wheat,38,1.0233384646867452,1.0818475753856887,-2.6080822761324574,-1.0233384646867452,0.9097894736842104,0.9473162090875463
11,2,2005,2016,2017,2018,ALL,114,0.8734075284422491,1.2359485949561264,0.2575563152221355,-0.8292438054503056,0.7088947368421055,0.9635267273853719
11,2,2005,2016,2017,2018,barley,38,0.49476394477643476,0.6219095491075788,0.016568151240904605,-0.40744720986014915,0.5816315789473684,0.7006516515659585
11,2,2005,2016,2017,2018,maize,38,1.646113897122835,1.955657549489349,-0.8399923861338716,-1.6164162058579297,1.1426842105263155,1.4097880766457884
11,2,2005,2016,2017,2018,wheat,38,0.4793447434274775,0.6093757871594438,-0.4997995917066691,-0.46386800063283823,0.4023684210526317,0.5538376163309584
11,3,2005,2018,2019,2020,ALL,114,0.7022108932127032,0.8927473955288227,0.6328715069360173,-0.6419651363607038,0.6385964912280702,0.8240232069632719
11,3,2005,2018,2019,2020,barley,38,0.6907614474547535,0.7977480750424071,-0.4721453019395463,-0.682379220410397,0.6510526315789474,0.7400854858161924
11,3,2005,2018,2019,2020,maize,38,0.9527010119588754,1.2038986393935505,-0.17220299370074144,-0.9037692075026664,0.9531578947368423,1.151337985951448
11,3,2005,2018,2019,2020,wheat,38,0.46317022022448096,0.5524670230004504,-0.0891548653444949,-0.33974698116904817,0.31157894736842096,0.4046443532678776
11,4,2005,2020,2021,2022,ALL,114,1.2238901129940103,1.665195354428775,-0.35974874445357585,0.6468015528561777,1.4767719298245612,2.0633381911911752
11,4,2005,2020,2021,2022,barley,38,0.7694568433259662,0.8859397732241817,0.2563277240945424,-0.23997150923076416,0.8475263157894738,0.9902519084077864
11,4,2005,2020,2021,2022,maize,38,2.1871362816660023,2.5920714559349336,-0.7812799282074014,2.079589568690249,2.8119473684210528,3.289523833722987
11,4,2005,2020,2021,2022,wheat,38,0.7150772139900611,0.9027197742269518,0.2319353370035776,0.10078659910904729,0.7708421052631579,0.9851535814010772
12,1,2005,2014,2015,2016,ALL,114,1.075125985061913,1.2169918982836516,0.2495132330450237,-1.012419928165904,1.1329298245614035,1.3605235447391102
12,1,2005,2014,2015,2016,barley,38,0.8972877986807571,1.0028865577457053,-1.583852607871231,-0.8972877986807571,0.9384736842105265,0.9997013764646236
12,1,2005,2014,2015,2016,maize,38,1.2591982710988896,1.4592836988187814,0.25828410597377427,-1.0710801004108628,1.5505263157894733,1.912135482977908
12,1,2005,2014,2015,2016,wheat,38,1.0688918854060927,1.1436421993433457,-3.0320380722549096,-1.0688918854060927,0.9097894736842104,0.9473162090875463
12,2,2005,2016,2017,2018,ALL,114,0.8710783660620973,1.2379865886459176,0.2551058200386038,-0.8318635592544288,0.7088947368421055,0.9635267273853719
12,2,2005,2016,2017,2018,barley,38,0.464785926718461,0.5906203704080224,0.11303463438626316,-0.4007402756339625,0.5816315789473684,0.7006516515659585
12,2,2005,2016,2017,2018,maize,38,1.6333660662801643,1.9630725616236253,-0.8539717570518457,-1.5988143393867897,1.1426842105263155,1.4097880766457884
12,2,2005,2016,2017,2018,wheat,38,0.5150831051876671,0.6287655181870403,-0.5967623228676531,-0.4960360627425345,0.4023684210526317,0.5538376163309584
12,3,2005,2018,2019,2020,ALL,114,0.7108150684624387,0.905550805633117,0.622265588709114,-0.6478050802465072,0.6385964912280702,0.8240232069632719
12,3,2005,2018,2019,2020,barley,38,0.6719377015766345,0.7883782869529224,-0.4377668196719897,-0.6670400027224891,0.6510526315789474,0.7400854858161924
12,3,2005,2018,2019,2020,maize,38,1.0023100275742383,1.238740848488653,-0.24103462070775028,-0.9629362663469818,0.9531578947368423,1.151337985951448
12,3,2005,2018,2019,2020,wheat,38,0.45819747623644386,0.5514050885647939,-0.08497181220727024,-0.3134389716700504,0.31157894736842096,0.4046443532678776
12,4,2005,2020,2021,2022,ALL,114,1.2591254246025754,1.6968852123223817,-0.4119951832200295,0.6799047679231878,1.4767719298245612,2.0633381911911752
12,4,2005,2020,2021,2022,barley,38,0.7925436381289832,0.9181287688061871,0.20130606880276025,-0.23503258052625142,0.8475263157894738,0.9902519084077864
12,4,2005,2020,2021,2022,maize,38,2.2532768580788054,2.635194660477191,-0.8410417559888126,2.168386661127993,2.8119473684210528,3.289523833722987
12,4,2005,2020,2021,2022,wheat,38,0.7315557775999372,0.922522052136456,0.19786884327443666,0.10636022316782094,0.7708421052631579,0.9851535814010772
13,1,2005,2014,2015,2016,ALL,114,1.0343789030376234,1.163993687197344,0.31345514843977607,-0.9849806183262876,1.1329298245614035,1.3605235447391102
13,1,2005,2014,2015,2016,barley,38,0.8751605091596907,0.9579458060341987,-1.3574690324815712,-0.8751605091596907,0.9384736842105265,0.9997013764646236
13,1,2005,2014,2015,2016,maize,38,1.2827292249077242,1.4620218720546072,0.2554980102656039,-1.1345343707737168,1.5505263157894733,1.912135482977908
13,1,2005,2014,2015,2016,wheat,38,0.9452469750454552,1.0047267239609163,-2.11200429654743,-0.9452469750454552,0.9097894736842104,0.9473162090875463
13,2,2005,2016,2017,2018,ALL,114,0.8274172903362075,1.1616687388539801,0.34411559310149464,-0.7767872278313888,0.7088947368421055,0.9635267273853719
13,2,2005,2016,2017,2018,barley,38,0.4895665033240068,0.6144382542726432,0.04005508673801328,-0.3861411280381052,0.5816315789473684,0.7006516515659585
13,2,2005,2016,2017,2018,maize,38,1.5680117351130436,1.834459287283421,-0.6189989375791765,-1.5558123111724855,1.1426842105263155,1.4097880766457884
13,2,2005,2016,2017,2018,wheat,38,0.42467363257157187,0.5528539874847422,-0.23447908277282492,-0.38840824428357584,0.4023684210526317,0.5538376163309584
13,3,2005,2018,2019,2020,ALL,114,0.6992927363880893,0.8524802491649455,0.6652430830459564,-0.6449621729265179,0.6385964912280702,0.8240232069632719
13,3,2005,2018,2019,2020,barley,38,0.7961596037212171,0.8917058558845424,-0.8393415643001132,-0.7921014143291272,0.6510526315789474,0.7400854858161924
13,3,2005,2018,2019,2020,maize,38,0.8041366958618166,1.0139444363012091,0.16852098681318006,-0.7464553461576764,0.9531578947368423,1.151337985951448
13,3,2005,2018,2019,2020,wheat,38,0.49758190958123466,0.5974488030986599,-0.2737327248452692,-0.39632975829275047,0.31157894736842096,0.4046443532678776
13,4,2005,2020,2021,2022,ALL,114,1.2774509183984055,1.7840963501931324,-0.5608633914069892,0.8195482446436296,1.4767719298245612,2.0633381911911752
13,4,2005,2020,2021,2022,barley,38,0.6933152364429674,0.8015458910318105,0.39126261121675465,-0.18248699539586113,0.8475263157894738,0.9902519084077864
13,4,2005,2020,2021,2022,maize,38,2.5034033589614064,2.8650712758595818,-1.1762515638715851,2.478903332258525,2.8119473684210528,3.289523833722987
13,4,2005,2020,2021,2022,wheat,38,0.6356341597908423,0.8353981859758494,0.34222262906803536,0.16222839706822442,0.7708421052631579,0.9851535814010772
14,1,2005,2014,2015,2016,ALL,114,1.0313593315659908,1.179641397635683,0.2948724638074811,-0.9668840374862939,1.1329298245614035,1.3605235447391102
14,1,2005,2014,2015,2016,barley,38,0.8846490227548702,0.9836865814344199,-1.4858654033855507,-0.8846490227548702,0.9384736842105265,0.9997013764646236
14,1,2005,2014,2015,2016,maize,38,1.2373436566403038,1.4493346169121368,0.2683633477743249,-1.0439177744012127,1.5505263157894733,1.912135482977908
14,1,2005,2014,2015,2016,wheat,38,0.9720853153027986,1.0518799165178583,-2.4109598437876123,-0.9720853153027986,0.9097894736842104,0.9473162090875463
14,2,2005,2016,2017,2018,ALL,114,0.8527574049799066,1.203561046064417,0.2959573848665602,-0.8028994475749501,0.7088947368421055,0.9635267273853719
14,2,2005,2016,2017,2018,barley,38,0.4730130951028122,0.5930802257479632,0.10563106326847038,-0.3892842064405742,0.5816315789473684,0.7006516515659585
14,2,2005,2016,2017,2018,maize,38,1.6324851221787302,1.9143116571922303,-0.7630137368226475,-1.606647092417667,1.1426842105263155,1.4097880766457884
14,2,2005,2016,2017,2018,wheat,38,0.4527739976581775,0.5738852670836763,-0.33018790349080507,-0.41276704386660934,0.4023684210526317,0.5538376163309584
14,3,2005,2018,2019,2020,ALL,114,0.7502782087995294,0.9135251401312129,0.6155835930680359,-0.6844493487006741,0.6385964912280702,0.8240232069632719
14,3,2005,2018,2019,2020,barley,38,0.8018528950841803,0.918552165911931,-0.9517617321430849,-0.7942174984279431,0.6510526315789474,0.7400854858161924
14,3,2005,2018,2019,2020,maize,38,0.9203595101205928,1.1213047926639292,-0.01688147523082728,-0.8583896817659078,0.9531578947368423,1.151337985951448
14,3,2005,2018,2019,2020,wheat,38,0.5286222211938156,0.6344462352340501,-0.4363707919770681,-0.40074086590817115,0.31157894736842096,0.4046443532678776
14,4,2005,2020,2021,2022,ALL,114,1.2315061959049158,1.7310852934418082,-0.4694852082858758,0.8065334763443262,1.4767719298245612,2.0633381911911752
14,4,2005,2020,2021,2022,barley,38,0.6562210760618511,0.7726303362640812,0.43439048733143115,-0.14958026233472319,0.8475263157894738,0.9902519084077864
14,4,2005,2020,2021,2022,maize,38,2.4305188987129607,2.778268115725592,-1.0463812348225119,2.3736492091731014,2.8119473684210528,3.289523833722987
14,4,2005,2020,2021,2022,wheat,38,0.6077786129399351,0.8211196746751087,0.36451575274149106,0.19553148219459932,0.7708421052631579,0.9851535814010772
15,1,2005,2014,2015,2016,ALL,114,1.0530872178495976,1.1808288425493707,0.2934521651853371,-1.0067396870830603,1.1329298245614035,1.3605235447391102
15,1,2005,2014,2015,2016,barley,38,0.9066449561871979,0.9906644047320552,-1.521257675488504,-0.9066449561871979,0.9384736842105265,0.9997013764646236
15,1,2005,2014,2015,2016,maize,38,1.288803703659459,1.4696059714767746,0.247753909796937,-1.149761111359847,1.5505263157894733,1.912135482977908
15,1,2005,2014,2015,2016,wheat,38,0.9638129937021356,1.0207411973591283,-2.2120002237970566,-0.9638129937021356,0.9097894736842104,0.9473162090875463
15,2,2005,2016,2017,2018,ALL,114,0.8422287258348968,1.1811174384865535,0.3219700710177439,-0.7871780950981274,0.7088947368421055,0.9635267273853719
15,2,2005,2016,2017,2018,barley,38,0.5023210063733553,0.6238868434636684,0.010304779130191344,-0.393897398898476,0.5816315789473684,0.7006516515659585
15,2,2005,2016,2017,2018,maize,38,1.6063984062797145,1.8684523124831725,-0.6795558283435581,-1.5863245938953603,1.1426842105263155,1.4097880766457884
15,2,2005,2016,2017,2018,wheat,38,0.4179667648516204,0.5520564944100717,-0.23092017398968712,-0.38131229250054616,0.4023684210526317,0.5538376163309584
15,3,2005,2018,2019,2020,ALL,114,0.6796323538663094,0.839036344161295,0.675718289843847,-0.6039554656179328,0.6385964912280702,0.8240232069632719
15,3,2005,2018,2019,2020,barley,38,0.7369308948516845,0.8406170048326139,-0.6346150368828498,-0.7300631809234618,0.6510526315789474,0.7400854858161924
15,3,2005,2018,2019,2020,maize,38,0.829836412229036,1.0428344311367506,0.1204638331676331,-0.7458606925763583,0.9531578947368423,1.151337985951448
15,3,2005,2018,2019,2020,wheat,38,0.4721297545182079,0.5637422823352788,-0.13406548986531575,-0.3359425233539783,0.31157894736842096,0.4046443532678776
15,4,2005,2020,2021,2022,ALL,114,1.2227920719615204,1.7031505164315646,-0.42244127703630596,0.7497772099678977,1.4767719298245612,2.0633381911911752
15,4,2005,2020,2021,2022,barley,38,0.6902290083232678,0.7988678917809444,0.39532345167048777,-0.17811019495913852,0.8475263157894738,0.9902519084077864
15,4,2005,2020,2021,2022,maize,38,2.343268916983353,2.713349616061409,-0.9518648704475507,2.26447658890172,2.8119473684210528,3.289523833722987
15,4,2005,2020,2021,2022,wheat,38,0.6348782905779388,0.8376807251955756,0.3386232586212877,0.16296523596111093,0.7708421052631579,0.9851535814010772
16,1,2005,2014,2015,2016,ALL,114,1.0511115267402247,1.1908574717529656,0.2813999608444072,-0.9965831852795786,1.1329298245614035,1.3605235447391102
16,1,2005,2014,2015,2016,barley,38,0.9000423802827533,0.9953769235162033,-1.5453016075290775,-0.9000423802827533,0.9384736842105265,0.9997013764646236
16,1,2005,2014,2015,2016,maize,38,1.2684733937916002,1.4637483770393216,0.2537386038177759,-1.1048883694096614,1.5505263157894733,1.912135482977908
16,1,2005,2014,2015,2016,wheat,38,0.9848188061463206,1.0588153866164607,-2.4560878064656335,-0.9848188061463206,0.9097894736842104,0.9473162090875463
16,2,2005,2016,2017,2018,ALL,114,0.8615990443815266,1.2100214948517567,0.2883788100044953,-0.8188326014970478,0.7088947368421055,0.9635267273853719
16,2,2005,2016,2017,2018,barley,38,0.4876239922172146,0.6089170795651775,0.05722918439623459,-0.4153923270576878,0.5816315789473684,0.7006516515659585
16,2,2005,2016,2017,2018,maize,38,1.6287487391421671,1.918346832831913,-0.7704540801200679,-1.6084977852670772,1.1426842105263155,1.4097880766457884
16,2,2005,2016,2017,2018,wheat,38,0.4684244017851981,0.584483937493087,-0.3797741497760805,-0.4326076921663785,0.4023684210526317,0.5538376163309584
16,3,2005,2018,2019,2020,ALL,114,0.7428745870422899,0.9147345777609552,0.6145650432504401,-0.675327811492117,0.6385964912280702,0.8240232069632719
16,3,2005,2018,2019,2020,barley,38,0.7770399143821315,0.8981209568782474,-0.8659019058331248,-0.7678285458213403,0.6510526315789474,0.7400854858161924
16,3,2005,2018,2019,2020,maize,38,0.9309248688346462,1.1481514917723947,-0.06615750351437955,-0.8727385525954399,0.9531578947368423,1.151337985951448
16,3,2005,2018,2019,2020,wheat,38,0.5206589779100921,0.6207615822612288,-0.37507560980713306,-0.38541633605957043,0.31157894736842096,0.4046443532678776
16,4,2005,2020,2021,2022,ALL,114,1.2350128481680887,1.7032045411569752,-0.4225315194634722,0.7431932265298409,1.4767719298245612,2.0633381911911752
16,4,2005,2020,2021,2022,barley,38,0.7116034030914307,0.8276990823955351,0.35089023848932677,-0.20245153979251249,0.8475263157894738,0.9902519084077864
16,4,2005,2020,2021,2022,maize,38,2.3541482579080677,2.7040783869914464,-0.9385490265608192,2.293302148015875,2.8119473684210528,3.289523833722987
16,4,2005,2020,2021,2022,wheat,38,0.6392868835047673,0.8399949006158037,0.33496397438933145,0.1387290713661595,0.7708421052631579,0.9851535814010772
17,1,2005,2014,2015,2016,ALL,114,1.0476664075516817,1.190479117344798,0.28185650968890585,-1.0026667950446144,1.1329298245614035,1.3605235447391102
17,1,2005,2014,2015,2016,barley,38,0.819668635067187,0.916546078585292,-1.1581057560929962,-0.819668635067187,0.9384736842105265,0.9997013764646236
17,1,2005,2014,2015,2016,maize,38,1.4110129702718632,1.5649414073817958,0.14698967703270505,-1.2760141327506616,1.5505263157894733,1.912135482977908
17,1,2005,2014,2015,2016,wheat,38,0.9123176173159951,0.9811336625526385,-1.967567685159088,-0.9123176173159951,0.9097894736842104,0.9473162090875463
17,2,2005,2016,2017,2018,ALL,114,0.919272686054832,1.2354408483008055,0.2581662044457479,-0.8849494615354038,0.7088947368421055,0.9635267273853719
17,2,2005,2016,2017,2018,barley,38,0.5562906699431571,0.7121470273938075,-0.28952317064426736,-0.4753340643330624,0.5816315789473684,0.7006516515659585
17,2,2005,2016,2017,2018,maize,38,1.678752506155717,1.8989275795649236,-0.7347912080817216,-1.6702083060615944,1.1426842105263155,1.4097880766457884
17,2,2005,2016,2017,2018,wheat,38,0.5227748820656225,0.6825415210025737,-0.8815726635908192,-0.5093060142115543,0.4023684210526317,0.5538376163309584
17,3,2005,2018,2019,2020,ALL,114,0.7069357718082896,0.852165762641201,0.6654900262931522,-0.6640352577075624,0.6385964912280702,0.8240232069632719
17,3,2005,2018,2019,2020,barley,38,0.7821117887998881,0.8754077296860514,-0.7727190084570112,-0.7821117887998881,0.6510526315789474,0.7400854858161924
17,3,2005,2018,2019,2020,maize,38,0.8301380353224906,1.0258572149251861,0.14886820696040648,-0.7726909893437437,0.9531578947368423,1.151337985951448
17,3,2005,2018,2019,2020,wheat,38,0.5085574913024903,0.5998647701319296,-0.28405500936886474,-0.4373029949790554,0.31157894736842096,0.4046443532678776
17,4,2005,2020,2021,2022,ALL,114,1.1957511741236637,1.6314406794921064,-0.305181350057687,0.6584245380602385,1.4767719298245612,2.0633381911911752
17,4,2005,2020,2021,2022,barley,38,0.7206144132112201,0.8436545734351933,0.32562335237672346,-0.22332063172992894,0.8475263157894738,0.9902519084077864
17,4,2005,2020,2021,2022,maize,38,2.1851017429954123,2.559397570446548,-0.7366557624019148,2.0877475748564063,2.8119473684210528,3.289523833722987
17,4,2005,2020,2021,2022,wheat,38,0.6815373661643581,0.8500159464499395,0.3190017131771835,0.11084667105423772,0.7708421052631579,0.9851535814010772
18,1,2005,2014,2015,2016,ALL,114,1.113714168029919,1.2464522515808105,0.2127386009950537,-1.0585613288377462,1.1329298245614035,1.3605235447391102
18,1,2005,2014,2015,2016,barley,38,0.947688018146314,1.0340136905575252,-1.7467345712403084,-0.947688018146314,0.9384736842105265,0.9997013764646236
18,1,2005,2014,2015,2016,maize,38,1.3718235562977037,1.5478755287610917,0.16549260066501215,-1.2063650387211848,1.5505263157894733,1.912135482977908
18,1,2005,2014,2015,2016,wheat,38,1.021630929645739,1.093538605452406,-2.686485410112288,-1.021630929645739,0.9097894736842104,0.9473162090875463
18,2,2005,2016,2017,2018,ALL,114,0.8796767247350592,1.1863713212556788,0.3159245880069742,-0.8386551571728891,0.7088947368421055,0.9635267273853719
18,2,2005,2016,2017,2018,barley,38,0.5660999526475606,0.7119858547400049,-0.28893954859736115,-0.48361688889955223,0.5816315789473684,0.7006516515659585
18,2,2005,2016,2017,2018,maize,38,1.5634523060447292,1.8084686626812123,-0.5734479595100859,-1.541594595658152,1.1426842105263155,1.4097880766457884
18,2,2005,2016,2017,2018,wheat,38,0.5094779155128881,0.667044207263663,-0.7970993082049427,-0.49075398696096323,0.4023684210526317,0.5538376163309584
18,3,2005,2018,2019,2020,ALL,114,0.730529215294018,0.884661695947137,0.6394916276191258,-0.6890733327363667,0.6385964912280702,0.8240232069632719
18,3,2005,2018,2019,2020,barley,38,0.7913040924072264,0.8784017130996394,-0.7848655025028153,-0.7913040924072264,0.6510526315789474,0.7400854858161924
18,3,2005,2018,2019,2020,maize,38,0.8713102817535402,1.0895086536487308,0.03997101121805802,-0.8163480663299562,0.9531578947368423,1.151337985951448
18,3,2005,2018,2019,2020,wheat,38,0.5289732717212879,0.6239072630418255,-0.3890471853739865,-0.4595678394719176,0.31157894736842096,0.4046443532678776
18,4,2005,2020,2021,2022,ALL,114,1.154336940531145,1.5775400446508991,-0.2203631066524967,0.6323232123726293,1.4767719298245612,2.0633381911911752
18,4,2005,2020,2021,2022,barley,38,0.7306067953611673,0.8478233688691221,0.3189422193960606,-0.18545623528329944,0.8475263157894738,0.9902519084077864
18,4,2005,2020,2021,2022,maize,38,2.053974759955155,2.4474031363448203,-0.5879954710870801,1.9242439781992058,2.8119473684210528,3.289523833722987
18,4,2005,2020,2021,2022,wheat,38,0.6784292662771125,0.870236290234114,0.2862169131323027,0.15818189420198134,0.7708421052631579,0.9851535814010772
19,1,2005,2014,2015,2016,ALL,114,1.0483972567006161,1.1786474661989057,0.29606020301253433,-0.9962224997972187,1.1329298245614035,1.3605235447391102
19,1,2005,2014,2015,2016,barley,38,0.8594558961767902,0.9468252440565285,-1.3030521531533688,-0.8594558961767902,0.9384736842105265,0.9997013764646236
19,1,2005,2014,2015,2016,maize,38,1.3448936821285045,1.5025347642404647,0.21366577000181575,-1.1883694114183123,1.5505263157894733,1.912135482977908
19,1,2005,2014,2015,2016,wheat,38,0.9408421917965538,1.006747628851167,-2.124535842600633,-0.9408421917965538,0.9097894736842104,0.9473162090875463
19,2,2005,2016,2017,2018,ALL,114,0.8993689160597953,1.2277763151252796,0.26734215599236044,-0.8583371943758246,0.7088947368421055,0.9635267273853719
19,2,2005,2016,2017,2018,barley,38,0.5406796194377699,0.6888909517254258,-0.20667629046624403,-0.44381931304931643,0.5816315789473684,0.7006516515659585
19,2,2005,2016,2017,2018,maize,38,1.6614174300745914,1.9003038330327067,-0.737306709589101,-1.6507845828407692,1.1426842105263155,1.4097880766457884
19,2,2005,2016,2017,2018,wheat,38,0.4960096986670244,0.6607409770400727,-0.7632964182764364,-0.48040768723738825,0.4023684210526317,0.5538376163309584
19,3,2005,2018,2019,2020,ALL,114,0.7093458521993535,0.8540132191309374,0.664038049368401,-0.6614311621481913,0.6385964912280702,0.8240232069632719
19,3,2005,2018,2019,2020,barley,38,0.7856050601758454,0.8725017237786746,-0.7609690976062369,-0.7856050601758454,0.6510526315789474,0.7400854858161924
19,3,2005,2018,2019,2020,maize,38,0.8334668952540348,1.0358817263144982,0.13215268793081247,-0.7625817529778732,0.9531578947368423,1.151337985951448
19,3,2005,2018,2019,2020,wheat,38,0.5089656011681808,0.5947314742319393,-0.2621726392091792,-0.4361066732908551,0.31157894736842096,0.4046443532678776
19,4,2005,2020,2021,2022,ALL,114,1.1718768034483258,1.592947153064329,-0.24431696227680977,0.5889766316664846,1.4767719298245612,2.0633381911911752
19,4,2005,2020,2021,2022,barley,38,0.7454540026815313,0.8649281316644225,0.2911844473235884,-0.23677355063588984,0.8475263157894738,0.9902519084077864
19,4,2005,2020,2021,2022,maize,38,2.07955159337897,2.4725607769300293,-0.6208102936760771,1.8969706997118496,2.8119473684210528,3.289523833722987
19,4,2005,2020,2021,2022,wheat,38,0.6906248142844753,0.8664781756108552,0.29236854469678275,0.106732745923494,0.7708421052631579,0.9851535814010772
20,1,2005,2014,2015,2016,ALL,114,1.1200310536434777,1.2446034717079408,0.21507225416799358,-1.0637203534444175,1.1329298245614035,1.3605235447391102
20,1,2005,2014,2015,2016,barley,38,0.9551139600653397,1.0392717957245443,-1.7747406619712223,-0.9551139600653397,0.9384736842105265,0.9997013764646236
20,1,2005,2014,2015,2016,maize,38,1.3775253366169176,1.5406910549794335,0.17322136483625994,-1.2085932360197367,1.5505263157894733,1.912135482977908
20,1,2005,2014,2015,2016,wheat,38,1.0274538642481754,1.0923820820025472,-2.6786918996381073,-1.0274538642481754,0.9097894736842104,0.9473162090875463
20,2,2005,2016,2017,2018,ALL,114,0.8593850272998477,1.1724474160806966,0.3318877281771333,-0.8102981721309194,0.7088947368421055,0.9635267273853719
20,2,2005,2016,2017,2018,barley,38,0.555424101980109,0.7000983761561927,-0.24625799992005915,-0.4606138189215409,0.5816315789473684,0.7006516515659585
20,2,2005,2016,2017,2018,maize,38,1.5356721998515883,1.7911238123939097,-0.543411115506452,-1.5069154839766654,1.1426842105263155,1.4097880766457884
20,2,2005,2016,2017,2018,wheat,38,0.48705878006784553,0.6524082945532452,-0.7191025747578017,-0.46336521349455184,0.4023684210526317,0.5538376163309584
20,3,2005,2018,2019,2020,ALL,114,0.6853368964111596,0.8459825428023023,0.6703267492458633,-0.630243918519271,0.6385964912280702,0.8240232069632719
20,3,2005,2018,2019,2020,barley,38,0.7094856726495843,0.8056650017540056,-0.5015097061283356,-0.7034486341476439,0.6510526315789474,0.7400854858161924
20,3,2005,2018,2019,2020,maize,38,0.8770816672475715,1.0867009888686436,0.044912626863863436,-0.8103546875401548,0.9531578947368423,1.151337985951448
20,3,2005,2018,2019,2020,wheat,38,0.46944334933632303,0.5630668289993455,-0.13134953457120058,-0.37692843387001446,0.31157894736842096,0.4046443532678776
20,4,2005,2020,2021,2022,ALL,114,1.1697498676233125,1.585957067514578,-0.23342043226932696,0.592573518920363,1.4767719298245612,2.0633381911911752
20,4,2005,2020,2021,2022,barley,38,0.7553485493910939,0.8745962186097666,0.27524973407325437,-0.19740582466125484,0.8475263157894738,0.9902519084077864
20,4,2005,2020,2021,2022,maize,38,2.0575406772211973,2.4475492627837068,-0.5881851047825912,1.823394663459376,2.8119473684210528,3.289523833722987
20,4,2005,2020,2021,2022,wheat,38,0.6963603762576455,0.8890239145482807,0.25506434754552887,0.15173171796296767,0.7708421052631579,0.9851535814010772
21,1,2005,2014,2015,2016,ALL,114,1.0272217571526243,1.1624560385771425,0.3152678171558897,-0.9840382417043049,1.1329298245614035,1.3605235447391102
21,1,2005,2014,2015,2016,barley,38,0.8284183334049428,0.9209213313009065,-1.1787589348445882,-0.8284183334049428,0.9384736842105265,0.9997013764646236
21,1,2005,2014,2015,2016,maize,38,1.3808955275385002,1.5217346843550776,0.19344125912425048,-1.2513449811935422,1.5505263157894733,1.912135482977908
21,1,2005,2014,2015,2016,wheat,38,0.8723514105144299,0.9434720858929034,-1.7441155256909306,-0.8723514105144299,0.9097894736842104,0.9473162090875463
21,2,2005,2016,2017,2018,ALL,114,0.9255239038300096,1.2254199389603273,0.27015172442862156,-0.8910252641376697,0.7088947368421055,0.9635267273853719
21,2,2005,2016,2017,2018,barley,38,0.5806667046797904,0.7365599071103279,-0.37945001811012347,-0.4979936860737048,0.5816315789473684,0.7006516515659585
21,2,2005,2016,2017,2018,maize,38,1.6777553206995917,1.8692201948699914,-0.6809366142972506,-1.6777553206995917,1.1426842105263155,1.4097880766457884
21,2,2005,2016,2017,2018,wheat,38,0.5181496861106472,0.6844395128369001,-0.8920516595187062,-0.4973267856397127,0.4023684210526317,0.5538376163309584
21,3,2005,2018,2019,2020,ALL,114,0.7341819500504879,0.8675757670787576,0.6532825229808374,-0.6828791804062694,0.6385964912280702,0.8240232069632719
21,3,2005,2018,2019,2020,barley,38,0.8481407225759404,0.9334400150640365,-1.0155425752831975,-0.8481407225759404,0.6510526315789474,0.7400854858161924
21,3,2005,2018,2019,2020,maize,38,0.8128349755939686,0.9902141241766028,0.2069853465336221,-0.7219587657326147,0.9531578947368423,1.151337985951448
21,3,2005,2018,2019,2020,wheat,38,0.5415701519815546,0.6373608565210913,-0.4495983687493992,-0.4785380529102528,0.31157894736842096,0.4046443532678776
21,4,2005,2020,2021,2022,ALL,114,1.1597616391432914,1.6266721389313368,-0.2975626673894809,0.7706120951133862,1.4767719298245612,2.0633381911911752
21,4,2005,2020,2021,2022,barley,38,0.6087186030337685,0.7290223696974785,0.49643573633677796,-0.11304240176552216,0.8475263157894738,0.9902519084077864
21,4,2005,2020,2021,2022,maize,38,2.275086887761166,2.604412152234752,-0.7982814368787465,2.2129369544982906,2.8119473684210528,3.289523833722987
21,4,2005,2020,2021,2022,wheat,38,0.5954794266349391,0.7897787465480262,0.4121009509085849,0.2119417326073897,0.7708421052631579,0.9851535814010772
22,1,2005,2014,2015,2016,ALL,114,1.0891165232240108,1.2190617551346448,0.24695820997877582,-1.0379810370896991,1.1329298245614035,1.3605235447391102
22,1,2005,2014,2015,2016,barley,38,0.9468336137972378,1.028011877796372,-1.7149409054653715,-0.9468336137972378,0.9384736842105265,0.9997013764646236
22,1,2005,2014,2015,2016,maize,38,1.3450284576416014,1.512008722425437,0.20371833431479158,-1.1916219992386665,1.5505263157894733,1.912135482977908
22,1,2005,2014,2015,2016,wheat,38,0.9754874982331929,1.0561041098844632,-2.4384106678302917,-0.9754874982331929,0.9097894736842104,0.9473162090875463
22,2,2005,2016,2017,2018,ALL,114,0.8979593754651255,1.1916013852576566,0.3098798626924488,-0.8590315299285087,0.7088947368421055,0.9635267273853719
22,2,2005,2016,2017,2018,barley,38,0.6037356680317929,0.7543070233147955,-0.44672544977314566,-0.5180342295295314,0.5816315789473684,0.7006516515659585
22,2,2005,2016,2017,2018,maize,38,1.5794129456971822,1.7963700585040627,-0.552465735661418,-1.575022850538555,1.1426842105263155,1.4097880766457884
22,2,2005,2016,2017,2018,wheat,38,0.5107295126664012,0.681041196648177,-0.8733098207926033,-0.4840375097174394,0.4023684210526317,0.5538376163309584
22,3,2005,2018,2019,2020,ALL,114,0.7313438505038881,0.8768180454392931,0.6458560177719778,-0.687655936374999,0.6385964912280702,0.8240232069632719
22,3,2005,2018,2019,2020,barley,38,0.8299914784180489,0.9144958226063689,-0.9345617622647131,-0.8299914784180489,0.6510526315789474,0.7400854858161924
22,3,2005,2018,2019,2020,maize,38,0.8334326207010371,1.0366374868028894,0.13088589471970613,-0.7711888519086337,0.9531578947368423,1.151337985951448
22,3,2005,2018,2019,2020,wheat,38,0.5306074523925781,0.628895671645494,-0.41134804980983275,-0.46178747879831433,0.31157894736842096,0.4046443532678776
22,4,2005,2020,2021,2022,ALL,114,1.1182162271466172,1.5857708359802025,-0.2331307796703601,0.7899224398428933,1.4767719298245612,2.0633381911911752
22,4,2005,2020,2021,2022,barley,38,0.5809717665220561,0.7106489638668575,0.5214983418151766,-0.0456099354593377,0.8475263157894738,0.9902519084077864
22,4,2005,2020,2021,2022,maize,38,2.197326655638845,2.5286781974333445,-0.6952172503808285,2.1241147779163554,2.8119473684210528,3.289523833722987
22,4,2005,2020,2021,2022,wheat,38,0.57635025927895,0.8029769963805102,0.39228762435016307,0.2912624770716617,0.7708421052631579,0.9851535814010772
23,1,2005,2014,2015,2016,ALL,114,1.0352756852434393,1.151746242953492,0.3278266756008288,-0.9845264121105797,1.1329298245614035,1.3605235447391102
23,1,2005,2014,2015,2016,barley,38,0.8796463233546209,0.9597038223828797,-1.366129798104832,-0.8796463233546209,0.9384736842105265,0.9997013764646236
23,1,2005,2014,2015,2016,maize,38,1.307928550368861,1.4469321428423787,0.27078691679291844,-1.1556807309702821,1.5505263157894733,1.912135482977908
23,1,2005,2014,2015,2016,wheat,38,0.918252182006836,0.9823004488371688,-1.974630078913413,-0.918252182006836,0.9097894736842104,0.9473162090875463
23,2,2005,2016,2017,2018,ALL,114,0.8905556538230496,1.196188908850061,0.30455587314093646,-0.8516743362159059,0.7088947368421055,0.9635267273853719
23,2,2005,2016,2017,2018,barley,38,0.5613378866095292,0.7065857576481275,-0.2694616252862114,-0.4686940504375257,0.5816315789473684,0.7006516515659585
23,2,2005,2016,2017,2018,maize,38,1.6255290031433107,1.8357683082185814,-0.6213103103712063,-1.6255290031433107,1.1426842105263155,1.4097880766457884
23,2,2005,2016,2017,2018,wheat,38,0.4848000717163087,0.6506112530511666,-0.7096451720763157,-0.46079995506688176,0.4023684210526317,0.5538376163309584
23,3,2005,2018,2019,2020,ALL,114,0.6782599414022346,0.8086394253845921,0.6987890670918445,-0.6178034984856321,0.6385964912280702,0.8240232069632719
23,3,2005,2018,2019,2020,barley,38,0.8053306715111982,0.8823728875084524,-0.801040412525551,-0.8053306715111982,0.6510526315789474,0.7400854858161924
23,3,2005,2018,2019,2020,maize,38,0.738647710398624,0.9220538828762193,0.31240045437270547,-0.6263381963027153,0.9531578947368423,1.151337985951448
23,3,2005,2018,2019,2020,wheat,38,0.49080144229688144,0.5769990340735872,-0.18802912668599614,-0.421741627642983,0.31157894736842096,0.4046443532678776
23,4,2005,2020,2021,2022,ALL,114,1.1581191164987128,1.615340253483989,-0.27954721669199767,0.6856456112443355,1.4767719298245612,2.0633381911911752
23,4,2005,2020,2021,2022,barley,38,0.6757298128228438,0.7913420626308708,0.4066626412243626,-0.15903414876837474,0.8475263157894738,0.9902519084077864
23,4,2005,2020,2021,2022,maize,38,2.1699944516232135,2.5533210968374362,-0.7284192805296839,2.032290635359914,2.8119473684210528,3.289523833722987
23,4,2005,2020,2021,2022,wheat,38,0.6286330850500811,0.8260154477569674,0.3569152489334225,0.1836803471414666,0.7708421052631579,0.9851535814010772
24,1,2005,2014,2015,2016,ALL,114,1.1005979484424255,1.2217676630594883,0.24361149977096352,-1.0482502502307558,1.1329298245614035,1.3605235447391102
24,1,2005,2014,2015,2016,barley,38,0.9546479709524857,1.0364629421916611,-1.7597622744383123,-0.9546479709524857,0.9384736842105265,0.9997013764646236
24,1,2005,2014,2015,2016,maize,38,1.3532098664735492,1.508242388957246,0.2076803842562629,-1.1961667718385394,1.5505263157894733,1.912135482977908
24,1,2005,2014,2015,2016,wheat,38,0.9939360079012419,1.0625902940971532,-2.4807751476763897,-0.9939360079012419,0.9097894736842104,0.9473162090875463
24,2,2005,2016,2017,2018,ALL,114,0.8961123093387539,1.1882654034160192,0.3137385450345196,-0.8551507928078635,0.7088947368421055,0.9635267273853719
24,2,2005,2016,2017,2018,barley,38,0.6107198830654748,0.7664006062305035,-0.4934871754554584,-0.5299362669493023,0.5816315789473684,0.7006516515659585
24,2,2005,2016,2017,2018,maize,38,1.5550742269817153,1.7779502871254127,-0.5207913560770443,-1.5429616626940277,1.1426842105263155,1.4097880766457884
24,2,2005,2016,2017,2018,wheat,38,0.5225428179690713,0.6981739712610914,-0.9687480931942662,-0.49255444878026067,0.4023684210526317,0.5538376163309584
24,3,2005,2018,2019,2020,ALL,114,0.6837902343482302,0.833839994629441,0.679722557531429,-0.6317450667264168,0.6385964912280702,0.8240232069632719
24,3,2005,2018,2019,2020,barley,38,0.759664834173102,0.8452345930344262,-0.652622547900529,-0.7546497580879612,0.6510526315789474,0.7400854858161924
24,3,2005,2018,2019,2020,maize,38,0.8140863453714472,1.0231895575972172,0.1532890479334943,-0.7427197411185817,0.9531578947368423,1.151337985951448
24,3,2005,2018,2019,2020,wheat,38,0.4776195235001414,0.5696744876618731,-0.15805838880351053,-0.3978657009727078,0.31157894736842096,0.4046443532678776
24,4,2005,2020,2021,2022,ALL,114,1.1192605823382997,1.55500423383039,-0.1857453682338721,0.6421790516167356,1.4767719298245612,2.0633381911911752
24,4,2005,2020,2021,2022,barley,38,0.6622389416945607,0.7828364303777163,0.41934890593607554,-0.15478057309200885,0.8475263157894738,0.9902519084077864
24,4,2005,2020,2021,2022,maize,38,2.075272117915906,2.4435330838421905,-0.5829772811946854,1.8921412553285295,2.8119473684210528,3.289523833722987
24,4,2005,2020,2021,2022,wheat,38,0.6202706874044319,0.8187964906699735,0.3681066016251586,0.18917647261368598,0.7708421052631579,0.9851535814010772
25,1,2005,2014,2015,2016,ALL,114,1.0386954295844362,1.1820585986268142,0.29197975207313676,-0.9927289419006882,1.1329298245614035,1.3605235447391102
25,1,2005,2014,2015,2016,barley,38,0.8139555110429464,0.910334066269472,-1.1289511968840866,-0.8139555110429464,0.9384736842105265,0.9997013764646236
25,1,2005,2014,2015,2016,maize,38,1.3961579807181106,1.5533015527210803,0.15963167253106303,-1.2582585176668666,1.5505263157894733,1.912135482977908
25,1,2005,2014,2015,2016,wheat,38,0.9059727969922517,0.9748506377216628,-1.9296817143036749,-0.9059727969922517,0.9097894736842104,0.9473162090875463
25,2,2005,2016,2017,2018,ALL,114,0.8932948653739795,1.2129052099108728,0.28498290664024073,-0.8578176614694429,0.7088947368421055,0.9635267273853719
25,2,2005,2016,2017,2018,barley,38,0.5389570243735063,0.6898382129418686,-0.20999705848120254,-0.45702112072392514,0.5816315789473684,0.7006516515659585
25,2,2005,2016,2017,2018,maize,38,1.639698802546451,1.8708360192527518,-0.6838440003009003,-1.6322470363817718,1.1426842105263155,1.4097880766457884
25,2,2005,2016,2017,2018,wheat,38,0.5012287692019815,0.6614476349027946,-0.7670701015836303,-0.4841848273026316,0.4023684210526317,0.5538376163309584
25,3,2005,2018,2019,2020,ALL,114,0.7045438415962352,0.8465829113089374,0.669858664721428,-0.6568467639621937,0.6385964912280702,0.8240232069632719
25,3,2005,2018,2019,2020,barley,38,0.781720010606866,0.8727933888165486,-0.7621466287247753,-0.781720010606866,0.6510526315789474,0.7400854858161924
25,3,2005,2018,2019,2020,maize,38,0.826930527436106,1.0180371317008305,0.1617950595491796,-0.7576974974180524,0.9531578947368423,1.151337985951448
25,3,2005,2018,2019,2020,wheat,38,0.504980986745734,0.5932452916605566,-0.2558724001774151,-0.4311227838616623,0.31157894736842096,0.4046443532678776
25,4,2005,2020,2021,2022,ALL,114,1.190925987812511,1.6198153899271974,-0.28664674909664445,0.6521918539415327,1.4767719298245612,2.0633381911911752
25,4,2005,2020,2021,2022,barley,38,0.7203601460707814,0.8418770045236638,0.32846216372215575,-0.2205190502969841,0.8475263157894738,0.9902519084077864
25,4,2005,2020,2021,2022,maize,38,2.1688790150692583,2.537640708347529,-0.7072554199383858,2.0631954303540674,2.8119473684210528,3.289523833722987
25,4,2005,2020,2021,2022,wheat,38,0.6835388022974919,0.8503107884336811,0.3185292003737148,0.11389918176751383,0.7708421052631579,0.9851535814010772
26,1,2005,2014,2015,2016,ALL,114,1.1120755840602674,1.2515449408457975,0.20629235627348153,-1.0663688387787134,1.1329298245614035,1.3605235447391102
26,1,2005,2014,2015,2016,barley,38,0.9296478567625346,1.0218819031935784,-1.682659372586886,-0.9296478567625346,0.9384736842105265,0.9997013764646236
26,1,2005,2014,2015,2016,maize,38,1.3965902210536754,1.5760731257458587,0.13481127577929974,-1.259469985209013,1.5505263157894733,1.912135482977908
26,1,2005,2014,2015,2016,wheat,38,1.0099886743645918,1.0820559574704447,-2.6094723649660563,-1.0099886743645918,0.9097894736842104,0.9473162090875463
26,2,2005,2016,2017,2018,ALL,114,0.8372341770874826,1.1390615562852267,0.3693954641280507,-0.7917287256843165,0.7088947368421055,0.9635267273853719
26,2,2005,2016,2017,2018,barley,38,0.5463565163863333,0.6895300900285845,-0.20891638609119823,-0.4482384390580027,0.5816315789473684,0.7006516515659585
26,2,2005,2016,2017,2018,maize,38,1.489165694588109,1.733244178007646,-0.44527306297908575,-1.4742634823447782,1.1426842105263155,1.4097880766457884
26,2,2005,2016,2017,2018,wheat,38,0.4761803202880057,0.6424924601647399,-0.6672430429462122,-0.452684255650169,0.4023684210526317,0.5538376163309584
26,3,2005,2018,2019,2020,ALL,114,0.6964000174037196,0.8614688877526345,0.6581464433464652,-0.6443865656434443,0.6385964912280702,0.8240232069632719
26,3,2005,2018,2019,2020,barley,38,0.7345283194592124,0.8359610061297622,-0.6165576141980131,-0.733957666848835,0.6510526315789474,0.7400854858161924
26,3,2005,2018,2019,2020,maize,38,0.8596449124185664,1.0826056800168387,0.052097690028031995,-0.787752995240061,0.9531578947368423,1.151337985951448
26,3,2005,2018,2019,2020,wheat,38,0.4950268203333806,0.5962550389917706,-0.26864771234943996,-0.41144903484143724,0.31157894736842096,0.4046443532678776
26,4,2005,2020,2021,2022,ALL,114,1.155664352617766,1.5725144947322205,-0.21260010015684117,0.6435073149831672,1.4767719298245612,2.0633381911911752
26,4,2005,2020,2021,2022,barley,38,0.7226680881098696,0.8414151652024975,0.32919874996295306,-0.1778491768084074,0.8475263157894738,0.9902519084077864
26,4,2005,2020,2021,2022,maize,38,2.062847609770925,2.4393006014804524,-0.5774982304347767,1.9479067335630715,2.8119473684210528,3.289523833722987
26,4,2005,2020,2021,2022,wheat,38,0.6814773599725021,0.8719166266410743,0.2834577690340072,0.16046438819483702,0.7708421052631579,0.9851535814010772
27,1,2005,2014,2015,2016,ALL,114,1.0556270031343427,1.1897038382157057,0.2827915624099093,-1.0073764905594942,1.1329298245614035,1.3605235447391102
27,1,2005,2014,2015,2016,barley,38,0.8640008444535108,0.954704057472034,-1.3415403844294183,-0.8640008444535108,0.9384736842105265,0.9997013764646236
27,1,2005,2014,2015,2016,maize,38,1.36780669889952,1.5238755557495807,0.19117022831197972,-1.2230551611749747,1.5505263157894733,1.912135482977908
27,1,2005,2014,2015,2016,wheat,38,0.9350734660499974,1.0062450602268258,-2.121417083361146,-0.9350734660499974,0.9097894736842104,0.9473162090875463
27,2,2005,2016,2017,2018,ALL,114,0.8971851704413429,1.2300595093767401,0.26461469571919316,-0.8532789790002924,0.7088947368421055,0.9635267273853719
27,2,2005,2016,2017,2018,barley,38,0.5300420663231298,0.6750268549507659,-0.15859572141789902,-0.4300453007848639,0.5816315789473684,0.7006516515659585
27,2,2005,2016,2017,2018,maize,38,1.6699217078560278,1.915033643152065,-0.7643438349735747,-1.6566245706457843,1.1426842105263155,1.4097880766457884
27,2,2005,2016,2017,2018,wheat,38,0.49159173714487175,0.6450768020286006,-0.6806825520582978,-0.47316706557022903,0.4023684210526317,0.5538376163309584
27,3,2005,2018,2019,2020,ALL,114,0.6888876034084119,0.8379091631231266,0.6765889998443873,-0.6369345670833922,0.6385964912280702,0.8240232069632719
27,3,2005,2018,2019,2020,barley,38,0.7625880028072156,0.8517936192593945,-0.67837078959717,-0.7623392403753179,0.6510526315789474,0.7400854858161924
27,3,2005,2018,2019,2020,maize,38,0.823156943572195,1.027212649222779,0.14661757139256448,-0.7522436096793728,0.9531578947368423,1.151337985951448
27,3,2005,2018,2019,2020,wheat,38,0.4809178638458252,0.5705761127166089,-0.16172701275549328,-0.3962208511954861,0.31157894736842096,0.4046443532678776
27,4,2005,2020,2021,2022,ALL,114,1.178629939096016,1.596718738771334,-0.25021622123700094,0.5940977581760339,1.4767719298245612,2.0633381911911752
27,4,2005,2020,2021,2022,barley,38,0.7513312088815788,0.8662747712937104,0.2889755651246113,-0.2500980246694463,0.8475263157894738,0.9902519084077864
27,4,2005,2020,2021,2022,maize,38,2.08754215441252,2.4788448333960598,-0.6290593984211608,1.9343683604190223,2.8119473684210528,3.289523833722987
27,4,2005,2020,2021,2022,wheat,38,0.697016453993948,0.8680025949248359,0.28987644274801594,0.09802293877852586,0.7708421052631579,0.9851535814010772
28,1,2005,2014,2015,2016,ALL,114,1.1176327384145637,1.2550231485457055,0.2018745905284529,-1.0647636898776942,1.1329298245614035,1.3605235447391102
28,1,2005,2014,2015,2016,barley,38,0.9253010217767011,1.0155654922291424,-1.649597998538232,-0.9253010217767011,0.9384736842105265,0.9997013764646236
28,1,2005,2014,2015,2016,maize,38,1.4124410536414698,1.5839170620665688,0.12617795422983324,-1.2538339080308611,1.5505263157894733,1.912135482977908
28,1,2005,2014,2015,2016,wheat,38,1.0151561398255198,1.088615075058451,-2.6533641968988095,-1.0151561398255198,0.9097894736842104,0.9473162090875463
28,2,2005,2016,2017,2018,ALL,114,0.8665242230264766,1.184287857899199,0.31832517633052226,-0.811522735963788,0.7088947368421055,0.9635267273853719
28,2,2005,2016,2017,2018,barley,38,0.5646086193385877,0.7041543185292995,-0.26073994380455057,-0.45232943208594073,0.5816315789473684,0.7006516515659585
28,2,2005,2016,2017,2018,maize,38,1.5481249026248332,1.8091593881382346,-0.5746501126169299,-1.5259591554340566,1.1426842105263155,1.4097880766457884
28,2,2005,2016,2017,2018,wheat,38,0.4868391471160085,0.6623610760833151,-0.771954022966326,-0.4562796203713669,0.4023684210526317,0.5538376163309584
28,3,2005,2018,2019,2020,ALL,114,0.680629681537026,0.8400490972204044,0.6749349733565919,-0.624618028506898,0.6385964912280702,0.8240232069632719
28,3,2005,2018,2019,2020,barley,38,0.7093748142844752,0.7995791432757832,-0.4789110772021903,-0.7065459863763105,0.6510526315789474,0.7400854858161924
28,3,2005,2018,2019,2020,maize,38,0.8732424424823962,1.0859591078058413,0.04621624097389432,-0.8030520770424292,0.9531578947368423,1.151337985951448
28,3,2005,2018,2019,2020,wheat,38,0.45927178784420625,0.5462723377898205,-0.06486691641775755,-0.36425602210195446,0.31157894736842096,0.4046443532678776
28,4,2005,2020,2021,2022,ALL,114,1.1736636996687506,1.5894357946370419,-0.23883727357779394,0.6111324352130556,1.4767719298245612,2.0633381911911752
28,4,2005,2020,2021,2022,barley,38,0.756047500811125,0.8800871368868352,0.2661208660333406,-0.19349195781506986,0.8475263157894738,0.9902519084077864
28,4,2005,2020,2021,2022,maize,38,2.0644279876508205,2.449966088256533,-0.5913231509637484,1.8773353360828597,2.8119473684210528,3.289523833722987
28,4,2005,2020,2021,2022,wheat,38,0.7005156105443051,0.895561965304339,0.24406726175551285,0.1495539273713764,0.7708421052631579,0.9851535814010772
29,1,2005,2014,2015,2016,ALL,114,1.0323396629199648,1.1663181056351666,0.3107104413164279,-0.9932209541923122,1.1329298245614035,1.3605235447391102
29,1,2005,2014,2015,2016,barley,38,0.8428499354814231,0.9332166063466141,-1.2373247785703692,-0.8428499354814231,0.9384736842105265,0.9997013764646236
29,1,2005,2014,2015,2016,maize,38,1.3787575465754458,1.5212266582804608,0.19397970314865087,-1.261401420392488,1.5505263157894733,1.912135482977908
29,1,2005,2014,2015,2016,wheat,38,0.8754115067030253,0.9465040889362185,-1.76178120094103,-0.8754115067030253,0.9097894736842104,0.9473162090875463
29,2,2005,2016,2017,2018,ALL,114,0.885556211638869,1.1891530642353614,0.3127128567758519,-0.8492266557927719,0.7088947368421055,0.9635267273853719
29,2,2005,2016,2017,2018,barley,38,0.5478282346223531,0.6966172985842862,-0.23389535126837324,-0.46736794120387026,0.5816315789473684,0.7006516515659585
29,2,2005,2016,2017,2018,maize,38,1.6301930603228119,1.8280754443694065,-0.6077504443335813,-1.6301930603228119,1.1426842105263155,1.4097880766457884
29,2,2005,2016,2017,2018,wheat,38,0.478647339971442,0.6442977103387675,-0.6766253139501446,-0.45011896585163325,0.4023684210526317,0.5538376163309584
29,3,2005,2018,2019,2020,ALL,114,0.695786361443369,0.8276082529267446,0.6844918853000161,-0.638805103051035,0.6385964912280702,0.8240232069632719
29,3,2005,2018,2019,2020,barley,38,0.8149926158001547,0.8981541341593884,-0.8660397640916513,-0.8149926158001547,0.6510526315789474,0.7400854858161924
29,3,2005,2018,2019,2020,maize,38,0.7649473782589562,0.9430235132058932,0.28076962262653116,-0.6645592418469882,0.9531578947368423,1.151337985951448
29,3,2005,2018,2019,2020,wheat,38,0.5074190902709962,0.5990259307998187,-0.28046632474850663,-0.4368634515059623,0.31157894736842096,0.4046443532678776
29,4,2005,2020,2021,2022,ALL,114,1.1474846811461865,1.6056973736880407,-0.2643161318796534,0.7470926042188678,1.4767719298245612,2.0633381911911752
29,4,2005,2020,2021,2022,barley,38,0.6193016815185546,0.737598830532748,0.48451784942797904,-0.12793884478117284,0.8475263157894738,0.9902519084077864
29,4,2005,2020,2021,2022,maize,38,2.231752742466173,2.563434883671709,-0.7421390475556882,2.1599131016982223,2.8119473684210528,3.289523833722987
29,4,2005,2020,2021,2022,wheat,38,0.5913996194538318,0.7871097318530296,0.4160677829984365,0.20930355573955328,0.7708421052631579,0.9851535814010772
30,1,2005,2014,2015,2016,ALL,114,1.0836742531625847,1.2229748077293692,0.2421160903816607,-1.039701982130084,1.1329298245614035,1.3605235447391102
30,1,2005,2014,2015,2016,barley,38,0.9279545076269852,1.014386077667128,-1.6434474156138932,-0.9279545076269852,0.9384736842105265,0.9997013764646236
30,1,2005,2014,2015,2016,maize,38,1.3666951914837484,1.5438919959394357,0.16978236420955017,-1.2347783783862463,1.5505263157894733,1.912135482977908
30,1,2005,2014,2015,2016,wheat,38,0.9563730603770206,1.0365425853920844,-2.312215452267223,-0.9563730603770206,0.9097894736842104,0.9473162090875463
30,2,2005,2016,2017,2018,ALL,114,0.8435385102556463,1.1299288374163665,0.37946699405264794,-0.8070309947666369,0.7088947368421055,0.9635267273853719
30,2,2005,2016,2017,2018,barley,38,0.562050249953019,0.7063416772443796,-0.26858474039052593,-0.4802286848269011,0.5816315789473684,0.7006516515659585
30,2,2005,2016,2017,2018,maize,38,1.4903080523641488,1.7094686150738378,-0.40589430537082705,-1.4882530187305654,1.1426842105263155,1.4097880766457884
30,2,2005,2016,2017,2018,wheat,38,0.4782572284497714,0.6395436044089854,-0.6519738313055139,-0.45261128074244455,0.4023684210526317,0.5538376163309584
30,3,2005,2018,2019,2020,ALL,114,0.6886679253661843,0.8390350008222768,0.6757193282253867,-0.6329386047731366,0.6385964912280702,0.8240232069632719
30,3,2005,2018,2019,2020,barley,38,0.7886025441320319,0.8825477654323457,-0.8017543814697654,-0.7882208696164582,0.6510526315789474,0.7400854858161924
30,3,2005,2018,2019,2020,maize,38,0.7776334506586979,0.9847342385823339,0.2157382112394982,-0.6873009736914385,0.9531578947368423,1.151337985951448
30,3,2005,2018,2019,2020,wheat,38,0.49976778130782284,0.6027828123864829,-0.29657796595650043,-0.4232939710115133,0.31157894736842096,0.4046443532678776
30,4,2005,2020,2021,2022,ALL,114,1.121474438382868,1.5728848957942665,-0.21317141605149703,0.7585872365717302,1.4767719298245612,2.0633381911911752
30,4,2005,2020,2021,2022,barley,38,0.6044761868527061,0.7284312391072622,0.49725203928828954,-0.07236781572040756,0.8475263157894738,0.9902519084077864
30,4,2005,2020,2021,2022,maize,38,2.1635557054218486,2.496713487549244,-0.6526300668886222,2.099091380269903,2.8119473684210528,3.289523833722987
30,4,2005,2020,2021,2022,wheat,38,0.5963914228740492,0.8109934507969668,0.38009296203841425,0.24903814516569436,0.7708421052631579,0.9851535814010772
31,1,2005,2014,2015,2016,ALL,114,1.0388236715919092,1.1649108903631757,0.31237275561574407,-0.9931315576821043,1.1329298245614035,1.3605235447391102
31,1,2005,2014,2015,2016,barley,38,0.8693358742563351,0.9561308838399135,-1.3485445824608489,-0.8693358742563351,0.9384736842105265,0.9997013764646236
31,1,2005,2014,2015,2016,maize,38,1.3463803976460504,1.4872903446488392,0.22954080904045537,-1.2093040559166355,1.5505263157894733,1.912135482977908
31,1,2005,2014,2015,2016,wheat,38,0.9007547428733425,0.9720253654828267,-1.9127249542631897,-0.9007547428733425,0.9097894736842104,0.9473162090875463
31,2,2005,2016,2017,2018,ALL,114,0.8831064968778376,1.1997985138216867,0.3003524132156473,-0.8342064317067465,0.7088947368421055,0.9635267273853719
31,2,2005,2016,2017,2018,barley,38,0.5501126128748844,0.6938103865208403,-0.22397180195887945,-0.4385735772785388,0.5816315789473684,0.7006516515659585
31,2,2005,2016,2017,2018,maize,38,1.6344816303253176,1.8547184492739057,-0.6549557731725937,-1.6322744545183685,1.1426842105263155,1.4097880766457884
31,2,2005,2016,2017,2018,wheat,38,0.46472524743331106,0.6302349107951611,-0.6042341458067704,-0.431771263323332,0.4023684210526317,0.5538376163309584
31,3,2005,2018,2019,2020,ALL,114,0.6605151235848143,0.794119504867808,0.7095090317187402,-0.5940544418703045,0.6385964912280702,0.8240232069632719
31,3,2005,2018,2019,2020,barley,38,0.7857519197463988,0.8676611695288476,-0.7414839301298184,-0.7857519197463988,0.6510526315789474,0.7400854858161924
31,3,2005,2018,2019,2020,maize,38,0.7233411844153155,0.9071486316507169,0.3344512400956646,-0.6039526241704039,0.9531578947368423,1.151337985951448
31,3,2005,2018,2019,2020,wheat,38,0.4724522665927286,0.5622480049057904,-0.12806146064761093,-0.3924587816941112,0.31157894736842096,0.4046443532678776
31,4,2005,2020,2021,2022,ALL,114,1.1663774963847378,1.617186016442188,-0.2824730277318126,0.6835665928690058,1.4767719298245612,2.0633381911911752
31,4,2005,2020,2021,2022,barley,38,0.6829072159215023,0.7972456887737136,0.39777670381830865,-0.18451715469360347,0.8475263157894738,0.9902519084077864
31,4,2005,2020,2021,2022,maize,38,2.1786956490968397,2.554197889081051,-0.729606538035704,2.0703779155329647,2.8119473684210528,3.289523833722987
31,4,2005,2020,2021,2022,wheat,38,0.6375296241358708,0.8284589853903975,0.35310484545198706,0.16483901776765517,0.7708421052631579,0.9851535814010772
32,1,2005,2014,2015,2016,ALL,114,1.08448011214273,1.2184824486590462,0.2476737411336699,-1.0340355546850906,1.1329298245614035,1.3605235447391102
32,1,2005,2014,2015,2016,barley,38,0.9145127630233764,1.0013959473198972,-1.5761774519678533,-0.9145127630233764,0.9384736842105265,0.9997013764646236
32,1,2005,2014,2015,2016,maize,38,1.3716879149487142,1.5366346703547122,0.17756917645233805,-1.2203542425757958,1.5505263157894733,1.912135482977908
32,1,2005,2014,2015,2016,wheat,38,0.9672396584560997,1.0440586571766868,-2.3604240004768227,-0.9672396584560997,0.9097894736842104,0.9473162090875463
32,2,2005,2016,2017,2018,ALL,114,0.8978671583376434,1.1989891552760237,0.30129602958353185,-0.8511817236950523,0.7088947368421055,0.9635267273853719
32,2,2005,2016,2017,2018,barley,38,0.6032766997186761,0.7488319334481552,-0.4257997398389355,-0.5086195064845839,0.5816315789473684,0.7006516515659585
32,2,2005,2016,2017,2018,maize,38,1.5860799608732525,1.8133558993173373,-0.5819636758308178,-1.5735688360113849,1.1426842105263155,1.4097880766457884
32,2,2005,2016,2017,2018,wheat,38,0.5042448144210013,0.6809670339068157,-0.8729018506787387,-0.4713568285891885,0.4023684210526317,0.5538376163309584
32,3,2005,2018,2019,2020,ALL,114,0.6659290776336403,0.8105411394816405,0.6973706582948602,-0.6070700425432439,0.6385964912280702,0.8240232069632719
32,3,2005,2018,2019,2020,barley,38,0.7492152552855642,0.8336868854134108,-0.6077743174604511,-0.7462061829315987,0.6510526315789474,0.7400854858161924
32,3,2005,2018,2019,2020,maize,38,0.7827047709414835,0.9850110586953277,0.2152972192580117,-0.6985466886821547,0.9531578947368423,1.151337985951448
32,3,2005,2018,2019,2020,wheat,38,0.46586720667387316,0.5528564078620997,-0.09069070315643257,-0.3764572560159784,0.31157894736842096,0.4046443532678776
32,4,2005,2020,2021,2022,ALL,114,1.136395841899671,1.570249439382002,-0.20910934920597612,0.6552780987923605,1.4767719298245612,2.0633381911911752
32,4,2005,2020,2021,2022,barley,38,0.6826831777472244,0.8071262526053199,0.38275704805946165,-0.15363341582448853,0.8475263157894738,0.9902519084077864
32,4,2005,2020,2021,2022,maize,38,2.084547604510658,2.456807544685528,-0.6002230037567857,1.9379730862065363,2.8119473684210528,3.289523833722987
32,4,2005,2020,2021,2022,wheat,38,0.6419567434411301,0.8424332652323463,0.3310973939385554,0.18149462599503363,0.7708421052631579,0.9851535814010772
33,1,2005,2014,2015,2016,ALL,114,1.0498871532239413,1.189118645968782,0.2834969507280729,-1.001342273176762,1.1329298245614035,1.3605235447391102
33,1,2005,2014,2015,2016,barley,38,0.8648150439011426,0.9558605983952572,-1.3472169656963673,-0.8648150439011426,0.9384736842105265,0.9997013764646236
33,1,2005,2014,2015,2016,maize,38,1.3835647741116974,1.5476961424013385,0.16568601488637746,-1.23793013397016,1.5505263157894733,1.912135482977908
33,1,2005,2014,2015,2016,wheat,38,0.9012816416589837,0.9659071538214037,-1.8761732671003895,-0.9012816416589837,0.9097894736842104,0.9473162090875463
33,2,2005,2016,2017,2018,ALL,114,0.8253165333731132,1.1345068819310082,0.3744284772721299,-0.7730433241526286,0.7088947368421055,0.9635267273853719
33,2,2005,2016,2017,2018,barley,38,0.5125173533590217,0.6487128731155719,-0.0700272820647847,-0.4059765750483462,0.5816315789473684,0.7006516515659585
33,2,2005,2016,2017,2018,maize,38,1.532065864362215,1.7659227250734388,-0.5002851099461145,-1.519037989566201,1.1426842105263155,1.4097880766457884
33,2,2005,2016,2017,2018,wheat,38,0.4313663823981034,0.5674558421320509,-0.3005497983476435,-0.39411540784333887,0.4023684210526317,0.5538376163309584
33,3,2005,2018,2019,2020,ALL,114,0.6846600635428177,0.8376628109176582,0.676779142891881,-0.6239046403817963,0.6385964912280702,0.8240232069632719
33,3,2005,2018,2019,2020,barley,38,0.7313786554336547,0.8291912204597462,-0.5904811916898334,-0.7313786554336547,0.6510526315789474,0.7400854858161924
33,3,2005,2018,2019,2020,maize,38,0.8517421044801411,1.0531429624711053,0.10298926836901023,-0.7865028787914077,0.9531578947368423,1.151337985951448
33,3,2005,2018,2019,2020,wheat,38,0.4708594307146575,0.5553096207463702,-0.10039171389853618,-0.3538323869203267,0.31157894736842096,0.4046443532678776
33,4,2005,2020,2021,2022,ALL,114,1.1760955932684114,1.6229438949873138,-0.2916215975836831,0.6223990599314372,1.4767719298245612,2.0633381911911752
33,4,2005,2020,2021,2022,barley,38,0.7275533154136256,0.858486564138811,0.3017029651777534,-0.22763914509823435,0.8475263157894738,0.9902519084077864
33,4,2005,2020,2021,2022,maize,38,2.1271937741731337,2.537299850907217,-0.7067968115720857,1.9881335820649795,2.8119473684210528,3.289523833722987
33,4,2005,2020,2021,2022,wheat,38,0.6735396902184738,0.8526141827398447,0.3148321473805513,0.106702742827566,0.7708421052631579,0.9851535814010772
34,1,2005,2014,2015,2016,ALL,114,1.0340098143460459,1.1779652849899696,0.29687482408538424,-0.9781917287592302,1.1329298245614035,1.3605235447391102
34,1,2005,2014,2015,2016,barley,38,0.8833201905300745,0.9748068919276267,-1.4411884011739513,-0.8833201905300745,0.9384736842105265,0.9997013764646236
34,1,2005,2014,2015,2016,maize,38,1.3317045545578001,1.5116568390158112,0.20408892173099324,-1.1642502977973535,1.5505263157894733,1.912135482977908
34,1,2005,2014,2015,2016,wheat,38,0.8870046979502626,0.9630429701896102,-1.85914124793586,-0.8870046979502626,0.9097894736842104,0.9473162090875463
34,2,2005,2016,2017,2018,ALL,114,0.777578655376769,1.1003736219854787,0.41150463971941464,-0.7178600599054706,0.7088947368421055,0.9635267273853719
34,2,2005,2016,2017,2018,barley,38,0.44412494810003994,0.5664788564544274,0.18406187189470657,-0.3558070318322432,0.5816315789473684,0.7006516515659585
34,2,2005,2016,2017,2018,maize,38,1.5008959890666762,1.7477617447581364,-0.46958552845679646,-1.4754050806949015,1.1426842105263155,1.4097880766457884
34,2,2005,2016,2017,2018,wheat,38,0.38771502896359106,0.5068499902677345,-0.037580325097908984,-0.32236806718926686,0.4023684210526317,0.5538376163309584
34,3,2005,2018,2019,2020,ALL,114,0.690321084407338,0.8525293542848423,0.6652045161653661,-0.6334937624345746,0.6385964912280702,0.8240232069632719
34,3,2005,2018,2019,2020,barley,38,0.7066486569454794,0.80151396777259,-0.48607708561617646,-0.7066486569454794,0.6510526315789474,0.7400854858161924
34,3,2005,2018,2019,2020,maize,38,0.8945026367589047,1.104186663375937,0.013929483508367979,-0.8266611631293047,0.9531578947368423,1.151337985951448
34,3,2005,2018,2019,2020,wheat,38,0.4698119595176296,0.5645937226361499,-0.1374937168199737,-0.36717146722893973,0.31157894736842096,0.4046443532678776
34,4,2005,2020,2021,2022,ALL,114,1.1247635901601691,1.5546712060007317,-0.18523753177597202,0.5939626794112356,1.4767719298245612,2.0633381911911752
34,4,2005,2020,2021,2022,barley,38,0.7097236176540976,0.8377270267977389,0.33506644964068877,-0.19312862044886533,0.8475263157894738,0.9902519084077864
34,4,2005,2020,2021,2022,maize,38,1.9846810737409086,2.4116042103686284,-0.5418790296143761,1.8409099965346485,2.8119473684210528,3.289523833722987
34,4,2005,2020,2021,2022,wheat,38,0.6798860790855007,0.8563797273454311,0.308766737079023,0.13410666214792347,0.7708421052631579,0.9851535814010772
35,1,2005,2014,2015,2016,ALL,114,1.0736819757495009,1.2163509412648426,0.2503035474074108,-1.0301447307854368,1.1329298245614035,1.3605235447391102
35,1,2005,2014,2015,2016,barley,38,0.8843065721110296,0.9753600251446343,-1.443959586943937,-0.8843065721110296,0.9384736842105265,0.9997013764646236
35,1,2005,2014,2015,2016,maize,38,1.4316169282009725,1.594880694244759,0.11403916200366504,-1.3010051933087798,1.5505263157894733,1.912135482977908
35,1,2005,2014,2015,2016,wheat,38,0.905122426936501,0.9713687401923221,-1.908791059232847,-0.905122426936501,0.9097894736842104,0.9473162090875463
35,2,2005,2016,2017,2018,ALL,114,0.799666942546242,1.1027809115935914,0.4089269181666694,-0.7359882144760668,0.7088947368421055,0.9635267273853719
35,2,2005,2016,2017,2018,barley,38,0.5037020710894936,0.6438457833568639,-0.05403135428785122,-0.380138457197892,0.5816315789473684,0.7006516515659585
35,2,2005,2016,2017,2018,maize,38,1.4696739593305086,1.7069367778978584,-0.40173294258097814,-1.4473943484456917,1.1426842105263155,1.4097880766457884
35,2,2005,2016,2017,2018,wheat,38,0.4256247972187242,0.5658680592141957,-0.2932819138603988,-0.38043183778461664,0.4023684210526317,0.5538376163309584
35,3,2005,2018,2019,2020,ALL,114,0.6808011141994543,0.8196480922508903,0.6905319825494904,-0.618700140568248,0.6385964912280702,0.8240232069632719
35,3,2005,2018,2019,2020,barley,38,0.7316575487036453,0.818854255367598,-0.5510734644515267,-0.7316575487036453,0.6510526315789474,0.7400854858161924
35,3,2005,2018,2019,2020,maize,38,0.8456551742553711,1.0256987164864126,0.14913119217303283,-0.7562921202810188,0.9531578947368423,1.151337985951448
35,3,2005,2018,2019,2020,wheat,38,0.4650906196393466,0.5411920517303201,-0.0451526724167699,-0.36815075272007997,0.31157894736842096,0.4046443532678776
35,4,2005,2020,2021,2022,ALL,114,1.1839964694307563,1.6198934535880154,-0.28677076665604884,0.6027294518654807,1.4767719298245612,2.0633381911911752
35,4,2005,2020,2021,2022,barley,38,0.7505814953854208,0.8765758379317126,0.2719651249456503,-0.2151287199321545,0.8475263157894738,0.9902519084077864
35,4,2005,2020,2021,2022,maize,38,2.1038558578491204,2.5125994724245424,-0.6737275450054709,1.8950501753154552,2.8119473684210528,3.289523833722987
35,4,2005,2020,2021,2022,wheat,38,0.6975520550577264,0.8891698906610315,0.25481969329787324,0.12826690021314113,0.7708421052631579,0.9851535814010772
36,1,2005,2014,2015,2016,ALL,114,1.084881366428576,1.2173311394918707,0.24909477253965917,-1.0289950680314448,1.1329298245614035,1.3605235447391102
36,1,2005,2014,2015,2016,barley,38,0.9428740207772505,1.0241546534770485,-1.6946055572963044,-0.9428740207772505,0.9384736842105265,0.9997013764646236
36,1,2005,2014,2015,2016,maize,38,1.3404612109535616,1.5225677189333717,0.19255795767583128,-1.1728023157621683,1.5505263157894733,1.912135482977908
36,1,2005,2014,2015,2016,wheat,38,0.9713088675549156,1.0385471084900595,-2.3250385283351602,-0.9713088675549156,0.9097894736842104,0.9473162090875463
36,2,2005,2016,2017,2018,ALL,114,0.8088093215540836,1.142588976630972,0.36548373257149547,-0.7649629044114498,0.7088947368421055,0.9635267273853719
36,2,2005,2016,2017,2018,barley,38,0.4831877146269146,0.6212803826775435,0.01855695918006517,-0.40277761258577044,0.5816315789473684,0.7006516515659585
36,2,2005,2016,2017,2018,maize,38,1.5509088661796169,1.8034043522172571,-0.5646479487478524,-1.5274193186508984,1.1426842105263155,1.4097880766457884
36,2,2005,2016,2017,2018,wheat,38,0.39233138385571936,0.5275150586094548,-0.12391266782964783,-0.3646917819976807,0.4023684210526317,0.5538376163309584
36,3,2005,2018,2019,2020,ALL,114,0.6764631299805223,0.8192685266258571,0.6908185353393694,-0.6158519127494411,0.6385964912280702,0.8240232069632719
36,3,2005,2018,2019,2020,barley,38,0.7228964188224389,0.8059012837929799,-0.5023905481614148,-0.7228964188224389,0.6510526315789474,0.7400854858161924
36,3,2005,2018,2019,2020,maize,38,0.8344894680223968,1.0278636792471851,0.1455355098708575,-0.7335565245778938,0.9531578947368423,1.151337985951448
36,3,2005,2018,2019,2020,wheat,38,0.47200350309673117,0.5546369387485611,-0.0977273791390243,-0.3911027948479904,0.31157894736842096,0.4046443532678776
36,4,2005,2020,2021,2022,ALL,114,1.1407119506702088,1.5666636348252343,-0.20359343650212902,0.5911802342063502,1.4767719298245612,2.0633381911911752
36,4,2005,2020,2021,2022,barley,38,0.7108741293455424,0.8350448223420169,0.33931755416742004,-0.1879524025164152,0.8475263157894738,0.9902519084077864
36,4,2005,2020,2021,2022,maize,38,2.042764133654142,2.437449394842824,-0.5751047844757042,1.8122593990125153,2.8119473684210528,3.289523833722987
36,4,2005,2020,2021,2022,wheat,38,0.6684975890109414,0.8513785446624689,0.31681664641900953,0.14923370612295045,0.7708421052631579,0.9851535814010772
37,1,2005,2014,2015,2016,ALL,114,1.0348795339517427,1.170328567321261,0.3059619561724739,-0.9895094273383157,1.1329298245614035,1.3605235447391102
37,1,2005,2014,2015,2016,barley,38,0.8708342346392183,0.9601729091437837,-1.3684434106839296,-0.8708342346392183,0.9384736842105265,0.9997013764646236
37,1,2005,2014,2015,2016,maize,38,1.3649671712674591,1.5205425980029217,0.19470443735787835,-1.2288568514271785,1.5505263157894733,1.912135482977908
37,1,2005,2014,2015,2016,wheat,38,0.8688371959485506,0.9354277410199008,-1.6975206038321295,-0.8688371959485506,0.9097894736842104,0.9473162090875463
37,2,2005,2016,2017,2018,ALL,114,0.8405440686878405,1.1390457923934123,0.3694129183434779,-0.792221145797194,0.7088947368421055,0.9635267273853719
37,2,2005,2016,2017,2018,barley,38,0.5409616058751157,0.6805394676732898,-0.17759635453846756,-0.4417302141691509,0.5816315789473684,0.7006516515659585
37,2,2005,2016,2017,2018,maize,38,1.5368112473738822,1.755681670655514,-0.4829344639346911,-1.5304588920191717,1.1426842105263155,1.4097880766457884
37,2,2005,2016,2017,2018,wheat,38,0.44385935281452377,0.5888326211841761,-0.40038215056972737,-0.40447433120326,0.4023684210526317,0.5538376163309584
37,3,2005,2018,2019,2020,ALL,114,0.6888017733055248,0.8361518975681146,0.6779440943952599,-0.6195987820207026,0.6385964912280702,0.8240232069632719
37,3,2005,2018,2019,2020,barley,38,0.7541247729251258,0.8532332633538543,-0.6840489220409938,-0.7541247729251258,0.6510526315789474,0.7400854858161924
37,3,2005,2018,2019,2020,maize,38,0.8407064754084538,1.0305891247425378,0.14099816913581353,-0.7568899360455966,0.9531578947368423,1.151337985951448
37,3,2005,2018,2019,2020,wheat,38,0.4715740715829951,0.5543726559717918,-0.09668150101129713,-0.34778163709138576,0.31157894736842096,0.4046443532678776
37,4,2005,2020,2021,2022,ALL,114,1.1434933379658483,1.6193605958569137,-0.285924349286941,0.7012061629379005,1.4767719298245612,2.0633381911911752
37,4,2005,2020,2021,2022,barley,38,0.6521804131959613,0.7872537260675053,0.4127775611392106,-0.13817228467840892,0.8475263157894738,0.9902519084077864
37,4,2005,2020,2021,2022,maize,38,2.1664439708308163,2.5669463302086903,-0.746915153283789,2.074203831020154,2.8119473684210528,3.289523833722987
37,4,2005,2020,2021,2022,wheat,38,0.6118556298707662,0.811174658666766,0.37981590780718244,0.1675869424719559,0.7708421052631579,0.9851535814010772
38,1,2005,2014,2015,2016,ALL,114,1.009211690885979,1.1492255791205117,0.3307656370887738,-0.9514737752445958,1.1329298245614035,1.3605235447391102
38,1,2005,2014,2015,2016,barley,38,0.8740610858013758,0.9631790105251461,-1.3832968318048477,-0.8740610858013758,0.9384736842105265,0.9997013764646236
38,1,2005,2014,2015,2016,maize,38,1.3045566967913977,1.4734485322589652,0.2438149896706362,-1.1313429498672483,1.5505263157894733,1.912135482977908
38,1,2005,2014,2015,2016,wheat,38,0.8490172900651631,0.9291899222345931,-1.6616641919462753,-0.8490172900651631,0.9097894736842104,0.9473162090875463
38,2,2005,2016,2017,2018,ALL,114,0.7900541253675494,1.0968804533172782,0.4152351009938593,-0.7343498542852569,0.7088947368421055,0.9635267273853719
38,2,2005,2016,2017,2018,barley,38,0.46872871649892717,0.5940639415806181,0.10266170266019281,-0.38191911145260454,0.5816315789473684,0.7006516515659585
38,2,2005,2016,2017,2018,maize,38,1.500059566497803,1.7250000107412518,-0.4315568929952396,-1.4824194556788397,1.1426842105263155,1.4097880766457884
38,2,2005,2016,2017,2018,wheat,38,0.4013740931059186,0.5300030026942628,-0.13453919243015955,-0.3387109957243267,0.4023684210526317,0.5538376163309584
38,3,2005,2018,2019,2020,ALL,114,0.6931704670922797,0.8395996647584559,0.6752827046851773,-0.6288352537155151,0.6385964912280702,0.8240232069632719
38,3,2005,2018,2019,2020,barley,38,0.7320500797974434,0.822931329431788,-0.5665575009580119,-0.7320500797974434,0.6510526315789474,0.7400854858161924
38,3,2005,2018,2019,2020,maize,38,0.8714969725357861,1.0594950870152986,0.09213583658745172,-0.7888023005033795,0.9531578947368423,1.151337985951448
38,3,2005,2018,2019,2020,wheat,38,0.47596434894361006,0.56128155039838,-0.12418671826379613,-0.36565338084572246,0.31157894736842096,0.4046443532678776
38,4,2005,2020,2021,2022,ALL,114,1.0759297165117765,1.5350540304130476,-0.1555150804366916,0.6708162014944512,1.4767719298245612,2.0633381911911752
38,4,2005,2020,2021,2022,barley,38,0.6050235166047748,0.7357458422129198,0.4871045742567449,-0.11588706167120677,0.8475263157894738,0.9902519084077864
38,4,2005,2020,2021,2022,maize,38,2.0205204692639795,2.4265075209802363,-0.56099502344812,1.9296509853162263,2.8119473684210528,3.289523833722987
38,4,2005,2020,2021,2022,wheat,38,0.6022451636665747,0.7999449575781908,0.3968683998185102,0.19868468083833388,0.7708421052631579,0.9851535814010772
39,1,2005,2014,2015,2016,ALL,114,1.0677531896557724,1.2002465090289691,0.27002402352337473,-1.0280446646506325,1.1329298245614035,1.3605235447391102
39,1,2005,2014,2015,2016,barley,38,0.9003832749316566,0.9853259742820851,-1.4941580973300437,-0.9003832749316566,0.9384736842105265,0.9997013764646236
39,1,2005,2014,2015,2016,maize,38,1.4125068574202684,1.5607490357251483,0.15155386860045983,-1.2933812824048492,1.5505263157894733,1.912135482977908
39,1,2005,2014,2015,2016,wheat,38,0.8903694366153916,0.9565407566835624,-1.820663241266132,-0.8903694366153916,0.9097894736842104,0.9473162090875463
39,2,2005,2016,2017,2018,ALL,114,0.7859317530247204,1.0781696529628761,0.4350150119522149,-0.7204198347058214,0.7088947368421055,0.9635267273853719
39,2,2005,2016,2017,2018,barley,38,0.4984458511754087,0.6317099233338906,-0.014670926750723456,-0.372762595728824,0.5816315789473684,0.7006516515659585
39,2,2005,2016,2017,2018,maize,38,1.4538816587548509,1.670931354165479,-0.3432214703425416,-1.4392823947103401,1.1426842105263155,1.4097880766457884
39,2,2005,2016,2017,2018,wheat,38,0.4054677491439017,0.5443164375053119,-0.1966461338210863,-0.3492145136782998,0.4023684210526317,0.5538376163309584
39,3,2005,2018,2019,2020,ALL,114,0.6688263383664581,0.7971571491200193,0.7072824250263788,-0.5978643874954759,0.6385964912280702,0.8240232069632719
39,3,2005,2018,2019,2020,barley,38,0.7507250933898121,0.8327572038796032,-0.6041905147016191,-0.7507250933898121,0.6510526315789474,0.7400854858161924
39,3,2005,2018,2019,2020,maize,38,0.8008545669756438,0.9658172167262814,0.2455805706112203,-0.6821223213798122,0.9531578947368423,1.151337985951448
39,3,2005,2018,2019,2020,wheat,38,0.454899354733919,0.5292363408168362,0.0005151119134958471,-0.36074574771680334,0.31157894736842096,0.4046443532678776
39,4,2005,2020,2021,2022,ALL,114,1.166531752201549,1.623067515880297,-0.2918183727118071,0.6487629388508044,1.4767719298245612,2.0633381911911752
39,4,2005,2020,2021,2022,barley,38,0.7028169431184467,0.8286559879449886,0.34938849517393145,-0.16957506079422796,0.8475263157894738,0.9902519084077864
39,4,2005,2020,2021,2022,maize,38,2.1420298847399253,2.5466597169831173,-0.7194124710430738,1.9624748992919916,2.8119473684210528,3.289523833722987
39,4,2005,2020,2021,2022,wheat,38,0.6547484287462737,0.8549257411353901,0.3111119360698561,0.1533889780546489,0.7708421052631579,0.9851535814010772
40,1,2005,2014,2015,2016,ALL,114,1.0657681476860716,1.190703737690576,0.28158548459528865,-1.007898495490091,1.1329298245614035,1.3605235447391102
40,1,2005,2014,2015,2016,barley,38,0.9520816710120752,1.0275313716841719,-1.712403501284153,-0.9520816710120752,0.9384736842105265,0.9997013764646236
40,1,2005,2014,2015,2016,maize,38,1.3057941012633474,1.4752028584484012,0.2420132505830559,-1.1321851446754052,1.5505263157894733,1.912135482977908
40,1,2005,2014,2015,2016,wheat,38,0.939428670782792,1.0105849689568094,-2.1484003282857778,-0.939428670782792,0.9097894736842104,0.9473162090875463
40,2,2005,2016,2017,2018,ALL,114,0.8041870240161294,1.1265266805874539,0.38319815348806907,-0.7564134546748379,0.7088947368421055,0.9635267273853719
40,2,2005,2016,2017,2018,barley,38,0.48732290293041036,0.6280362094657068,-0.002903590054285088,-0.4055066833998027,0.5816315789473684,0.7006516515659585
40,2,2005,2016,2017,2018,maize,38,1.5333752501638314,1.768638916436579,-0.5049038799019607,-1.5065417440314044,1.1426842105263155,1.4097880766457884
40,2,2005,2016,2017,2018,wheat,38,0.39186291895414666,0.5335484880422331,-0.14976909266911775,-0.3571919365933067,0.4023684210526317,0.5538376163309584
40,3,2005,2018,2019,2020,ALL,114,0.6707612542938768,0.8032807506702553,0.7027679561884537,-0.6008104150337085,0.6385964912280702,0.8240232069632719
40,3,2005,2018,2019,2020,barley,38,0.7434915176190827,0.8202711206839665,-0.5564457599250221,-0.7434915176190827,0.6510526315789474,0.7400854858161924
40,3,2005,2018,2019,2020,maize,38,0.8043037228835257,0.9806080383355333,0.22229681624440945,-0.6759967457620722,0.9531578947368423,1.151337985951448
40,3,2005,2018,2019,2020,wheat,38,0.464488522379022,0.5489472259841682,-0.07532094643970311,-0.38294298171997077,0.31157894736842096,0.4046443532678776
40,4,2005,2020,2021,2022,ALL,114,1.1061100400958144,1.553501638502991,-0.18345491192782615,0.65035534908897,1.4767719298245612,2.0633381911911752
40,4,2005,2020,2021,2022,barley,38,0.6390256992139314,0.7622167803070302,0.44953437468377255,-0.1286284516987047,0.8475263157894738,0.9902519084077864
40,4,2005,2020,2021,2022,maize,38,2.0679128767314707,2.450243006487217,-0.5916829039396412,1.882454070041054,2.8119473684210528,3.289523833722987
40,4,2005,2020,2021,2022,wheat,38,0.6113915443420411,0.8095905208642827,0.3822358496468241,0.1972404289245605,0.7708421052631579,0.9851535814010772
41,1,2005,2014,2015,2016,ALL,114,1.0543109702227407,1.1946001039974425,0.2768760241718007,-1.0058342611580564,1.1329298245614035,1.3605235447391102
41,1,2005,2014,2015,2016,barley,38,0.8617370851416339,0.9520840501140249,-1.3287061767858503,-0.8617370851416339,0.9384736842105265,0.9997013764646236
41,1,2005,2014,2015,2016,maize,38,1.3833281248494196,1.5515410019384377,0.16153558186098482,-1.2378979976553663,1.5505263157894733,1.912135482977908
41,1,2005,2014,2015,2016,wheat,38,0.917867700677169,0.9835978376523835,-1.9824928471371295,-0.917867700677169,0.9097894736842104,0.9473162090875463
41,2,2005,2016,2017,2018,ALL,114,0.811599319859555,1.1199510146897387,0.3903778246132693,-0.768090855782492,0.7088947368421055,0.9635267273853719
41,2,2005,2016,2017,2018,barley,38,0.4949656049828781,0.6332322075946665,-0.019567093873171792,-0.4063783981925562,0.5816315789473684,0.7006516515659585
41,2,2005,2016,2017,2018,maize,38,1.5114595634058903,1.7460789119809126,-0.4667569093876007,-1.5012924696269792,1.1426842105263155,1.4097880766457884
41,2,2005,2016,2017,2018,wheat,38,0.42837279118989646,0.5595500248539569,-0.2645636146609407,-0.39660169952794133,0.4023684210526317,0.5538376163309584
41,3,2005,2018,2019,2020,ALL,114,0.6756185894681697,0.8216813243700427,0.688994735660601,-0.6142532367037054,0.6385964912280702,0.8240232069632719
41,3,2005,2018,2019,2020,barley,38,0.7402897192302502,0.8294132727579708,-0.5913331478696808,-0.7402897192302502,0.6510526315789474,0.7400854858161924
41,3,2005,2018,2019,2020,maize,38,0.8244479570890728,1.0226290963640068,0.1542163808831074,-0.7381926867836401,0.9531578947368423,1.151337985951448
41,3,2005,2018,2019,2020,wheat,38,0.46211809208518595,0.5401702978674119,-0.04120996591744985,-0.36427730409722586,0.31157894736842096,0.4046443532678776
41,4,2005,2020,2021,2022,ALL,114,1.1767338116963704,1.6266948333792421,-0.2975988734239632,0.6468376460828279,1.4767719298245612,2.0633381911911752
41,4,2005,2020,2021,2022,barley,38,0.7271133774205257,0.8593796717770782,0.3002492934623654,-0.21901893314562335,0.8475263157894738,0.9902519084077864
41,4,2005,2020,2021,2022,maize,38,2.125189034311395,2.540645665450785,-0.7113011201628576,2.029010899192408,2.8119473684210528,3.289523833722987
41,4,2005,2020,2021,2022,wheat,38,0.6778990233571907,0.8631305956751967,0.2978257552223498,0.13052097220169867,0.7708421052631579,0.9851535814010772
42,1,2005,2014,2015,2016,ALL,114,1.0549668869219326,1.2090291069375219,0.259301990266128,-1.0021902193102918,1.1329298245614035,1.3605235447391102
42,1,2005,2014,2015,2016,barley,38,0.8868595833527417,0.9728068884050727,-1.431181543679675,-0.8868595833527417,0.9384736842105265,0.9997013764646236
42,1,2005,2014,2015,2016,maize,38,1.384634043793929,1.5845772507390559,0.1254493710789396,-1.2263040409590067,1.5505263157894733,1.912135482977908
42,1,2005,2014,2015,2016,wheat,38,0.8934070336191278,0.9633357870329118,-1.860880177595941,-0.8934070336191278,0.9097894736842104,0.9473162090875463
42,2,2005,2016,2017,2018,ALL,114,0.7659419362586841,1.0851165028554837,0.42771094766624074,-0.7076362320414762,0.7088947368421055,0.9635267273853719
42,2,2005,2016,2017,2018,barley,38,0.44387175058063716,0.5610298908823672,0.19968341035072923,-0.3528734543449,0.5816315789473684,0.7006516515659585
42,2,2005,2016,2017,2018,maize,38,1.4724443310185484,1.7205714896795437,-0.424215974718694,-1.4478839347237038,1.1426842105263155,1.4097880766457884
42,2,2005,2016,2017,2018,wheat,38,0.3815097271768671,0.5072599774734653,-0.039259586085084175,-0.32215130705582473,0.4023684210526317,0.5538376163309584
42,3,2005,2018,2019,2020,ALL,114,0.6744110595970824,0.831961510252146,0.681163981520412,-0.6024227855080052,0.6385964912280702,0.8240232069632719
42,3,2005,2018,2019,2020,barley,38,0.6871090121018257,0.7781345214614916,-0.40064641300848614,-0.6871090121018257,0.6510526315789474,0.7400854858161924
42,3,2005,2018,2019,2020,maize,38,0.8779686169875297,1.0848514391012947,0.04816095070536741,-0.7894562324724701,0.9531578947368423,1.151337985951448
42,3,2005,2018,2019,2020,wheat,38,0.4581555497018915,0.5422950167693225,-0.049417116214452994,-0.3307031119497199,0.31157894736842096,0.4046443532678776
42,4,2005,2020,2021,2022,ALL,114,1.1323178292993914,1.573439158681124,-0.21402657635997602,0.6232268074102569,1.4767719298245612,2.0633381911911752
42,4,2005,2020,2021,2022,barley,38,0.6943744052083868,0.8198319338721687,0.3631709673058232,-0.18291481871353948,0.8475263157894738,0.9902519084077864
42,4,2005,2020,2021,2022,maize,38,2.0504433200233856,2.4620253838656594,-0.6070274219362428,1.9105314465572958,2.8119473684210528,3.289523833722987
42,4,2005,2020,2021,2022,wheat,38,0.6521357626664012,0.8327298287068028,0.3464179503598034,0.14206379438701425,0.7708421052631579,0.9851535814010772
43,1,2005,2014,2015,2016,ALL,114,1.0580129247799253,1.1972089873814629,0.2737141189788256,-1.0138113243538036,1.1329298245614035,1.3605235447391102
43,1,2005,2014,2015,2016,barley,38,0.8911128892396625,0.9822414057520298,-1.4785665882093162,-0.8911128892396625,0.9384736842105265,0.9997013764646236
43,1,2005,2014,2015,2016,maize,38,1.3850562956458643,1.5497568513066506,0.16346280996342843,-1.252451494367499,1.5505263157894733,1.912135482977908
43,1,2005,2014,2015,2016,wheat,38,0.8978695894542493,0.966117798746724,-1.8774278749840811,-0.8978695894542493,0.9097894736842104,0.9473162090875463
43,2,2005,2016,2017,2018,ALL,114,0.8119049355858251,1.1249594907604143,0.38491311188498933,-0.7557599618978668,0.7088947368421055,0.9635267273853719
43,2,2005,2016,2017,2018,barley,38,0.511225532481545,0.6502033647951395,-0.07494994976871294,-0.4001024494673076,0.5816315789473684,0.7006516515659585
43,2,2005,2016,2017,2018,maize,38,1.4961822278876056,1.7489705159929,-0.47161899440891153,-1.4739778568870145,1.1426842105263155,1.4097880766457884
43,2,2005,2016,2017,2018,wheat,38,0.4283070463883249,0.5611945172151984,-0.2720075284717527,-0.3931995793392784,0.4023684210526317,0.5538376163309584
43,3,2005,2018,2019,2020,ALL,114,0.6699258483083624,0.8129364691423213,0.6955793410645643,-0.6131509523224412,0.6385964912280702,0.8240232069632719
43,3,2005,2018,2019,2020,barley,38,0.7175083471599377,0.8022766183712455,-0.4889064730668382,-0.7175083471599377,0.6510526315789474,0.7400854858161924
43,3,2005,2018,2019,2020,maize,38,0.8417487485785233,1.0290166529710278,0.14361749745431318,-0.7649015155591464,0.9531578947368423,1.151337985951448
43,3,2005,2018,2019,2020,wheat,38,0.4505204491866263,0.5292202415893168,0.0005759191129779406,-0.35704299424823965,0.31157894736842096,0.4046443532678776
43,4,2005,2020,2021,2022,ALL,114,1.1716591361531041,1.6084652160638333,-0.2686786523849154,0.6204737504323323,1.4767719298245612,2.0633381911911752
43,4,2005,2020,2021,2022,barley,38,0.7373556513535348,0.8621950123561172,0.2956569961142742,-0.20127530800668803,0.8475263157894738,0.9902519084077864
43,4,2005,2020,2021,2022,maize,38,2.097840782968621,2.501160988432119,-0.6585231100560782,1.9169302247699935,2.8119473684210528,3.289523833722987
43,4,2005,2020,2021,2022,wheat,38,0.6797809741371557,0.8730947969581114,0.28152001689859174,0.14576633453369137,0.7708421052631579,0.9851535814010772
44,1,2005,2014,2015,2016,ALL,114,1.073504008828548,1.2057366669398617,0.2633306496067418,-1.0195091226644681,1.1329298245614035,1.3605235447391102
44,1,2005,2014,2015,2016,barley,38,0.9299044327986866,1.0159274388068233,-1.6514869635154579,-0.9299044327986866,0.9384736842105265,0.9997013764646236
44,1,2005,2014,2015,2016,maize,38,1.337518215932344,1.5113904727939913,0.20436938902086077,-1.1755335574401051,1.5505263157894733,1.912135482977908
44,1,2005,2014,2015,2016,wheat,38,0.953089377754613,1.0222489950284641,-2.221496506381106,-0.953089377754613,0.9097894736842104,0.9473162090875463
44,2,2005,2016,2017,2018,ALL,114,0.8160396533263357,1.1486082133036668,0.3587807731686574,-0.769657761506867,0.7088947368421055,0.9635267273853719
44,2,2005,2016,2017,2018,barley,38,0.48794466093966843,0.6319371303645542,-0.015400951146616437,-0.4012798858943738,0.5816315789473684,0.7006516515659585
44,2,2005,2016,2017,2018,maize,38,1.5475681325008996,1.8019800734541789,-0.5621774935328234,-1.5212219790408488,1.1426842105263155,1.4097880766457884
44,2,2005,2016,2017,2018,wheat,38,0.41260616653843935,0.5580553387851516,-0.2578167607417621,-0.3864714195853786,0.4023684210526317,0.5538376163309584
44,3,2005,2018,2019,2020,ALL,114,0.6845977020263672,0.8268315787773587,0.6850837885653552,-0.6204532783909847,0.6385964912280702,0.8240232069632719
44,3,2005,2018,2019,2020,barley,38,0.7304211601458096,0.8177029194402499,-0.5467148105334059,-0.7304211601458096,0.6510526315789474,0.7400854858161924
44,3,2005,2018,2019,2020,maize,38,0.8425827809383996,1.034082751618649,0.13516438250346208,-0.7445789668434546,0.9531578947368423,1.151337985951448
44,3,2005,2018,2019,2020,wheat,38,0.4807891649948924,0.5594516756021688,-0.11686858120497035,-0.3863597081836902,0.31157894736842096,0.4046443532678776
44,4,2005,2020,2021,2022,ALL,114,1.1636828934518917,1.5886149100532276,-0.23755797709200843,0.5955321261757299,1.4767719298245612,2.0633381911911752
44,4,2005,2020,2021,2022,barley,38,0.7310999513927259,0.8617676138394278,0.29635512249577733,-0.2073897657896342,0.8475263157894738,0.9902519084077864
44,4,2005,2020,2021,2022,maize,38,2.0682490845730426,2.465040934745056,-0.6109664883516372,1.8645942974090575,2.8119473684210528,3.289523833722987
44,4,2005,2020,2021,2022,wheat,38,0.6916996443899055,0.8671918859739132,0.29120232512615385,0.1293918469077662,0.7708421052631579,0.9851535814010772
45,1,2005,2014,2015,2016,ALL,114,1.0255788921055042,1.1656123736166328,0.3115443588114194,-0.9789107845540632,1.1329298245614035,1.3605235447391102
45,1,2005,2014,2015,2016,barley,38,0.8541828677528785,0.9489722904586576,-1.3135089218245786,-0.8541828677528785,0.9384736842105265,0.9997013764646236
45,1,2005,2014,2015,2016,maize,38,1.342425140079699,1.506322086516962,0.20969667118195778,-1.2024208174253763,1.5505263157894733,1.912135482977908
45,1,2005,2014,2015,2016,wheat,38,0.8801286684839348,0.9520514587969693,-1.7942491391667268,-0.8801286684839348,0.9097894736842104,0.9473162090875463
45,2,2005,2016,2017,2018,ALL,114,0.8113521258036297,1.1113577777559103,0.399697036031464,-0.7681794052793268,0.7088947368421055,0.9635267273853719
45,2,2005,2016,2017,2018,barley,38,0.5053714215128046,0.6453101158180374,-0.05883128478264821,-0.4171152651937384,0.5816315789473684,0.7006516515659585
45,2,2005,2016,2017,2018,maize,38,1.5080702801754602,1.724893328559527,-0.43137982993536417,-1.5044276990388572,1.1426842105263155,1.4097880766457884
45,2,2005,2016,2017,2018,wheat,38,0.4206146757226242,0.5600590951403377,-0.26686562367083067,-0.3829952516053853,0.4023684210526317,0.5538376163309584
45,3,2005,2018,2019,2020,ALL,114,0.6652078487162004,0.800776812574784,0.7046180955589613,-0.5989856993524652,0.6385964912280702,0.8240232069632719
45,3,2005,2018,2019,2020,barley,38,0.7664015667062055,0.8525024636917199,-0.6811653604549395,-0.7664015667062055,0.6510526315789474,0.7400854858161924
45,3,2005,2018,2019,2020,maize,38,0.7598529153121146,0.9477626056021224,0.2735225842643151,-0.6552707300688092,0.9531578947368423,1.151337985951448
45,3,2005,2018,2019,2020,wheat,38,0.4693690641302812,0.54654926904545,-0.06594685277888379,-0.3752848012823808,0.31157894736842096,0.4046443532678776
45,4,2005,2020,2021,2022,ALL,114,1.1429798298551326,1.6266444079286815,-0.2975184268738875,0.7420190401244582,1.4767719298245612,2.0633381911911752
45,4,2005,2020,2021,2022,barley,38,0.6362343261116429,0.7785333912224675,0.42571472472480343,-0.12124250763340995,0.8475263157894738,0.9902519084077864
45,4,2005,2020,2021,2022,maize,38,2.190000491895173,2.581022264505641,-0.766126214452109,2.13139516529284,2.8119473684210528,3.289523833722987
45,4,2005,2020,2021,2022,wheat,38,0.602704671558581,0.8186121904875161,0.3683910311833236,0.21590446271394426,0.7708421052631579,0.9851535814010772
46,1,2005,2014,2015,2016,ALL,114,1.0373559814586975,1.1889703109581937,0.28367569800232906,-0.982571436229505,1.1329298245614035,1.3605235447391102
46,1,2005,2014,2015,2016,barley,38,0.8929142482657181,0.9749883407187905,-1.442097282539243,-0.8929142482657181,0.9384736842105265,0.9997013764646236
46,1,2005,2014,2015,2016,maize,38,1.366717508717587,1.5568332749308533,0.1558058583177857,-1.20236387303001,1.5505263157894733,1.912135482977908
46,1,2005,2014,2015,2016,wheat,38,0.8524361873927869,0.930923783427282,-1.671606749169825,-0.8524361873927869,0.9097894736842104,0.9473162090875463
46,2,2005,2016,2017,2018,ALL,114,0.7631409640897785,1.0712795576992842,0.4422130662008945,-0.7079922558131972,0.7088947368421055,0.9635267273853719
46,2,2005,2016,2017,2018,barley,38,0.44747678380263484,0.5678969278974814,0.17997166876378123,-0.3668930628425196,0.5816315789473684,0.7006516515659585
46,2,2005,2016,2017,2018,maize,38,1.4662666943198757,1.6936849985083389,-0.380052759911528,-1.4468659501326713,1.1426842105263155,1.4097880766457884
46,2,2005,2016,2017,2018,wheat,38,0.375679414146825,0.5018404899423051,-0.017171632973149942,-0.3102177544644005,0.4023684210526317,0.5538376163309584
46,3,2005,2018,2019,2020,ALL,114,0.6842489367200618,0.8246224419351378,0.6867643330510235,-0.6069088966804638,0.6385964912280702,0.8240232069632719
46,3,2005,2018,2019,2020,barley,38,0.733821805903786,0.8206790245781643,-0.5579941215020614,-0.733821805903786,0.6510526315789474,0.7400854858161924
46,3,2005,2018,2019,2020,maize,38,0.8359877902583074,1.0248840281167217,0.15048230555031183,-0.7282093605242279,0.9531578947368423,1.151337985951448
46,3,2005,2018,2019,2020,wheat,38,0.482937213998092,0.5622323209829586,-0.1279985269173758,-0.3586955236133777,0.31157894736842096,0.4046443532678776
46,4,2005,2020,2021,2022,ALL,114,1.103510475493314,1.5767864113640102,-0.21919738464349825,0.7059608359085886,1.4767719298245612,2.0633381911911752
46,4,2005,2020,2021,2022,barley,38,0.6178668995907431,0.7488486095229263,0.4686737798580547,-0.08875826484278625,0.8475263157894738,0.9902519084077864
46,4,2005,2020,2021,2022,maize,38,2.093362991935328,2.496930672120122,-0.6529175979688497,1.9880664986058278,2.8119473684210528,3.289523833722987
46,4,2005,2020,2021,2022,wheat,38,0.5993015349538704,0.8144502070893688,0.3747971500880709,0.21857427396272355,0.7708421052631579,0.9851535814010772
47,1,2005,2014,2015,2016,ALL,114,1.0372218961046453,1.1689276461206717,0.3076225337297066,-0.9944983110093234,1.1329298245614035,1.3605235447391102
47,1,2005,2014,2015,2016,barley,38,0.897050522001166,0.9822195579303312,-1.4784563287999055,-0.897050522001166,0.9384736842105265,0.9997013764646236
47,1,2005,2014,2015,2016,maize,38,1.3463444278114718,1.5015278277163826,0.21471935406947096,-1.2181736725255061,1.5505263157894733,1.912135482977908
47,1,2005,2014,2015,2016,wheat,38,0.8682707385012979,0.9379949084126785,-1.7123469533674474,-0.8682707385012979,0.9097894736842104,0.9473162090875463
47,2,2005,2016,2017,2018,ALL,114,0.8017439210624024,1.1032332121764545,0.40844196685618894,-0.7436004930630065,0.7088947368421055,0.9635267273853719
47,2,2005,2016,2017,2018,barley,38,0.5199915311211034,0.6557871291921855,-0.09349196440475005,-0.40365817396264325,0.5816315789473684,0.7006516515659585
47,2,2005,2016,2017,2018,maize,38,1.47308076657747,1.709155456317017,-0.40537925901958416,-1.4580126210262903,1.1426842105263155,1.4097880766457884
47,2,2005,2016,2017,2018,wheat,38,0.4121594654886347,0.547815140969265,-0.21207894144788209,-0.36913068420008616,0.4023684210526317,0.5538376163309584
47,3,2005,2018,2019,2020,ALL,114,0.6609617836433543,0.7887517270963392,0.713422853280577,-0.5979009742904128,0.6385964912280702,0.8240232069632719
47,3,2005,2018,2019,2020,barley,38,0.7407289803655522,0.8190619277433883,-0.5518603101096482,-0.7407289803655522,0.6510526315789474,0.7400854858161924
47,3,2005,2018,2019,2020,maize,38,0.7927145270297403,0.9572605517163281,0.2588889249657508,-0.6902016494148657,0.9531578947368423,1.151337985951448
47,3,2005,2018,2019,2020,wheat,38,0.44944184353477085,0.528372648460733,0.003774688019090422,-0.3627722930908204,0.31157894736842096,0.4046443532678776
47,4,2005,2020,2021,2022,ALL,114,1.159119341498927,1.6143018006933314,-0.2779025820474499,0.6756236402611984,1.4767719298245612,2.0633381911911752
47,4,2005,2020,2021,2022,barley,38,0.6981597559075606,0.8224588664133512,0.3590833317022514,-0.1426996150769685,0.8475263157894738,0.9902519084077864
47,4,2005,2020,2021,2022,maize,38,2.1306422103078737,2.5310886234553394,-0.6984506735431715,1.9873829901845825,2.8119473684210528,3.289523833722987
47,4,2005,2020,2021,2022,wheat,38,0.6485560582813464,0.8573579791651902,0.3071866286501951,0.18218754567598036,0.7708421052631579,0.9851535814010772
48,1,2005,2014,2015,2016,ALL,114,1.0469685710103889,1.1743037994946193,0.30123909783116,-0.9900303112833124,1.1329298245614035,1.3605235447391102
48,1,2005,2014,2015,2016,barley,38,0.9296743714182,1.0101443390553144,-1.6213860534387945,-0.9296743714182,0.9384736842105265,0.9997013764646236
48,1,2005,2014,2015,2016,maize,38,1.299771284555134,1.465337589115019,0.2521172712829405,-1.1289565053739044,1.5505263157894733,1.912135482977908
48,1,2005,2014,2015,2016,wheat,38,0.9114600570578325,0.9845620370111691,-1.98834305762378,-0.9114600570578325,0.9097894736842104,0.9473162090875463
48,2,2005,2016,2017,2018,ALL,114,0.8060544481612087,1.1236959580526857,0.3862940432865182,-0.7571906323181955,0.7088947368421055,0.9635267273853719
48,2,2005,2016,2017,2018,barley,38,0.49432002393822927,0.6397493347475409,-0.04066153965212305,-0.4040889335933484,0.5816315789473684,0.7006516515659585
48,2,2005,2016,2017,2018,maize,38,1.517297468185425,1.7517003811222605,-0.4762165065339139,-1.492241083948236,1.1426842105263155,1.4097880766457884
48,2,2005,2016,2017,2018,wheat,38,0.4065458523599726,0.557085614513636,-0.25344918068490396,-0.37524187941300247,0.4023684210526317,0.5538376163309584
48,3,2005,2018,2019,2020,ALL,114,0.6652776068971867,0.7957920351348818,0.7082841113532713,-0.5978249626828913,0.6385964912280702,0.8240232069632719
48,3,2005,2018,2019,2020,barley,38,0.751364463003058,0.8290782908496476,-0.5900479980295905,-0.751364463003058,0.6510526315789474,0.7400854858161924
48,3,2005,2018,2019,2020,maize,38,0.7714908780549703,0.9542483333196389,0.2635457053463546,-0.6554770750748485,0.9531578947368423,1.151337985951448
48,3,2005,2018,2019,2020,wheat,38,0.47297747963353215,0.5494489926743609,-0.07728764487583661,-0.3866333499707674,0.31157894736842096,0.4046443532678776
48,4,2005,2020,2021,2022,ALL,114,1.1186359420575593,1.5653752748101437,-0.20161467855659798,0.6373653219457258,1.4767719298245612,2.0633381911911752
48,4,2005,2020,2021,2022,barley,38,0.6566054680472926,0.7883625990907647,0.41112215148832465,-0.16093809679934848,0.8475263157894738,0.9902519084077864
48,4,2005,2020,2021,2022,maize,38,2.0682842575876332,2.4618633213700236,-0.6068158641638624,1.9134478579069436,2.8119473684210528,3.289523833722987
48,4,2005,2020,2021,2022,wheat,38,0.6310181005377519,0.8178708041057637,0.3695345622665358,0.1595862047295821,0.7708421052631579,0.9851535814010772
49,1,2005,2014,2015,2016,ALL,114,1.035310582194412,1.1755973925541123,0.299698763684495,-0.972897545914901,1.1329298245614035,1.3605235447391102
49,1,2005,2014,2015,2016,barley,38,0.8645870279010976,0.9486899315395715,-1.3121323954455764,-0.8645870279010976,0.9384736842105265,0.9997013764646236
49,1,2005,2014,2015,2016,maize,38,1.2974597474148397,1.4929463627024349,0.22366970644173378,-1.1102206385763065,1.5505263157894733,1.912135482977908
49,1,2005,2014,2015,2016,wheat,38,0.9438849712672986,1.0085565229718636,-2.1357740754708,-0.9438849712672986,0.9097894736842104,0.9473162090875463
49,2,2005,2016,2017,2018,ALL,114,0.842542543411255,1.2049132854282827,0.2943744673044596,-0.7886174280601636,0.7088947368421055,0.9635267273853719
49,2,2005,2016,2017,2018,barley,38,0.47003271027615207,0.5979612997098552,0.09084910028819881,-0.3785447042866757,0.5816315789473684,0.7006516515659585
49,2,2005,2016,2017,2018,maize,38,1.6169164426703204,1.9185210887866393,-0.7707757385113829,-1.5905072463186165,1.1426842105263155,1.4097880766457884
49,2,2005,2016,2017,2018,wheat,38,0.4406784772872926,0.5631759868238015,-0.28100581260825797,-0.39680033357519856,0.4023684210526317,0.5538376163309584
49,3,2005,2018,2019,2020,ALL,114,0.779700276140581,0.9348487700736898,0.5974279400228408,-0.7401717275485659,0.6385964912280702,0.8240232069632719
49,3,2005,2018,2019,2020,barley,38,0.8647871808001869,0.9613279333204158,-1.1377763642048127,-0.8596593954688623,0.6510526315789474,0.7400854858161924
49,3,2005,2018,2019,2020,maize,38,0.9041241018395676,1.1131152034111742,-0.002081877582039926,-0.8674188066783706,0.9531578947368423,1.151337985951448
49,3,2005,2018,2019,2020,wheat,38,0.570189545781989,0.677236898933948,-0.6366587657513869,-0.4934369804984647,0.31157894736842096,0.4046443532678776
49,4,2005,2020,2021,2022,ALL,114,1.230736933423762,1.720210464819932,-0.4510803327653299,0.7371277784046374,1.4767719298245612,2.0633381911911752
49,4,2005,2020,2021,2022,barley,38,0.6821200646852191,0.7977154467620317,0.39706680333488586,-0.23032347478364631,0.8475263157894738,0.9902519084077864
49,4,2005,2020,2021,2022,maize,38,2.3831666976527157,2.753778162858047,-1.0104632478280138,2.327818846451608,2.8119473684210528,3.289523833722987
49,4,2005,2020,2021,2022,wheat,38,0.6269240379333497,0.8110043314258146,0.38007632806032143,0.1138879635459498,0.7708421052631579,0.9851535814010772
50,1,2005,2014,2015,2016,ALL,114,1.080122642266123,1.2238209475450599,0.24106701302154843,-1.012278644243876,1.1329298245614035,1.3605235447391102
50,1,2005,2014,2015,2016,barley,38,0.9286778319509404,1.0204582481877966,-1.6751897793813693,-0.9286778319509404,0.9384736842105265,0.9997013764646236
50,1,2005,2014,2015,2016,maize,38,1.286747612702219,1.5017850550399332,0.21445027755016033,-1.0832156186354787,1.5505263157894733,1.912135482977908
50,1,2005,2014,2015,2016,wheat,38,1.024942482145209,1.0938554507403904,-2.68862198716987,-1.024942482145209,0.9097894736842104,0.9473162090875463
50,2,2005,2016,2017,2018,ALL,114,0.8695813411578798,1.215190174381501,0.2822863602498814,-0.822040132388734,0.7088947368421055,0.9635267273853719
50,2,2005,2016,2017,2018,barley,38,0.497269852286891,0.6323377943917694,-0.01668893878482547,-0.4106459276299727,0.5816315789473684,0.7006516515659585
50,2,2005,2016,2017,2018,maize,38,1.6171064336676348,1.9083790327987213,-0.752103192442082,-1.5856014703449453,1.1426842105263155,1.4097880766457884
50,2,2005,2016,2017,2018,wheat,38,0.4943677375191137,0.6231371122778666,-0.5683033772845287,-0.4698729991912842,0.4023684210526317,0.5538376163309584
50,3,2005,2018,2019,2020,ALL,114,0.7264102556830958,0.8970882321548845,0.6292926239633436,-0.6658481904916597,0.6385964912280702,0.8240232069632719
50,3,2005,2018,2019,2020,barley,38,0.7484716151890002,0.861926118008433,-0.7185383545760515,-0.7414237070083617,0.6510526315789474,0.7400854858161924
50,3,2005,2018,2019,2020,maize,38,0.9394621497706366,1.1510832432620963,-0.07160922229499933,-0.8860737429167096,0.9531578947368423,1.151337985951448
50,3,2005,2018,2019,2020,wheat,38,0.4912970020896511,0.5885512917226962,-0.23607707110988918,-0.37004712154990765,0.31157894736842096,0.4046443532678776
50,4,2005,2020,2021,2022,ALL,114,1.27012556360479,1.7497067573868992,-0.501270059600387,0.7870576649381403,1.4767719298245612,2.0633381911911752
50,4,2005,2020,2021,2022,barley,38,0.7253152822193346,0.843477341978303,0.32590666311858774,-0.17185184528953146,0.8475263157894738,0.9902519084077864
50,4,2005,2020,2021,2022,maize,38,2.4177661900771286,2.775892044776898,-1.042882459631687,2.3591051237206706,2.8119473684210528,3.289523833722987
50,4,2005,2020,2021,2022,wheat,38,0.6672952185179059,0.8760082989616473,0.27671690612907673,0.17391971638328146,0.7708421052631579,0.9851535814010772
51,1,2005,2014,2015,2016,ALL,114,1.0947479575140433,1.2200035713343675,0.24579419852602824,-1.0477553329969707,1.1329298245614035,1.3605235447391102
51,1,2005,2014,2015,2016,barley,38,0.9468751927425986,1.0281643609181845,-1.71574636963634,-0.9468751927425986,0.9384736842105265,0.9997013764646236
51,1,2005,2014,2015,2016,maize,38,1.3155164098739622,1.4979448871193246,0.21846255074760923,-1.174538536322744,1.5505263157894733,1.912135482977908
51,1,2005,2014,2015,2016,wheat,38,1.0218522699255692,1.079011262358558,-2.5891882358684235,-1.0218522699255692,0.9097894736842104,0.9473162090875463
51,2,2005,2016,2017,2018,ALL,114,0.8473318984215721,1.1943026057703678,0.30674747359359966,-0.8010796571196172,0.7088947368421055,0.9635267273853719
51,2,2005,2016,2017,2018,barley,38,0.5058394163533262,0.6402563381217496,-0.04231164838432111,-0.42324537703865456,0.5816315789473684,0.7006516515659585
51,2,2005,2016,2017,2018,maize,38,1.5625395393371584,1.8737180886738851,-0.6890360035576497,-1.5315318007218213,1.1426842105263155,1.4097880766457884
51,2,2005,2016,2017,2018,wheat,38,0.4736167395742317,0.5986054527991566,-0.4472520723727802,-0.4484617935983757,0.4023684210526317,0.5538376163309584
51,3,2005,2018,2019,2020,ALL,114,0.7375521456567864,0.9017750959060341,0.6254089621500032,-0.6882919576711823,0.6385964912280702,0.8240232069632719
51,3,2005,2018,2019,2020,barley,38,0.8076008156726234,0.9094876350256561,-0.913430734061851,-0.801239628289875,0.6510526315789474,0.7400854858161924
51,3,2005,2018,2019,2020,maize,38,0.8776222178810521,1.1067085358472584,0.009420130274077398,-0.8252576807925577,0.9531578947368423,1.151337985951448
51,3,2005,2018,2019,2020,wheat,38,0.5274334034166839,0.6225941127309729,-0.3832062268949097,-0.4383785639311139,0.31157894736842096,0.4046443532678776
51,4,2005,2020,2021,2022,ALL,114,1.2100972886671102,1.6696528591833093,-0.3670382181303762,0.6640443107538057,1.4767719298245612,2.0633381911911752
51,4,2005,2020,2021,2022,barley,38,0.7219684299669766,0.8516254346790484,0.31282011249972685,-0.2393763662639416,0.8475263157894738,0.9902519084077864
51,4,2005,2020,2021,2022,maize,38,2.242036225168328,2.6279396855720636,-0.8309185376128956,2.1278632324620292,2.8119473684210528,3.289523833722987
51,4,2005,2020,2021,2022,wheat,38,0.6662872108660247,0.8555051949229319,0.31017778692252296,0.10364606606332875,0.7708421052631579,0.9851535814010772
52,1,2005,2014,2015,2016,ALL,114,1.0552951473102237,1.1916061824116768,0.2804960866977255,-0.9907902976922822,1.1329298245614035,1.3605235447391102
52,1,2005,2014,2015,2016,barley,38,0.9202793430027207,1.014079573534836,-1.6418501832264565,-0.9202793430027207,0.9384736842105265,0.9997013764646236
52,1,2005,2014,2015,2016,maize,38,1.2417569978613603,1.4414253485565907,0.27632689327465043,-1.048242449007536,1.5505263157894733,1.912135482977908
52,1,2005,2014,2015,2016,wheat,38,1.0038491010665893,1.0741096149663243,-2.5566529401422144,-1.0038491010665893,0.9097894736842104,0.9473162090875463
52,2,2005,2016,2017,2018,ALL,114,0.8629192030220701,1.212045390357854,0.28599628800603316,-0.8085379884117528,0.7088947368421055,0.9635267273853719
52,2,2005,2016,2017,2018,barley,38,0.5012545036014758,0.6305092354505537,-0.010817432508885227,-0.3973999748731914,0.5816315789473684,0.7006516515659585
52,2,2005,2016,2017,2018,maize,38,1.613186644002011,1.9059689363720438,-0.7476805163195386,-1.5864876471067733,1.1426842105263155,1.4097880766457884
52,2,2005,2016,2017,2018,wheat,38,0.4743164614627237,0.6139239386597886,-0.5222710182849255,-0.44172634325529386,0.4023684210526317,0.5538376163309584
52,3,2005,2018,2019,2020,ALL,114,0.713457325299581,0.8818078830763955,0.6418137898809624,-0.6477833067743403,0.6385964912280702,0.8240232069632719
52,3,2005,2018,2019,2020,barley,38,0.7506603604868838,0.8617597401727157,-0.7178749587470952,-0.7409091369729291,0.6510526315789474,0.7400854858161924
52,3,2005,2018,2019,2020,maize,38,0.8833073957342851,1.1092722591952402,0.004825398859761965,-0.8153589680320339,0.9531578947368423,1.151337985951448
52,3,2005,2018,2019,2020,wheat,38,0.5064042196775739,0.5997004528632299,-0.2833516391275148,-0.3870818153180576,0.31157894736842096,0.4046443532678776
52,4,2005,2020,2021,2022,ALL,114,1.2337257478948227,1.6858363908271559,-0.3936673763684355,0.7184803879051878,1.4767719298245612,2.0633381911911752
52,4,2005,2020,2021,2022,barley,38,0.7232493726830733,0.8448900234371162,0.32364678827877624,-0.21898318290710436,0.8475263157894738,0.9902519084077864
52,4,2005,2020,2021,2022,maize,38,2.3100543353432097,2.65748424730177,-0.872318086978334,2.251946349896882,2.8119473684210528,3.289523833722987
52,4,2005,2020,2021,2022,wheat,38,0.6678735356581839,0.866066587249946,0.2930406532497002,0.12247799672578506,0.7708421052631579,0.9851535814010772
53,1,2005,2014,2015,2016,ALL,114,0.985090705470035,1.1256626130138683,0.3579273828490833,-0.9245244929665014,1.1329298245614035,1.3605235447391102
53,1,2005,2014,2015,2016,barley,38,0.8379685660412438,0.9215301393378674,-1.1816405803279575,-0.8379685660412438,0.9384736842105265,0.9997013764646236
53,1,2005,2014,2015,2016,maize,38,1.2620527877305683,1.444651198652587,0.27308416804229185,-1.0803541502199672,1.5505263157894733,1.912135482977908
53,1,2005,2014,2015,2016,wheat,38,0.8552507626382928,0.9301150851024851,-1.666967087981984,-0.8552507626382928,0.9097894736842104,0.9473162090875463
53,2,2005,2016,2017,2018,ALL,114,0.8635561579988715,1.2141312305284808,0.2835366786190303,-0.8171702363198263,0.7088947368421055,0.9635267273853719
53,2,2005,2016,2017,2018,barley,38,0.500091213427092,0.6355478325301152,-0.02703750277211192,-0.4240786813434802,0.5816315789473684,0.7006516515659585
53,2,2005,2016,2017,2018,maize,38,1.6573387944070916,1.9247049503323048,-0.7822094201051377,-1.6413591811531472,1.1426842105263155,1.4097880766457884
53,2,2005,2016,2017,2018,wheat,38,0.43323846616243067,0.56029790430306,-0.2679462368519281,-0.3860728464628521,0.4023684210526317,0.5538376163309584
53,3,2005,2018,2019,2020,ALL,114,0.7696977212136251,0.9187434053794687,0.6111793002528885,-0.7192278328276518,0.6385964912280702,0.8240232069632719
53,3,2005,2018,2019,2020,barley,38,0.8996716775392231,0.9929922999923108,-1.2809244951327838,-0.8955503699654026,0.6510526315789474,0.7400854858161924
53,3,2005,2018,2019,2020,maize,38,0.8383933719835784,1.0403057326259086,0.12472411690279828,-0.7763323312056694,0.9531578947368423,1.151337985951448
53,3,2005,2018,2019,2020,wheat,38,0.5710281141180742,0.6811744340522772,-0.6557455450790775,-0.4858007973118834,0.31157894736842096,0.4046443532678776
53,4,2005,2020,2021,2022,ALL,114,1.1887945288942572,1.711828877050137,-0.4369742366074165,0.9016488911812766,1.4767719298245612,2.0633381911911752
53,4,2005,2020,2021,2022,barley,38,0.5431627399043033,0.65881653622567,0.5887535372027112,-0.05303865683706179,0.8475263157894738,0.9902519084077864
53,4,2005,2020,2021,2022,maize,38,2.4724552169599026,2.7891436265730083,-1.0624336817225735,2.4708312320709225,2.8119473684210528,3.289523833722987
53,4,2005,2020,2021,2022,wheat,38,0.550765629818565,0.7600742824559826,0.4554923956914366,0.28715409830996863,0.7708421052631579,0.9851535814010772
54,1,2005,2014,2015,2016,ALL,114,1.0278873170886125,1.1899587913570724,0.2824841344078499,-0.9668338148217452,1.1329298245614035,1.3605235447391102
54,1,2005,2014,2015,2016,barley,38,0.8727203702926638,0.9717832154721265,-1.4260676298325508,-0.8727203702926638,0.9384736842105265,0.9997013764646236
54,1,2005,2014,2015,2016,maize,38,1.2904971024864598,1.5155916022871851,0.19994009978866978,-1.1073365956858583,1.5505263157894733,1.912135482977908
54,1,2005,2014,2015,2016,wheat,38,0.9204444784867136,1.0033071576477313,-2.103216681954397,-0.9204444784867136,0.9097894736842104,0.9473162090875463
54,2,2005,2016,2017,2018,ALL,114,0.9135702224363362,1.2407263908834598,0.2518051040404953,-0.8699177682608891,0.7088947368421055,0.9635267273853719
54,2,2005,2016,2017,2018,barley,38,0.5345427440342151,0.6708388675361979,-0.14426404748667898,-0.45160999774932864,0.5816315789473684,0.7006516515659585
54,2,2005,2016,2017,2018,maize,38,1.7139607063092683,1.9406121249178607,-0.8117901292405587,-1.6933590763493591,1.1426842105263155,1.4097880766457884
54,2,2005,2016,2017,2018,wheat,38,0.4922072169655249,0.6341969138435047,-0.6244677414404469,-0.4647842306839793,0.4023684210526317,0.5538376163309584
54,3,2005,2018,2019,2020,ALL,114,0.7470311265242727,0.9038505343765688,0.6236827328598741,-0.686446687798751,0.6385964912280702,0.8240232069632719
54,3,2005,2018,2019,2020,barley,38,0.8466562697761937,0.9515041211965336,-1.094307725813405,-0.8403296656357613,0.6510526315789474,0.7400854858161924
54,3,2005,2018,2019,2020,maize,38,0.8740889930725099,1.0695278942100024,0.07486052876824456,-0.7991622151826558,0.9531578947368423,1.151337985951448
54,3,2005,2018,2019,2020,wheat,38,0.5203481167241147,0.6337092048654155,-0.433035492863616,-0.419848182577836,0.31157894736842096,0.4046443532678776
54,4,2005,2020,2021,2022,ALL,114,1.2251541830364028,1.738500362573465,-0.48210119152331776,0.901691020162482,1.4767719298245612,2.0633381911911752
54,4,2005,2020,2021,2022,barley,38,0.5930537801039847,0.7087328800622067,0.524075178760288,-0.061679498270938236,0.8475263157894738,0.9902519084077864
54,4,2005,2020,2021,2022,maize,38,2.5083363648464805,2.8150965664092293,-1.100994082178214,2.4890085657019356,2.8119473684210528,3.289523833722987
54,4,2005,2020,2021,2022,wheat,38,0.5740724041587428,0.8000497225259839,0.3967104109777557,0.27774399305644787,0.7708421052631579,0.9851535814010772
55,1,2005,2014,2015,2016,ALL,114,1.075003672148052,1.1953815699258805,0.2759296295070165,-1.0345119191889176,1.1329298245614035,1.3605235447391102
55,1,2005,2014,2015,2016,barley,38,0.9460830532877068,1.0254284199802672,-1.7013124207642463,-0.9460830532877068,0.9384736842105265,0.9997013764646236
55,1,2005,2014,2015,2016,maize,38,1.304086786320335,1.4711043037504412,0.24621922745391878,-1.1826115274429319,1.5505263157894733,1.912135482977908
55,1,2005,2014,2015,2016,wheat,38,0.9748411768361143,1.0349685870301046,-2.30216383748912,-0.9748411768361143,0.9097894736842104,0.9473162090875463
55,2,2005,2016,2017,2018,ALL,114,0.8489182631174725,1.1808640755254636,0.32226092989379596,-0.8049359165994745,0.7088947368421055,0.9635267273853719
55,2,2005,2016,2017,2018,barley,38,0.5283968443619579,0.6684074474285319,-0.1359844298211481,-0.4523707851610686,0.5816315789473684,0.7006516515659585
55,2,2005,2016,2017,2018,maize,38,1.5741678157605623,1.8441916837719843,-0.6362231267122231,-1.5551504988419385,1.1426842105263155,1.4097880766457884
55,2,2005,2016,2017,2018,wheat,38,0.44419012922989703,0.5792308799849595,-0.35508412291408464,-0.40728646579541655,0.4023684210526317,0.5538376163309584
55,3,2005,2018,2019,2020,ALL,114,0.6989703084711443,0.8496155802540124,0.6674891326859045,-0.6326611880252235,0.6385964912280702,0.8240232069632719
55,3,2005,2018,2019,2020,barley,38,0.8184807149987471,0.9105220363281334,-0.917785671315245,-0.8119042230907239,0.6510526315789474,0.7400854858161924
55,3,2005,2018,2019,2020,maize,38,0.7817876052856447,0.9930042373538401,0.20251011680707842,-0.6894030852066845,0.9531578947368423,1.151337985951448
55,3,2005,2018,2019,2020,wheat,38,0.4966426051290412,0.5919730640740957,-0.2504916838899587,-0.39667625577826265,0.31157894736842096,0.4046443532678776
55,4,2005,2020,2021,2022,ALL,114,1.1926655679000053,1.674642005098996,-0.3752202101755093,0.7838586522821794,1.4767719298245612,2.0633381911911752
55,4,2005,2020,2021,2022,barley,38,0.6416389189268413,0.7613078940800317,0.4508463697665215,-0.13167359653272123,0.8475263157894738,0.9902519084077864
55,4,2005,2020,2021,2022,maize,38,2.337214390102185,2.678956360774015,-0.9026964738712049,2.271582366039878,2.8119473684210528,3.289523833722987
55,4,2005,2020,2021,2022,wheat,38,0.5991433946709884,0.810481735269728,0.3808750052940425,0.21166718733938114,0.7708421052631579,0.9851535814010772
56,1,2005,2014,2015,2016,ALL,114,1.0182141022933158,1.1601674857428528,0.31796125791758256,-0.9507257913288317,1.1329298245614035,1.3605235447391102
56,1,2005,2014,2015,2016,barley,38,0.8858468314221033,0.9809100710892553,-1.4718522198062254,-0.8858468314221033,0.9384736842105265,0.9997013764646236
56,1,2005,2014,2015,2016,maize,38,1.2449435060902645,1.439600642291029,0.27815793509167797,-1.0424785731968125,1.5505263157894733,1.912135482977908
56,1,2005,2014,2015,2016,wheat,38,0.9238519693675794,1.0016642192249885,-2.0930618265570065,-0.9238519693675794,0.9097894736842104,0.9473162090875463
56,2,2005,2016,2017,2018,ALL,114,0.8980324566155149,1.2343974755453915,0.2594186842120778,-0.8490203149695146,0.7088947368421055,0.9635267273853719
56,2,2005,2016,2017,2018,barley,38,0.5305800202018337,0.661237784305706,-0.11174489120096065,-0.4357826368432296,0.5816315789473684,0.7006516515659585
56,2,2005,2016,2017,2018,maize,38,1.6899915328778718,1.937979193882304,-0.8068771614935337,-1.673235519308793,1.1426842105263155,1.4097880766457884
56,2,2005,2016,2017,2018,wheat,38,0.47352581676683947,0.614989934538999,-0.527562043312152,-0.438042788756521,0.4023684210526317,0.5538376163309584
56,3,2005,2018,2019,2020,ALL,114,0.7070904177113583,0.86526032126784,0.6551307402060824,-0.6421136251248811,0.6385964912280702,0.8240232069632719
56,3,2005,2018,2019,2020,barley,38,0.7910086644323249,0.8905489545171356,-0.8345719278518668,-0.783531527519226,0.6510526315789474,0.7400854858161924
56,3,2005,2018,2019,2020,maize,38,0.8336734540838946,1.0476054702949347,0.1123975466101289,-0.7510928384881271,0.9531578947368423,1.151337985951448
56,3,2005,2018,2019,2020,wheat,38,0.49658913461785575,0.5962143984324287,-0.26847477697058864,-0.39171650936729047,0.31157894736842096,0.4046443532678776
56,4,2005,2020,2021,2022,ALL,114,1.2169352866055676,1.7039648352875607,-0.4238018117081632,0.8283008792944122,1.4767719298245612,2.0633381911911752
56,4,2005,2020,2021,2022,barley,38,0.6238859327215898,0.7376507227773481,0.48444531550929315,-0.13966866242258166,0.8475263157894738,0.9902519084077864
56,4,2005,2020,2021,2022,maize,38,2.4396726799011232,2.7450984018799693,-0.9978094767922252,2.4254504765962293,2.8119473684210528,3.289523833722987
56,4,2005,2020,2021,2022,wheat,38,0.587247247193989,0.7942258210809989,0.4054616445203,0.19912082370958825,0.7708421052631579,0.9851535814010772
57,1,2005,2014,2015,2016,ALL,114,1.046603399494238,1.181927886776238,0.29213632894684394,-0.986370947904754,1.1329298245614035,1.3605235447391102
57,1,2005,2014,2015,2016,barley,38,0.8726639529278406,0.9599740780553327,-1.3674626052100551,-0.8726639529278406,0.9384736842105265,0.9997013764646236
57,1,2005,2014,2015,2016,maize,38,1.304986571763691,1.4885442999248608,0.22824109154258498,-1.124289216995239,1.5505263157894733,1.912135482977908
57,1,2005,2014,2015,2016,wheat,38,0.9621596737911827,1.0264239987651544,-2.247864300021617,-0.9621596737911827,0.9097894736842104,0.9473162090875463
57,2,2005,2016,2017,2018,ALL,114,0.8486740878590368,1.2057696301806724,0.29337111966782403,-0.7984709625913385,0.7088947368421055,0.9635267273853719
57,2,2005,2016,2017,2018,barley,38,0.48557325363159193,0.6182274177971421,0.028178860335490885,-0.4027549502724095,0.5816315789473684,0.7006516515659585
57,2,2005,2016,2017,2018,maize,38,1.6066998301054303,1.909903334289759,-0.7549032652531829,-1.5784029609278631,1.1426842105263155,1.4097880766457884
57,2,2005,2016,2017,2018,wheat,38,0.453749179840088,0.5759386397445874,-0.33972380929640345,-0.4142549765737434,0.4023684210526317,0.5538376163309584
57,3,2005,2018,2019,2020,ALL,114,0.7770300390009295,0.9302461917132427,0.6013821802331922,-0.7357443551849902,0.6385964912280702,0.8240232069632719
57,3,2005,2018,2019,2020,barley,38,0.8447379162437038,0.9437213749393252,-1.0601874204711765,-0.8387670326232909,0.6510526315789474,0.7400854858161924
57,3,2005,2018,2019,2020,maize,38,0.9285872534701699,1.125372300269636,-0.024272284756748252,-0.8914675868184944,0.9531578947368423,1.151337985951448
57,3,2005,2018,2019,2020,wheat,38,0.5577649472889148,0.6625715688583625,-0.5665436788736706,-0.4769984461131851,0.31157894736842096,0.4046443532678776
57,4,2005,2020,2021,2022,ALL,114,1.2322519245482328,1.7249987386772812,-0.4591698548530112,0.7404450801380894,1.4767719298245612,2.0633381911911752
57,4,2005,2020,2021,2022,barley,38,0.6754155962090742,0.794842578509343,0.40140175408501355,-0.23854122362638763,0.8475263157894738,0.9902519084077864
57,4,2005,2020,2021,2022,maize,38,2.3994888210296623,2.7662612695846844,-1.0287317566283516,2.3543457869479525,2.8119473684210528,3.289523833722987
57,4,2005,2020,2021,2022,wheat,38,0.621851356405961,0.8018016020805784,0.39406545576922514,0.10553067709270272,0.7708421052631579,0.9851535814010772
58,1,2005,2014,2015,2016,ALL,114,1.0717187470720524,1.212115065623034,0.25551600932378515,-1.0057989793911313,1.1329298245614035,1.3605235447391102
58,1,2005,2014,2015,2016,barley,38,0.9410605149520069,1.0327777625637653,-1.7401723035567795,-0.9410605149520069,0.9384736842105265,0.9997013764646236
58,1,2005,2014,2015,2016,maize,38,1.249221833379645,1.462489808433433,0.25502136169673584,-1.0514625303368816,1.5505263157894733,1.912135482977908
58,1,2005,2014,2015,2016,wheat,38,1.0248738928845054,1.0964316897614363,-2.706017269726494,-1.0248738928845054,0.9097894736842104,0.9473162090875463
58,2,2005,2016,2017,2018,ALL,114,0.860590716412193,1.2138999350401751,0.28380962926067277,-0.8059024906158447,0.7088947368421055,0.9635267273853719
58,2,2005,2016,2017,2018,barley,38,0.47881833653700984,0.6150043049281647,0.038285575362008606,-0.38097444057464597,0.5816315789473684,0.7006516515659585
58,2,2005,2016,2017,2018,maize,38,1.6254701699708638,1.915650078981844,-0.7654798774718035,-1.5955501380719639,1.1426842105263155,1.4097880766457884
58,2,2005,2016,2017,2018,wheat,38,0.47748364272870525,0.6105027736941939,-0.5053522144652136,-0.4411828932009244,0.4023684210526317,0.5538376163309584
58,3,2005,2018,2019,2020,ALL,114,0.7417126867227386,0.906477645372964,0.6214919635822794,-0.683187842536391,0.6385964912280702,0.8240232069632719
58,3,2005,2018,2019,2020,barley,38,0.7812501041512739,0.8939921432068515,-0.8487856075571827,-0.7739759241907219,0.6510526315789474,0.7400854858161924
58,3,2005,2018,2019,2020,maize,38,0.9298627366517721,1.1368295896841134,-0.04523445401986104,-0.8797391494951752,0.9531578947368423,1.151337985951448
58,3,2005,2018,2019,2020,wheat,38,0.5140252193651702,0.6111478516576904,-0.3328138433991745,-0.3958484539232757,0.31157894736842096,0.4046443532678776
58,4,2005,2020,2021,2022,ALL,114,1.277450395885267,1.7692705436763967,-0.5350296882435817,0.8093438667163515,1.4767719298245612,2.0633381911911752
58,4,2005,2020,2021,2022,barley,38,0.7317542989630448,0.8469142607290239,0.3204020121774255,-0.1358826004831414,0.8475263157894738,0.9902519084077864
58,4,2005,2020,2021,2022,maize,38,2.4242668608615268,2.805843075668152,-1.0872044477918434,2.3547740620060966,2.8119473684210528,3.289523833722987
58,4,2005,2020,2021,2022,wheat,38,0.6763300278312282,0.8949500767427272,0.24509988394668358,0.20914013862609857,0.7708421052631579,0.9851535814010772
59,1,2005,2014,2015,2016,ALL,114,1.0870799015279402,1.2159096525267898,0.2508474243062432,-1.0414782611947309,1.1329298245614035,1.3605235447391102
59,1,2005,2014,2015,2016,barley,38,0.9315912630683496,1.0160466403405521,-1.6521092123942775,-0.9315912630683496,0.9384736842105265,0.9997013764646236
59,1,2005,2014,2015,2016,maize,38,1.3250047415181208,1.507008463175538,0.20897628163255377,-1.1881998205184934,1.5505263157894733,1.912135482977908
59,1,2005,2014,2015,2016,wheat,38,1.0046436999973498,1.0639001672588628,-2.4893620587035437,-1.0046436999973498,0.9097894736842104,0.9473162090875463
59,2,2005,2016,2017,2018,ALL,114,0.8406345707073547,1.1857671287117704,0.31662117938669654,-0.7966016814583227,0.7088947368421055,0.9635267273853719
59,2,2005,2016,2017,2018,barley,38,0.5020729423824111,0.6353639232010705,-0.026443198331485007,-0.42793939966904493,0.5816315789473684,0.7006516515659585
59,2,2005,2016,2017,2018,maize,38,1.5448022385647424,1.8604724148430556,-0.6652401693232735,-1.5097876373090244,1.1426842105263155,1.4097880766457884
59,2,2005,2016,2017,2018,wheat,38,0.47502853117491073,0.5942105092495947,-0.4260787218988098,-0.45207800739689863,0.4023684210526317,0.5538376163309584
59,3,2005,2018,2019,2020,ALL,114,0.7041946739062928,0.8634949754240534,0.6565365424464684,-0.6510835322999119,0.6385964912280702,0.8240232069632719
59,3,2005,2018,2019,2020,barley,38,0.7782439031099018,0.8794408820027574,-0.7890910722392575,-0.7701048158344468,0.6510526315789474,0.7400854858161924
59,3,2005,2018,2019,2020,maize,38,0.8242721833680806,1.0507793182928384,0.10701120080334825,-0.77467039058083,0.9531578947368423,1.151337985951448
59,3,2005,2018,2019,2020,wheat,38,0.5100679352408962,0.5994307942189908,-0.28219776620314985,-0.4084753904844587,0.31157894736842096,0.4046443532678776
59,4,2005,2020,2021,2022,ALL,114,1.2344073467923886,1.7050261444203818,-0.4255759850066003,0.690858202649836,1.4767719298245612,2.0633381911911752
59,4,2005,2020,2021,2022,barley,38,0.7262419213746723,0.8530271414129452,0.3105561656247492,-0.2408583385065981,0.8475263157894738,0.9902519084077864
59,4,2005,2020,2021,2022,maize,38,2.3048834253612314,2.692860268497494,-0.9224978918470192,2.2137974824403455,2.8119473684210528,3.289523833722987
59,4,2005,2020,2021,2022,wheat,38,0.6720966936412612,0.8615049215364693,0.30046830207205544,0.09963546401575987,0.7708421052631579,0.9851535814010772
60,1,2005,2014,2015,2016,ALL,114,1.0542824917508846,1.195509402434651,0.2757747589896479,-0.9914829747718678,1.1329298245614035,1.3605235447391102
60,1,2005,2014,2015,2016,barley,38,0.920802176124171,1.0135280442771908,-1.6389773091796664,-0.920802176124171,0.9384736842105265,0.9997013764646236
60,1,2005,2014,2015,2016,maize,38,1.245459952605398,1.4543415211006545,0.26329955902282953,-1.0570614016683475,1.5505263157894733,1.912135482977908
60,1,2005,2014,2015,2016,wheat,38,0.9965853465230842,1.0702241995933643,-2.5309682619663723,-0.9965853465230842,0.9097894736842104,0.9473162090875463
60,2,2005,2016,2017,2018,ALL,114,0.850610838772958,1.2017523929771352,0.29807179705224507,-0.8017371381793106,0.7088947368421055,0.9635267273853719
60,2,2005,2016,2017,2018,barley,38,0.47562222882321015,0.6001702394366774,0.0841196717613174,-0.3888635921478271,0.5816315789473684,0.7006516515659585
60,2,2005,2016,2017,2018,maize,38,1.6066734032881889,1.9035567405228118,-0.7432595838688729,-1.5792066323129756,1.1426842105263155,1.4097880766457884
60,2,2005,2016,2017,2018,wheat,38,0.4695368842074747,0.5906723807522246,-0.40914658104178203,-0.43714119007712904,0.4023684210526317,0.5538376163309584
60,3,2005,2018,2019,2020,ALL,114,0.716563079649942,0.8842127452583098,0.6398574384475432,-0.6549814773860732,0.6385964912280702,0.8240232069632719
60,3,2005,2018,2019,2020,barley,38,0.7569887424770154,0.8657318002779165,-0.7337476616862766,-0.7489889167484483,0.6510526315789474,0.7400854858161924
60,3,2005,2018,2019,2020,maize,38,0.8881511482439542,1.115753148365827,-0.006837125077895578,-0.8260757702275328,0.9531578947368423,1.151337985951448
60,3,2005,2018,2019,2020,wheat,38,0.5045493482288562,0.5925368330585139,-0.25287464409327076,-0.3898797451822383,0.31157894736842096,0.4046443532678776
60,4,2005,2020,2021,2022,ALL,114,1.2507722909826982,1.7183036583888078,-0.44786514969991575,0.749495369927925,1.4767719298245612,2.0633381911911752
60,4,2005,2020,2021,2022,barley,38,0.7216833139720716,0.8423150771853496,0.3277631093353033,-0.20849321716710129,0.8475263157894738,0.9902519084077864
60,4,2005,2020,2021,2022,maize,38,2.3666287803649895,2.7198523233966663,-0.9612316066739774,2.3240223944814575,2.8119473684210528,3.289523833722987
60,4,2005,2020,2021,2022,wheat,38,0.6640047786110327,0.8663781143109947,0.292531970474483,0.13295693246941812,0.7708421052631579,0.9851535814010772
61,1,2005,2014,2015,2016,ALL,114,1.03028958103113,1.1603500275068728,0.317746615891922,-0.9692892710367839,1.1329298245614035,1.3605235447391102
61,1,2005,2014,2015,2016,barley,38,0.890664825439453,0.9729981850821129,-1.4321377924140055,-0.890664825439453,0.9384736842105265,0.9997013764646236
61,1,2005,2014,2015,2016,maize,38,1.275394484369378,1.4506798094775646,0.26700458781624725,-1.0923935543863394,1.5505263157894733,1.912135482977908
61,1,2005,2014,2015,2016,wheat,38,0.9248094332845588,0.9940016002032667,-2.0459196822896546,-0.9248094332845588,0.9097894736842104,0.9473162090875463
61,2,2005,2016,2017,2018,ALL,114,0.8667192858143857,1.2190357827556006,0.2777365986050583,-0.8209794353183947,0.7088947368421055,0.9635267273853719
61,2,2005,2016,2017,2018,barley,38,0.5109873272243299,0.6524583981148294,-0.08241915593727644,-0.4338937531019512,0.5816315789473684,0.7006516515659585
61,2,2005,2016,2017,2018,maize,38,1.6523051005915592,1.9259235114101603,-0.7844668242959947,-1.6379002546009267,1.1426842105263155,1.4097880766457884
61,2,2005,2016,2017,2018,wheat,38,0.43686542962726793,0.5685608022390126,-0.30561963697698813,-0.39114429825230657,0.4023684210526317,0.5538376163309584
61,3,2005,2018,2019,2020,ALL,114,0.7709332091348212,0.9142217701437936,0.6149970780359039,-0.7250140467861244,0.6385964912280702,0.8240232069632719
61,3,2005,2018,2019,2020,barley,38,0.9174010854018362,1.0067773213237579,-1.3446930473012308,-0.914693976452476,0.6510526315789474,0.7400854858161924
61,3,2005,2018,2019,2020,maize,38,0.8197329982958342,1.01549471551866,0.16597644882776108,-0.7579681276020253,0.9531578947368423,1.151337985951448
61,3,2005,2018,2019,2020,wheat,38,0.5756655437067937,0.6801281078123356,-0.6506627957904023,-0.5023800363038717,0.31157894736842096,0.4046443532678776
61,4,2005,2020,2021,2022,ALL,114,1.2011697720644767,1.7247587577307757,-0.45876388515913624,0.8986502588840953,1.4767719298245612,2.0633381911911752
61,4,2005,2020,2021,2022,barley,38,0.5538308213886461,0.6676376137589868,0.5776672257581212,-0.07607921499955023,0.8475263157894738,0.9902519084077864
61,4,2005,2020,2021,2022,maize,38,2.504871783507497,2.813588290596755,-1.0987433390375854,2.504871783507497,2.8119473684210528,3.289523833722987
61,4,2005,2020,2021,2022,wheat,38,0.5448067112972863,0.7499061706760805,0.46996356118194804,0.2671582081443385,0.7708421052631579,0.9851535814010772
62,1,2005,2014,2015,2016,ALL,114,1.0073879287117407,1.1595469935362825,0.31869061218637074,-0.9486796370723791,1.1329298245614035,1.3605235447391102
62,1,2005,2014,2015,2016,barley,38,0.8825322547711827,0.9856559717273428,-1.4958290238030303,-0.8825322547711827,0.9384736842105265,0.9997013764646236
62,1,2005,2014,2015,2016,maize,38,1.221916224078128,1.430535044875039,0.28722062209289834,-1.0457913491600437,1.5505263157894733,1.912135482977908
62,1,2005,2014,2015,2016,wheat,38,0.9177153072859112,1.0078191710022648,-2.1311906457295438,-0.9177153072859112,0.9097894736842104,0.9473162090875463
62,2,2005,2016,2017,2018,ALL,114,0.8934213850790994,1.2268701212433304,0.26842327318245374,-0.847164791006791,0.7088947368421055,0.9635267273853719
62,2,2005,2016,2017,2018,barley,38,0.5318497873607435,0.6712069887675511,-0.1455202163953242,-0.4444752527538099,0.5816315789473684,0.7006516515659585
62,2,2005,2016,2017,2018,maize,38,1.6704443841231498,1.9170412727290576,-0.7680450812565158,-1.6544917658755656,1.1426842105263155,1.4097880766457884
62,2,2005,2016,2017,2018,wheat,38,0.47796998375340516,0.624551695283766,-0.5754318675122896,-0.4425273543909975,0.4023684210526317,0.5538376163309584
62,3,2005,2018,2019,2020,ALL,114,0.7698346537037899,0.9323029163163865,0.5996175862934192,-0.710441261174386,0.6385964912280702,0.8240232069632719
62,3,2005,2018,2019,2020,barley,38,0.864994918672662,0.9723705186646798,-1.1871708719273908,-0.8579429950212176,0.6510526315789474,0.7400854858161924
62,3,2005,2018,2019,2020,maize,38,0.9151276909677607,1.116795978400587,-0.008720069641695805,-0.8470353106448526,0.9531578947368423,1.151337985951448
62,3,2005,2018,2019,2020,wheat,38,0.5293813514709473,0.6440718130582757,-0.4802855595887803,-0.4263454778570879,0.31157894736842096,0.4046443532678776
62,4,2005,2020,2021,2022,ALL,114,1.2355865978776364,1.7568124962898364,-0.5134884432788125,0.9048714529004014,1.4767719298245612,2.0633381911911752
62,4,2005,2020,2021,2022,barley,38,0.594945091950266,0.706675834578356,0.5268338436821154,-0.06326834477876359,0.8475263157894738,0.9902519084077864
62,4,2005,2020,2021,2022,maize,38,2.5372333742442885,2.8511588544077666,-1.1551676775895365,2.509299542778416,2.8119473684210528,3.289523833722987
62,4,2005,2020,2021,2022,wheat,38,0.5745813274383545,0.7941491630138222,0.4055764077538685,0.2685831607015509,0.7708421052631579,0.9851535814010772
63,1,2005,2014,2015,2016,ALL,114,1.062789352400261,1.189199153137821,0.28339992830733407,-1.0206499346515587,1.1329298245614035,1.3605235447391102
63,1,2005,2014,2015,2016,barley,38,0.9198307333494486,1.001484963676658,-1.5766354768364992,-0.9198307333494486,0.9384736842105265,0.9997013764646236
63,1,2005,2014,2015,2016,maize,38,1.3260809629841852,1.4931856754010089,0.2234208018695526,-1.1996627097380788,1.5505263157894733,1.912135482977908
63,1,2005,2014,2015,2016,wheat,38,0.942456360867149,1.004991683437196,-2.1136458648104353,-0.942456360867149,0.9097894736842104,0.9473162090875463
63,2,2005,2016,2017,2018,ALL,114,0.8476650406184949,1.176573731217099,0.32717673992982865,-0.8075073969155028,0.7088947368421055,0.9635267273853719
63,2,2005,2016,2017,2018,barley,38,0.526587899860583,0.6623578749945387,-0.11551451785635725,-0.458918763210899,0.5816315789473684,0.7006516515659585
63,2,2005,2016,2017,2018,maize,38,1.5595013713836672,1.8359777556884709,-0.6216802903001852,-1.5381512416036507,1.1426842105263155,1.4097880766457884
63,2,2005,2016,2017,2018,wheat,38,0.4569058506112351,0.5860417741255513,-0.38713903041620723,-0.4254521859319585,0.4023684210526317,0.5538376163309584
63,3,2005,2018,2019,2020,ALL,114,0.6758096859747904,0.821544975723732,0.689097942651451,-0.6089005534690722,0.6385964912280702,0.8240232069632719
63,3,2005,2018,2019,2020,barley,38,0.7950997264761673,0.8865246690493259,-0.8180289629350685,-0.7867220198480706,0.6510526315789474,0.7400854858161924
63,3,2005,2018,2019,2020,maize,38,0.7454870018206146,0.9524243299851927,0.26635841398368987,-0.6674531791084692,0.9531578947368423,1.151337985951448
63,3,2005,2018,2019,2020,wheat,38,0.4868423296275892,0.575995093928726,-0.1838985391293062,-0.3725264614506773,0.31157894736842096,0.4046443532678776
63,4,2005,2020,2021,2022,ALL,114,1.199880461274532,1.6942256607336779,-0.40757257271091163,0.7981530130955211,1.4767719298245612,2.0633381911911752
63,4,2005,2020,2021,2022,barley,38,0.6393418899335359,0.7577144316573106,0.45601827379581183,-0.1264253008993048,0.8475263157894738,0.9902519084077864
63,4,2005,2020,2021,2022,maize,38,2.3593134207474553,2.7152050244543893,-0.9545351821888048,2.30674916919909,2.8119473684210528,3.289523833722987
63,4,2005,2020,2021,2022,wheat,38,0.600986073142604,0.81531115759646,0.3734746549709542,0.21413517098677784,0.7708421052631579,0.9851535814010772
64,1,2005,2014,2015,2016,ALL,114,1.0138811438543756,1.1620541252374008,0.315741220732931,-0.9516691488132143,1.1329298245614035,1.3605235447391102
64,1,2005,2014,2015,2016,barley,38,0.8803619618164868,0.9768732627840262,-1.4515489086857367,-0.8803619618164868,0.9384736842105265,0.9997013764646236
64,1,2005,2014,2015,2016,maize,38,1.2542432616886339,1.4527552943965676,0.2649056970903202,-1.06760727656515,1.5505263157894733,1.912135482977908
64,1,2005,2014,2015,2016,wheat,38,0.907038208058006,0.9931415070392611,-2.0406507948503827,-0.907038208058006,0.9097894736842104,0.9473162090875463
64,2,2005,2016,2017,2018,ALL,114,0.8807794509017677,1.2185154337021196,0.2783530675729343,-0.8314584442607144,0.7088947368421055,0.9635267273853719
64,2,2005,2016,2017,2018,barley,38,0.5161679496263204,0.6465812848421708,-0.06300688707481128,-0.4232070920341893,0.5816315789473684,0.7006516515659585
64,2,2005,2016,2017,2018,maize,38,1.665127511777376,1.9178104514187453,-0.7694641591289026,-1.6502676537162382,1.1426842105263155,1.4097880766457884
64,2,2005,2016,2017,2018,wheat,38,0.461042891301607,0.5985610253196151,-0.4470372551655508,-0.4209005870317157,0.4023684210526317,0.5538376163309584
64,3,2005,2018,2019,2020,ALL,114,0.7285508304729796,0.8848274345710305,0.6393565347156622,-0.6674253147526792,0.6385964912280702,0.8240232069632719
64,3,2005,2018,2019,2020,barley,38,0.8348361165899979,0.9348296131987066,-1.021548058030597,-0.8285593795776366,0.6510526315789474,0.7400854858161924
64,3,2005,2018,2019,2020,maize,38,0.8263461951205606,1.0420352045093666,0.12181146675914967,-0.7478740245417546,0.9531578947368423,1.151337985951448
64,3,2005,2018,2019,2020,wheat,38,0.5244701797083805,0.6237106650992373,-0.38817192454732763,-0.42584254013864625,0.31157894736842096,0.4046443532678776
64,4,2005,2020,2021,2022,ALL,114,1.2152844889122145,1.6837842300433086,-0.39027643190816796,0.7783099534218771,1.4767719298245612,2.0633381911911752
64,4,2005,2020,2021,2022,barley,38,0.6426472538395932,0.7548111915525874,0.4601789018000443,-0.19797752731724774,0.8475263157894738,0.9902519084077864
64,4,2005,2020,2021,2022,maize,38,2.4086082699424343,2.705169230053654,-0.9401133889690878,2.393517194045217,2.8119473684210528,3.289523833722987
64,4,2005,2020,2021,2022,wheat,38,0.5945979429546157,0.7859437014859887,0.41779658480934034,0.13939019353766186,0.7708421052631579,0.9851535814010772
65,1,2005,2014,2015,2016,ALL,114,0.9903876280366329,1.1278212036330297,0.35546252207400486,-0.936316598507396,1.1329298245614035,1.3605235447391102
65,1,2005,2014,2015,2016,barley,38,0.8052581142124379,0.8966039013255054,-1.0652154449553248,-0.8052581142124379,0.9384736842105265,0.9997013764646236
65,1,2005,2014,2015,2016,maize,38,1.3240345284813326,1.4719318788336582,0.24537090467038525,-1.161821439893622,1.5505263157894733,1.912135482977908
65,1,2005,2014,2015,2016,wheat,38,0.8418702414161281,0.9194889832368129,-1.6063776356313273,-0.8418702414161281,0.9097894736842104,0.9473162090875463
65,2,2005,2016,2017,2018,ALL,114,0.9136139721619455,1.2179543912033657,0.27901745208304685,-0.8813550295746119,0.7088947368421055,0.9635267273853719
65,2,2005,2016,2017,2018,barley,38,0.5775100489666588,0.7376974451961748,-0.3837141346633799,-0.5017056939476415,0.5816315789473684,0.7006516515659585
65,2,2005,2016,2017,2018,maize,38,1.64043566653603,1.85316244129476,-0.652180102078695,-1.6329942653053688,1.1426842105263155,1.4097880766457884
65,2,2005,2016,2017,2018,wheat,38,0.522896200983148,0.6868989319253345,-0.9056736331035162,-0.5093651294708252,0.4023684210526317,0.5538376163309584
65,3,2005,2018,2019,2020,ALL,114,0.7461845673176281,0.8983799068212249,0.6282243275935115,-0.7053428011609798,0.6385964912280702,0.8240232069632719
65,3,2005,2018,2019,2020,barley,38,0.8206682328173988,0.9187408240387387,-0.9525635451250314,-0.8206682328173988,0.6510526315789474,0.7400854858161924
65,3,2005,2018,2019,2020,maize,38,0.8842751849325081,1.0868751048918204,0.044606545726107005,-0.8376909712741251,0.9531578947368423,1.151337985951448
65,3,2005,2018,2019,2020,wheat,38,0.5336102842029774,0.6291877109029965,-0.4126591249348919,-0.4576691993914154,0.31157894736842096,0.4046443532678776
65,4,2005,2020,2021,2022,ALL,114,1.1916598992598686,1.658215687787682,-0.3483738591998169,0.7654928843180339,1.4767719298245612,2.0633381911911752
65,4,2005,2020,2021,2022,barley,38,0.678863118322272,0.7965657918769922,0.3988034266093238,-0.11275420389677344,0.8475263157894738,0.9902519084077864
65,4,2005,2020,2021,2022,maize,38,2.2554663688258114,2.6245991769071777,-0.8262667474929204,2.18902442430195,2.8119473684210528,3.289523833722987
65,4,2005,2020,2021,2022,wheat,38,0.6406502106315212,0.8520562783437893,0.3157285272444187,0.22020843254892447,0.7708421052631579,0.9851535814010772
66,1,2005,2014,2015,2016,ALL,114,1.0775859963266472,1.215199998303023,0.2517216408162425,-1.03214166206226,1.1329298245614035,1.3605235447391102
66,1,2005,2014,2015,2016,barley,38,0.9111948485123482,1.001477023958206,-1.5765946221459397,-0.9111948485123482,0.9384736842105265,0.9997013764646236
66,1,2005,2014,2015,2016,maize,38,1.354683356034128,1.5248467929345495,0.19013888964859993,-1.2183503532409665,1.5505263157894733,1.912135482977908
66,1,2005,2014,2015,2016,wheat,38,0.9668797844334653,1.0497709922588048,-2.397296221669689,-0.9668797844334653,0.9097894736842104,0.9473162090875463
66,2,2005,2016,2017,2018,ALL,114,0.9019722271802133,1.2021209601853298,0.2976411802440726,-0.8747007001073738,0.7088947368421055,0.9635267273853719
66,2,2005,2016,2017,2018,barley,38,0.5906013370815077,0.7319868884110561,-0.3623742367404936,-0.5372852247639707,0.5816315789473684,0.7006516515659585
66,2,2005,2016,2017,2018,maize,38,1.6088159169648824,1.8366825596987861,-0.6229256062113542,-1.5941752785130554,1.1426842105263155,1.4097880766457884
66,2,2005,2016,2017,2018,wheat,38,0.5064994274942499,0.6527455697615364,-0.7208804814951737,-0.4926415970450954,0.4023684210526317,0.5538376163309584
66,3,2005,2018,2019,2020,ALL,114,0.6823992213031703,0.8402545836548174,0.67477592402693,-0.6165652966917606,0.6385964912280702,0.8240232069632719
66,3,2005,2018,2019,2020,barley,38,0.7474820651506122,0.8430324777087344,-0.6440225101691281,-0.7460821927221196,0.6510526315789474,0.7400854858161924
66,3,2005,2018,2019,2020,maize,38,0.8295502823277525,1.0421981767866637,0.12153675132455799,-0.7264028127569903,0.9531578947368423,1.151337985951448
66,3,2005,2018,2019,2020,wheat,38,0.470165316431146,0.5667472963231656,-0.14618792802008707,-0.3772108845961722,0.31157894736842096,0.4046443532678776
66,4,2005,2020,2021,2022,ALL,114,1.1141148612373752,1.5712073662157129,-0.2105850275939536,0.7120346495979711,1.4767719298245612,2.0633381911911752
66,4,2005,2020,2021,2022,barley,38,0.6262462711334228,0.7478043329281491,0.47015462566835775,-0.11320353507995601,0.8475263157894738,0.9902519084077864
66,4,2005,2020,2021,2022,maize,38,2.1275447248157695,2.4919216737734207,-0.6462925386107827,2.023589574412295,2.8119473684210528,3.289523833722987
66,4,2005,2020,2021,2022,wheat,38,0.5885535877629331,0.7982435808596972,0.399431233189231,0.22571790946157352,0.7708421052631579,0.9851535814010772
67,1,2005,2014,2015,2016,ALL,114,1.0568391482871875,1.1928369166628374,0.2790090594890804,-1.0080104413785431,1.1329298245614035,1.3605235447391102
67,1,2005,2014,2015,2016,barley,38,0.8660373030210798,0.9578349637960004,-1.35692350678544,-0.8660373030210798,0.9384736842105265,0.9997013764646236
67,1,2005,2014,2015,2016,maize,38,1.404784328812047,1.5473446410933507,0.16606493830319768,-1.258298208086114,1.5505263157894733,1.912135482977908
67,1,2005,2014,2015,2016,wheat,38,0.899695813028436,0.9781904073700172,-1.949789866524311,-0.899695813028436,0.9097894736842104,0.9473162090875463
67,2,2005,2016,2017,2018,ALL,114,0.8657246974476597,1.144864177907269,0.3629542322865543,-0.8280383381090666,0.7088947368421055,0.9635267273853719
67,2,2005,2016,2017,2018,barley,38,0.5794598192917674,0.739335021328156,-0.3898642230856877,-0.49241535638508044,0.5816315789473684,0.7006516515659585
67,2,2005,2016,2017,2018,maize,38,1.4934471526898836,1.7098058118645623,-0.4064489921298884,-1.4806466629630644,1.1426842105263155,1.4097880766457884
67,2,2005,2016,2017,2018,wheat,38,0.5242671203613283,0.6797718510777868,-0.866333263268684,-0.5110529949790553,0.4023684210526317,0.5538376163309584
67,3,2005,2018,2019,2020,ALL,114,0.7345935414966784,0.870176345384711,0.6512008204587014,-0.6915321937360263,0.6385964912280702,0.8240232069632719
67,3,2005,2018,2019,2020,barley,38,0.8583116968054519,0.9431255183393231,-1.0575866767254247,-0.8583116968054519,0.6510526315789474,0.7400854858161924
67,3,2005,2018,2019,2020,maize,38,0.7932411720878201,0.9799745751377286,0.22330126900047964,-0.7133654699827496,0.9531578947368423,1.151337985951448
67,3,2005,2018,2019,2020,wheat,38,0.5522277555967632,0.6494495399506315,-0.5051082734551804,-0.5029194144198771,0.31157894736842096,0.4046443532678776
67,4,2005,2020,2021,2022,ALL,114,1.169130125882333,1.6266142234493621,-0.2974702730738883,0.6770319871735154,1.4767719298245612,2.0633381911911752
67,4,2005,2020,2021,2022,barley,38,0.7027555586162366,0.8270993847119655,0.3518305043630803,-0.15167326375057819,0.8475263157894738,0.9902519084077864
67,4,2005,2020,2021,2022,maize,38,2.1479932102404136,2.5511198128960553,-0.7254403355564081,1.9862405636436056,2.8119473684210528,3.289523833722987
67,4,2005,2020,2021,2022,wheat,38,0.6566416087903475,0.8633167459522587,0.29752284851069255,0.19652866162751845,0.7708421052631579,0.9851535814010772
68,1,2005,2014,2015,2016,ALL,114,1.0970605340756867,1.2239487864177059,0.24090845027587882,-1.0432087827147098,1.1329298245614035,1.3605235447391102
68,1,2005,2014,2015,2016,barley,38,0.9461430845762553,1.0287608732236446,-1.7188984844578425,-0.9461430845762553,0.9384736842105265,0.9997013764646236
68,1,2005,2014,2015,2016,maize,38,1.3533825693632426,1.521486391893309,0.1937044405047771,-1.1918273152803118,1.5505263157894733,1.912135482977908
68,1,2005,2014,2015,2016,wheat,38,0.9916559482875623,1.0587172050777913,-2.455446885884893,-0.9916559482875623,0.9097894736842104,0.9473162090875463
68,2,2005,2016,2017,2018,ALL,114,0.8987712799875361,1.192996275133584,0.3082632062513475,-0.8511332180625514,0.7088947368421055,0.9635267273853719
68,2,2005,2016,2017,2018,barley,38,0.6228179570248253,0.7641319065583155,-0.4846582187651869,-0.524201986413253,0.5816315789473684,0.7006516515659585
68,2,2005,2016,2017,2018,maize,38,1.5552735574621905,1.7927324448199202,-0.5461846770653886,-1.5457694430100293,1.1426842105263155,1.4097880766457884
68,2,2005,2016,2017,2018,wheat,38,0.5182223254755923,0.6869739064312148,-0.9060896615170893,-0.48342822476437225,0.4023684210526317,0.5538376163309584
68,3,2005,2018,2019,2020,ALL,114,0.6747384301403112,0.8272140269624189,0.6847923943057244,-0.6113622002016034,0.6385964912280702,0.8240232069632719
68,3,2005,2018,2019,2020,barley,38,0.7527670521485178,0.8399268820453805,-0.6319321931719828,-0.7504421407298036,0.6510526315789474,0.7400854858161924
68,3,2005,2018,2019,2020,maize,38,0.7969523846475702,1.0123780627144536,0.17108799288950105,-0.7066507244110108,0.9531578947368423,1.151337985951448
68,3,2005,2018,2019,2020,wheat,38,0.4744958536248459,0.5678579313192685,-0.1506846190733342,-0.3769937354639957,0.31157894736842096,0.4046443532678776
68,4,2005,2020,2021,2022,ALL,114,1.1549176107373156,1.5773276156915634,-0.22003446458576903,0.6473842060356809,1.4767719298245612,2.0633381911911752
68,4,2005,2020,2021,2022,barley,38,0.7075679051248651,0.8264937628872089,0.3527793670616789,-0.15561749759473295,0.8475263157894738,0.9902519084077864
68,4,2005,2020,2021,2022,maize,38,2.089097317645424,2.457033590077363,-0.6005174832143689,1.920279039583708,2.8119473684210528,3.289523833722987
68,4,2005,2020,2021,2022,wheat,38,0.6680876094416569,0.8624275151047666,0.2989692299188297,0.17749107611806764,0.7708421052631579,0.9851535814010772
69,1,2005,2014,2015,2016,ALL,114,0.9525841998217399,1.095361097147635,0.3920298040953598,-0.9012341955251861,1.1329298245614035,1.3605235447391102
69,1,2005,2014,2015,2016,barley,38,0.7754522720136142,0.8745351242875168,-0.9648012674502875,-0.7754522720136142,0.9384736842105265,0.9997013764646236
69,1,2005,2014,2015,2016,maize,38,1.2933055169958816,1.4389747033041305,0.27878551311546607,-1.1392555041062202,1.5505263157894733,1.912135482977908
69,1,2005,2014,2015,2016,wheat,38,0.7889948104557238,0.8740640245837944,-1.355216153361277,-0.7889948104557238,0.9097894736842104,0.9473162090875463
69,2,2005,2016,2017,2018,ALL,114,0.896778448171783,1.1985374541406504,0.3018223828462756,-0.8653869389651115,0.7088947368421055,0.9635267273853719
69,2,2005,2016,2017,2018,barley,38,0.5759698732275712,0.7369009428086962,-0.3807277162462932,-0.5016785706971821,0.5816315789473684,0.7006516515659585
69,2,2005,2016,2017,2018,maize,38,1.6218157216122278,1.8248231300818911,-0.6020348614221971,-1.6218157216122278,1.1426842105263155,1.4097880766457884
69,2,2005,2016,2017,2018,wheat,38,0.49254974967555,0.660661510411828,-0.7628723041391623,-0.47266652458592473,0.4023684210526317,0.5538376163309584
69,3,2005,2018,2019,2020,ALL,114,0.7332088155913771,0.8797284463818794,0.6435011128393504,-0.6854284062301904,0.6385964912280702,0.8240232069632719
69,3,2005,2018,2019,2020,barley,38,0.8030841285304018,0.8991712480737544,-0.8702685475859631,-0.8030841285304018,0.6510526315789474,0.7400854858161924
69,3,2005,2018,2019,2020,maize,38,0.8790617305354069,1.070201661768231,0.07369454646082108,-0.8218555857005874,0.9531578947368423,1.151337985951448
69,3,2005,2018,2019,2020,wheat,38,0.5174805877083227,0.6065689473641304,-0.3129169726112875,-0.431345504459582,0.31157894736842096,0.4046443532678776
69,4,2005,2020,2021,2022,ALL,114,1.1688696693955807,1.6718376855826214,-0.3706182381607863,0.8959588937592088,1.4767719298245612,2.0633381911911752
69,4,2005,2020,2021,2022,barley,38,0.5828807233509264,0.7201064362584799,0.5086775848185815,0.03216569348385463,0.8475263157894738,0.9902519084077864
69,4,2005,2020,2021,2022,maize,38,2.3327707145088596,2.6767971301088322,-0.899630574799464,2.3120777115068933,2.8119473684210528,3.289523833722987
69,4,2005,2020,2021,2022,wheat,38,0.5909575703269558,0.837453034804341,0.33898274800338335,0.34363327628687806,0.7708421052631579,0.9851535814010772
70,1,2005,2014,2015,2016,ALL,114,1.0619389196027789,1.1992937888689452,0.2711824302423054,-1.0193394502003987,1.1329298245614035,1.3605235447391102
70,1,2005,2014,2015,2016,barley,38,0.913824065860949,1.0014661249903276,-1.5765385408409416,-0.913824065860949,0.9384736842105265,0.9997013764646236
70,1,2005,2014,2015,2016,maize,38,1.3351841670588442,1.5024241766044235,0.21378151526852995,-1.2073857588517036,1.5505263157894733,1.912135482977908
70,1,2005,2014,2015,2016,wheat,38,0.9368085258885435,1.026987814002809,-2.251433387109758,-0.9368085258885435,0.9097894736842104,0.9473162090875463
70,2,2005,2016,2017,2018,ALL,114,0.9331648021831846,1.219212140926738,0.2775276034825451,-0.9117829183946577,0.7088947368421055,0.9635267273853719
70,2,2005,2016,2017,2018,barley,38,0.6281839390804894,0.7762072940281892,-0.5319523510335884,-0.5850488421791479,0.5816315789473684,0.7006516515659585
70,2,2005,2016,2017,2018,maize,38,1.6332281474063273,1.839316975405187,-0.6275845788829628,-1.6247338395369681,1.1426842105263155,1.4097880766457884
70,2,2005,2016,2017,2018,wheat,38,0.5380823200627378,0.6883676593458118,-0.9138317690667606,-0.525566073467857,0.4023684210526317,0.5538376163309584
70,3,2005,2018,2019,2020,ALL,114,0.6971415308065582,0.8460166710150335,0.6703001496762301,-0.6168981875871357,0.6385964912280702,0.8240232069632719
70,3,2005,2018,2019,2020,barley,38,0.7721247419558072,0.8686113711864277,-0.745300320822986,-0.7721247419558072,0.6510526315789474,0.7400854858161924
70,3,2005,2018,2019,2020,maize,38,0.8358873020975215,1.0303894661115005,0.14133097007895823,-0.7044863103565419,0.9531578947368423,1.151337985951448
70,3,2005,2018,2019,2020,wheat,38,0.4834125483663459,0.5753646294986936,-0.18130824823821468,-0.3740835104490582,0.31157894736842096,0.4046443532678776
70,4,2005,2020,2021,2022,ALL,114,1.102672168162831,1.586430647238137,-0.23415716106387796,0.8324305525997229,1.4767719298245612,2.0633381911911752
70,4,2005,2020,2021,2022,barley,38,0.527729613655492,0.6668242346223717,0.578695650184767,0.013877118763170783,0.8475263157894738,0.9902519084077864
70,4,2005,2020,2021,2022,maize,38,2.2274800180134013,2.546942908898871,-0.7197948941690826,2.157728120904219,2.8119473684210528,3.289523833722987
70,4,2005,2020,2021,2022,wheat,38,0.5528068728195994,0.7865836601527435,0.41684807460247597,0.32568641813177807,0.7708421052631579,0.9851535814010772
71,1,2005,2014,2015,2016,ALL,114,1.0479080698782937,1.1804957911604579,0.2938506709532105,-1.0008229556836579,1.1329298245614035,1.3605235447391102
71,1,2005,2014,2015,2016,barley,38,0.8690635249489235,0.9605193188402384,-1.3701526856609876,-0.8690635249489235,0.9384736842105265,0.9997013764646236
71,1,2005,2014,2015,2016,maize,38,1.3980697024495976,1.5293074864137255,0.18539372292676215,-1.2568143598656902,1.5505263157894733,1.912135482977908
71,1,2005,2014,2015,2016,wheat,38,0.8765909822363601,0.9588181209052535,-1.8341102885671958,-0.8765909822363601,0.9097894736842104,0.9473162090875463
71,2,2005,2016,2017,2018,ALL,114,0.8457118925295379,1.120375663125235,0.38991543978023624,-0.807182746100844,0.7088947368421055,0.9635267273853719
71,2,2005,2016,2017,2018,barley,38,0.574417021651017,0.7321331026044605,-0.36291855890859126,-0.482303127238625,0.5816315789473684,0.7006516515659585
71,2,2005,2016,2017,2018,maize,38,1.4673749707874502,1.6718268231592757,-0.34466154802779325,-1.4653580590298303,1.1426842105263155,1.4097880766457884
71,2,2005,2016,2017,2018,wheat,38,0.4953436851501466,0.6593186429988608,-0.7557131225306453,-0.47388705203407694,0.4023684210526317,0.5538376163309584
71,3,2005,2018,2019,2020,ALL,114,0.7235976455922711,0.8491612026396979,0.6678446937127696,-0.6733761023638543,0.6385964912280702,0.8240232069632719
71,3,2005,2018,2019,2020,barley,38,0.8596845172580918,0.9360490244451322,-1.0268253966284218,-0.8596845172580918,0.6510526315789474,0.7400854858161924
71,3,2005,2018,2019,2020,maize,38,0.7745352559340628,0.9460109328031816,0.2762054813199588,-0.6750520309649017,0.9531578947368423,1.151337985951448
71,3,2005,2018,2019,2020,wheat,38,0.536573163584659,0.6261787149509833,-0.399179772488677,-0.485391758868569,0.31157894736842096,0.4046443532678776
71,4,2005,2020,2021,2022,ALL,114,1.13767877143726,1.625561740934141,-0.2957917890546873,0.7536353077804834,1.4767719298245612,2.0633381911911752
71,4,2005,2020,2021,2022,barley,38,0.6334169247275905,0.7566658666124644,0.45752281303755693,-0.06734451193558538,0.8475263157894738,0.9902519084077864
71,4,2005,2020,2021,2022,maize,38,2.1792819685685005,2.5816741675425523,-0.7670184876100268,2.0640942182038953,2.8119473684210528,3.289523833722987
71,4,2005,2020,2021,2022,wheat,38,0.6003374210156892,0.8305228351548081,0.34987775171859614,0.26415621707313935,0.7708421052631579,0.9851535814010772
72,1,2005,2014,2015,2016,ALL,114,1.0738185749555889,1.198169722739369,0.2725479925872256,-1.0231568390862982,1.1329298245614035,1.3605235447391102
72,1,2005,2014,2015,2016,barley,38,0.937674745258532,1.0176246029134184,-1.660353280322342,-0.937674745258532,0.9384736842105265,0.9997013764646236
72,1,2005,2014,2015,2016,maize,38,1.33020882305346,1.4887235586303376,0.22805520143104352,-1.1782236154455885,1.5505263157894733,1.912135482977908
72,1,2005,2014,2015,2016,wheat,38,0.9535721565547742,1.027119460915984,-2.252267026219621,-0.9535721565547742,0.9097894736842104,0.9473162090875463
72,2,2005,2016,2017,2018,ALL,114,0.907867883799369,1.1867219079784774,0.3155202235579926,-0.8692818431686937,0.7088947368421055,0.9635267273853719
72,2,2005,2016,2017,2018,barley,38,0.6320815352389687,0.777025543678955,-0.5351839109359899,-0.5530012065485904,0.5816315789473684,0.7006516515659585
72,2,2005,2016,2017,2018,maize,38,1.5653928264818695,1.7713354090790228,-0.5094961747069162,-1.5580318501121122,1.1426842105263155,1.4097880766457884
72,2,2005,2016,2017,2018,wheat,38,0.5261292896772685,0.6953623757736026,-0.952923448005595,-0.4968124728453787,0.4023684210526317,0.5538376163309584
72,3,2005,2018,2019,2020,ALL,114,0.694526948928833,0.840571529463353,0.6745305273330782,-0.6324002117023133,0.6385964912280702,0.8240232069632719
72,3,2005,2018,2019,2020,barley,38,0.7857480400486996,0.8708472200896864,-0.7542968645065788,-0.7844219769929583,0.6510526315789474,0.7400854858161924
72,3,2005,2018,2019,2020,maize,38,0.7949483118559186,1.0028809681464024,0.18656705409538799,-0.7084228646127803,0.9531578947368423,1.151337985951448
72,3,2005,2018,2019,2020,wheat,38,0.5028844948818809,0.5962687074003471,-0.26870587737243046,-0.4043557935012016,0.31157894736842096,0.4046443532678776
72,4,2005,2020,2021,2022,ALL,114,1.1081843909882663,1.562507888653038,-0.19721657964870354,0.7501630339706153,1.4767719298245612,2.0633381911911752
72,4,2005,2020,2021,2022,barley,38,0.5856591525830721,0.7160078409159487,0.5142545410325103,-0.05157214415700808,0.8475263157894738,0.9902519084077864
72,4,2005,2020,2021,2022,maize,38,2.150743203916047,2.4824897475836702,-0.6338536857566746,2.0257358686547526,2.8119473684210528,3.289523833722987
72,4,2005,2020,2021,2022,wheat,38,0.588150816465679,0.8055247551737735,0.38842509564284455,0.276325377414101,0.7708421052631579,0.9851535814010772
73,1,2005,2014,2015,2016,ALL,114,0.9959095152637415,1.1426590165660944,0.33839166685636424,-0.9507980300669084,1.1329298245614035,1.3605235447391102
73,1,2005,2014,2015,2016,barley,38,0.7882794048911649,0.8782308738317639,-0.9814426953452042,-0.7882794048911649,0.9384736842105265,0.9997013764646236
73,1,2005,2014,2015,2016,maize,38,1.351839235707333,1.5099963688714115,0.20583648864518966,-1.2165047801168338,1.5505263157894733,1.912135482977908
73,1,2005,2014,2015,2016,wheat,38,0.8476099051927266,0.9303925959847444,-1.668558768005369,-0.8476099051927266,0.9097894736842104,0.9473162090875463
73,2,2005,2016,2017,2018,ALL,114,0.8768508539701763,1.1786873083604847,0.3247572720937034,-0.8484433796531275,0.7088947368421055,0.9635267273853719
73,2,2005,2016,2017,2018,barley,38,0.5374121555529143,0.6846047026671348,-0.19170723109647625,-0.46728946384630704,0.5816315789473684,0.7006516515659585
73,2,2005,2016,2017,2018,maize,38,1.6030123946541235,1.8153539578298592,-0.5854517913138328,-1.5979995250701906,1.1426842105263155,1.4097880766457884
73,2,2005,2016,2017,2018,wheat,38,0.4901280117034913,0.6353878512749224,-0.6305745385404797,-0.4800411500428853,0.4023684210526317,0.5538376163309584
73,3,2005,2018,2019,2020,ALL,114,0.7132836628796763,0.8534530498503266,0.6644786370286926,-0.6776323592035395,0.6385964912280702,0.8240232069632719
73,3,2005,2018,2019,2020,barley,38,0.7957144533960442,0.8826567415087379,-0.8021993664399545,-0.7957144533960442,0.6510526315789474,0.7400854858161924
73,3,2005,2018,2019,2020,maize,38,0.8446540355682374,1.03078092563108,0.14067840514492547,-0.8122091950868306,0.9531578947368423,1.151337985951448
73,3,2005,2018,2019,2020,wheat,38,0.499482499674747,0.5861348692244666,-0.22594795291259318,-0.42497342912774344,0.31157894736842096,0.4046443532678776
73,4,2005,2020,2021,2022,ALL,114,1.19678139753509,1.6660767839940616,-0.36118862349908576,0.7124651666273151,1.4767719298245612,2.0633381911911752
73,4,2005,2020,2021,2022,barley,38,0.6871586900008351,0.8083963360817652,0.38081294853711367,-0.18353509601793785,0.8475263157894738,0.9902519084077864
73,4,2005,2020,2021,2022,maize,38,2.248373792547928,2.6389630151302343,-0.846310936942023,2.1505149299220028,2.8119473684210528,3.289523833722987
73,4,2005,2020,2021,2022,wheat,38,0.6548117100565057,0.8424993288284008,0.33099247917299635,0.17041566597787952,0.7708421052631579,0.9851535814010772
74,1,2005,2014,2015,2016,ALL,114,1.0944763004570677,1.226688415902657,0.23750641730340083,-1.0475505335289135,1.1329298245614035,1.3605235447391102
74,1,2005,2014,2015,2016,barley,38,0.9285404714785123,1.0177082362366399,-1.6607905797507656,-0.9285404714785123,0.9384736842105265,0.9997013764646236
74,1,2005,2014,2015,2016,maize,38,1.3715818249551872,1.5379281478883384,0.17618401504201353,-1.2308045241707248,1.5505263157894733,1.912135482977908
74,1,2005,2014,2015,2016,wheat,38,0.9833066049375032,1.0551494524275522,-2.4321972258873172,-0.9833066049375032,0.9097894736842104,0.9473162090875463
74,2,2005,2016,2017,2018,ALL,114,0.912431543249833,1.209823910397181,0.2886111923308703,-0.8909782580325478,0.7088947368421055,0.9635267273853719
74,2,2005,2016,2017,2018,barley,38,0.6021023785440547,0.7506715330753555,-0.4328136565668712,-0.5593137776224237,0.5816315789473684,0.7006516515659585
74,2,2005,2016,2017,2018,maize,38,1.6082010730944183,1.835340025282732,-0.6205538984236756,-1.602150630950928,1.1426842105263155,1.4097880766457884
74,2,2005,2016,2017,2018,wheat,38,0.5269911781110262,0.6775255888390159,-0.8540192865184171,-0.511470365524292,0.4023684210526317,0.5538376163309584
74,3,2005,2018,2019,2020,ALL,114,0.6858166397663585,0.8419386543116063,0.6734709643279231,-0.624919370768363,0.6385964912280702,0.8240232069632719
74,3,2005,2018,2019,2020,barley,38,0.7785334373775281,0.8746958272701634,-0.7698369461753876,-0.776913190891868,0.6510526315789474,0.7400854858161924
74,3,2005,2018,2019,2020,maize,38,0.7913164053465193,1.0082447951833011,0.17784262588200261,-0.6885504125293934,0.9531578947368423,1.151337985951448
74,3,2005,2018,2019,2020,wheat,38,0.48760007657502835,0.5873088928443566,-0.23086399996715357,-0.40929450888382773,0.31157894736842096,0.4046443532678776
74,4,2005,2020,2021,2022,ALL,114,1.121311193265413,1.553725607118845,-0.18379617434895423,0.6495903475242749,1.4767719298245612,2.0633381911911752
74,4,2005,2020,2021,2022,barley,38,0.6588680061541105,0.7758861785979453,0.4296135185841723,-0.18259659265217024,0.8475263157894738,0.9902519084077864
74,4,2005,2020,2021,2022,maize,38,2.091501796120091,2.450117285363695,-0.5915195707284424,1.9754399008499943,2.8119473684210528,3.289523833722987
74,4,2005,2020,2021,2022,wheat,38,0.613563777522037,0.7981952846723578,0.3995039034991871,0.15592773437499996,0.7708421052631579,0.9851535814010772
75,1,2005,2014,2015,2016,ALL,114,1.0552000121903,1.1882925125205306,0.28449217776916,-1.0120045799958077,1.1329298245614035,1.3605235447391102
75,1,2005,2014,2015,2016,barley,38,0.883971192460311,0.9792077043407554,-1.4632798793548147,-0.883971192460311,0.9384736842105265,0.9997013764646236
75,1,2005,2014,2015,2016,maize,38,1.373218687710009,1.5196606445519831,0.19563835032388632,-1.2436323911265321,1.5505263157894733,1.912135482977908
75,1,2005,2014,2015,2016,wheat,38,0.9084101564005802,0.9838196395156098,-1.9838381064129673,-0.9084101564005802,0.9097894736842104,0.9473162090875463
75,2,2005,2016,2017,2018,ALL,114,0.8983100554817601,1.1928638774681488,0.30841673439979644,-0.8653141501911901,0.7088947368421055,0.9635267273853719
75,2,2005,2016,2017,2018,barley,38,0.577991610577232,0.736752792053124,-0.380172593352609,-0.5029868110857512,0.5816315789473684,0.7006516515659585
75,2,2005,2016,2017,2018,maize,38,1.5927515617169832,1.807186436631968,-0.5712175633955368,-1.5814408277210439,1.1426842105263155,1.4097880766457884
75,2,2005,2016,2017,2018,wheat,38,0.5241869941510653,0.6782663172828333,-0.858075444872102,-0.511514811766775,0.4023684210526317,0.5538376163309584
75,3,2005,2018,2019,2020,ALL,114,0.7034309149625009,0.837523224327714,0.6768868557747327,-0.6532876074941535,0.6385964912280702,0.8240232069632719
75,3,2005,2018,2019,2020,barley,38,0.8220348292902895,0.9128397663243557,-0.9275615283471057,-0.8220348292902895,0.6510526315789474,0.7400854858161924
75,3,2005,2018,2019,2020,maize,38,0.760618623934294,0.942859175551241,0.2810202766830733,-0.6813401829568965,0.9531578947368423,1.151337985951448
75,3,2005,2018,2019,2020,wheat,38,0.5276392916629191,0.6181226334317497,-0.3634091630087186,-0.4564878102352747,0.31157894736842096,0.4046443532678776
75,4,2005,2020,2021,2022,ALL,114,1.1803858072715894,1.6420787379610482,-0.32225811417653727,0.6728420232471667,1.4767719298245612,2.0633381911911752
75,4,2005,2020,2021,2022,barley,38,0.6993673921886243,0.8235129401499196,0.3574394650805075,-0.1851725924642462,0.8475263157894738,0.9902519084077864
75,4,2005,2020,2021,2022,maize,38,2.189723736110486,2.589484836426528,-0.7777266353377228,2.044303104501021,2.8119473684210528,3.289523833722987
75,4,2005,2020,2021,2022,wheat,38,0.6520662935156573,0.8400371803164185,0.3348970258122296,0.15939555770472472,0.7708421052631579,0.9851535814010772
76,1,2005,2014,2015,2016,ALL,114,1.0981758499145506,1.2312260936365784,0.2318548606291161,-1.0465540986312063,1.1329298245614035,1.3605235447391102
76,1,2005,2014,2015,2016,barley,38,0.9435951867856476,1.028522702049056,-1.717639711300862,-0.9435951867856476,0.9384736842105265,0.9997013764646236
76,1,2005,2014,2015,2016,maize,38,1.3732850245425574,1.5465581278434446,0.16691249903578287,-1.218419770692524,1.5505263157894733,1.912135482977908
76,1,2005,2014,2015,2016,wheat,38,0.977647338415447,1.0478798068127158,-2.385066640354763,-0.977647338415447,0.9097894736842104,0.9473162090875463
76,2,2005,2016,2017,2018,ALL,114,0.8472474708055195,1.1498498361787408,0.3573937331609064,-0.7971947560394019,0.7088947368421055,0.9635267273853719
76,2,2005,2016,2017,2018,barley,38,0.5677270402406392,0.7149707933192424,-0.29976973662694495,-0.46916053521005735,0.5816315789473684,0.7006516515659585
76,2,2005,2016,2017,2018,maize,38,1.5084904113568758,1.746464481550779,-0.4674047601436695,-1.4871631195670683,1.1426842105263155,1.4097880766457884
76,2,2005,2016,2017,2018,wheat,38,0.4655249608190436,0.6365080648843747,-0.6363291401180211,-0.4352606133410804,0.4023684210526317,0.5538376163309584
76,3,2005,2018,2019,2020,ALL,114,0.6742881151667813,0.8252628073976847,0.6862776541167561,-0.6124612763890048,0.6385964912280702,0.8240232069632719
76,3,2005,2018,2019,2020,barley,38,0.7550595220766569,0.8402562405213613,-0.6332122952713355,-0.7537857605281628,0.6510526315789474,0.7400854858161924
76,3,2005,2018,2019,2020,maize,38,0.8053760393042314,1.0134347974714406,0.16935662924163863,-0.7067445609444067,0.9531578947368423,1.151337985951448
76,3,2005,2018,2019,2020,wheat,38,0.4624287841194555,0.5568621601084529,-0.10655328419112786,-0.3768535076944452,0.31157894736842096,0.4046443532678776
76,4,2005,2020,2021,2022,ALL,114,1.1336785303082384,1.5440120611568626,-0.1690407833749874,0.6237763789662144,1.4767719298245612,2.0633381911911752
76,4,2005,2020,2021,2022,barley,38,0.700327783885755,0.8191878233409988,0.36417123854426614,-0.1851305931492855,0.8475263157894738,0.9902519084077864
76,4,2005,2020,2021,2022,maize,38,2.0433048383813155,2.401296315675258,-0.5287263241816518,1.9051914601576954,2.8119473684210528,3.289523833722987
76,4,2005,2020,2021,2022,wheat,38,0.6574029686576442,0.8453561671910006,0.326447699810302,0.15126826989023304,0.7708421052631579,0.9851535814010772
77,1,2005,2014,2015,2016,ALL,114,0.9585126237701952,1.1069454094697093,0.37910227021665477,-0.9123469252335398,1.1329298245614035,1.3605235447391102
77,1,2005,2014,2015,2016,barley,38,0.772541689370808,0.8685657302718359,-0.9380701645637102,-0.7716298261441684,0.9384736842105265,0.9997013764646236
77,1,2005,2014,2015,2016,maize,38,1.3093540048599241,1.4589918806724564,0.25858072343851535,-1.1744519903785302,1.5505263157894733,1.912135482977908
77,1,2005,2014,2015,2016,wheat,38,0.7936421770798532,0.8904609384848885,-1.4444098581144984,-0.7909589591779207,0.9097894736842104,0.9473162090875463
77,2,2005,2016,2017,2018,ALL,114,0.8790354957078633,1.1765047394713843,0.3272556434257603,-0.8523774890732347,0.7088947368421055,0.9635267273853719
77,2,2005,2016,2017,2018,barley,38,0.550687847890352,0.7030155161778183,-0.25666534653001016,-0.48576348430231997,0.5816315789473684,0.7006516515659585
77,2,2005,2016,2017,2018,maize,38,1.6062562114314032,1.8046758229589959,-0.5668550027448442,-1.6062562114314032,1.1426842105263155,1.4097880766457884
77,2,2005,2016,2017,2018,wheat,38,0.480162427801835,0.63356496433783,-0.6212319322084896,-0.46511277148598124,0.4023684210526317,0.5538376163309584
77,3,2005,2018,2019,2020,ALL,114,0.6895479650664749,0.8236972233438868,0.6874668336498734,-0.6471369435494407,0.6385964912280702,0.8240232069632719
77,3,2005,2018,2019,2020,barley,38,0.7810582296471845,0.8676969377728004,-0.7416275140728374,-0.7810582296471845,0.6510526315789474,0.7400854858161924
77,3,2005,2018,2019,2020,maize,38,0.8050099699120773,0.9813466747633541,0.221124775580678,-0.7588544047506233,0.9531578947368423,1.151337985951448
77,3,2005,2018,2019,2020,wheat,38,0.48257569564016245,0.5652363004477854,-0.14008440863092542,-0.40149819625051414,0.31157894736842096,0.4046443532678776
77,4,2005,2020,2021,2022,ALL,114,1.190549143908317,1.7089961838278245,-0.4322224306920599,0.8683136028155947,1.4767719298245612,2.0633381911911752
77,4,2005,2020,2021,2022,barley,38,0.5942591827794125,0.7287483019361007,0.49681428381185266,-0.03615263587550109,0.8475263157894738,0.9902519084077864
77,4,2005,2020,2021,2022,maize,38,2.3841923618316643,2.7471889837447114,-1.0008535750563126,2.3390258623424325,2.8119473684210528,3.289523833722987
77,4,2005,2020,2021,2022,wheat,38,0.5931958871138724,0.8269718671340337,0.3554251683349796,0.30206758197985195,0.7708421052631579,0.9851535814010772
78,1,2005,2014,2015,2016,ALL,114,1.0744940085160104,1.208508281125939,0.2599400089007562,-1.0304022688614694,1.1329298245614035,1.3605235447391102
78,1,2005,2014,2015,2016,barley,38,0.9345257001174122,1.0195459594694707,-1.670408683169414,-0.9345257001174122,0.9384736842105265,0.9997013764646236
78,1,2005,2014,2015,2016,maize,38,1.3526216752905593,1.5184357816308898,0.1969344761520262,-1.2203464563269362,1.5505263157894733,1.912135482977908
78,1,2005,2014,2015,2016,wheat,38,0.9363346501400597,1.0180155255409318,-2.1948692026903895,-0.9363346501400597,0.9097894736842104,0.9473162090875463
78,2,2005,2016,2017,2018,ALL,114,0.9557145058481317,1.2353173529522594,0.25831450526391686,-0.9436712611349006,0.7088947368421055,0.9635267273853719
78,2,2005,2016,2017,2018,barley,38,0.6596838117900647,0.808611022935186,-0.662528630697663,-0.6355984120619924,0.5816315789473684,0.7006516515659585
78,2,2005,2016,2017,2018,maize,38,1.6349877016167893,1.846236790028048,-0.6398541002006048,-1.6345723704287882,1.1426842105263155,1.4097880766457884
78,2,2005,2016,2017,2018,wheat,38,0.5724720041375412,0.7180423498997629,-1.0823942793781103,-0.5608430009139213,0.4023684210526317,0.5538376163309584
78,3,2005,2018,2019,2020,ALL,114,0.7165720190081681,0.8606747840418129,0.6587763954254438,-0.6547662544250488,0.6385964912280702,0.8240232069632719
78,3,2005,2018,2019,2020,barley,38,0.848713153036017,0.9347929316625767,-1.0213894151458667,-0.848713153036017,0.6510526315789474,0.7400854858161924
78,3,2005,2018,2019,2020,maize,38,0.7730460136815122,0.9795923072141154,0.22390709921290441,-0.6551957662482012,0.9531578947368423,1.151337985951448
78,3,2005,2018,2019,2020,wheat,38,0.5279568903069748,0.6235738434354624,-0.38756295256552864,-0.4603898439909284,0.31157894736842096,0.4046443532678776
78,4,2005,2020,2021,2022,ALL,114,1.0814418909842507,1.5363577670643414,-0.15747869483589305,0.7399146531757556,1.4767719298245612,2.0633381911911752
78,4,2005,2020,2021,2022,barley,38,0.558702627985101,0.6784053392743349,0.5639345208567796,-0.08267278119137408,0.8475263157894738,0.9902519084077864
78,4,2005,2020,2021,2022,maize,38,2.1419656858946143,2.4608840597125154,-0.6055378239033826,2.0542730165782723,2.8119473684210528,3.289523833722987
78,4,2005,2020,2021,2022,wheat,38,0.5436573590730367,0.7516657538784844,0.46747328325110993,0.24814372414036798,0.7708421052631579,0.9851535814010772
79,1,2005,2014,2015,2016,ALL,114,1.0269227342438279,1.1580482349757268,0.320450710510922,-0.9832484069623444,1.1329298245614035,1.3605235447391102
79,1,2005,2014,2015,2016,barley,38,0.873838358929283,0.9693368155091534,-1.4138680754162705,-0.873838358929283,0.9384736842105265,0.9997013764646236
79,1,2005,2014,2015,2016,maize,38,1.3332886264198702,1.4734179110523764,0.24384641941698582,-1.20226564457542,1.5505263157894733,1.912135482977908
79,1,2005,2014,2015,2016,wheat,38,0.8736412173823305,0.9553287083929877,-1.8135195538901603,-0.8736412173823305,0.9097894736842104,0.9473162090875463
79,2,2005,2016,2017,2018,ALL,114,0.8867768731033593,1.172247264480162,0.3321158191337791,-0.8541914048111231,0.7088947368421055,0.9635267273853719
79,2,2005,2016,2017,2018,barley,38,0.5896633439314993,0.745660036037559,-0.41374653501850833,-0.5105744321722734,0.5816315789473684,0.7006516515659585
79,2,2005,2016,2017,2018,maize,38,1.556778003793014,1.764709757191866,-0.4982248015995139,-1.5556483293834489,1.1426842105263155,1.4097880766457884
79,2,2005,2016,2017,2018,wheat,38,0.513889271585565,0.6725187958503176,-0.8267187912919569,-0.49635145287764704,0.4023684210526317,0.5538376163309584
79,3,2005,2018,2019,2020,ALL,114,0.6922036611824705,0.8118717377758403,0.6963762396580817,-0.6358158318201701,0.6385964912280702,0.8240232069632719
79,3,2005,2018,2019,2020,barley,38,0.8307422459752934,0.9118678573542632,-0.9234591281492506,-0.8307422459752934,0.6510526315789474,0.7400854858161924
79,3,2005,2018,2019,2020,maize,38,0.7302060518766705,0.8908590409369986,0.35813903816143655,-0.6299291440060265,0.9531578947368423,1.151337985951448
79,3,2005,2018,2019,2020,wheat,38,0.5156626856954476,0.5935270303048076,-0.2570655383638836,-0.44677610547919033,0.31157894736842096,0.4046443532678776
79,4,2005,2020,2021,2022,ALL,114,1.1679011922133598,1.6520742884044126,-0.3384046280632025,0.7639398382421125,1.4767719298245612,2.0633381911911752
79,4,2005,2020,2021,2022,barley,38,0.654068654210944,0.7745044577200544,0.43164323165930696,-0.07750082969665523,0.8475263157894738,0.9902519084077864
79,4,2005,2020,2021,2022,maize,38,2.231465422981663,2.625580321710894,-0.827632416630109,2.132816516474673,2.8119473684210528,3.289523833722987
79,4,2005,2020,2021,2022,wheat,38,0.6181694994474712,0.8333781749224793,0.34539982324485474,0.23650382794831926,0.7708421052631579,0.9851535814010772
80,1,2005,2014,2015,2016,ALL,114,1.0789636060647796,1.209789410639514,0.2583701144210985,-1.0312150440717998,1.1329298245614035,1.3605235447391102
80,1,2005,2014,2015,2016,barley,38,0.9361673124212967,1.0193555657928164,-1.6694114128654824,-0.9361673124212967,0.9384736842105265,0.9997013764646236
80,1,2005,2014,2015,2016,maize,38,1.3583472284517788,1.5223594004547973,0.1927788918106479,-1.215101542472839,1.5505263157894733,1.912135482977908
80,1,2005,2014,2015,2016,wheat,38,0.9423762773212634,1.016910684682104,-2.187938254179187,-0.9423762773212634,0.9097894736842104,0.9473162090875463
80,2,2005,2016,2017,2018,ALL,114,0.8525759186661035,1.1448447792084346,0.3629758204444049,-0.8123742332793119,0.7088947368421055,0.9635267273853719
80,2,2005,2016,2017,2018,barley,38,0.579403439571983,0.7321977739036418,-0.36315935011573,-0.5035715263768247,0.5816315789473684,0.7006516515659585
80,2,2005,2016,2017,2018,maize,38,1.5059379396940533,1.7266313067071906,-0.4342657593008139,-1.488914479707417,1.1426842105263155,1.4097880766457884
80,2,2005,2016,2017,2018,wheat,38,0.4723863767322741,0.6439250391401166,-0.6746863057865913,-0.4446366937536943,0.4023684210526317,0.5538376163309584
80,3,2005,2018,2019,2020,ALL,114,0.6470842619109574,0.788440171341206,0.7136492036582943,-0.5778201213635896,0.6385964912280702,0.8240232069632719
80,3,2005,2018,2019,2020,barley,38,0.7418681797228361,0.8257259857631922,-0.577215555790418,-0.7412794825905247,0.6510526315789474,0.7400854858161924
80,3,2005,2018,2019,2020,maize,38,0.757825265181692,0.9510859531558072,0.26841883805774736,-0.6453584650943155,0.9531578947368423,1.151337985951448
80,3,2005,2018,2019,2020,wheat,38,0.4415593408283434,0.5277554523628957,0.006100725378796912,-0.3468224164059288,0.31157894736842096,0.4046443532678776
80,4,2005,2020,2021,2022,ALL,114,1.0857110040229663,1.5232045298591066,-0.13774446245506278,0.7182003757409883,1.4767719298245612,2.0633381911911752
80,4,2005,2020,2021,2022,barley,38,0.5816014942369963,0.7030923571361245,0.531620426474261,-0.07795162903635122,0.8475263157894738,0.9902519084077864
80,4,2005,2020,2021,2022,maize,38,2.090202678379259,2.417115984399594,-0.5489350801043393,1.9917512577458425,2.8119473684210528,3.289523833722987
80,4,2005,2020,2021,2022,wheat,38,0.5853288394526432,0.7897262656431377,0.4121790802558368,0.24080149851347268,0.7708421052631579,0.9851535814010772
81,1,2005,2014,2015,2016,ALL,114,1.0502583584032559,1.19713320606057,0.27380606142505604,-1.00919318366469,1.1329298245614035,1.3605235447391102
81,1,2005,2014,2015,2016,barley,38,0.8696895933151247,0.9631958570673391,-1.3833802029359092,-0.8696895933151247,0.9384736842105265,0.9997013764646236
81,1,2005,2014,2015,2016,maize,38,1.4136597992244517,1.577987257420642,0.1327084662490452,-1.2904642750087536,1.5505263157894733,1.912135482977908
81,1,2005,2014,2015,2016,wheat,38,0.8674256826701917,0.9389322102819629,-1.7177703475702835,-0.8674256826701917,0.9097894736842104,0.9473162090875463
81,2,2005,2016,2017,2018,ALL,114,0.8906044524176078,1.197485322751903,0.30304762976982647,-0.8643343774059362,0.7088947368421055,0.9635267273853719
81,2,2005,2016,2017,2018,barley,38,0.5483034056111387,0.6951289791304793,-0.2286285607461267,-0.4874232164182161,0.5816315789473684,0.7006516515659585
81,2,2005,2016,2017,2018,maize,38,1.63161183256852,1.849873966823314,-0.6463216502263676,-1.6255452532517285,1.1426842105263155,1.4097880766457884
81,2,2005,2016,2017,2018,wheat,38,0.49189811907316516,0.6298216444844391,-0.6021309346143426,-0.4800346625478645,0.4023684210526317,0.5538376163309584
81,3,2005,2018,2019,2020,ALL,114,0.6985093245589942,0.8434667916531278,0.672284573749629,-0.6399861387620892,0.6385964912280702,0.8240232069632719
81,3,2005,2018,2019,2020,barley,38,0.8143383763965806,0.8952423355431276,-0.8539600461613777,-0.8143383763965806,0.6510526315789474,0.7400854858161924
81,3,2005,2018,2019,2020,maize,38,0.7948374211160761,1.0019996803996336,0.1879960442438351,-0.712970297462062,0.9531578947368423,1.151337985951448
81,3,2005,2018,2019,2020,wheat,38,0.4863521761643259,0.5734513815443999,-0.1734649513691522,-0.3926497424276253,0.31157894736842096,0.4046443532678776
81,4,2005,2020,2021,2022,ALL,114,1.178995593723498,1.613318815921785,-0.27634676847476003,0.6922475137208638,1.4767719298245612,2.0633381911911752
81,4,2005,2020,2021,2022,barley,38,0.6944740134791323,0.8336015567993571,0.3415993865878494,-0.18886693854081,0.8475263157894738,0.9902519084077864
81,4,2005,2020,2021,2022,maize,38,2.189967439551102,2.5330886494828926,-0.7011359115299578,2.1346279455486092,2.8119473684210528,3.289523833722987
81,4,2005,2020,2021,2022,wheat,38,0.6525453281402589,0.8348431851458302,0.343096333909514,0.13098153415479152,0.7708421052631579,0.9851535814010772
82,1,2005,2014,2015,2016,ALL,114,1.0229868241360314,1.178783222966229,0.29589803392034875,-0.9694683317552534,1.1329298245614035,1.3605235447391102
82,1,2005,2014,2015,2016,barley,38,0.8669581634119939,0.9612728587222135,-1.3738729755330676,-0.8669581634119939,0.9384736842105265,0.9997013764646236
82,1,2005,2014,2015,2016,maize,38,1.3437146269647697,1.5352184170329173,0.17908447953334483,-1.1831591498224356,1.5505263157894733,1.912135482977908
82,1,2005,2014,2015,2016,wheat,38,0.8582876820313303,0.9421510299983313,-1.7364362480966156,-0.8582876820313303,0.9097894736842104,0.9473162090875463
82,2,2005,2016,2017,2018,ALL,114,0.8102581517738209,1.1145188772514547,0.3962772261622842,-0.7671359057175485,0.7088947368421055,0.9635267273853719
82,2,2005,2016,2017,2018,barley,38,0.5100632858276368,0.6448462711618831,-0.057309669951217,-0.42925878926327354,0.5816315789473684,0.7006516515659585
82,2,2005,2016,2017,2018,maize,38,1.4926166905854878,1.7329900114871317,-0.4448492183800159,-1.4734567993565613,1.1426842105263155,1.4097880766457884
82,2,2005,2016,2017,2018,wheat,38,0.42809447890833807,0.5544149077216227,-0.24145974548047766,-0.3986921285328113,0.4023684210526317,0.5538376163309584
82,3,2005,2018,2019,2020,ALL,114,0.6385332602785344,0.8032451345711071,0.7027943131284041,-0.5522279364602607,0.6385964912280702,0.8240232069632719
82,3,2005,2018,2019,2020,barley,38,0.6289455323470264,0.7225797528807661,-0.20778803772513021,-0.6289455323470264,0.6510526315789474,0.7400854858161924
82,3,2005,2018,2019,2020,maize,38,0.8813072144357782,1.085441594563919,0.04712507466806837,-0.7890903854370118,0.9531578947368423,1.151337985951448
82,3,2005,2018,2019,2020,wheat,38,0.40534703405279865,0.4850806985994962,0.16033721564263448,-0.238647891596744,0.31157894736842096,0.4046443532678776
82,4,2005,2020,2021,2022,ALL,114,1.0777279957553796,1.5409345358550737,-0.16438516291798377,0.708523158023232,1.4767719298245612,2.0633381911911752
82,4,2005,2020,2021,2022,barley,38,0.6101076673206529,0.7407625238384354,0.48008637579604274,-0.05444565271076399,0.8475263157894738,0.9902519084077864
82,4,2005,2020,2021,2022,maize,38,2.0116734007785193,2.429044487061768,-0.564260837896708,1.9230797049873751,2.8119473684210528,3.289523833722987
82,4,2005,2020,2021,2022,wheat,38,0.6114029191669665,0.821249958614317,0.36431407700079754,0.2569354217930844,0.7708421052631579,0.9851535814010772
83,1,2005,2014,2015,2016,ALL,114,1.0660764816351105,1.1932880261395766,0.2784636247487079,-1.0226291330237138,1.1329298245614035,1.3605235447391102
83,1,2005,2014,2015,2016,barley,38,0.9088793460946333,0.9913979575692938,-1.5249928666368509,-0.9088793460946333,0.9384736842105265,0.9997013764646236
83,1,2005,2014,2015,2016,maize,38,1.3993941615757188,1.540162415852846,0.1737886330776779,-1.2690521157415287,1.5505263157894733,1.912135482977908
83,1,2005,2014,2015,2016,wheat,38,0.8899559372349788,0.9575169776594139,-1.826423572385718,-0.8899559372349788,0.9097894736842104,0.9473162090875463
83,2,2005,2016,2017,2018,ALL,114,0.8273828784206458,1.1300060664535159,0.3793821660480481,-0.7783809012697455,0.7088947368421055,0.9635267273853719
83,2,2005,2016,2017,2018,barley,38,0.5342255908564518,0.6612477905104917,-0.1117785384954273,-0.42449876233151085,0.5816315789473684,0.7006516515659585
83,2,2005,2016,2017,2018,maize,38,1.5102827794928302,1.7517572561376713,-0.4763123690461186,-1.4949350507635821,1.1426842105263155,1.4097880766457884
83,2,2005,2016,2017,2018,wheat,38,0.4376402649126553,0.5699464937862615,-0.3119914823600065,-0.4157088907141434,0.4023684210526317,0.5538376163309584
83,3,2005,2018,2019,2020,ALL,114,0.6386180889397336,0.7654487371118907,0.7301060622919525,-0.5728144229085822,0.6385964912280702,0.8240232069632719
83,3,2005,2018,2019,2020,barley,38,0.7321812790318538,0.8106178913608048,-0.5200277527047572,-0.7321812790318538,0.6510526315789474,0.7400854858161924
83,3,2005,2018,2019,2020,maize,38,0.7418450445877879,0.9141363407632925,0.3241583887429136,-0.6384300713790092,0.9531578947368423,1.151337985951448
83,3,2005,2018,2019,2020,wheat,38,0.4418279431995593,0.514770523767848,0.05440698005613531,-0.34783191831488364,0.31157894736842096,0.4046443532678776
83,4,2005,2020,2021,2022,ALL,114,1.162443297034816,1.6302410368985756,-0.3032625852630615,0.6505687002550092,1.4767719298245612,2.0633381911911752
83,4,2005,2020,2021,2022,barley,38,0.6988956998523912,0.8358763167137286,0.3380011523899653,-0.13409299298336627,0.8475263157894738,0.9902519084077864
83,4,2005,2020,2021,2022,maize,38,2.1353633388720055,2.556378976953672,-0.7325617002336366,1.9047649544163752,2.8119473684210528,3.289523833722987
83,4,2005,2020,2021,2022,wheat,38,0.6530708523800499,0.8598225540835847,0.3031977589146585,0.18103413933201837,0.7708421052631579,0.9851535814010772
84,1,2005,2014,2015,2016,ALL,114,1.06088609226963,1.197753475196969,0.27305334255183833,-1.0044492855406644,1.1329298245614035,1.3605235447391102
84,1,2005,2014,2015,2016,barley,38,0.940561536236813,1.0234738860499142,-1.691024477011554,-0.940561536236813,0.9384736842105265,0.9997013764646236
84,1,2005,2014,2015,2016,maize,38,1.3233223214902374,1.512493096476922,0.20320807276632624,-1.1540119013033412,1.5505263157894733,1.912135482977908
84,1,2005,2014,2015,2016,wheat,38,0.9187744190818385,0.984228631834488,-1.9863194972736413,-0.9187744190818385,0.9097894736842104,0.9473162090875463
84,2,2005,2016,2017,2018,ALL,114,0.8016714864864684,1.1236645892265378,0.38632830694408093,-0.7457606950559116,0.7088947368421055,0.9635267273853719
84,2,2005,2016,2017,2018,barley,38,0.47789659776185694,0.6348922714966652,-0.024919838330181188,-0.4036989309913233,0.5816315789473684,0.7006516515659585
84,2,2005,2016,2017,2018,maize,38,1.504492420397307,1.7541282364315054,-0.48031141210105344,-1.4703376067312142,1.1426842105263155,1.4097880766457884
84,2,2005,2016,2017,2018,wheat,38,0.42262544130024166,0.5548083101328198,-0.24322220362442448,-0.36324554744519694,0.4023684210526317,0.5538376163309584
84,3,2005,2018,2019,2020,ALL,114,0.6365911377521983,0.7772712094444281,0.7217045724037607,-0.5608421022013613,0.6385964912280702,0.8240232069632719
84,3,2005,2018,2019,2020,barley,38,0.6857029887249594,0.7642000175628735,-0.3509312070206756,-0.6857029887249594,0.6510526315789474,0.7400854858161924
84,3,2005,2018,2019,2020,maize,38,0.8096602183894108,0.9921834888475273,0.20382787177261863,-0.7013795154973081,0.9531578947368423,1.151337985951448
84,3,2005,2018,2019,2020,wheat,38,0.4144102061422248,0.4939856847205842,0.12922561882172645,-0.2954438023818167,0.31157894736842096,0.4046443532678776
84,4,2005,2020,2021,2022,ALL,114,1.161212806367038,1.6086122545472132,-0.2689106165077364,0.6871174276920787,1.4767719298245612,2.0633381911911752
84,4,2005,2020,2021,2022,barley,38,0.7040019622601961,0.8304535427392227,0.3465627669556387,-0.11020194555583748,0.8475263157894738,0.9902519084077864
84,4,2005,2020,2021,2022,maize,38,2.115873860810932,2.510899064967464,-0.6714629136505785,1.9534525128414755,2.8119473684210528,3.289523833722987
84,4,2005,2020,2021,2022,wheat,38,0.6637625960299843,0.8767171467102678,0.27554590118438993,0.218101715790598,0.7708421052631579,0.9851535814010772
85,1,2005,2014,2015,2016,ALL,114,1.0529541405460292,1.2006551910322822,0.2695268276018675,-1.0153082604993855,1.1329298245614035,1.3605235447391102
85,1,2005,2014,2015,2016,barley,38,0.887178342718827,0.9802131455426306,-1.4683410213144654,-0.887178342718827,0.9384736842105265,0.9997013764646236
85,1,2005,2014,2015,2016,maize,38,1.4250708449514287,1.5836318705005255,0.126492597273006,-1.3121332048114975,1.5505263157894733,1.912135482977908
85,1,2005,2014,2015,2016,wheat,38,0.8466132339678313,0.9252085988028469,-1.6389040580678578,-0.8466132339678313,0.9097894736842104,0.9473162090875463
85,2,2005,2016,2017,2018,ALL,114,0.8763972766775834,1.1838571840032883,0.31882087704897544,-0.849087116090875,0.7088947368421055,0.9635267273853719
85,2,2005,2016,2017,2018,barley,38,0.5490887815073918,0.7004643981242882,-0.24756146544578628,-0.4851059133128116,0.5816315789473684,0.7006516515659585
85,2,2005,2016,2017,2018,maize,38,1.6090477225655004,1.8252701758270553,-0.6028198915787619,-1.6054930210113527,1.1426842105263155,1.4097880766457884
85,2,2005,2016,2017,2018,wheat,38,0.47105532595985816,0.6182975889854624,-0.5440378737254896,-0.4566624139484607,0.4023684210526317,0.5538376163309584
85,3,2005,2018,2019,2020,ALL,114,0.6819753381662202,0.8250683871103933,0.6864254538319681,-0.6142257746478967,0.6385964912280702,0.8240232069632719
85,3,2005,2018,2019,2020,barley,38,0.7969027817876714,0.8825945149709733,-0.8019452684002257,-0.7969027817876714,0.6510526315789474,0.7400854858161924
85,3,2005,2018,2019,2020,maize,38,0.7794496526216207,0.9785866944259903,0.22549969717478213,-0.6796522170618962,0.9531578947368423,1.151337985951448
85,3,2005,2018,2019,2020,wheat,38,0.4695735800893683,0.5528187169971759,-0.09054199302454125,-0.3661223250941227,0.31157894736842096,0.4046443532678776
85,4,2005,2020,2021,2022,ALL,114,1.1812333607255368,1.636958680656715,-0.3140252778864878,0.7769687276137502,1.4767719298245612,2.0633381911911752
85,4,2005,2020,2021,2022,barley,38,0.6652630951530054,0.8095531652890442,0.37903954569434906,-0.0783472909425434,0.8475263157894738,0.9902519084077864
85,4,2005,2020,2021,2022,maize,38,2.258555417311819,2.588350406456507,-0.7761693644900036,2.21750410079956,2.8119473684210528,3.289523833722987
85,4,2005,2020,2021,2022,wheat,38,0.6198815697117857,0.8270229818445461,0.3553454841874041,0.1917493729842336,0.7708421052631579,0.9851535814010772
86,1,2005,2014,2015,2016,ALL,114,1.0060527932016474,1.1641068411829238,0.3133216613546598,-0.954062547181782,1.1329298245614035,1.3605235447391102
86,1,2005,2014,2015,2016,barley,38,0.8606676711534201,0.9526373494285547,-1.3314135972617782,-0.8606676711534201,0.9384736842105265,0.9997013764646236
86,1,2005,2014,2015,2016,maize,38,1.3284516655771355,1.5245298647071959,0.19047550205324326,-1.1724809275175394,1.5505263157894733,1.912135482977908
86,1,2005,2014,2015,2016,wheat,38,0.8290390428743865,0.9130854205145615,-1.570201050936804,-0.8290390428743865,0.9097894736842104,0.9473162090875463
86,2,2005,2016,2017,2018,ALL,114,0.8186645015917327,1.1185907209028678,0.3918578208512843,-0.7811025288230494,0.7088947368421055,0.9635267273853719
86,2,2005,2016,2017,2018,barley,38,0.5167544134039629,0.652389588408124,-0.0821908593365892,-0.4544811158431204,0.5816315789473684,0.7006516515659585
86,2,2005,2016,2017,2018,maize,38,1.50778107843901,1.7380645040548945,-0.4533231404094562,-1.4884417458584436,1.1426842105263155,1.4097880766457884
86,2,2005,2016,2017,2018,wheat,38,0.4314580129322253,0.5543060592768982,-0.24097232100667432,-0.40038472476758463,0.4023684210526317,0.5538376163309584
86,3,2005,2018,2019,2020,ALL,114,0.6613176211139612,0.8277193370444652,0.6844071826824378,-0.5562377416878416,0.6385964912280702,0.8240232069632719
86,3,2005,2018,2019,2020,barley,38,0.6545886288191142,0.756490635773846,-0.32381183818386283,-0.6495306614825599,0.6510526315789474,0.7400854858161924
86,3,2005,2018,2019,2020,maize,38,0.9079694512015896,1.1110917246158671,0.0015580842165079378,-0.8075462045167623,0.9531578947368423,1.151337985951448
86,3,2005,2018,2019,2020,wheat,38,0.4213947833211799,0.4985529061479908,0.11304942339220836,-0.21163635906420267,0.31157894736842096,0.4046443532678776
86,4,2005,2020,2021,2022,ALL,114,1.0678865288851553,1.5511953272829107,-0.1799436323199508,0.7728111886141593,1.4767719298245612,2.0633381911911752
86,4,2005,2020,2021,2022,barley,38,0.5641165115958766,0.7058807944041611,0.5278979086248073,0.02108055968033644,0.8475263157894738,0.9902519084077864
86,4,2005,2020,2021,2022,maize,38,2.0495816486760186,2.462471188568875,-0.6076094510652268,1.9887201796079932,2.8119473684210528,3.289523833722987
86,4,2005,2020,2021,2022,wheat,38,0.5899614263835706,0.8103016596999854,0.38115009329610183,0.3086328265541478,0.7708421052631579,0.9851535814010772
87,1,2005,2014,2015,2016,ALL,114,1.0620193712334884,1.1869245510959947,0.2861386136424502,-1.0242195438920405,1.1329298245614035,1.3605235447391102
87,1,2005,2014,2015,2016,barley,38,0.9218329976734361,1.0023105403771733,-1.5808853399461462,-0.9218329976734361,0.9384736842105265,0.9997013764646236
87,1,2005,2014,2015,2016,maize,38,1.3933104974345156,1.5284070975049902,0.18635264917040884,-1.279911015410172,1.5505263157894733,1.912135482977908
87,1,2005,2014,2015,2016,wheat,38,0.8709146185925131,0.9411243249053097,-1.7304754581260462,-0.8709146185925131,0.9097894736842104,0.9473162090875463
87,2,2005,2016,2017,2018,ALL,114,0.8090610494111714,1.1090876906300735,0.40214691900157684,-0.7601777515076754,0.7088947368421055,0.9635267273853719
87,2,2005,2016,2017,2018,barley,38,0.532259716736643,0.6601979701661234,-0.10825114308774753,-0.4258745128230045,0.5816315789473684,0.7006516515659585
87,2,2005,2016,2017,2018,maize,38,1.4776415568903873,1.715742365942034,-0.4162325071569153,-1.4671531752536173,1.1426842105263155,1.4097880766457884
87,2,2005,2016,2017,2018,wheat,38,0.41728187460648386,0.5573089721344984,-0.25445449672456677,-0.38750556644640477,0.4023684210526317,0.5538376163309584
87,3,2005,2018,2019,2020,ALL,114,0.63825372846503,0.7605049603880805,0.7335811127283163,-0.5745471320235938,0.6385964912280702,0.8240232069632719
87,3,2005,2018,2019,2020,barley,38,0.7370761379442715,0.8138165688557081,-0.5320474019995485,-0.7370761379442715,0.6510526315789474,0.7400854858161924
87,3,2005,2018,2019,2020,maize,38,0.7427637767791749,0.9046455479123329,0.33811905336922443,-0.6442981925763583,0.9531578947368423,1.151337985951448
87,3,2005,2018,2019,2020,wheat,38,0.43492127067164377,0.5044030226147986,0.09211199792929214,-0.3422670655501517,0.31157894736842096,0.4046443532678776
87,4,2005,2020,2021,2022,ALL,114,1.155337005414461,1.644778348447783,-0.3266093258703786,0.7181182342663146,1.4767719298245612,2.0633381911911752
87,4,2005,2020,2021,2022,barley,38,0.6703432820972643,0.8152826210488068,0.3702189881260324,-0.04642640615764413,0.8475263157894738,0.9902519084077864
87,4,2005,2020,2021,2022,maize,38,2.1730182140751886,2.59616401135729,-0.7869092034337668,1.9809271295447097,2.8119473684210528,3.289523833722987
87,4,2005,2020,2021,2022,wheat,38,0.6226495200709293,0.8432876855005422,0.3297398649905591,0.21985397941187806,0.7708421052631579,0.9851535814010772
88,1,2005,2014,2015,2016,ALL,114,1.0423747929355556,1.1782198222152571,0.2965709257110244,-0.9865581462257788,1.1329298245614035,1.3605235447391102
88,1,2005,2014,2015,2016,barley,38,0.9347925093299463,1.0152464883563586,-1.6479337055320347,-0.9347925093299463,0.9384736842105265,0.9997013764646236
88,1,2005,2014,2015,2016,maize,38,1.3085476732254027,1.4924847430276211,0.2241497155601231,-1.1410977330960723,1.5505263157894733,1.912135482977908
88,1,2005,2014,2015,2016,wheat,38,0.8837841962513169,0.9520345099274053,-1.79414965096744,-0.8837841962513169,0.9097894736842104,0.9473162090875463
88,2,2005,2016,2017,2018,ALL,114,0.795804600297359,1.1128495068772892,0.3980844313060483,-0.7429709655360173,0.7088947368421055,0.9635267273853719
88,2,2005,2016,2017,2018,barley,38,0.4787778839312103,0.6361696497424875,-0.029048183889945456,-0.41669732997291964,0.5816315789473684,0.7006516515659585
88,2,2005,2016,2017,2018,maize,38,1.4932301541378625,1.7346237872421455,-0.4475747647656081,-1.4608260355497664,1.1426842105263155,1.4097880766457884
88,2,2005,2016,2017,2018,wheat,38,0.41540576282300457,0.5492454536464678,-0.21841653592730248,-0.35138953108536575,0.4023684210526317,0.5538376163309584
88,3,2005,2018,2019,2020,ALL,114,0.6331444317834418,0.7703878939304816,0.7266117739049636,-0.5465388822555541,0.6385964912280702,0.8240232069632719
88,3,2005,2018,2019,2020,barley,38,0.6954253846720644,0.7742547898364488,-0.38671415603370285,-0.6954253846720644,0.6510526315789474,0.7400854858161924
88,3,2005,2018,2019,2020,maize,38,0.8070228069706967,0.9802429063451987,0.22287586808336013,-0.6793003237874885,0.9531578947368423,1.151337985951448
88,3,2005,2018,2019,2020,wheat,38,0.39698510370756457,0.46919706554832913,0.21442529569299795,-0.2648909383071097,0.31157894736842096,0.4046443532678776
88,4,2005,2020,2021,2022,ALL,114,1.1474955470101877,1.6178391454464256,-0.28350913547315404,0.7634847682819033,1.4767719298245612,2.0633381911911752
88,4,2005,2020,2021,2022,barley,38,0.6462615876448782,0.7798402913207303,0.42378503631345776,-0.03088200418572673,0.8475263157894738,0.9902519084077864
88,4,2005,2020,2021,2022,maize,38,2.1689821408924304,2.5505373693122064,-0.724652558419757,2.0466873404854216,2.8119473684210528,3.289523833722987
88,4,2005,2020,2021,2022,wheat,38,0.6272429124932541,0.8595456645177346,0.3036464705777915,0.27464896854601406,0.7708421052631579,0.9851535814010772
89,1,2005,2014,2015,2016,ALL,114,1.0624518123425937,1.2077630727979252,0.26085242107119,-1.0155482476217705,1.1329298245614035,1.3605235447391102
89,1,2005,2014,2015,2016,barley,38,0.8774680872967371,0.971609346786543,-1.4251995772709187,-0.8774680872967371,0.9384736842105265,0.9997013764646236
89,1,2005,2014,2015,2016,maize,38,1.427332376931843,1.5847755907150656,0.12523042409294172,-1.2866216827693737,1.5505263157894733,1.912135482977908
89,1,2005,2014,2015,2016,wheat,38,0.8825549727992006,0.9594459465512386,-1.8378230045197954,-0.8825549727992006,0.9097894736842104,0.9473162090875463
89,2,2005,2016,2017,2018,ALL,114,0.8848301845684385,1.19052279262568,0.31112863870406726,-0.861712841736643,0.7088947368421055,0.9635267273853719
89,2,2005,2016,2017,2018,barley,38,0.5494154443238912,0.7156074395477818,-0.3020855289071438,-0.5006084728240967,0.5816315789473684,0.7006516515659585
89,2,2005,2016,2017,2018,maize,38,1.6009366848594264,1.823487556306061,-0.5996906860089333,-1.592336494044254,1.1426842105263155,1.4097880766457884
89,2,2005,2016,2017,2018,wheat,38,0.5041384245219983,0.6440750606447684,-0.6754667327336357,-0.49219355834157846,0.4023684210526317,0.5538376163309584
89,3,2005,2018,2019,2020,ALL,114,0.7252728734100073,0.8624422763984989,0.6573734743653977,-0.677811470115394,0.6385964912280702,0.8240232069632719
89,3,2005,2018,2019,2020,barley,38,0.8544796765478032,0.9318034074034579,-1.008481038196222,-0.8544796765478032,0.6510526315789474,0.7400854858161924
89,3,2005,2018,2019,2020,maize,38,0.8135892029812463,1.0033514581774066,0.18580364971026653,-0.7330625589270342,0.9531578947368423,1.151337985951448
89,3,2005,2018,2019,2020,wheat,38,0.5077497407009727,0.5970329150749161,-0.27196003467117613,-0.4458921748713444,0.31157894736842096,0.4046443532678776
89,4,2005,2020,2021,2022,ALL,114,1.1660033622540924,1.625051108910373,-0.2949778318330216,0.6654341153931199,1.4767719298245612,2.0633381911911752
89,4,2005,2020,2021,2022,barley,38,0.6870327312067934,0.8254136315153922,0.3544699460621311,-0.21363010858234593,0.8475263157894738,0.9902519084077864
89,4,2005,2020,2021,2022,maize,38,2.17233642327158,2.561202944641284,-0.7391066667433466,2.0851933213284135,2.8119473684210528,3.289523833722987
89,4,2005,2020,2021,2022,wheat,38,0.6386409322839035,0.8254120988826651,0.3578543663702086,0.12473913343329174,0.7708421052631579,0.9851535814010772
90,1,2005,2014,2015,2016,ALL,114,1.0419394928948922,1.1858083288313654,0.28748065900020714,-0.9920465440080877,1.1329298245614035,1.3605235447391102
90,1,2005,2014,2015,2016,barley,38,0.9184415310307552,1.0054125589822258,-1.596885058005793,-0.9184415310307552,0.9384736842105265,0.9997013764646236
90,1,2005,2014,2015,2016,maize,38,1.3403427482906138,1.525948426665053,0.18896828995696857,-1.1906639016302005,1.5505263157894733,1.912135482977908
90,1,2005,2014,2015,2016,wheat,38,0.867034199363307,0.9375772840554368,-1.7099322494560916,-0.867034199363307,0.9097894736842104,0.9473162090875463
90,2,2005,2016,2017,2018,ALL,114,0.7927271321781894,1.0898444047908284,0.4227131045817528,-0.7488892863926134,0.7088947368421055,0.9635267273853719
90,2,2005,2016,2017,2018,barley,38,0.4903122558091817,0.6109891568785218,0.05080197830808397,-0.42244164291181063,0.5816315789473684,0.7006516515659585
90,2,2005,2016,2017,2018,maize,38,1.4679986045235083,1.7048284418459854,-0.39827235869694366,-1.4515986467662614,1.1426842105263155,1.4097880766457884
90,2,2005,2016,2017,2018,wheat,38,0.4198705362018787,0.5324797780305736,-0.14516767727471147,-0.3726275694997688,0.4023684210526317,0.5538376163309584
90,3,2005,2018,2019,2020,ALL,114,0.6403798509062383,0.7765687399197305,0.7222073717205401,-0.5529152616701628,0.6385964912280702,0.8240232069632719
90,3,2005,2018,2019,2020,barley,38,0.7029431993082949,0.7835206196395554,-0.420103532599843,-0.7029431993082949,0.6510526315789474,0.7400854858161924
90,3,2005,2018,2019,2020,maize,38,0.7705614647112397,0.9530216926221285,0.2654378421455038,-0.621575948313663,0.9531578947368423,1.151337985951448
90,3,2005,2018,2019,2020,wheat,38,0.44763488869918033,0.5357444497639278,-0.024217700573125,-0.3342266373885306,0.31157894736842096,0.4046443532678776
90,4,2005,2020,2021,2022,ALL,114,1.0636939283002886,1.5318383561627287,-0.1506789403696558,0.704493390468129,1.4767719298245612,2.0633381911911752
90,4,2005,2020,2021,2022,barley,38,0.5952999285647743,0.7242954248208514,0.5029447370882723,-0.06380612925479283,0.8475263157894738,0.9902519084077864
90,4,2005,2020,2021,2022,maize,38,2.015682506059345,2.4267176614526322,-0.5612654058250583,1.9348771582151711,2.8119473684210528,3.289523833722987
90,4,2005,2020,2021,2022,wheat,38,0.5800993502767463,0.7912166437907134,0.40995830538697453,0.24240914244400824,0.7708421052631579,0.9851535814010772
91,1,2005,2014,2015,2016,ALL,114,1.0386568747905263,1.1675811048303213,0.3092167775853436,-0.9863297558667368,1.1329298245614035,1.3605235447391102
91,1,2005,2014,2015,2016,barley,38,0.8913099986628481,0.9783329029996183,-1.4588805716849897,-0.8913099986628481,0.9384736842105265,0.9997013764646236
91,1,2005,2014,2015,2016,maize,38,1.3561852738731783,1.5026629996478182,0.21353154323292867,-1.1992039171018096,1.5505263157894733,1.912135482977908
91,1,2005,2014,2015,2016,wheat,38,0.868475351835552,0.9352034802480906,-1.6962273440526454,-0.868475351835552,0.9097894736842104,0.9473162090875463
91,2,2005,2016,2017,2018,ALL,114,0.8140373911773949,1.120460400663563,0.38982315105867194,-0.7710191106796265,0.7088947368421055,0.9635267273853719
91,2,2005,2016,2017,2018,barley,38,0.5098388021870663,0.6370906245727843,-0.032029820890406846,-0.4230028175052844,0.5816315789473684,0.7006516515659585
91,2,2005,2016,2017,2018,maize,38,1.5179882420991597,1.7505415993389415,-0.4742640641943019,-1.50142869447407,1.1426842105263155,1.4097880766457884
91,2,2005,2016,2017,2018,wheat,38,0.4142851292459589,0.5440718458354343,-0.1955709360314173,-0.3886258200595254,0.4023684210526317,0.5538376163309584
91,3,2005,2018,2019,2020,ALL,114,0.6533063466088813,0.7782138937730687,0.7210291226440325,-0.5889958605013396,0.6385964912280702,0.8240232069632719
91,3,2005,2018,2019,2020,barley,38,0.7482342717522068,0.8237865465344477,-0.5698152282396631,-0.7482342717522068,0.6510526315789474,0.7400854858161924
91,3,2005,2018,2019,2020,maize,38,0.7550763677295886,0.9235358887992501,0.3101883373745026,-0.6411466754110237,0.9531578947368423,1.151337985951448
91,3,2005,2018,2019,2020,wheat,38,0.45660840034484873,0.5341420983530045,-0.018100222656998177,-0.3776066343407882,0.31157894736842096,0.4046443532678776
91,4,2005,2020,2021,2022,ALL,114,1.1666120167782434,1.6370562650736062,-0.31418194917464337,0.6520028632983828,1.4767719298245612,2.0633381911911752
91,4,2005,2020,2021,2022,barley,38,0.7086676381763659,0.8412306765554729,0.32949287741127575,-0.16047523849888848,0.8475263157894738,0.9902519084077864
91,4,2005,2020,2021,2022,maize,38,2.148739247071115,2.5730498909296933,-0.7552324903931691,1.9648134216509365,2.8119473684210528,3.289523833722987
91,4,2005,2020,2021,2022,wheat,38,0.6424291650872482,0.8435667446378805,0.32929618920562986,0.15167040674309976,0.7708421052631579,0.9851535814010772
92,1,2005,2014,2015,2016,ALL,114,1.0842513767878215,1.2179672268318877,0.24830983229903725,-1.0385479964708026,1.1329298245614035,1.3605235447391102
92,1,2005,2014,2015,2016,barley,38,0.9557854220741673,1.0395209111368977,-1.7760710425543826,-0.9557854220741673,0.9384736842105265,0.9997013764646236
92,1,2005,2014,2015,2016,maize,38,1.3528061111349805,1.5330828386795528,0.18136677375725752,-1.2156959701839245,1.5505263157894733,1.912135482977908
92,1,2005,2014,2015,2016,wheat,38,0.9441625971543162,1.0096463648055374,-2.1425547449864855,-0.9441625971543162,0.9097894736842104,0.9473162090875463
92,2,2005,2016,2017,2018,ALL,114,0.7872040989524439,1.09699236939199,0.415115766328674,-0.7447987576534874,0.7088947368421055,0.9635267273853719
92,2,2005,2016,2017,2018,barley,38,0.47065996019463796,0.6072530383278869,0.06237492904755926,-0.4012343542199385,0.5816315789473684,0.7006516515659585
92,2,2005,2016,2017,2018,maize,38,1.4812651553906893,1.717944079826917,-0.4198695793672811,-1.459277469233463,1.1426842105263155,1.4097880766457884
92,2,2005,2016,2017,2018,wheat,38,0.4096871812720049,0.5385987945975683,-0.17163840025693688,-0.37388444950706085,0.4023684210526317,0.5538376163309584
92,3,2005,2018,2019,2020,ALL,114,0.6606281878655417,0.7942902483830542,0.7093841014508081,-0.592609951537952,0.6385964912280702,0.8240232069632719
92,3,2005,2018,2019,2020,barley,38,0.7185122085872448,0.7990247405453111,-0.47686092845667005,-0.7185122085872448,0.6510526315789474,0.7400854858161924
92,3,2005,2018,2019,2020,maize,38,0.7946361024756181,0.9786723711107014,0.22536407398791303,-0.6845656600751376,0.9531578947368423,1.151337985951448
92,3,2005,2018,2019,2020,wheat,38,0.46873625253376217,0.5444730021316917,-0.05786345937979798,-0.3747519859514739,0.31157894736842096,0.4046443532678776
92,4,2005,2020,2021,2022,ALL,114,1.1498500059362045,1.5951705192869376,-0.24779291316363317,0.6796780109405518,1.4767719298245612,2.0633381911911752
92,4,2005,2020,2021,2022,barley,38,0.6877992348921925,0.8071682032716465,0.3826928835599076,-0.13414553290919248,0.8475263157894738,0.9902519084077864
92,4,2005,2020,2021,2022,maize,38,2.118523205706947,2.505232056876176,-0.6639265655838493,1.9794691873851569,2.8119473684210528,3.289523833722987
92,4,2005,2020,2021,2022,wheat,38,0.6432275772094728,0.8402373412516603,0.33458003152425286,0.19371037834569024,0.7708421052631579,0.9851535814010772
93,1,2005,2014,2015,2016,ALL,114,1.0416231699993737,1.1884919014112625,0.2842520411384546,-0.9956993383273745,1.1329298245614035,1.3605235447391102
93,1,2005,2014,2015,2016,barley,38,0.8705148164849534,0.968415802769225,-1.4092831942291557,-0.8705148164849534,0.9384736842105265,0.9997013764646236
93,1,2005,2014,2015,2016,maize,38,1.409729682269849,1.5616720174095267,0.15055007904440643,-1.2719581872538515,1.5505263157894733,1.912135482977908
93,1,2005,2014,2015,2016,wheat,38,0.8446250112433183,0.9278417656838753,-1.6539462071102862,-0.8446250112433183,0.9097894736842104,0.9473162090875463
93,2,2005,2016,2017,2018,ALL,114,0.8854679394604867,1.1889352861682707,0.31296456930044947,-0.86399553859443,0.7088947368421055,0.9635267273853719
93,2,2005,2016,2017,2018,barley,38,0.565746693611145,0.7268567549837249,-0.34334474335127263,-0.5170093182513589,0.5816315789473684,0.7006516515659585
93,2,2005,2016,2017,2018,maize,38,1.59213563868874,1.81647631528168,-0.5874128344510194,-1.5883055009339988,1.1426842105263155,1.4097880766457884
93,2,2005,2016,2017,2018,wheat,38,0.4985214860815751,0.6424907764655495,-0.6672343046893217,-0.4866717965979326,0.4023684210526317,0.5538376163309584
93,3,2005,2018,2019,2020,ALL,114,0.7227046683796664,0.8555717215451041,0.6628107258091551,-0.6674880564840218,0.6385964912280702,0.8240232069632719
93,3,2005,2018,2019,2020,barley,38,0.8514160417255601,0.931391050375758,-1.0067037791571143,-0.8514160417255601,0.6510526315789474,0.7400854858161924
93,3,2005,2018,2019,2020,maize,38,0.8124025686163653,0.9867506719879906,0.21252306804570098,-0.7122513148659155,0.9531578947368423,1.151337985951448
93,3,2005,2018,2019,2020,wheat,38,0.5042953947970743,0.5956867756918488,-0.26623068491107116,-0.43879681286058936,0.31157894736842096,0.4046443532678776
93,4,2005,2020,2021,2022,ALL,114,1.149191649754842,1.6405482244181369,-0.31979441887991844,0.7526928893306799,1.4767719298245612,2.0633381911911752
93,4,2005,2020,2021,2022,barley,38,0.6208675419656853,0.7727223070741089,0.43425582355058323,-0.09985638618469235,0.8475263157894738,0.9902519084077864
93,4,2005,2020,2021,2022,maize,38,2.2313091584255815,2.6142013121218053,-0.8118251824724294,2.1762183726461304,2.8119473684210528,3.289523833722987
93,4,2005,2020,2021,2022,wheat,38,0.595398248873259,0.8019022170908389,0.393913373420104,0.18171668153060105,0.7708421052631579,0.9851535814010772
94,1,2005,2014,2015,2016,ALL,114,1.0279783011319346,1.1718361822380543,0.30417268761177074,-0.9793973069441946,1.1329298245614035,1.3605235447391102
94,1,2005,2014,2015,2016,barley,38,0.9179301169044092,1.0050625390493388,-1.5950772363217447,-0.9179301169044092,0.9384736842105265,0.9997013764646236
94,1,2005,2014,2015,2016,maize,38,1.3304207708961084,1.5092653722779341,0.20660521937134346,-1.1846777883328887,1.5505263157894733,1.912135482977908
94,1,2005,2014,2015,2016,wheat,38,0.8355840155952855,0.9119031980694122,-1.5635497952856676,-0.8355840155952855,0.9097894736842104,0.9473162090875463
94,2,2005,2016,2017,2018,ALL,114,0.7955904375879388,1.0908353549113627,0.4216628214543793,-0.7486005907727961,0.7088947368421055,0.9635267273853719
94,2,2005,2016,2017,2018,barley,38,0.498942995824312,0.6183128083742259,0.02791038276067892,-0.4275218032535754,0.5816315789473684,0.7006516515659585
94,2,2005,2016,2017,2018,maize,38,1.4783747191178171,1.7049134232019811,-0.3984117628032928,-1.4663387499357527,1.1426842105263155,1.4097880766457884
94,2,2005,2016,2017,2018,wheat,38,0.4094535978216875,0.5298346958815333,-0.133818742336687,-0.3519412191290605,0.4023684210526317,0.5538376163309584
94,3,2005,2018,2019,2020,ALL,114,0.6574771861862718,0.7881893926710001,0.713831333524684,-0.5607509259173744,0.6385964912280702,0.8240232069632719
94,3,2005,2018,2019,2020,barley,38,0.733376427449678,0.8138191911949693,-0.5320572753658053,-0.733376427449678,0.6510526315789474,0.7400854858161924
94,3,2005,2018,2019,2020,maize,38,0.7717178952066523,0.9406345857898323,0.2844090077100455,-0.5994953009956763,0.9531578947368423,1.151337985951448
94,3,2005,2018,2019,2020,wheat,38,0.4673372359024851,0.5627010362670364,-0.129880064191912,-0.34938104930676916,0.31157894736842096,0.4046443532678776
94,4,2005,2020,2021,2022,ALL,114,1.0549587152715316,1.5311246374810217,-0.14960693465718777,0.7430741594548811,1.4767719298245612,2.0633381911911752
94,4,2005,2020,2021,2022,barley,38,0.5724176271338212,0.7112215187914506,0.5207269937655012,-0.015675905629208176,0.8475263157894738,0.9902519084077864
94,4,2005,2020,2021,2022,maize,38,2.0237709943871742,2.4300969528726837,-0.5656166695616784,1.966614962628013,2.8119473684210528,3.289523833722987
94,4,2005,2020,2021,2022,wheat,38,0.5686875242935985,0.7885560965150481,0.4139197853979222,0.2782834213658383,0.7708421052631579,0.9851535814010772
95,1,2005,2014,2015,2016,ALL,114,1.041350820691962,1.164199682222767,0.3132121276401474,-0.9915429077650372,1.1329298245614035,1.3605235447391102
95,1,2005,2014,2015,2016,barley,38,0.9053408253820318,0.990230536587715,-1.5190497555413307,-0.9053408253820318,0.9384736842105265,0.9997013764646236
95,1,2005,2014,2015,2016,maize,38,1.3540674643767505,1.488989949209181,0.22777891478410017,-1.2046437255959759,1.5505263157894733,1.912135482977908
95,1,2005,2014,2015,2016,wheat,38,0.8646441723171033,0.9318986617792839,-1.6772051780937565,-0.8646441723171033,0.9097894736842104,0.9473162090875463
95,2,2005,2016,2017,2018,ALL,114,0.7999615091190004,1.1024538546336764,0.4092774608666594,-0.7562145759348283,0.7088947368421055,0.9635267273853719
95,2,2005,2016,2017,2018,barley,38,0.5136816704900642,0.6410331091449957,-0.04484228672752244,-0.4225363578294453,0.5816315789473684,0.7006516515659585
95,2,2005,2016,2017,2018,maize,38,1.4908824965828344,1.718612213537269,-0.4209742104386436,-1.4815970747094407,1.1426842105263155,1.4097880766457884
95,2,2005,2016,2017,2018,wheat,38,0.3953203602841027,0.530718491528591,-0.13760445070168292,-0.36451029526559936,0.4023684210526317,0.5538376163309584
95,3,2005,2018,2019,2020,ALL,114,0.6638532922978987,0.7870627473958849,0.7146488531478172,-0.6032747512951232,0.6385964912280702,0.8240232069632719
95,3,2005,2018,2019,2020,barley,38,0.7633251325707685,0.8393565027434714,-0.6297165138949341,-0.7633251325707685,0.6510526315789474,0.7400854858161924
95,3,2005,2018,2019,2020,maize,38,0.7668708469993191,0.9303106529271543,0.3000307412854821,-0.6591464373939917,0.9531578947368423,1.151337985951448
95,3,2005,2018,2019,2020,wheat,38,0.4613638973236085,0.5370345010961366,-0.029156190260416714,-0.3873526839206094,0.31157894736842096,0.4046443532678776
95,4,2005,2020,2021,2022,ALL,114,1.154732619335777,1.648640469378625,-0.3328466902555869,0.7249291294499448,1.4767719298245612,2.0633381911911752
95,4,2005,2020,2021,2022,barley,38,0.6685237342432926,0.8050318856866032,0.3859561906830721,-0.06382861589130599,0.8475263157894738,0.9902519084077864
95,4,2005,2020,2021,2022,maize,38,2.185977606522409,2.609932101703796,-0.8059122889971664,2.028900800002248,2.8119473684210528,3.289523833722987
95,4,2005,2020,2021,2022,wheat,38,0.6096965172416285,0.8332012238005877,0.3456777761402574,0.20971520423889153,0.7708421052631579,0.9851535814010772
96,1,2005,2014,2015,2016,ALL,114,1.0837946818167703,1.2128489559676714,0.25461422197507677,-1.038665313051458,1.1329298245614035,1.3605235447391102
96,1,2005,2014,2015,2016,barley,38,0.9646880345595509,1.0478730941147512,-1.8208597519131127,-0.9646880345595509,0.9384736842105265,0.9997013764646236
96,1,2005,2014,2015,2016,maize,38,1.3454573917388912,1.517405151450832,0.1980242590580109,-1.2100692854429544,1.5505263157894733,1.912135482977908
96,1,2005,2014,2015,2016,wheat,38,0.9412386191518683,1.0062064176680985,-2.1211773460811063,-0.9412386191518683,0.9097894736842104,0.9473162090875463
96,2,2005,2016,2017,2018,ALL,114,0.77648406346639,1.0808349873152792,0.4322181696883929,-0.7386904401946486,0.7088947368421055,0.9635267273853719
96,2,2005,2016,2017,2018,barley,38,0.46540472532573507,0.6060161159274328,0.06619076266177593,-0.4133859845211631,0.5816315789473684,0.7006516515659585
96,2,2005,2016,2017,2018,maize,38,1.4607051668669049,1.689260482644356,-0.37285178722456447,-1.4417508677432413,1.1426842105263155,1.4097880766457884
96,2,2005,2016,2017,2018,wheat,38,0.40334229820653017,0.5326878057801256,-0.14606263403913533,-0.36093446831954157,0.4023684210526317,0.5538376163309584
96,3,2005,2018,2019,2020,ALL,114,0.6549424042618066,0.7806233169316111,0.7192990085165056,-0.5871288234309145,0.6385964912280702,0.8240232069632719
96,3,2005,2018,2019,2020,barley,38,0.7435708231674996,0.8246040283758226,-0.5729323759663039,-0.7435708231674996,0.6510526315789474,0.7400854858161924
96,3,2005,2018,2019,2020,maize,38,0.7458911102696469,0.9196864508669864,0.3159268326159238,-0.631979167335912,0.9531578947368423,1.151337985951448
96,3,2005,2018,2019,2020,wheat,38,0.4753652793482731,0.5498393558940496,-0.07881893482611568,-0.3858364797893324,0.31157894736842096,0.4046443532678776
96,4,2005,2020,2021,2022,ALL,114,1.134794730136269,1.6044812471863217,-0.26240171622908837,0.7569223303543894,1.4767719298245612,2.0633381911911752
96,4,2005,2020,2021,2022,barley,38,0.6351291967693128,0.7566295852960201,0.45757483418848255,-0.04904673927708672,0.8475263157894738,0.9902519084077864
96,4,2005,2020,2021,2022,maize,38,2.1680760212948442,2.543344340987372,-0.7149385413773197,2.0580222993147994,2.8119473684210528,3.289523833722987
96,4,2005,2020,2021,2022,wheat,38,0.6011789723446496,0.8258277372067401,0.35720749546899355,0.2617914310254548,0.7708421052631579,0.9851535814010772
97,1,2005,2014,2015,2016,ALL,114,1.068091467890823,1.2057260298500467,0.26334364744232897,-1.0022329150584706,1.1329298245614035,1.3605235447391102
97,1,2005,2014,2015,2016,barley,38,0.8938884391282733,0.988114364232908,-1.5082945884905161,-0.8938884391282733,0.9384736842105265,0.9997013764646236
97,1,2005,2014,2015,2016,maize,38,1.2685415187634919,1.4726803049307915,0.2446033043442435,-1.0709658602664343,1.5505263157894733,1.912135482977908
97,1,2005,2014,2015,2016,wheat,38,1.041844445780704,1.1028002991654535,-2.749195012810696,-1.041844445780704,0.9097894736842104,0.9473162090875463
97,2,2005,2016,2017,2018,ALL,114,0.8969981134983533,1.25582044864205,0.23349004060052958,-0.8426555846030253,0.7088947368421055,0.9635267273853719
97,2,2005,2016,2017,2018,barley,38,0.5029052009080587,0.6396678039167581,-0.04039630891621315,-0.3932861877742566,0.5816315789473684,0.7006516515659585
97,2,2005,2016,2017,2018,maize,38,1.6824917000218442,1.973514445132093,-0.8737473314478119,-1.6480266069111074,1.1426842105263155,1.4097880766457884
97,2,2005,2016,2017,2018,wheat,38,0.5055974395651568,0.653697814873078,-0.7259050895347079,-0.4866539591237119,0.4023684210526317,0.5538376163309584
97,3,2005,2018,2019,2020,ALL,114,0.7203765205751386,0.9116818771107198,0.6171333384400595,-0.6686809127372608,0.6385964912280702,0.8240232069632719
97,3,2005,2018,2019,2020,barley,38,0.705472247224105,0.8139772848563531,-0.5326525723866165,-0.7011896683040417,0.6510526315789474,0.7400854858161924
97,3,2005,2018,2019,2020,maize,38,0.9807126070323744,1.2304428597732795,-0.22446360146445743,-0.9429305382778771,0.9531578947368423,1.151337985951448
97,3,2005,2018,2019,2020,wheat,38,0.47494470746893636,0.5629768056742743,-0.13098780235775886,-0.3619225316298636,0.31157894736842096,0.4046443532678776
97,4,2005,2020,2021,2022,ALL,114,1.2640032478800993,1.7277768680022256,-0.46387365757163046,0.7216173280749405,1.4767719298245612,2.0633381911911752
97,4,2005,2020,2021,2022,barley,38,0.7749175573650158,0.8905537846545158,0.2485614002547163,-0.20358900973671348,0.8475263157894738,0.9902519084077864
97,4,2005,2020,2021,2022,maize,38,2.313261968713057,2.7079796287856674,-0.9441466482884664,2.2214274918405628,2.8119473684210528,3.289523833722987
97,4,2005,2020,2021,2022,wheat,38,0.7038302175622239,0.9107134585203488,0.2182725142217442,0.14701350212097164,0.7708421052631579,0.9851535814010772
98,1,2005,2014,2015,2016,ALL,114,1.0744358593120908,1.2168019820112432,0.24974744746883804,-1.003482297428867,1.1329298245614035,1.3605235447391102
98,1,2005,2014,2015,2016,barley,38,0.9249673047818634,1.025792146795423,-1.7032291104158057,-0.9249673047818634,0.9384736842105265,0.9997013764646236
98,1,2005,2014,2015,2016,maize,38,1.2128632384852358,1.4303715883802917,0.28738350067848395,-1.0000025528355647,1.5505263157894733,1.912135482977908
98,1,2005,2014,2015,2016,wheat,38,1.0854770346691733,1.1591413981938312,-3.142066943506861,-1.0854770346691733,0.9097894736842104,0.9473162090875463
98,2,2005,2016,2017,2018,ALL,114,0.8820745754241943,1.2537598623267725,0.23600340009061227,-0.8417927937758596,0.7088947368421055,0.9635267273853719
98,2,2005,2016,2017,2018,barley,38,0.45016348939192935,0.5766983435084657,0.15435667260177444,-0.3817430330577649,0.5816315789473684,0.7006516515659585
98,2,2005,2016,2017,2018,maize,38,1.692068409668772,1.9981765013650508,-0.9208705709809628,-1.6568215043921222,1.1426842105263155,1.4097880766457884
98,2,2005,2016,2017,2018,wheat,38,0.503991827211882,0.6248608382128445,-0.5769918797983029,-0.48681384387769205,0.4023684210526317,0.5538376163309584
98,3,2005,2018,2019,2020,ALL,114,0.7044569207910905,0.8967164337034067,0.6295998398244118,-0.6244716896927147,0.6385964912280702,0.8240232069632719
98,3,2005,2018,2019,2020,barley,38,0.6321413125489886,0.7545727702526821,-0.31710805457405433,-0.6272613309559067,0.6510526315789474,0.7400854858161924
98,3,2005,2018,2019,2020,maize,38,1.0400936151805678,1.2518407541500451,-0.26742173649623835,-0.9948238478208844,0.9531578947368423,1.151337985951448
98,3,2005,2018,2019,2020,wheat,38,0.44113583464371525,0.5251816334026809,0.015771412534707152,-0.2513298903013531,0.31157894736842096,0.4046443532678776
98,4,2005,2020,2021,2022,ALL,114,1.2538252842217164,1.7109347521492013,-0.4354735037761224,0.6996582240389104,1.4767719298245612,2.0633381911911752
98,4,2005,2020,2021,2022,barley,38,0.7734757021853798,0.8911200619920694,0.24760546037619902,-0.21775769886217608,0.8475263157894738,0.9902519084077864
98,4,2005,2020,2021,2022,maize,38,2.2756935877549016,2.673267490821156,-0.8946241512631576,2.1835873638956165,2.8119473684210528,3.289523833722987
98,4,2005,2020,2021,2022,wheat,38,0.7123065627248665,0.9172999160414009,0.20692441466980216,0.13314500708329047,0.7708421052631579,0.9851535814010772
99,1,2005,2014,2015,2016,ALL,114,1.1049188836415609,1.233921272291904,0.2284882095388424,-1.0459318721503543,1.1329298245614035,1.3605235447391102
99,1,2005,2014,2015,2016,barley,38,0.9358115103370264,1.0265103615156133,-1.707015800773037,-0.9358115103370264,0.9384736842105265,0.9997013764646236
99,1,2005,2014,2015,2016,maize,38,1.3010472443229273,1.4909862848950317,0.22570684444567135,-1.1240862098493072,1.5505263157894733,1.912135482977908
99,1,2005,2014,2015,2016,wheat,38,1.0778978962647288,1.1361872621180933,-2.9796429772036603,-1.0778978962647288,0.9097894736842104,0.9473162090875463
99,2,2005,2016,2017,2018,ALL,114,0.8861144810392148,1.2467121149615785,0.2445685510332435,-0.830001246636374,0.7088947368421055,0.9635267273853719
99,2,2005,2016,2017,2018,barley,38,0.5052994379244353,0.6418900709536122,-0.04763773807529703,-0.39247100955561587,0.5816315789473684,0.7006516515659585
99,2,2005,2016,2017,2018,maize,38,1.6593096592551784,1.9584958707928628,-0.8453371658368549,-1.6249403602198553,1.1426842105263155,1.4097880766457884
99,2,2005,2016,2017,2018,wheat,38,0.49373434593803023,0.644316966775197,-0.6767255356666808,-0.47259237013365096,0.4023684210526317,0.5538376163309584
99,3,2005,2018,2019,2020,ALL,114,0.7244154479210837,0.9148648596946135,0.6144552435584636,-0.6645203244895267,0.6385964912280702,0.8240232069632719
99,3,2005,2018,2019,2020,barley,38,0.7057899743632265,0.8214556446844176,-0.5609442202118791,-0.699753020688107,0.6510526315789474,0.7400854858161924
99,3,2005,2018,2019,2020,maize,38,0.9853200541044539,1.228494091257066,-0.22058807571400596,-0.9288382560328434,0.9531578947368423,1.151337985951448
99,3,2005,2018,2019,2020,wheat,38,0.4821363152955708,0.57179194299563,-0.16668329375745672,-0.3649696967476293,0.31157894736842096,0.4046443532678776
99,4,2005,2020,2021,2022,ALL,114,1.2420070249992505,1.681244019656066,-0.38608476574029416,0.6849951091565584,1.4767719298245612,2.0633381911911752
99,4,2005,2020,2021,2022,barley,38,0.7772614840457313,0.898660344734195,0.23481869862313376,-0.21981517590974495,0.8475263157894738,0.9902519084077864
99,4,2005,2020,2021,2022,maize,38,2.2375332511098756,2.6157115317497865,-0.8139191637622125,2.14730200115003,2.8119473684210528,3.289523833722987
99,4,2005,2020,2021,2022,wheat,38,0.711226339842144,0.9111570272797468,0.2175108381288422,0.12749850222938935,0.7708421052631579,0.9851535814010772
100,1,2005,2014,2015,2016,ALL,114,1.0939470047699777,1.2380983748776555,0.22325588439088484,-1.0236106960397016,1.1329298245614035,1.3605235447391102
100,1,2005,2014,2015,2016,barley,38,0.9295493961635387,1.0332834394831072,-1.7428562906907166,-0.9295493961635387,0.9384736842105265,0.9997013764646236
100,1,2005,2014,2015,2016,maize,38,1.2505877459676642,1.4637700266067992,0.25371652849911397,-1.039578819776836,1.5505263157894733,1.912135482977908
100,1,2005,2014,2015,2016,wheat,38,1.1017038721787302,1.1782891837412262,-3.2800423101582483,-1.1017038721787302,0.9097894736842104,0.9473162090875463
100,2,2005,2016,2017,2018,ALL,114,0.8775676277227569,1.2519883616390937,0.23816085365830253,-0.8330362984172085,0.7088947368421055,0.9635267273853719
100,2,2005,2016,2017,2018,barley,38,0.455736084486309,0.5803619182671473,0.1435783580199368,-0.37970693839223757,0.5816315789473684,0.7006516515659585
100,2,2005,2016,2017,2018,maize,38,1.6829057452553198,1.9966766627195474,-0.9179880281522139,-1.6469623314706905,1.1426842105263155,1.4097880766457884
100,2,2005,2016,2017,2018,wheat,38,0.49406105342664225,0.6155379122488183,-0.5302854793636536,-0.4724396253886976,0.4023684210526317,0.5538376163309584
100,3,2005,2018,2019,2020,ALL,114,0.7184166801184939,0.9197358377469301,0.610338833460192,-0.638528104581331,0.6385964912280702,0.8240232069632719
100,3,2005,2018,2019,2020,barley,38,0.6351009057697495,0.7650891067474648,-0.35407644908140656,-0.6283455582668905,0.6510526315789474,0.7400854858161924
100,3,2005,2018,2019,2020,maize,38,1.0670585280970526,1.2898663729786135,-0.34558897620542117,-1.0250743092988668,0.9531578947368423,1.151337985951448
100,3,2005,2018,2019,2020,wheat,38,0.45309060648867955,0.5372387107269032,-0.029939021020761958,-0.26216444617823553,0.31157894736842096,0.4046443532678776
100,4,2005,2020,2021,2022,ALL,114,1.216774621595416,1.6464636819278753,-0.3293293574992575,0.6712903156615141,1.4767719298245612,2.0633381911911752
100,4,2005,2020,2021,2022,barley,38,0.763544874191284,0.8825358207242461,0.26203141201072844,-0.21155649436147578,0.8475263157894738,0.9902519084077864
100,4,2005,2020,2021,2022,maize,38,2.1776510243666793,2.5534139407127983,-0.7285449803972137,2.0869723505722844,2.8119473684210528,3.289523833722987
100,4,2005,2020,2021,2022,wheat,38,0.7091279662282844,0.9130913099107927,0.21418504092352286,0.138455090773733,0.7708421052631579,0.9851535814010772
101,1,2005,2014,2015,2016,ALL,114,1.0421255303265757,1.1772006885556727,0.2977873000872119,-0.9830036535597685,1.1329298245614035,1.3605235447391102
101,1,2005,2014,2015,2016,barley,38,0.887177269835221,0.9737967223834345,-1.436131529995559,-0.887177269835221,0.9384736842105265,0.9997013764646236
101,1,2005,2014,2015,2016,maize,38,1.2715346815711572,1.4650538072448747,0.252406917859782,-1.0941690512707356,1.5505263157894733,1.912135482977908
101,1,2005,2014,2015,2016,wheat,38,0.9676646395733483,1.0308936263070154,-2.2762119434509525,-0.9676646395733483,0.9097894736842104,0.9473162090875463
101,2,2005,2016,2017,2018,ALL,114,0.8869059885593883,1.2328065605383483,0.2613264047121461,-0.8253245030787953,0.7088947368421055,0.9635267273853719
101,2,2005,2016,2017,2018,barley,38,0.5095147913380673,0.642851375449527,-0.05077800472445415,-0.3919314432144165,0.5816315789473684,0.7006516515659585
101,2,2005,2016,2017,2018,maize,38,1.7054020063500657,1.9464674469216208,-0.8227398898055429,-1.6838103871596488,1.1426842105263155,1.4097880766457884
101,2,2005,2016,2017,2018,wheat,38,0.445801167990032,0.5978650636023602,-0.44367419940158004,-0.4002316788623208,0.4023684210526317,0.5538376163309584
101,3,2005,2018,2019,2020,ALL,114,0.7642408901348449,0.9270306565956865,0.6041331816243605,-0.7154040505593284,0.6385964912280702,0.8240232069632719
101,3,2005,2018,2019,2020,barley,38,0.8479097868266858,0.9501309924111584,-1.0882674383583284,-0.8398065627248662,0.6510526315789474,0.7400854858161924
101,3,2005,2018,2019,2020,maize,38,0.8874802478991057,1.110162382733006,0.0032276238482549235,-0.8453480851022822,0.9531578947368423,1.151337985951448
101,3,2005,2018,2019,2020,wheat,38,0.5573326356787431,0.6655434591587922,-0.5806283068896099,-0.4610575038508367,0.31157894736842096,0.4046443532678776
101,4,2005,2020,2021,2022,ALL,114,1.2211594298847934,1.7089444639265838,-0.4321357443875471,0.7721481298145495,1.4767719298245612,2.0633381911911752
101,4,2005,2020,2021,2022,barley,38,0.6671402268660696,0.7781958098691462,0.4262126506220556,-0.18041397094726558,0.8475263157894738,0.9902519084077864
101,4,2005,2020,2021,2022,maize,38,2.3868674935792615,2.738597798438064,-0.9883587481149985,2.3275531101226803,2.8119473684210528,3.289523833722987
101,4,2005,2020,2021,2022,wheat,38,0.6094705692090487,0.8099178490737485,0.3817362081455451,0.1693052502682334,0.7708421052631579,0.9851535814010772
102,1,2005,2014,2015,2016,ALL,114,1.0311788988949961,1.1780764672629096,0.2967420888588155,-0.9616644817486144,1.1329298245614035,1.3605235447391102
102,1,2005,2014,2015,2016,barley,38,0.892191501165691,0.9882872814429999,-1.509172554176585,-0.892191501165691,0.9384736842105265,0.9997013764646236
102,1,2005,2014,2015,2016,maize,38,1.2315214686644704,1.4439707246638342,0.2737688050249346,-1.0229782172253254,1.5505263157894733,1.912135482977908
102,1,2005,2014,2015,2016,wheat,38,0.9698237268548263,1.0496805627464854,-2.396710946194025,-0.9698237268548263,0.9097894736842104,0.9473162090875463
102,2,2005,2016,2017,2018,ALL,114,0.8619196092873289,1.2147821498641886,0.2827682528842097,-0.8089958566531801,0.7088947368421055,0.9635267273853719
102,2,2005,2016,2017,2018,barley,38,0.46352276199742376,0.5834237569843636,0.13451800465172037,-0.37213177781356005,0.5816315789473684,0.7006516515659585
102,2,2005,2016,2017,2018,maize,38,1.6696724475057503,1.9385838381815266,-0.8080048190141897,-1.641385357003463,1.1426842105263155,1.4097880766457884
102,2,2005,2016,2017,2018,wheat,38,0.4525636183588129,0.5732333181293728,-0.32716736237233746,-0.41347043514251713,0.4023684210526317,0.5538376163309584
102,3,2005,2018,2019,2020,ALL,114,0.739422191486024,0.9085626228261878,0.6197487582909198,-0.6596590135808578,0.6385964912280702,0.8240232069632719
102,3,2005,2018,2019,2020,barley,38,0.741361403214304,0.857856380347125,-0.7023478983191738,-0.7292173345465408,0.6510526315789474,0.7400854858161924
102,3,2005,2018,2019,2020,maize,38,0.9893519778000683,1.1807990577738332,-0.12765168918059744,-0.9337955931613321,0.9531578947368423,1.151337985951448
102,3,2005,2018,2019,2020,wheat,38,0.4875531934436999,0.5884336280741957,-0.23558288546563055,-0.3159641130347001,0.31157894736842096,0.4046443532678776
102,4,2005,2020,2021,2022,ALL,114,1.217267924191659,1.708506070144436,-0.4314010699855628,0.7985016772621557,1.4767719298245612,2.0633381911911752
102,4,2005,2020,2021,2022,barley,38,0.6505529192874305,0.7625670935954787,0.4490282726357706,-0.1463279694005062,0.8475263157894738,0.9902519084077864
102,4,2005,2020,2021,2022,maize,38,2.3903351788771774,2.7382410127187455,-0.9878406933681714,2.3362152084551355,2.8119473684210528,3.289523833722987
102,4,2005,2020,2021,2022,wheat,38,0.6109156744103683,0.8231078660731622,0.3614346088422299,0.20561779273183717,0.7708421052631579,0.9851535814010772
103,1,2005,2014,2015,2016,ALL,114,1.0897353825652807,1.2145374429527414,0.2525373759656877,-1.0467958320651138,1.1329298245614035,1.3605235447391102
103,1,2005,2014,2015,2016,barley,38,0.9420846043134989,1.0237631694129754,-1.6925459200847892,-0.9420846043134989,0.9384736842105265,0.9997013764646236
103,1,2005,2014,2015,2016,maize,38,1.3171022071336445,1.494404472701067,0.22215253506529453,-1.1882835556331433,1.5505263157894733,1.912135482977908
103,1,2005,2014,2015,2016,wheat,38,1.010019336248699,1.0695643252872147,-2.526615385394363,-1.010019336248699,0.9097894736842104,0.9473162090875463
103,2,2005,2016,2017,2018,ALL,114,0.8718974565204821,1.2135073919687012,0.2842727483430284,-0.8078290507667943,0.7088947368421055,0.9635267273853719
103,2,2005,2016,2017,2018,barley,38,0.5209384920722561,0.6577058520562127,-0.09990007245032251,-0.39215531826019284,0.5816315789473684,0.7006516515659585
103,2,2005,2016,2017,2018,maize,38,1.6520722750613566,1.9044104817395484,-0.7448236310806844,-1.6341740357248409,1.1426842105263155,1.4097880766457884
103,2,2005,2016,2017,2018,wheat,38,0.442681602427834,0.5987021799689631,-0.44771982590395076,-0.3971577983153494,0.4023684210526317,0.5538376163309584
103,3,2005,2018,2019,2020,ALL,114,0.7030010606531512,0.866221042743772,0.6543644800768496,-0.6418242623513205,0.6385964912280702,0.8240232069632719
103,3,2005,2018,2019,2020,barley,38,0.7707063624733372,0.8762189893087337,-0.7760061663857885,-0.7627789657994319,0.6510526315789474,0.7400854858161924
103,3,2005,2018,2019,2020,maize,38,0.8427245707260936,1.063004338689255,0.08611183502143027,-0.779739018992374,0.9531578947368423,1.151337985951448
103,3,2005,2018,2019,2020,wheat,38,0.4955722487600227,0.5943725627743291,-0.2606496946551822,-0.3829548022621558,0.31157894736842096,0.4046443532678776
103,4,2005,2020,2021,2022,ALL,114,1.2081055274762607,1.678453376925299,-0.3814871498196952,0.7378526210784913,1.4767719298245612,2.0633381911911752
103,4,2005,2020,2021,2022,barley,38,0.6836746180684943,0.8013985371044946,0.3914864077600644,-0.1926185552697431,0.8475263157894738,0.9902519084077864
103,4,2005,2020,2021,2022,maize,38,2.3164096460844337,2.6704863521200455,-0.8906840505049776,2.252309850391588,2.8119473684210528,3.289523833722987
103,4,2005,2020,2021,2022,wheat,38,0.6242323182758532,0.8233348306753281,0.3610824029461416,0.15386656811362814,0.7708421052631579,0.9851535814010772
104,1,2005,2014,2015,2016,ALL,114,1.0549836262485437,1.1956535200255387,0.2756001390529852,-0.9890921592712403,1.1329298245614035,1.3605235447391102
104,1,2005,2014,2015,2016,barley,38,0.9004066838716205,0.9968475206513205,-1.5528281600391352,-0.9004066838716205,0.9384736842105265,0.9997013764646236
104,1,2005,2014,2015,2016,maize,38,1.2738547892319527,1.4692508553300598,0.24811741193676085,-1.0761803883000423,1.5505263157894733,1.912135482977908
104,1,2005,2014,2015,2016,wheat,38,0.9906894056420578,1.0660013904923327,-2.503158783628346,-0.9906894056420578,0.9097894736842104,0.9473162090875463
104,2,2005,2016,2017,2018,ALL,114,0.8596958394636188,1.213259190327914,0.2845654972992231,-0.802473408213833,0.7088947368421055,0.9635267273853719
104,2,2005,2016,2017,2018,barley,38,0.48392160465842804,0.6049125914855151,0.06958850428437924,-0.37963448424088325,0.5816315789473684,0.7006516515659585
104,2,2005,2016,2017,2018,maize,38,1.6500836256930704,1.928966324070345,-0.7901099223178716,-1.6253390588258445,1.1426842105263155,1.4097880766457884
104,2,2005,2016,2017,2018,wheat,38,0.4450822880393581,0.5737275189584826,-0.32945672664917125,-0.4024466815747713,0.4023684210526317,0.5538376163309584
104,3,2005,2018,2019,2020,ALL,114,0.7331314560404995,0.9105021671012181,0.6181235509567351,-0.6477236247480962,0.6385964912280702,0.8240232069632719
104,3,2005,2018,2019,2020,barley,38,0.7363672492378636,0.8669099140684361,-0.7384695439409859,-0.718053660643728,0.6510526315789474,0.7400854858161924
104,3,2005,2018,2019,2020,maize,38,0.9597029801418909,1.1700749455680468,-0.10726185557246426,-0.9018640171854121,0.9531578947368423,1.151337985951448
104,3,2005,2018,2019,2020,wheat,38,0.5033241387417442,0.6053382620748771,-0.3075947468293534,-0.3232531964151483,0.31157894736842096,0.4046443532678776
104,4,2005,2020,2021,2022,ALL,114,1.1939756963964094,1.6446742585186052,-0.3264414220291181,0.7256108727371484,1.4767719298245612,2.0633381911911752
104,4,2005,2020,2021,2022,barley,38,0.683576979386179,0.7935085960976558,0.403409320052345,-0.18341367821944382,0.8475263157894738,0.9902519084077864
104,4,2005,2020,2021,2022,maize,38,2.2665016731462977,2.6052901645896522,-0.7994941323911375,2.19344373853583,2.8119473684210528,3.289523833722987
104,4,2005,2020,2021,2022,wheat,38,0.6318484366567512,0.8352649376770948,0.3424324469179706,0.16680255789505805,0.7708421052631579,0.9851535814010772
105,1,2005,2014,2015,2016,ALL,114,1.0736026681096928,1.2097756842112561,0.25838694358421965,-1.0103332908529983,1.1329298245614035,1.3605235447391102
105,1,2005,2014,2015,2016,barley,38,0.9013554392362895,0.9943129435605467,-1.5398630597236727,-0.9013554392362895,0.9384736842105265,0.9997013764646236
105,1,2005,2014,2015,2016,maize,38,1.2782806416561727,1.4798444656702516,0.23723585778244616,-1.088472509886089,1.5505263157894733,1.912135482977908
105,1,2005,2014,2015,2016,wheat,38,1.0411719234366166,1.1009422083013836,-2.7365717368401095,-1.0411719234366166,0.9097894736842104,0.9473162090875463
105,2,2005,2016,2017,2018,ALL,114,0.8958524599409942,1.2519928786366508,0.23815535643184893,-0.8431713404571801,0.7088947368421055,0.9635267273853719
105,2,2005,2016,2017,2018,barley,38,0.5043371052491038,0.6393389897740782,-0.03932697545068886,-0.39745310457129224,0.5816315789473684,0.7006516515659585
105,2,2005,2016,2017,2018,maize,38,1.6788892831300435,1.9676838230617095,-0.8626919537694646,-1.646537682884618,1.1426842105263155,1.4097880766457884
105,2,2005,2016,2017,2018,wheat,38,0.504330991443835,0.649557182306976,-0.7041099860541074,-0.4855232339156302,0.4023684210526317,0.5538376163309584
105,3,2005,2018,2019,2020,ALL,114,0.728249635947378,0.9177797460763545,0.6119945315307516,-0.6768573691552147,0.6385964912280702,0.8240232069632719
105,3,2005,2018,2019,2020,barley,38,0.7095889831844129,0.8193434029219245,-0.5529271042046267,-0.7053529335323132,0.6510526315789474,0.7400854858161924
105,3,2005,2018,2019,2020,maize,38,0.9929122804340565,1.238490527953215,-0.24053310327909272,-0.9575623743157639,0.9531578947368423,1.151337985951448
105,3,2005,2018,2019,2020,wheat,38,0.48224764422366495,0.5672535475274005,-0.14823652422136058,-0.3676567996175666,0.31157894736842096,0.4046443532678776
105,4,2005,2020,2021,2022,ALL,114,1.2765660043348348,1.7431771987879274,-0.4900860825725901,0.7222701683379057,1.4767719298245612,2.0633381911911752
105,4,2005,2020,2021,2022,barley,38,0.786494950244301,0.9038328267571275,0.22598493425226096,-0.20455125457362114,0.8475263157894738,0.9902519084077864
105,4,2005,2020,2021,2022,maize,38,2.325118374071623,2.7284537590235907,-0.9736558708279843,2.2263212214018164,2.8119473684210528,3.289523833722987
105,4,2005,2020,2021,2022,wheat,38,0.7180846886885796,0.9244601371982647,0.19449498049949787,0.14504053818552112,0.7708421052631579,0.9851535814010772
106,1,2005,2014,2015,2016,ALL,114,1.0751848031763445,1.2193828378194682,0.24656147778621573,-1.0062804531632807,1.1329298245614035,1.3605235447391102
106,1,2005,2014,2015,2016,barley,38,0.9145082895379316,1.0165046919226495,-1.654500985762862,-0.9145082895379316,0.9384736842105265,0.9997013764646236
106,1,2005,2014,2015,2016,maize,38,1.2278188595018888,1.4444106983217038,0.27332617655795277,-1.0211058094626977,1.5505263157894733,1.912135482977908
106,1,2005,2014,2015,2016,wheat,38,1.0832272604892128,1.1580498527175003,-3.1342695761722155,-1.0832272604892128,0.9097894736842104,0.9473162090875463
106,2,2005,2016,2017,2018,ALL,114,0.8814046725892185,1.2564759711478142,0.23268961460028403,-0.8411080848961546,0.7088947368421055,0.9635267273853719
106,2,2005,2016,2017,2018,barley,38,0.4489839732019525,0.5765471526877755,0.15480001269693655,-0.3820901767831099,0.5816315789473684,0.7006516515659585
106,2,2005,2016,2017,2018,maize,38,1.6920129083332263,2.0036109365162544,-0.93133315203512,-1.655964615470485,1.1426842105263155,1.4097880766457884
106,2,2005,2016,2017,2018,wheat,38,0.5032171362324765,0.6239648980636692,-0.5724728658482776,-0.4852694624348691,0.4023684210526317,0.5538376163309584
106,3,2005,2018,2019,2020,ALL,114,0.696036802676686,0.8886207033815098,0.6362577384730095,-0.6136028370940894,0.6385964912280702,0.8240232069632719
106,3,2005,2018,2019,2020,barley,38,0.6200911419015182,0.7442150712922857,-0.2811974602139551,-0.6155143032575907,0.6510526315789474,0.7400854858161924
106,3,2005,2018,2019,2020,maize,38,1.0318182443317614,1.2431673102512826,-0.2499197837729905,-0.9881865631906611,0.9531578947368423,1.151337985951448
106,3,2005,2018,2019,2020,wheat,38,0.43620102179677867,0.5192487167232648,0.03788324060128134,-0.23710764483401656,0.31157894736842096,0.4046443532678776
106,4,2005,2020,2021,2022,ALL,114,1.270249726646825,1.7349416386200514,-0.4760396562287208,0.7180815554501718,1.4767719298245612,2.0633381911911752
106,4,2005,2020,2021,2022,barley,38,0.776197526329442,0.8935064935185503,0.2435702189672475,-0.21201606499521344,0.8475263157894738,0.9902519084077864
106,4,2005,2020,2021,2022,maize,38,2.3166923352291704,2.7165871566296826,-0.9565255390847232,2.2279173459504773,2.8119473684210528,3.289523833722987
106,4,2005,2020,2021,2022,wheat,38,0.7178593183818617,0.9229668654549454,0.1970951281316441,0.1383433853952508,0.7708421052631579,0.9851535814010772
107,1,2005,2014,2015,2016,ALL,114,1.1034834406668679,1.2332674343180268,0.22930561996577692,-1.0444212729470772,1.1329298245614035,1.3605235447391102
107,1,2005,2014,2015,2016,barley,38,0.9314293078372352,1.0216359940845292,-1.6813683995320252,-0.9314293078372352,0.9384736842105265,0.9997013764646236
107,1,2005,2014,2015,2016,maize,38,1.303313299982171,1.4941421870065477,0.22242555400024222,-1.1261267968227986,1.5505263157894733,1.912135482977908
107,1,2005,2014,2015,2016,wheat,38,1.0757077141811973,1.1343036252460408,-2.9664585512192345,-1.0757077141811973,0.9097894736842104,0.9473162090875463
107,2,2005,2016,2017,2018,ALL,114,0.8848463667484753,1.2433200966741962,0.2486736709825772,-0.8243889527571828,0.7088947368421055,0.9635267273853719
107,2,2005,2016,2017,2018,barley,38,0.5136913334695917,0.6526734920629824,-0.08313294914556035,-0.39081335419102714,0.5816315789473684,0.7006516515659585
107,2,2005,2016,2017,2018,maize,38,1.6497451842458626,1.947994596695963,-0.8256011642502754,-1.613559486991481,1.1426842105263155,1.4097880766457884
107,2,2005,2016,2017,2018,wheat,38,0.4911025825299716,0.6456538951972961,-0.6836910132617611,-0.4687940170890407,0.4023684210526317,0.5538376163309584
107,3,2005,2018,2019,2020,ALL,114,0.7200652876234891,0.9096101238308522,0.618871453502561,-0.6614033361903409,0.6385964912280702,0.8240232069632719
107,3,2005,2018,2019,2020,barley,38,0.7046590295590851,0.8204424694341106,-0.5570960885401448,-0.6999928948753757,0.6510526315789474,0.7400854858161924
107,3,2005,2018,2019,2020,maize,38,0.9756182625419217,1.2185158293933207,-0.20084050825249045,-0.9201834482895702,0.9531578947368423,1.151337985951448
107,3,2005,2018,2019,2020,wheat,38,0.4799185707694606,0.5694427627018368,-0.1571164598196375,-0.36403366540607657,0.31157894736842096,0.4046443532678776
107,4,2005,2020,2021,2022,ALL,114,1.2493127767663252,1.6975491560238525,-0.4131003477974342,0.6866699745780543,1.4767719298245612,2.0633381911911752
107,4,2005,2020,2021,2022,barley,38,0.7828656884243612,0.9036844608796821,0.2262390254859391,-0.22694809512088163,0.8475263157894738,0.9902519084077864
107,4,2005,2020,2021,2022,maize,38,2.2463804877431763,2.644610185809935,-0.8542213084000334,2.1669753737198674,2.8119473684210528,3.289523833722987
107,4,2005,2020,2021,2022,wheat,38,0.7186921541314377,0.9134608758052095,0.21354880843371993,0.11998264513517676,0.7708421052631579,0.9851535814010772
108,1,2005,2014,2015,2016,ALL,114,1.0954078393233448,1.238446602681089,0.22281888852549037,-1.021196977715743,1.1329298245614035,1.3605235447391102
108,1,2005,2014,2015,2016,barley,38,0.9432070664355628,1.0462864431283063,-1.8123237346268746,-0.9432070664355628,0.9384736842105265,0.9997013764646236
108,1,2005,2014,2015,2016,maize,38,1.2277193260192871,1.4452597908830829,0.2724715793253448,-1.0050867411964817,1.5505263157894733,1.912135482977908
108,1,2005,2014,2015,2016,wheat,38,1.115297125515185,1.1906967619253428,-3.3706559936147613,-1.115297125515185,0.9097894736842104,0.9473162090875463
108,2,2005,2016,2017,2018,ALL,114,0.8728868540546351,1.2422206539992002,0.250001848667296,-0.828446349679378,0.7088947368421055,0.9635267273853719
108,2,2005,2016,2017,2018,barley,38,0.4616510988536635,0.5874865786539492,0.12242202024861293,-0.38538935661315915,0.5816315789473684,0.7006516515659585
108,2,2005,2016,2017,2018,maize,38,1.6624482641722027,1.9757323276817202,-0.8779612217341082,-1.6267104173961442,1.1426842105263155,1.4097880766457884
108,2,2005,2016,2017,2018,wheat,38,0.4945611991380391,0.6169908823649268,-0.5375184482873567,-0.4732392750288311,0.4023684210526317,0.5538376163309584
108,3,2005,2018,2019,2020,ALL,114,0.7164556350206074,0.9160648628656796,0.6134431632466886,-0.6354076675783125,0.6385964912280702,0.8240232069632719
108,3,2005,2018,2019,2020,barley,38,0.6369710548300491,0.7674845104601539,-0.3625686294723389,-0.6293300450475591,0.6510526315789474,0.7400854858161924
108,3,2005,2018,2019,2020,maize,38,1.0596752944745518,1.2810804590078977,-0.3273204706842836,-1.015798885445846,0.9531578947368423,1.151337985951448
108,3,2005,2018,2019,2020,wheat,38,0.45272055575722137,0.5360269421243684,-0.025298103579652675,-0.26109407224153225,0.31157894736842096,0.4046443532678776
108,4,2005,2020,2021,2022,ALL,114,1.2335614478797243,1.6737569008181215,-0.3737668946340287,0.6912313528228224,1.4767719298245612,2.0633381911911752
108,4,2005,2020,2021,2022,barley,38,0.7648521985505755,0.8828942924702854,0.2614317884982187,-0.21248267525120773,0.8475263157894738,0.9902519084077864
108,4,2005,2020,2021,2022,maize,38,2.2264692487214734,2.606005827577223,-0.8004828961346304,2.1481530550906527,2.8119473684210528,3.289523833722987
108,4,2005,2020,2021,2022,wheat,38,0.7093628963671234,0.9130267159649801,0.21429621730411186,0.13802367862902185,0.7708421052631579,0.9851535814010772
109,1,2005,2014,2015,2016,ALL,114,1.0472700450294896,1.1813598919078043,0.29281651650859186,-0.9955326398213704,1.1329298245614035,1.3605235447391102
109,1,2005,2014,2015,2016,barley,38,0.8855790622610797,0.9709334619742299,-1.421826646699412,-0.8855790622610797,0.9384736842105265,0.9997013764646236
109,1,2005,2014,2015,2016,maize,38,1.2993544535887867,1.4856675037502967,0.23122124829926904,-1.144142237964429,1.5505263157894733,1.912135482977908
109,1,2005,2014,2015,2016,wheat,38,0.9568766192386026,1.0182896755562025,-2.196590181112453,-0.9568766192386026,0.9097894736842104,0.9473162090875463
109,2,2005,2016,2017,2018,ALL,114,0.8726286516691509,1.2097382127701974,0.2887119709201478,-0.8124251419201232,0.7088947368421055,0.9635267273853719
109,2,2005,2016,2017,2018,barley,38,0.5128402411310297,0.6485903451057656,-0.069623109627448,-0.39300491659264813,0.5816315789473684,0.7006516515659585
109,2,2005,2016,2017,2018,maize,38,1.6614573589124177,1.900938720913331,-0.7384677652160234,-1.6461057813544024,1.1426842105263155,1.4097880766457884
109,2,2005,2016,2017,2018,wheat,38,0.44358835496400534,0.5967932421511384,-0.43850255096317836,-0.3981647278133192,0.4023684210526317,0.5538376163309584
109,3,2005,2018,2019,2020,ALL,114,0.7349790277815701,0.8944095910677705,0.6315031300691372,-0.6841999879636264,0.6385964912280702,0.8240232069632719
109,3,2005,2018,2019,2020,barley,38,0.810249796666597,0.9083306523636145,-0.9085655814656615,-0.8012419371855884,0.6510526315789474,0.7400854858161924
109,3,2005,2018,2019,2020,maize,38,0.876391363143921,1.0918843408929348,0.03577973619934072,-0.8404608179393569,0.9531578947368423,1.151337985951448
109,3,2005,2018,2019,2020,wheat,38,0.5182959235341926,0.618570579539264,-0.3653859717849677,-0.41089720876593355,0.31157894736842096,0.4046443532678776
109,4,2005,2020,2021,2022,ALL,114,1.228390715582329,1.7120213646141103,-0.4372974175342117,0.7572926446011192,1.4767719298245612,2.0633381911911752
109,4,2005,2020,2021,2022,barley,38,0.6874897168811999,0.7965839230648792,0.39877605779133973,-0.18868284175270478,0.8475263157894738,0.9902519084077864
109,4,2005,2020,2021,2022,maize,38,2.3719845023908106,2.734581646687394,-0.9825311709003566,2.297560730482402,2.8119473684210528,3.289523833722987
109,4,2005,2020,2021,2022,wheat,38,0.6256979274749757,0.8249658961439011,0.35854844317165957,0.16300004507365976,0.7708421052631579,0.9851535814010772
110,1,2005,2014,2015,2016,ALL,114,1.0258787242153236,1.1681269555764704,0.30857073650824807,-0.9601675518772058,1.1329298245614035,1.3605235447391102
110,1,2005,2014,2015,2016,barley,38,0.8939200546866968,0.9893085978924329,-1.5143612951522387,-0.8939200546866968,0.9384736842105265,0.9997013764646236
110,1,2005,2014,2015,2016,maize,38,1.2091467445775081,1.4173522111078738,0.3002970670824162,-1.012013227563155,1.5505263157894733,1.912135482977908
110,1,2005,2014,2015,2016,wheat,38,0.9745693733817653,1.051638227165972,-2.4093925584899494,-0.9745693733817653,0.9097894736842104,0.9473162090875463
110,2,2005,2016,2017,2018,ALL,114,0.8545916929579618,1.2091968786007696,0.28934840343164614,-0.7998661065519902,0.7088947368421055,0.9635267273853719
110,2,2005,2016,2017,2018,barley,38,0.4609820920542667,0.5797582345442298,0.14535910516094863,-0.3675920559230603,0.5816315789473684,0.7006516515659585
110,2,2005,2016,2017,2018,maize,38,1.6608785664407832,1.932503138169604,-0.7966803743045521,-1.6361386424616766,1.1426842105263155,1.4097880766457884
110,2,2005,2016,2017,2018,wheat,38,0.44191442037883566,0.5619459796958455,-0.27541634974585194,-0.39586762127123387,0.4023684210526317,0.5538376163309584
110,3,2005,2018,2019,2020,ALL,114,0.7201856716055619,0.8840696194836198,0.6399740201448743,-0.6371695641467446,0.6385964912280702,0.8240232069632719
110,3,2005,2018,2019,2020,barley,38,0.7354163543801558,0.853486908804006,-0.6850503242509138,-0.7243479550512212,0.6510526315789474,0.7400854858161924
110,3,2005,2018,2019,2020,maize,38,0.9378455553556746,1.129089807720567,-0.031050537630330943,-0.8759907702395792,0.9531578947368423,1.151337985951448
110,3,2005,2018,2019,2020,wheat,38,0.4872951050808556,0.5843402937359807,-0.21845244874142478,-0.3111699671494334,0.31157894736842096,0.4046443532678776
110,4,2005,2020,2021,2022,ALL,114,1.2381071468821743,1.7280260219068229,-0.46429588354570495,0.8028539875097442,1.4767719298245612,2.0633381911911752
110,4,2005,2020,2021,2022,barley,38,0.6699207647223221,0.7807464508719976,0.42244515670305616,-0.15442345970555352,0.8475263157894738,0.9902519084077864
110,4,2005,2020,2021,2022,maize,38,2.417287972600836,2.765308368536843,-1.0273343125950536,2.3665650653839108,2.8119473684210528,3.289523833722987
110,4,2005,2020,2021,2022,wheat,38,0.6271127033233643,0.8376911146193697,0.3386068529295766,0.196420356850875,0.7708421052631579,0.9851535814010772
111,1,2005,2014,2015,2016,ALL,114,1.081536822235375,1.2038180054752432,0.26567327476293623,-1.036235363441601,1.1329298245614035,1.3605235447391102
111,1,2005,2014,2015,2016,barley,38,0.9421741869575098,1.0218699241310933,-1.6825964777341769,-0.9421741869575098,0.9384736842105265,0.9997013764646236
111,1,2005,2014,2015,2016,maize,38,1.2985290108228984,1.474867010435687,0.2423583412452598,-1.1626246344415763,1.5505263157894733,1.912135482977908
111,1,2005,2014,2015,2016,wheat,38,1.0039072689257171,1.062112296607092,-2.477644255987402,-1.0039072689257171,0.9097894736842104,0.9473162090875463
111,2,2005,2016,2017,2018,ALL,114,0.8657726394921019,1.2032942685174806,0.2962694620085006,-0.796566416422526,0.7088947368421055,0.9635267273853719
111,2,2005,2016,2017,2018,barley,38,0.5194460921538504,0.6584957419851504,-0.10254356936301634,-0.37872115913190335,0.5816315789473684,0.7006516515659585
111,2,2005,2016,2017,2018,maize,38,1.6407346308858772,1.8857590866977625,-0.7108141215178221,-1.62216231948451,1.1426842105263155,1.4097880766457884
111,2,2005,2016,2017,2018,wheat,38,0.4371371954365781,0.5950187515241038,-0.4299608511576658,-0.38881577065116485,0.4023684210526317,0.5538376163309584
111,3,2005,2018,2019,2020,ALL,114,0.6886735324692308,0.84799775700362,0.6687542498824377,-0.6242366403445863,0.6385964912280702,0.8240232069632719
111,3,2005,2018,2019,2020,barley,38,0.7602910154744198,0.8684906060930472,-0.7448150480964426,-0.7506444200716519,0.6510526315789474,0.7400854858161924
111,3,2005,2018,2019,2020,maize,38,0.8156444112878098,1.0292436038763502,0.14323970334085712,-0.7531869692551464,0.9531578947368423,1.151337985951448
111,3,2005,2018,2019,2020,wheat,38,0.4900851706454629,0.5862441971203344,-0.22640533163913235,-0.3688785317069607,0.31157894736842096,0.4046443532678776
111,4,2005,2020,2021,2022,ALL,114,1.2076988874401962,1.6836261898674343,-0.39001546115378916,0.726212791810956,1.4767719298245612,2.0633381911911752
111,4,2005,2020,2021,2022,barley,38,0.6870567171197188,0.8046576937975799,0.3865268930777803,-0.20925870393451879,0.8475263157894738,0.9902519084077864
111,4,2005,2020,2021,2022,maize,38,2.309141995279412,2.6803518564549846,-0.9046792581464356,2.249817648435893,2.8119473684210528,3.289523833722987
111,4,2005,2020,2021,2022,wheat,38,0.6268979499214575,0.8197751905451152,0.36659510615257473,0.1380794309314928,0.7708421052631579,0.9851535814010772
112,1,2005,2014,2015,2016,ALL,114,1.067895686500951,1.2069366363455536,0.26186362851821965,-1.0079512278238933,1.1329298245614035,1.3605235447391102
112,1,2005,2014,2015,2016,barley,38,0.9177515915820472,1.0126541267157398,-1.6344283391873198,-0.9177515915820472,0.9384736842105265,0.9997013764646236
112,1,2005,2014,2015,2016,maize,38,1.2805080358605634,1.47707564183309,0.24008748688947856,-1.1006746598293904,1.5505263157894733,1.912135482977908
112,1,2005,2014,2015,2016,wheat,38,1.0054274320602417,1.078363250675904,-2.5848784801013407,-1.0054274320602417,0.9097894736842104,0.9473162090875463
112,2,2005,2016,2017,2018,ALL,114,0.8656504070549681,1.2210582774802379,0.2753380050275992,-0.8111621215887237,0.7088947368421055,0.9635267273853719
112,2,2005,2016,2017,2018,barley,38,0.4906891850421304,0.6135065016521106,0.042964257874825384,-0.3917497682571411,0.5816315789473684,0.7006516515659585
112,2,2005,2016,2017,2018,maize,38,1.652806403511449,1.938137985940033,-0.8071732735447072,-1.6294977690044206,1.1426842105263155,1.4097880766457884
112,2,2005,2016,2017,2018,wheat,38,0.4534556326113249,0.5832502643770651,-0.37395570463156647,-0.41223882750460983,0.4023684210526317,0.5538376163309584
112,3,2005,2018,2019,2020,ALL,114,0.7239798132578532,0.8983029488891422,0.6282880197159062,-0.6372007823408696,0.6385964912280702,0.8240232069632719
112,3,2005,2018,2019,2020,barley,38,0.7310475409658331,0.8622007721841797,-0.719633759223353,-0.7143762799313192,0.6510526315789474,0.7400854858161924
112,3,2005,2018,2019,2020,maize,38,0.9402886430840746,1.1489778686735892,-0.06769278000952927,-0.8808617621973942,0.9531578947368423,1.151337985951448
112,3,2005,2018,2019,2020,wheat,38,0.5006032557236522,0.5977493201101011,-0.2750144233563365,-0.3163643048938953,0.31157894736842096,0.4046443532678776
112,4,2005,2020,2021,2022,ALL,114,1.2147257513748975,1.6783957123098405,-0.38139222724643984,0.7496497773287589,1.4767719298245612,2.0633381911911752
112,4,2005,2020,2021,2022,barley,38,0.685856122970581,0.797290085061211,0.3977096298324353,-0.1820880081779078,0.8475263157894738,0.9902519084077864
112,4,2005,2020,2021,2022,maize,38,2.32253459428486,2.6665751127244013,-0.8851498506568092,2.263385848999023,2.8119473684210528,3.289523833722987
112,4,2005,2020,2021,2022,wheat,38,0.6357865368692499,0.839489243386778,0.3357644055758713,0.1676514911651611,0.7708421052631579,0.9851535814010772
113,1,2005,2014,2015,2016,ALL,114,1.0717365428857635,1.2004103579666268,0.26982470788076596,-1.0139576025176467,1.1329298245614035,1.3605235447391102
113,1,2005,2014,2015,2016,barley,38,0.8802152214552229,0.9635570158548246,-1.385167876909335,-0.8802152214552229,0.9384736842105265,0.9997013764646236
113,1,2005,2014,2015,2016,maize,38,1.3621706781889262,1.5222941442656281,0.19284809366184685,-1.1888338570845753,1.5505263157894733,1.912135482977908
113,1,2005,2014,2015,2016,wheat,38,0.9728237290131418,1.037850421820128,-2.320578965527341,-0.9728237290131418,0.9097894736842104,0.9473162090875463
113,2,2005,2016,2017,2018,ALL,114,0.871256600262826,1.1979600536389208,0.30249492086452623,-0.8147938305034972,0.7088947368421055,0.9635267273853719
113,2,2005,2016,2017,2018,barley,38,0.5243440316852771,0.6669700341807071,-0.1311038040348842,-0.40961214467098833,0.5816315789473684,0.7006516515659585
113,2,2005,2016,2017,2018,maize,38,1.6282973625785426,1.8622512574838153,-0.668426044386258,-1.6154471221723057,1.1426842105263155,1.4097880766457884
113,2,2005,2016,2017,2018,wheat,38,0.4611284065246582,0.6264950900435166,-0.5852515494610482,-0.4193222246671978,0.4023684210526317,0.5538376163309584
113,3,2005,2018,2019,2020,ALL,114,0.7099110784865262,0.8665054621451599,0.6541374673817582,-0.6554088489632857,0.6385964912280702,0.8240232069632719
113,3,2005,2018,2019,2020,barley,38,0.7583710933986463,0.8642191519744277,-0.7276943797459772,-0.7553063816773262,0.6510526315789474,0.7400854858161924
113,3,2005,2018,2019,2020,maize,38,0.8758572071476989,1.0786116026034842,0.059079015555073444,-0.8062003692827728,0.9531578947368423,1.151337985951448
113,3,2005,2018,2019,2020,wheat,38,0.49550493491323383,0.5849935178033483,-0.22117814589797868,-0.4047197959297583,0.31157894736842096,0.4046443532678776
113,4,2005,2020,2021,2022,ALL,114,1.1989419891959745,1.648101603380321,-0.3319755380572622,0.7212749088019655,1.4767719298245612,2.0633381911911752
113,4,2005,2020,2021,2022,barley,38,0.7224930908805445,0.8438064959943671,0.3253804514215617,-0.14683538687856568,0.8475263157894738,0.9902519084077864
113,4,2005,2020,2021,2022,maize,38,2.209699463091398,2.5819611127418223,-0.7674113068559631,2.1125666477805685,2.8119473684210528,3.289523833722987
113,4,2005,2020,2021,2022,wheat,38,0.6646334136159797,0.8776013302183832,0.2740839168449758,0.19809346550389337,0.7708421052631579,0.9851535814010772
114,1,2005,2014,2015,2016,ALL,114,1.1116424778888099,1.251476074370268,0.20637970166941044,-1.0545690306446007,1.1329298245614035,1.3605235447391102
114,1,2005,2014,2015,2016,barley,38,0.9316708195836919,1.0238780033207358,-1.6931499912607357,-0.9316708195836919,0.9384736842105265,0.9997013764646236
114,1,2005,2014,2015,2016,maize,38,1.3847014095908716,1.5654800233350177,0.1464024038848274,-1.213481067858244,1.5505263157894733,1.912135482977908
114,1,2005,2014,2015,2016,wheat,38,1.0185552044918662,1.0952274763804022,-2.697881086037097,-1.0185552044918662,0.9097894736842104,0.9473162090875463
114,2,2005,2016,2017,2018,ALL,114,0.8700430696052418,1.2001443691054041,0.29994899266111685,-0.8146800128200598,0.7088947368421055,0.9635267273853719
114,2,2005,2016,2017,2018,barley,38,0.5263357428500527,0.6867352526363253,-0.19913616805045176,-0.4170804058878045,0.5816315789473684,0.7006516515659585
114,2,2005,2016,2017,2018,maize,38,1.6046708719353928,1.8511974072080841,-0.6486781220520395,-1.592366961428994,1.1426842105263155,1.4097880766457884
114,2,2005,2016,2017,2018,wheat,38,0.4791225940302799,0.6500018249349889,-0.7064438199489937,-0.4345926711433813,0.4023684210526317,0.5538376163309584
114,3,2005,2018,2019,2020,ALL,114,0.6984232985345941,0.8576549991603712,0.6611666460043577,-0.6414388043420356,0.6385964912280702,0.8240232069632719
114,3,2005,2018,2019,2020,barley,38,0.723517622445759,0.8225173956146808,-0.564981942906694,-0.72003309325168,0.6510526315789474,0.7400854858161924
114,3,2005,2018,2019,2020,maize,38,0.8824451948467056,1.0873039875580484,0.0438523973709557,-0.8135543903551605,0.9531578947368423,1.151337985951448
114,3,2005,2018,2019,2020,wheat,38,0.4893070783113179,0.5898741097098082,-0.24163968739627273,-0.3907289294192666,0.31157894736842096,0.4046443532678776
114,4,2005,2020,2021,2022,ALL,114,1.2026683999781025,1.6602242252855006,-0.35164231177358585,0.7304722359305934,1.4767719298245612,2.0633381911911752
114,4,2005,2020,2021,2022,barley,38,0.7251724639691804,0.8411805944202627,0.32957271146800726,-0.13795818479437572,0.8475263157894738,0.9902519084077864
114,4,2005,2020,2021,2022,maize,38,2.214214194950304,2.605484128903136,-0.7997620876781981,2.127235677116795,2.8119473684210528,3.289523833722987
114,4,2005,2020,2021,2022,wheat,38,0.668618541014822,0.8791479376527954,0.27152308095624034,0.2021392154693603,0.7708421052631579,0.9851535814010772
115,1,2005,2014,2015,2016,ALL,114,1.108478749091165,1.2287735854841484,0.2349119854767503,-1.0597544611546033,1.1329298245614035,1.3605235447391102
115,1,2005,2014,2015,2016,barley,38,0.9321503922813816,1.0155485538343436,-1.6495096151438973,-0.9321503922813816,0.9384736842105265,0.9997013764646236
115,1,2005,2014,2015,2016,maize,38,1.3700659784517788,1.5206892855201084,0.1945490553189706,-1.2238931146420928,1.5505263157894733,1.912135482977908
115,1,2005,2014,2015,2016,wheat,38,1.0232198765403346,1.0889530774372351,-2.655633203676456,-1.0232198765403346,0.9097894736842104,0.9473162090875463
115,2,2005,2016,2017,2018,ALL,114,0.8886619499273468,1.2270899208645423,0.268161118796711,-0.83308646670559,0.7088947368421055,0.9635267273853719
115,2,2005,2016,2017,2018,barley,38,0.5507159122667815,0.709119294904759,-0.2785815214925704,-0.43275977787218595,0.5816315789473684,0.7006516515659585
115,2,2005,2016,2017,2018,maize,38,1.6283850664841502,1.8905877055934002,-0.7195866584990822,-1.609553038446527,1.1426842105263155,1.4097880766457884
115,2,2005,2016,2017,2018,wheat,38,0.4868848710311087,0.6633829774081533,-0.7774258390665023,-0.4569465837980572,0.4023684210526317,0.5538376163309584
115,3,2005,2018,2019,2020,ALL,114,0.6694475593901518,0.8236769155768913,0.6874822440999802,-0.6109957696680437,0.6385964912280702,0.8240232069632719
115,3,2005,2018,2019,2020,barley,38,0.7161242058402614,0.8115147262143989,-0.5233930077378366,-0.7109515476226805,0.6510526315789474,0.7400854858161924
115,3,2005,2018,2019,2020,maize,38,0.823168636623182,1.0366190198232195,0.13091685977693857,-0.7479790040066369,0.9531578947368423,1.151337985951448
115,3,2005,2018,2019,2020,wheat,38,0.46904983570701203,0.5497234219502575,-0.07836404360493265,-0.37405675737481375,0.31157894736842096,0.4046443532678776
115,4,2005,2020,2021,2022,ALL,114,1.1937390012908402,1.621547724994125,-0.28940026676606645,0.6761864628708154,1.4767719298245612,2.0633381911911752
115,4,2005,2020,2021,2022,barley,38,0.7682656057257401,0.894723588271753,0.24150806551604576,-0.14430766055458466,0.8475263157894738,0.9902519084077864
115,4,2005,2020,2021,2022,maize,38,2.103688158236052,2.497955608651341,-0.6542748509765988,1.9774896355679155,2.8119473684210528,3.289523833722987
115,4,2005,2020,2021,2022,wheat,38,0.7092632399107281,0.9208357894316969,0.20079856760947234,0.19537741359911462,0.7708421052631579,0.9851535814010772
116,1,2005,2014,2015,2016,ALL,114,1.1330726733124048,1.2656372179542033,0.18831758038888813,-1.075740562823781,1.1329298245614035,1.3605235447391102
116,1,2005,2014,2015,2016,barley,38,0.9676597590195504,1.052688430072545,-1.8468449549528647,-0.9676597590195504,0.9384736842105265,0.9997013764646236
116,1,2005,2014,2015,2016,maize,38,1.3891133767680117,1.5668300443530603,0.14492953733338976,-1.2171170453021398,1.5505263157894733,1.912135482977908
116,1,2005,2014,2015,2016,wheat,38,1.0424448841496519,1.11463150131178,-2.830071713536644,-1.0424448841496519,0.9097894736842104,0.9473162090875463
116,2,2005,2016,2017,2018,ALL,114,0.9110992641616287,1.239624178305569,0.25313384747492407,-0.851975310392547,0.7088947368421055,0.9635267273853719
116,2,2005,2016,2017,2018,barley,38,0.5647525739669801,0.7356141861289321,-0.37590994677384937,-0.4501029288141351,0.5816315789473684,0.7006516515659585
116,2,2005,2016,2017,2018,maize,38,1.6611551445408872,1.8888853194221922,-0.7164912373821,-1.6401101815073116,1.1426842105263155,1.4097880766457884
116,2,2005,2016,2017,2018,wheat,38,0.5073900739770186,0.7078052907095729,-1.0234405642360436,-0.4657128208561948,0.4023684210526317,0.5538376163309584
116,3,2005,2018,2019,2020,ALL,114,0.6777341007768062,0.8341975207794573,0.6794478474901178,-0.6125432317298755,0.6385964912280702,0.8240232069632719
116,3,2005,2018,2019,2020,barley,38,0.7011118161050897,0.8053984994438596,-0.500516515108129,-0.6914476530175458,0.6510526315789474,0.7400854858161924
116,3,2005,2018,2019,2020,maize,38,0.8484360263222143,1.047165955828225,0.11314216334875349,-0.7826984586213765,0.9531578947368423,1.151337985951448
116,3,2005,2018,2019,2020,wheat,38,0.48365445990311473,0.5851779465015048,-0.22194825972312748,-0.3634835835507042,0.31157894736842096,0.4046443532678776
116,4,2005,2020,2021,2022,ALL,114,1.1759018665447571,1.5909835722913503,-0.2412511845399603,0.6629941229234663,1.4767719298245612,2.0633381911911752
116,4,2005,2020,2021,2022,barley,38,0.765581501910561,0.8917312558255535,0.24657301452599678,-0.12252396985104204,0.8475263157894738,0.9902519084077864
116,4,2005,2020,2021,2022,maize,38,2.043937579707095,2.434348863577988,-0.571100142955447,1.8897436804520453,2.8119473684210528,3.289523833722987
116,4,2005,2020,2021,2022,wheat,38,0.7181865180166145,0.9340487994120958,0.17769864478892672,0.22176265816939503,0.7708421052631579,0.9851535814010772
117,1,2005,2014,2015,2016,ALL,114,1.045613462548507,1.1732595050116779,0.3024813448427913,-0.9929760815804465,1.1329298245614035,1.3605235447391102
117,1,2005,2014,2015,2016,barley,38,0.8664001008083948,0.9461278622898629,-1.2996607879516606,-0.8664001008083948,0.9384736842105265,0.9997013764646236
117,1,2005,2014,2015,2016,maize,38,1.3640293266898706,1.5085186434416997,0.20739011010123176,-1.2061171837856892,1.5505263157894733,1.912135482977908
117,1,2005,2014,2015,2016,wheat,38,0.9064109601472554,0.9791972063319878,-1.9558651126207804,-0.9064109601472554,0.9097894736842104,0.9473162090875463
117,2,2005,2016,2017,2018,ALL,114,0.8832421047645703,1.2029745440914459,0.29664338542215773,-0.8291963476047182,0.7088947368421055,0.9635267273853719
117,2,2005,2016,2017,2018,barley,38,0.538601017249258,0.6818034565438592,-0.18197479560893504,-0.42861004603536507,0.5816315789473684,0.7006516515659585
117,2,2005,2016,2017,2018,maize,38,1.6569369050076135,1.86950195408841,-0.6814434086104701,-1.6539443944629872,1.1426842105263155,1.4097880766457884
117,2,2005,2016,2017,2018,wheat,38,0.45418839203683953,0.6176971357392949,-0.5410403774153001,-0.4050346023158024,0.4023684210526317,0.5538376163309584
117,3,2005,2018,2019,2020,ALL,114,0.7359711616081105,0.8812665710084071,0.6422534117315379,-0.6830235052108765,0.6385964912280702,0.8240232069632719
117,3,2005,2018,2019,2020,barley,38,0.838433407482348,0.9384087921506524,-1.0370574800480932,-0.8358644056320189,0.6510526315789474,0.7400854858161924
117,3,2005,2018,2019,2020,maize,38,0.8350358807413203,1.0260283748801984,0.14858416775825067,-0.7584826725407652,0.9531578947368423,1.151337985951448
117,3,2005,2018,2019,2020,wheat,38,0.5344441966006631,0.6297197950563412,-0.41504941751765867,-0.4547234374598455,0.31157894736842096,0.4046443532678776
117,4,2005,2020,2021,2022,ALL,114,1.152162321826868,1.6287364734814815,-0.30085811092372183,0.7945079276436254,1.4767719298245612,2.0633381911911752
117,4,2005,2020,2021,2022,barley,38,0.624083013032612,0.7456658054812547,0.4731807346513669,-0.07195798673127825,0.8475263157894738,0.9902519084077864
117,4,2005,2020,2021,2022,maize,38,2.25350971774051,2.595158587226869,-0.7855254281895787,2.185721988176044,2.8119473684210528,3.289523833722987
117,4,2005,2020,2021,2022,wheat,38,0.578894234707481,0.8169956632842735,0.3708830658389082,0.2697597814861097,0.7708421052631579,0.9851535814010772
118,1,2005,2014,2015,2016,ALL,114,1.0776648982365926,1.219431457127123,0.2465013942940355,-1.0252988208804212,1.1329298245614035,1.3605235447391102
118,1,2005,2014,2015,2016,barley,38,0.9102745465228431,1.0025791954496501,-1.5822690645181727,-0.9102745465228431,0.9384736842105265,0.9997013764646236
118,1,2005,2014,2015,2016,maize,38,1.3705661555340414,1.5409354867864067,0.17295900590835978,-1.2134679234655277,1.5505263157894733,1.912135482977908
118,1,2005,2014,2015,2016,wheat,38,0.9521539926528931,1.03990000399433,-2.3337070993589886,-0.9521539926528931,0.9097894736842104,0.9473162090875463
118,2,2005,2016,2017,2018,ALL,114,0.8939452224865294,1.2065328686810952,0.29247626040580044,-0.845567549655312,0.7088947368421055,0.9635267273853719
118,2,2005,2016,2017,2018,barley,38,0.5632070004312616,0.72664527074635,-0.342563145308185,-0.4642928309189646,0.5816315789473684,0.7006516515659585
118,2,2005,2016,2017,2018,maize,38,1.629165557560168,1.843643397389207,-0.6352503585246831,-1.6255858095068683,1.1426842105263155,1.4097880766457884
118,2,2005,2016,2017,2018,wheat,38,0.4894631094681589,0.6634232158951356,-0.7776414704529788,-0.44682400854010335,0.4023684210526317,0.5538376163309584
118,3,2005,2018,2019,2020,ALL,114,0.6930102346654525,0.8398715027014135,0.6750724026209586,-0.6336483371466921,0.6385964912280702,0.8240232069632719
118,3,2005,2018,2019,2020,barley,38,0.7570506999367161,0.8488751413536408,-0.6668893778578999,-0.7532775587784615,0.6510526315789474,0.7400854858161924
118,3,2005,2018,2019,2020,maize,38,0.8263936840860469,1.0205113094896805,0.15771586030350004,-0.7471632360157215,0.9531578947368423,1.151337985951448
118,3,2005,2018,2019,2020,wheat,38,0.49558631997359437,0.5950798977828823,-0.26365196058961216,-0.4005042166458934,0.31157894736842096,0.4046443532678776
118,4,2005,2020,2021,2022,ALL,114,1.1531814091665702,1.6543274454544274,-0.34205784421673857,0.8347607052117063,1.4767719298245612,2.0633381911911752
118,4,2005,2020,2021,2022,barley,38,0.5845469760894776,0.7124429577333662,0.5190793906541024,-0.028668613935771702,0.8475263157894738,0.9902519084077864
118,4,2005,2020,2021,2022,maize,38,2.299710005709999,2.6562327651496194,-0.8705550504227855,2.2378090567337834,2.8119473684210528,3.289523833722987
118,4,2005,2020,2021,2022,wheat,38,0.5752872457002339,0.8045187503551765,0.38995171071292634,0.2951416728371068,0.7708421052631579,0.9851535814010772
119,1,2005,2014,2015,2016,ALL,114,1.11335118201741,1.2266503343639341,0.23755375854801541,-1.0716537881315802,1.1329298245614035,1.3605235447391102
119,1,2005,2014,2015,2016,barley,38,0.9572796791478206,1.0366909501146726,-1.7609766292436766,-0.9572796791478206,0.9384736842105265,0.9997013764646236
119,1,2005,2014,2015,2016,maize,38,1.3754295682907103,1.51023545286952,0.20558498231980304,-1.2503373866332204,1.5505263157894733,1.912135482977908
119,1,2005,2014,2015,2016,wheat,38,1.007344298613699,1.076324244469011,-2.5713344746725357,-1.007344298613699,0.9097894736842104,0.9473162090875463
119,2,2005,2016,2017,2018,ALL,114,0.8823738339072781,1.2002962912204684,0.29977174738318335,-0.8195173333820543,0.7088947368421055,0.9635267273853719
119,2,2005,2016,2017,2018,barley,38,0.5684742566158898,0.725519497413566,-0.3384063688358332,-0.4351028301841334,0.5816315789473684,0.7006516515659585
119,2,2005,2016,2017,2018,maize,38,1.6016627231397127,1.8334614162748677,-0.6172380778897093,-1.592755558616237,1.1426842105263155,1.4097880766457884
119,2,2005,2016,2017,2018,wheat,38,0.4769845219662315,0.6589190041704351,-0.7535853547398088,-0.4306936113457929,0.4023684210526317,0.5538376163309584
119,3,2005,2018,2019,2020,ALL,114,0.6292447879021628,0.76823766223809,0.7281357533459871,-0.5623309174755163,0.6385964912280702,0.8240232069632719
119,3,2005,2018,2019,2020,barley,38,0.7319086890471609,0.8203139244762978,-0.556608202604395,-0.7264999964362695,0.6510526315789474,0.7400854858161924
119,3,2005,2018,2019,2020,maize,38,0.6986689135902807,0.8968579716108646,0.3494655139508065,-0.5933329712717158,0.9531578947368423,1.151337985951448
119,3,2005,2018,2019,2020,wheat,38,0.45715676106904696,0.5415700888264393,-0.04661331647549383,-0.36715978471856375,0.31157894736842096,0.4046443532678776
119,4,2005,2020,2021,2022,ALL,114,1.1619334687684713,1.6146370968862525,-0.27843348694822767,0.7366732103782788,1.4767719298245612,2.0633381911911752
119,4,2005,2020,2021,2022,barley,38,0.6909448934856214,0.812564592624061,0.3744111768692038,-0.1008383821186266,0.8475263157894738,0.9902519084077864
119,4,2005,2020,2021,2022,maize,38,2.161016683578491,2.53208500916608,-0.6997881573931768,2.063112699107119,2.8119473684210528,3.289523833722987
119,4,2005,2020,2021,2022,wheat,38,0.633838829241301,0.8657038483765118,0.29363272766390935,0.24774531414634302,0.7708421052631579,0.9851535814010772
120,1,2005,2014,2015,2016,ALL,114,1.1207374962589196,1.2475263781435153,0.21138117597702044,-1.068835373092116,1.1329298245614035,1.3605235447391102
120,1,2005,2014,2015,2016,barley,38,0.9813221035505595,1.0632957801151097,-1.9045061234701746,-0.9813221035505595,0.9384736842105265,0.9997013764646236
120,1,2005,2014,2015,2016,maize,38,1.3532037679772626,1.523218864681678,0.19186718396392988,-1.1974973984768513,1.5505263157894733,1.912135482977908
120,1,2005,2014,2015,2016,wheat,38,1.0276866172489367,1.1037085515474152,-2.755373135086386,-1.0276866172489367,0.9097894736842104,0.9473162090875463
120,2,2005,2016,2017,2018,ALL,114,0.9273235534366809,1.243282191122656,0.24871948220180018,-0.8601483494775338,0.7088947368421055,0.9635267273853719
120,2,2005,2016,2017,2018,barley,38,0.5957066212202374,0.7709592759599424,-0.5113070027857582,-0.4678918534830997,0.5816315789473684,0.7006516515659585
120,2,2005,2016,2017,2018,maize,38,1.67542226289448,1.8775843527666098,-0.6960135703745958,-1.6633469079670156,1.1426842105263155,1.4097880766457884
120,2,2005,2016,2017,2018,wheat,38,0.5108417761953253,0.7194099063437829,-1.090333932560489,-0.44920628698248616,0.4023684210526317,0.5538376163309584
120,3,2005,2018,2019,2020,ALL,114,0.6767253174698145,0.8213121515980419,0.6892741356655074,-0.6122689332460102,0.6385964912280702,0.8240232069632719
120,3,2005,2018,2019,2020,barley,38,0.758117359562924,0.8527573285581221,-0.6821707159843848,-0.751278607217889,0.6510526315789474,0.7400854858161924
120,3,2005,2018,2019,2020,maize,38,0.7769556090706274,0.9708548094013035,0.23769011452277233,-0.6939543578499243,0.9531578947368423,1.151337985951448
120,3,2005,2018,2019,2020,wheat,38,0.49510298377589185,0.594900688132556,-0.26289097193053435,-0.39157383467021756,0.31157894736842096,0.4046443532678776
120,4,2005,2020,2021,2022,ALL,114,1.1487470019491097,1.5856046055329016,-0.23287226421202756,0.7071738719940186,1.4767719298245612,2.0633381911911752
120,4,2005,2020,2021,2022,barley,38,0.6929138795953048,0.8183191160996158,0.36551905198708257,-0.09562364076313215,0.8475263157894738,0.9902519084077864
120,4,2005,2020,2021,2022,maize,38,2.100983073585912,2.472041796550342,-0.6201299621990728,1.9778907434563882,2.8119473684210528,3.289523833722987
120,4,2005,2020,2021,2022,wheat,38,0.6523440526661121,0.8728052907696796,0.28199641400095,0.23925451328879907,0.7708421052631579,0.9851535814010772
121,1,2005,2014,2015,2016,ALL,114,1.0952570857499775,1.2199842201852853,0.24581812408411385,-1.0387070718564484,1.1329298245614035,1.3605235447391102
121,1,2005,2014,2015,2016,barley,38,0.9086915349960326,0.9927394411805189,-1.5318307427841886,-0.9086915349960326,0.9384736842105265,0.9997013764646236
121,1,2005,2014,2015,2016,maize,38,1.3709418028279352,1.5263077090771628,0.18858633244437484,-1.2012917611473484,1.5505263157894733,1.912135482977908
121,1,2005,2014,2015,2016,wheat,38,1.0061379194259643,1.0723514683346644,-2.545019118751455,-1.0061379194259643,0.9097894736842104,0.9473162090875463
121,2,2005,2016,2017,2018,ALL,114,0.8717819338514095,1.1973539136855573,0.3032005850224996,-0.8105154028273466,0.7088947368421055,0.9635267273853719
121,2,2005,2016,2017,2018,barley,38,0.5330073785781861,0.6795975087420265,-0.17433870444819988,-0.4094701162137483,0.5816315789473684,0.7006516515659585
121,2,2005,2016,2017,2018,maize,38,1.618787438743993,1.8541569173357428,-0.653953820725443,-1.605634365583721,1.1426842105263155,1.4097880766457884
121,2,2005,2016,2017,2018,wheat,38,0.4635509842320494,0.6334181366696171,-0.6204805834605516,-0.4164417266845703,0.4023684210526317,0.5538376163309584
121,3,2005,2018,2019,2020,ALL,114,0.7178607437903421,0.8715711227070045,0.6500817666405001,-0.6687332895345857,0.6385964912280702,0.8240232069632719
121,3,2005,2018,2019,2020,barley,38,0.7708995339744968,0.8738535564650869,-0.7664301292411035,-0.7708995339744968,0.6510526315789474,0.7400854858161924
121,3,2005,2018,2019,2020,maize,38,0.8673418491765075,1.0711727338835626,0.07201277465343303,-0.802202064614547,0.9531578947368423,1.151337985951448
121,3,2005,2018,2019,2020,wheat,38,0.5153408482200221,0.6065291434448788,-0.31274466729718986,-0.4330982700147128,0.31157894736842096,0.4046443532678776
121,4,2005,2020,2021,2022,ALL,114,1.2019504212496575,1.6502123431115694,-0.3353894708044689,0.7298242853398909,1.4767719298245612,2.0633381911911752
121,4,2005,2020,2021,2022,barley,38,0.7360821216984799,0.8558211428256297,0.30603236641033227,-0.12780772711101326,0.8475263157894738,0.9902519084077864
121,4,2005,2020,2021,2022,maize,38,2.1943754602733407,2.576256693529978,-0.759610323609824,2.1033777322267224,2.8119473684210528,3.289523833722987
121,4,2005,2020,2021,2022,wheat,38,0.6753936817771511,0.8944685308091865,0.24591204384514842,0.21390285090396272,0.7708421052631579,0.9851535814010772
122,1,2005,2014,2015,2016,ALL,114,1.1124263500749019,1.2473448762170867,0.2116106307218797,-1.0616569326634993,1.1329298245614035,1.3605235447391102
122,1,2005,2014,2015,2016,barley,38,0.9451708261590254,1.0338769860160897,-1.7460083404910751,-0.9451708261590254,0.9384736842105265,0.9997013764646236
122,1,2005,2014,2015,2016,maize,38,1.3763961611296,1.5523174709375127,0.16069615250184588,-1.224087908895392,1.5505263157894733,1.912135482977908
122,1,2005,2014,2015,2016,wheat,38,1.01571206293608,1.0904203629259264,-2.6654912432337876,-1.01571206293608,0.9097894736842104,0.9473162090875463
122,2,2005,2016,2017,2018,ALL,114,0.8690294288334094,1.1932448133948224,0.30797495561385724,-0.8197999116830659,0.7088947368421055,0.9635267273853719
122,2,2005,2016,2017,2018,barley,38,0.5419530820846559,0.7034578552283837,-0.2582472377443983,-0.44031012409611753,0.5816315789473684,0.7006516515659585
122,2,2005,2016,2017,2018,maize,38,1.5878915244654606,1.8324466231597496,-0.6154483397766339,-1.577938697212621,1.1426842105263155,1.4097880766457884
122,2,2005,2016,2017,2018,wheat,38,0.47724367995011185,0.6471367500527581,-0.6914336643240124,-0.4411509137404593,0.4023684210526317,0.5538376163309584
122,3,2005,2018,2019,2020,ALL,114,0.7266248760725322,0.8884665039548124,0.636383965515713,-0.6732231003778023,0.6385964912280702,0.8240232069632719
122,3,2005,2018,2019,2020,barley,38,0.7511476504175286,0.8543596074414654,-0.6884980465958574,-0.7494661178086932,0.6510526315789474,0.7400854858161924
122,3,2005,2018,2019,2020,maize,38,0.9236736197220654,1.1259596070676197,-0.025341653616493875,-0.8627182087145355,0.9531578947368423,1.151337985951448
122,3,2005,2018,2019,2020,wheat,38,0.505053358078003,0.608607271048955,-0.3217556916412778,-0.40748497461017824,0.31157894736842096,0.4046443532678776
122,4,2005,2020,2021,2022,ALL,114,1.212098360898202,1.6704994886718312,-0.36842493548973,0.7394098917643229,1.4767719298245612,2.0633381911911752
122,4,2005,2020,2021,2022,barley,38,0.7376897781773617,0.85614824877789,0.3055017781516046,-0.12229861410040599,0.8475263157894738,0.9902519084077864
122,4,2005,2020,2021,2022,maize,38,2.220048096807379,2.614623919406521,-0.8124110229027737,2.126143393767507,2.8119473684210528,3.289523833722987
122,4,2005,2020,2021,2022,wheat,38,0.6785572077098646,0.8957999559836894,0.24366543841493993,0.21438489562586727,0.7708421052631579,0.9851535814010772
123,1,2005,2014,2015,2016,ALL,114,1.1347131709048621,1.2484764487522757,0.21017955190294313,-1.0896686604148464,1.1329298245614035,1.3605235447391102
123,1,2005,2014,2015,2016,barley,38,0.9595205941953155,1.0416748669024245,-1.7875873654254035,-0.9595205941953155,0.9384736842105265,0.9997013764646236
123,1,2005,2014,2015,2016,maize,38,1.3995207116478365,1.5382915298610795,0.17579466623582007,-1.2643871801777888,1.5505263157894733,1.912135482977908
123,1,2005,2014,2015,2016,wheat,38,1.0450982068714343,1.1066403978206996,-2.775350873243996,-1.0450982068714343,0.9097894736842104,0.9473162090875463
123,2,2005,2016,2017,2018,ALL,114,0.8911963310576323,1.223968443538321,0.2718796937404073,-0.838535284912377,0.7088947368421055,0.9635267273853719
123,2,2005,2016,2017,2018,barley,38,0.5585677136872945,0.7220809141932159,-0.32574973966029575,-0.44297009116724917,0.5816315789473684,0.7006516515659585
123,2,2005,2016,2017,2018,maize,38,1.6123198955937437,1.8733270474136254,-0.6883310801748597,-1.595835512562802,1.1426842105263155,1.4097880766457884
123,2,2005,2016,2017,2018,wheat,38,0.5027013838918586,0.6808385852162737,-0.8721953580319521,-0.4768002510070801,0.4023684210526317,0.5538376163309584
123,3,2005,2018,2019,2020,ALL,114,0.6848255799946031,0.8406226939531991,0.674490904324796,-0.6260578634027849,0.6385964912280702,0.8240232069632719
123,3,2005,2018,2019,2020,barley,38,0.7272272461339047,0.8216786251403211,-0.5617917578623579,-0.722792857320685,0.6510526315789474,0.7400854858161924
123,3,2005,2018,2019,2020,maize,38,0.8539227299941213,1.066235941199236,0.08054682963466608,-0.7687981158808659,0.9531578947368423,1.151337985951448
123,3,2005,2018,2019,2020,wheat,38,0.47332676385578365,0.5549096281827278,-0.09880704845956045,-0.38658261700680385,0.31157894736842096,0.4046443532678776
123,4,2005,2020,2021,2022,ALL,114,1.1884363127591318,1.618208594780066,-0.2840954060418841,0.6923478628459729,1.4767719298245612,2.0633381911911752
123,4,2005,2020,2021,2022,barley,38,0.7592767735531455,0.887892612284493,0.25304562094679073,-0.12173145394576218,0.8475263157894738,0.9902519084077864
123,4,2005,2020,2021,2022,maize,38,2.1036998783914664,2.4941146917553336,-0.6491914562005554,1.977178787934152,2.8119473684210528,3.289523833722987
123,4,2005,2020,2021,2022,wheat,38,0.7023322863327831,0.9202368076104326,0.20183795257085346,0.2215962545495284,0.7708421052631579,0.9851535814010772
124,1,2005,2014,2015,2016,ALL,114,1.1405889633245634,1.2753159128283025,0.17585577060853796,-1.08330387567219,1.1329298245614035,1.3605235447391102
124,1,2005,2014,2015,2016,barley,38,0.9642221646559864,1.052755184814544,-1.8472060236615557,-0.9642221646559864,0.9384736842105265,0.9997013764646236
124,1,2005,2014,2015,2016,maize,38,1.4208519403558026,1.5922732975027178,0.11693362691600084,-1.2489966773986814,1.5505263157894733,1.912135482977908
124,1,2005,2014,2015,2016,wheat,38,1.0366927849619012,1.111604380814135,-2.809296515737579,-1.0366927849619012,0.9097894736842104,0.9473162090875463
124,2,2005,2016,2017,2018,ALL,114,0.8751728816618,1.2020913309362593,0.2976758025635148,-0.8176392203046564,0.7088947368421055,0.9635267273853719
124,2,2005,2016,2017,2018,barley,38,0.5417073791905453,0.6990371750076786,-0.2424827359640478,-0.43023590389050936,0.5816315789473684,0.7006516515659585
124,2,2005,2016,2017,2018,maize,38,1.6140526430230393,1.851596248685747,-0.649388615759289,-1.595270573465448,1.1426842105263155,1.4097880766457884
124,2,2005,2016,2017,2018,wheat,38,0.4697586227718153,0.6465362043586393,-0.6882958055072537,-0.42741118355801216,0.4023684210526317,0.5538376163309584
124,3,2005,2018,2019,2020,ALL,114,0.6974710409264815,0.8565889729004841,0.6620084315068404,-0.6345066607625861,0.6385964912280702,0.8240232069632719
124,3,2005,2018,2019,2020,barley,38,0.6922935285066303,0.797944283950286,-0.47286954948725524,-0.6848799866124202,0.6510526315789474,0.7400854858161924
124,3,2005,2018,2019,2020,maize,38,0.9133904703039875,1.1034334692893848,0.015274272751618412,-0.8511754743676437,0.9531578947368423,1.151337985951448
124,3,2005,2018,2019,2020,wheat,38,0.4867291239688271,0.5890275919234825,-0.23807853468127105,-0.36746452130769436,0.31157894736842096,0.4046443532678776
124,4,2005,2020,2021,2022,ALL,114,1.1751145414720505,1.5905196658959877,-0.24052743047736302,0.6550560056117544,1.4767719298245612,2.0633381911911752
124,4,2005,2020,2021,2022,barley,38,0.7614008572227076,0.8878369808591848,0.25313921973198794,-0.13951123087029704,0.8475263157894738,0.9902519084077864
124,4,2005,2020,2021,2022,maize,38,2.0465119482341563,2.439229034836816,-0.577405667347231,1.9043201908312344,2.8119473684210528,3.289523833722987
124,4,2005,2020,2021,2022,wheat,38,0.7174308189592864,0.9225863828572128,0.19775696849698776,0.20035905687432534,0.7708421052631579,0.9851535814010772
125,1,2005,2014,2015,2016,ALL,114,1.0630597274345264,1.1869713621142066,0.28608230469293283,-1.0129607597986856,1.1329298245614035,1.3605235447391102
125,1,2005,2014,2015,2016,barley,38,0.8948656855131449,0.9759943187173952,-1.4471393192994975,-0.8948656855131449,0.9384736842105265,0.9997013764646236
125,1,2005,2014,2015,2016,maize,38,1.35091487432781,1.496241175687658,0.2202393278353897,-1.2006179714202878,1.5505263157894733,1.912135482977908
125,1,2005,2014,2015,2016,wheat,38,0.9433986224626241,1.0175463023597244,-2.191924726561113,-0.9433986224626241,0.9097894736842104,0.9473162090875463
125,2,2005,2016,2017,2018,ALL,114,0.8840638776411092,1.1950037237118143,0.305933283871923,-0.8240390044764468,0.7088947368421055,0.9635267273853719
125,2,2005,2016,2017,2018,barley,38,0.5616002599816574,0.7124898638906559,-0.29076505470640357,-0.4400426247245387,0.5816315789473684,0.7006516515659585
125,2,2005,2016,2017,2018,maize,38,1.623540981192338,1.834126643056978,-0.6184118416158175,-1.623540981192338,1.1426842105263155,1.4097880766457884
125,2,2005,2016,2017,2018,wheat,38,0.46705039174933194,0.6422144113432227,-0.665800303358453,-0.408533407512464,0.4023684210526317,0.5538376163309584
125,3,2005,2018,2019,2020,ALL,114,0.6974283510341979,0.8430275382261552,0.6726258145499042,-0.6466389352396914,0.6385964912280702,0.8240232069632719
125,3,2005,2018,2019,2020,barley,38,0.7930684338117899,0.8923784124907651,-0.842117205684676,-0.7930684338117899,0.6510526315789474,0.7400854858161924
125,3,2005,2018,2019,2020,maize,38,0.7866996132700068,0.9834216274313877,0.21782759664718832,-0.7109338388944928,0.9531578947368423,1.151337985951448
125,3,2005,2018,2019,2020,wheat,38,0.512517006020797,0.6071482209836556,-0.3154258426327887,-0.43591453301279176,0.31157894736842096,0.4046443532678776
125,4,2005,2020,2021,2022,ALL,114,1.1591742716337508,1.6400826847539083,-0.31904548695006296,0.8218098874677692,1.4767719298245612,2.0633381911911752
125,4,2005,2020,2021,2022,barley,38,0.6344313957816676,0.7584662921485291,0.45493818010867015,-0.029530986484728322,0.8475263157894738,0.9902519084077864
125,4,2005,2020,2021,2022,maize,38,2.2503540972659457,2.6027743273004575,-0.7960203937606054,2.1893438801012537,2.8119473684210528,3.289523833722987
125,4,2005,2020,2021,2022,wheat,38,0.5927373218536378,0.8484741146958318,0.32146997865223925,0.3056167687867817,0.7708421052631579,0.9851535814010772
126,1,2005,2014,2015,2016,ALL,114,1.0739741869976647,1.2091308294179877,0.25917734676826365,-1.0268956983298587,1.1329298245614035,1.3605235447391102
126,1,2005,2014,2015,2016,barley,38,0.9340385231218838,1.0172747707083227,-1.6585244776760373,-0.9340385231218838,0.9384736842105265,0.9997013764646236
126,1,2005,2014,2015,2016,maize,38,1.3412590975510446,1.5106480599132606,0.20515084338152745,-1.2000236315476265,1.5505263157894733,1.912135482977908
126,1,2005,2014,2015,2016,wheat,38,0.9466249403200652,1.0339664249421856,-2.295771950343886,-0.9466249403200652,0.9097894736842104,0.9473162090875463
126,2,2005,2016,2017,2018,ALL,114,0.8947888848656103,1.1989425443786605,0.30135035298734436,-0.8546473552469623,0.7088947368421055,0.9635267273853719
126,2,2005,2016,2017,2018,barley,38,0.5749969685705085,0.7355345720525867,-0.37561213883630296,-0.48590832986329735,0.5816315789473684,0.7006516515659585
126,2,2005,2016,2017,2018,maize,38,1.6106531394155403,1.8224531158692412,-0.5978762339634387,-1.6106531394155403,1.1426842105263155,1.4097880766457884
126,2,2005,2016,2017,2018,wheat,38,0.498716546610782,0.670852597772,-0.8176784345570327,-0.46738059646204905,0.4023684210526317,0.5538376163309584
126,3,2005,2018,2019,2020,ALL,114,0.7148393688703838,0.8620512392606189,0.6576841022786233,-0.6543296577219379,0.6385964912280702,0.8240232069632719
126,3,2005,2018,2019,2020,barley,38,0.7795005635211342,0.8796785487493721,-0.7900581978730017,-0.777209858894348,0.6510526315789474,0.7400854858161924
126,3,2005,2018,2019,2020,maize,38,0.8565947909104197,1.037097892321535,0.1301137177641175,-0.7748941777881825,0.9531578947368423,1.151337985951448
126,3,2005,2018,2019,2020,wheat,38,0.5084227521795976,0.6164338001316396,-0.35596913369296734,-0.41088493648328295,0.31157894736842096,0.4046443532678776
126,4,2005,2020,2021,2022,ALL,114,1.169355414541144,1.6580701293621805,-0.3481371486642737,0.8305575655217756,1.4767719298245612,2.0633381911911752
126,4,2005,2020,2021,2022,barley,38,0.6127305492601897,0.7382679480286598,0.48358217936225933,-0.04115101864463401,0.8475263157894738,0.9902519084077864
126,4,2005,2020,2021,2022,maize,38,2.3024113770535117,2.6496607320248984,-0.8613102719886674,2.2570390585849154,2.8119473684210528,3.289523833722987
126,4,2005,2020,2021,2022,wheat,38,0.592924317309731,0.8257409422622728,0.3573426040524952,0.275784656625045,0.7708421052631579,0.9851535814010772
127,1,2005,2014,2015,2016,ALL,114,1.12857544857159,1.238432714760371,0.2228363190212702,-1.0935214649166978,1.1329298245614035,1.3605235447391102
127,1,2005,2014,2015,2016,barley,38,0.9719183038410386,1.0520569807458167,-1.8434306509155696,-0.9719183038410386,0.9384736842105265,0.9997013764646236
127,1,2005,2014,2015,2016,maize,38,1.395776235178897,1.5226713524033644,0.19244803695783264,-1.2906142842142203,1.5505263157894733,1.912135482977908
127,1,2005,2014,2015,2016,wheat,38,1.018031806694834,1.0843407346403318,-2.6247313664257055,-1.018031806694834,0.9097894736842104,0.9473162090875463
127,2,2005,2016,2017,2018,ALL,114,0.8854299063431591,1.1987712156565868,0.3015500125945435,-0.8302591946250514,0.7088947368421055,0.9635267273853719
127,2,2005,2016,2017,2018,barley,38,0.5716627035642926,0.7328010252755888,-0.36540646566783086,-0.4495978892476935,0.5816315789473684,0.7006516515659585
127,2,2005,2016,2017,2018,maize,38,1.5930268699244452,1.8226674227488595,-0.5982520526889636,-1.588139423571135,1.1426842105263155,1.4097880766457884
127,2,2005,2016,2017,2018,wheat,38,0.49160014554073933,0.6723417329493901,-0.8257570291771799,-0.4530402710563259,0.4023684210526317,0.5538376163309584
127,3,2005,2018,2019,2020,ALL,114,0.6442618142512807,0.7840389918015023,0.7168371785524847,-0.572572193814997,0.6385964912280702,0.8240232069632719
127,3,2005,2018,2019,2020,barley,38,0.7382311419436806,0.825803921993912,-0.577513301140774,-0.7313135106940017,0.6510526315789474,0.7400854858161924
127,3,2005,2018,2019,2020,maize,38,0.7375886510547839,0.9326301514641486,0.29653599109587714,-0.620846287074842,0.9531578947368423,1.151337985951448
127,3,2005,2018,2019,2020,wheat,38,0.4569656497553776,0.5407405153997433,-0.043409381733955366,-0.3655567836761475,0.31157894736842096,0.4046443532678776
127,4,2005,2020,2021,2022,ALL,114,1.1626211109496003,1.6217084094020704,-0.28965582111166777,0.7690009334631134,1.4767719298245612,2.0633381911911752
127,4,2005,2020,2021,2022,barley,38,0.6793508238541452,0.8057192885534831,0.3849071001005704,-0.06915237727918118,0.8475263157894738,0.9902519084077864
127,4,2005,2020,2021,2022,maize,38,2.1823690519834815,2.547274090242865,-0.7202421762914424,2.1007547514062175,2.8119473684210528,3.289523833722987
127,4,2005,2020,2021,2022,wheat,38,0.6261434570111727,0.8671941147208233,0.29119868179718966,0.2754004262623034,0.7708421052631579,0.9851535814010772
128,1,2005,2014,2015,2016,ALL,114,1.0983339946311816,1.2277950263780126,0.23613008739163954,-1.0424474703638176,1.1329298245614035,1.3605235447391102
128,1,2005,2014,2015,2016,barley,38,0.948947740354036,1.0340734091394088,-1.7470518510435475,-0.948947740354036,0.9384736842105265,0.9997013764646236
128,1,2005,2014,2015,2016,maize,38,1.3564500439794438,1.5215790266771443,0.19360625587556468,-1.1887904711773518,1.5505263157894733,1.912135482977908
128,1,2005,2014,2015,2016,wheat,38,0.9896041995600651,1.0667386420688014,-2.5080060614384063,-0.9896041995600651,0.9097894736842104,0.9473162090875463
128,2,2005,2016,2017,2018,ALL,114,0.8894621772933425,1.1973206878781835,0.3032392559645708,-0.8306636048199838,0.7088947368421055,0.9635267273853719
128,2,2005,2016,2017,2018,barley,38,0.5773647160279124,0.7392721212862132,-0.38962774355582996,-0.46577847355290464,0.5816315789473684,0.7006516515659585
128,2,2005,2016,2017,2018,maize,38,1.6096152591705324,1.8206880473197273,-0.5947826067149662,-1.598696259448403,1.1426842105263155,1.4097880766457884
128,2,2005,2016,2017,2018,wheat,38,0.4814065566815828,0.6627988034836211,-0.7742968210201056,-0.4275160814586437,0.4023684210526317,0.5538376163309584
128,3,2005,2018,2019,2020,ALL,114,0.6815930932864809,0.8278779275541198,0.6842862363222927,-0.616140221461915,0.6385964912280702,0.8240232069632719
128,3,2005,2018,2019,2020,barley,38,0.7402095204905459,0.8384085919098591,-0.626037615537141,-0.733509904208936,0.6510526315789474,0.7400854858161924
128,3,2005,2018,2019,2020,maize,38,0.8165397990377327,1.0015600697317,0.18870839436126574,-0.7348510998173765,0.9531578947368423,1.151337985951448
128,3,2005,2018,2019,2020,wheat,38,0.488029960331164,0.5916874584818184,-0.24928534095198085,-0.38005966035943295,0.31157894736842096,0.4046443532678776
128,4,2005,2020,2021,2022,ALL,114,1.1439414886006138,1.5761411536579717,-0.218199740911041,0.6840296937708269,1.4767719298245612,2.0633381911911752
128,4,2005,2020,2021,2022,barley,38,0.6874309840955233,0.8162552501646146,0.3687154390158982,-0.12677646636962886,0.8475263157894738,0.9902519084077864
128,4,2005,2020,2021,2022,maize,38,2.0858326520417863,2.458731342212904,-0.602730086879931,1.98043010209736,2.8119473684210528,3.289523833722987
128,4,2005,2020,2021,2022,wheat,38,0.6585608296645316,0.8608312042215243,0.3015619750779889,0.19843544558474888,0.7708421052631579,0.9851535814010772
129,1,2005,2014,2015,2016,ALL,114,1.093614252073723,1.2195861654144307,0.24631019064281856,-1.0529675228553907,1.1329298245614035,1.3605235447391102
129,1,2005,2014,2015,2016,barley,38,0.9181585783707467,1.0085196699969607,-1.6129606042220632,-0.9181585783707467,0.9384736842105265,0.9997013764646236
129,1,2005,2014,2015,2016,maize,38,1.3705214708729792,1.513971672344089,0.2016494631215079,-1.2485812832179821,1.5505263157894733,1.912135482977908
129,1,2005,2014,2015,2016,wheat,38,0.9921627069774427,1.073754671784802,-2.5543027123651556,-0.9921627069774427,0.9097894736842104,0.9473162090875463
129,2,2005,2016,2017,2018,ALL,114,0.8026105662396079,1.118342035208383,0.3921281957898165,-0.7510532696205273,0.7088947368421055,0.9635267273853719
129,2,2005,2016,2017,2018,barley,38,0.4737752565584685,0.5958197084921639,0.09734966462834005,-0.3749215449784931,0.5816315789473684,0.7006516515659585
129,2,2005,2016,2017,2018,maize,38,1.5275906758559379,1.762993815388124,-0.49531257578129617,-1.5120910368467635,1.1426842105263155,1.4097880766457884
129,2,2005,2016,2017,2018,wheat,38,0.4064657663044177,0.537511306874213,-0.1669118539839205,-0.36614722703632563,0.4023684210526317,0.5538376163309584
129,3,2005,2018,2019,2020,ALL,114,0.6743537698712266,0.8191742162139664,0.6908897143289363,-0.594600882613868,0.6385964912280702,0.8240232069632719
129,3,2005,2018,2019,2020,barley,38,0.7107607625660142,0.8158002843688488,-0.5395253776130899,-0.7107607625660142,0.6510526315789474,0.7400854858161924
129,3,2005,2018,2019,2020,maize,38,0.8110616312528912,1.0037817154998572,0.18510521238881272,-0.6746555910612408,0.9531578947368423,1.151337985951448
129,3,2005,2018,2019,2020,wheat,38,0.5012389157947743,0.5831220739958034,-0.21337733898484035,-0.3983862942143492,0.31157894736842096,0.4046443532678776
129,4,2005,2020,2021,2022,ALL,114,1.2080836905094618,1.6619931693315562,-0.3545241555147636,0.7703321038630971,1.4767719298245612,2.0633381911911752
129,4,2005,2020,2021,2022,barley,38,0.7349465355120207,0.8647285843572114,0.291511470838308,-0.0866218210521497,0.8475263157894738,0.9902519084077864
129,4,2005,2020,2021,2022,maize,38,2.218218823985049,2.591236342118135,-0.7801323272465794,2.1497453774903943,2.8119473684210528,3.289523833722987
129,4,2005,2020,2021,2022,wheat,38,0.6710857120313144,0.9079661774515894,0.222981757974828,0.24787275515104593,0.7708421052631579,0.9851535814010772
130,1,2005,2014,2015,2016,ALL,114,1.0833366754598783,1.2222105284632412,0.24306305014340157,-1.0268497044580023,1.1329298245614035,1.3605235447391102
130,1,2005,2014,2015,2016,barley,38,0.9079866943861308,0.9892544326721395,-1.514085977207014,-0.9079866943861308,0.9384736842105265,0.9997013764646236
130,1,2005,2014,2015,2016,maize,38,1.3791769813236436,1.5589402518717288,0.1535192920683055,-1.2097160683180155,1.5505263157894733,1.912135482977908
130,1,2005,2014,2015,2016,wheat,38,0.9628463506698609,1.0356045027865697,-2.3062229812374193,-0.9628463506698609,0.9097894736842104,0.9473162090875463
130,2,2005,2016,2017,2018,ALL,114,0.8237780422913402,1.1539224403623787,0.35283363226405917,-0.7788040796079134,0.7088947368421055,0.9635267273853719
130,2,2005,2016,2017,2018,barley,38,0.4667387191872849,0.6202933133686425,0.021673049018181234,-0.3920407769554539,0.5816315789473684,0.7006516515659585
130,2,2005,2016,2017,2018,maize,38,1.5919370736573872,1.8239268990263822,-0.6004616231304245,-1.580234705774408,1.1426842105263155,1.4097880766457884
130,2,2005,2016,2017,2018,wheat,38,0.4126583340293483,0.5321070075781356,-0.14356485490558657,-0.3641367560938786,0.4023684210526317,0.5538376163309584
130,3,2005,2018,2019,2020,ALL,114,0.6834159462075484,0.8417745995311635,0.673598202648575,-0.602054648399353,0.6385964912280702,0.8240232069632719
130,3,2005,2018,2019,2020,barley,38,0.6760855260648225,0.792214227714425,-0.4517920809370435,-0.6719040617189908,0.6510526315789474,0.7400854858161924
130,3,2005,2018,2019,2020,maize,38,0.882059231808311,1.0769853716719862,0.06191414414497032,-0.7647611246610944,0.9531578947368423,1.151337985951448
130,3,2005,2018,2019,2020,wheat,38,0.49210308074951187,0.5815948382327193,-0.20702982914128798,-0.36949875881797395,0.31157894736842096,0.4046443532678776
130,4,2005,2020,2021,2022,ALL,114,1.1633017590171413,1.6191969093750116,-0.28566439755650874,0.7330004892851177,1.4767719298245612,2.0633381911911752
130,4,2005,2020,2021,2022,barley,38,0.7144951905702289,0.8403669547018447,0.33086903822721836,-0.06861973762512204,0.8475263157894738,0.9902519084077864
130,4,2005,2020,2021,2022,maize,38,2.098879273565192,2.518815753556221,-0.6820195402034683,2.0159793537541435,2.8119473684210528,3.289523833722987
130,4,2005,2020,2021,2022,wheat,38,0.6765308129160029,0.902633078870325,0.2320828566310449,0.2516418517263312,0.7708421052631579,0.9851535814010772
131,1,2005,2014,2015,2016,ALL,114,1.0575243779232626,1.1876004055803266,0.28532541320625104,-1.0144779991685298,1.1329298245614035,1.3605235447391102
131,1,2005,2014,2015,2016,barley,38,0.8841206432643692,0.9805243423413107,-1.4699085615201755,-0.8841206432643692,0.9384736842105265,0.9997013764646236
131,1,2005,2014,2015,2016,maize,38,1.3643447042766368,1.5078802950564885,0.20806077359436004,-1.235205568012438,1.5505263157894733,1.912135482977908
131,1,2005,2014,2015,2016,wheat,38,0.9241077862287823,0.9980246489241469,-2.070625238117064,-0.9241077862287823,0.9097894736842104,0.9473162090875463
131,2,2005,2016,2017,2018,ALL,114,0.8038278390650163,1.1158027212553019,0.3948855363487862,-0.7567247937854967,0.7088947368421055,0.9635267273853719
131,2,2005,2016,2017,2018,barley,38,0.4773988738812899,0.6125644322559808,0.04590115213824908,-0.3923515555733128,0.5816315789473684,0.7006516515659585
131,2,2005,2016,2017,2018,maize,38,1.5047139739990236,1.7484112422274138,-0.47067797648306353,-1.4775419134842724,1.1426842105263155,1.4097880766457884
131,2,2005,2016,2017,2018,wheat,38,0.4293706693147358,0.5503363359527602,-0.22326125143549813,-0.4002809122989053,0.4023684210526317,0.5538376163309584
131,3,2005,2018,2019,2020,ALL,114,0.6514482875455889,0.8010593062822534,0.7044096523413941,-0.5830766884485881,0.6385964912280702,0.8240232069632719
131,3,2005,2018,2019,2020,barley,38,0.7119510085959183,0.807016527190584,-0.506551580069035,-0.7116917557465401,0.6510526315789474,0.7400854858161924
131,3,2005,2018,2019,2020,maize,38,0.7823006911026805,0.9894177628679062,0.2082603682188049,-0.6650956585532741,0.9531578947368423,1.151337985951448
131,3,2005,2018,2019,2020,wheat,38,0.46009316293816827,0.543014596403202,-0.052203939488979056,-0.37244265104594987,0.31157894736842096,0.4046443532678776
131,4,2005,2020,2021,2022,ALL,114,1.2016550179531702,1.6593279797540545,-0.3501833806422219,0.7657152284655655,1.4767719298245612,2.0633381911911752
131,4,2005,2020,2021,2022,barley,38,0.7367918074758429,0.858833222060571,0.30113890492778017,-0.05338010988737404,0.8475263157894738,0.9902519084077864
131,4,2005,2020,2021,2022,maize,38,2.193134430333187,2.586738645040575,-0.7739580178930252,2.077687289589329,2.8119473684210528,3.289523833722987
131,4,2005,2020,2021,2022,wheat,38,0.6750388160504793,0.9117547434056605,0.2164838805719087,0.27283850569474066,0.7708421052631579,0.9851535814010772
132,1,2005,2014,2015,2016,ALL,114,1.080291200186077,1.2270796365731504,0.2370199843757388,-1.0198955699017171,1.1329298245614035,1.3605235447391102
132,1,2005,2014,2015,2016,barley,38,0.9360335407759013,1.0312922306162435,-1.73229512786307,-0.9360335407759013,0.9384736842105265,0.9997013764646236
132,1,2005,2014,2015,2016,maize,38,1.3409622413233706,1.5427711304639398,0.17098740250688782,-1.1597753504702917,1.5505263157894733,1.912135482977908
132,1,2005,2014,2015,2016,wheat,38,0.9638778184589587,1.0360824665802801,-2.309275535650191,-0.9638778184589587,0.9097894736842104,0.9473162090875463
132,2,2005,2016,2017,2018,ALL,114,0.8096906526465165,1.1377865243623675,0.3708064342370071,-0.75645005192673,0.7088947368421055,0.9635267273853719
132,2,2005,2016,2017,2018,barley,38,0.4789118661378559,0.6403010071297527,-0.04245709216594973,-0.38818507796839663,0.5816315789473684,0.7006516515659585
132,2,2005,2016,2017,2018,maize,38,1.5208477236095228,1.7745282222165386,-0.5149427804450124,-1.4952449070779903,1.1426842105263155,1.4097880766457884
132,2,2005,2016,2017,2018,wheat,38,0.4293123681921709,0.56985852093956,-0.3115864944562736,-0.38592017073380325,0.4023684210526317,0.5538376163309584
132,3,2005,2018,2019,2020,ALL,114,0.6892346307687591,0.8383230726523835,0.6762694044432314,-0.6047882470749972,0.6385964912280702,0.8240232069632719
132,3,2005,2018,2019,2020,barley,38,0.706145315421255,0.8181976096417749,-0.5485868256381603,-0.6983035235655933,0.6510526315789474,0.7400854858161924
132,3,2005,2018,2019,2020,maize,38,0.8489892447622198,1.0407202185334832,0.12402651084339478,-0.7040806348700274,0.9531578947368423,1.151337985951448
132,3,2005,2018,2019,2020,wheat,38,0.5125693321228029,0.5964988019569737,-0.26968522992867006,-0.41198058278937094,0.31157894736842096,0.4046443532678776
132,4,2005,2020,2021,2022,ALL,114,1.1865957390634636,1.633586250574482,-0.30861659698748856,0.7414308029308654,1.4767719298245612,2.0633381911911752
132,4,2005,2020,2021,2022,barley,38,0.7269008370449669,0.8603379206270237,0.29868791338540235,-0.06038870008368238,0.8475263157894738,0.9902519084077864
132,4,2005,2020,2021,2022,maize,38,2.1423472936529855,2.5322416572096964,-0.6999984794991381,2.0221303648697697,2.8119473684210528,3.289523833722987
132,4,2005,2020,2021,2022,wheat,38,0.6905390864924381,0.923787294793039,0.19566708231593288,0.26255074400650824,0.7708421052631579,0.9851535814010772
133,1,2005,2014,2015,2016,ALL,114,1.0834550503680582,1.207516858088185,0.26115375576265465,-1.04604434506935,1.1329298245614035,1.3605235447391102
133,1,2005,2014,2015,2016,barley,38,0.9197668999119808,1.0093527287592767,-1.6172791094779821,-0.9197668999119808,0.9384736842105265,0.9997013764646236
133,1,2005,2014,2015,2016,maize,38,1.3680003075850633,1.4999492380949684,0.21636965215426207,-1.255768191688939,1.5505263157894733,1.912135482977908
133,1,2005,2014,2015,2016,wheat,38,0.9625979436071296,1.0514990441203504,-2.4084901602582356,-0.9625979436071296,0.9097894736842104,0.9473162090875463
133,2,2005,2016,2017,2018,ALL,114,0.8172779133445338,1.1269406465694942,0.38274475651021145,-0.7748380095498604,0.7088947368421055,0.9635267273853719
133,2,2005,2016,2017,2018,barley,38,0.487966702109889,0.615675324245281,0.03618581441956692,-0.4043401075664319,0.5816315789473684,0.7006516515659585
133,2,2005,2016,2017,2018,maize,38,1.543306676463077,1.7663500074398062,-0.5010112152467776,-1.534404455988031,1.1426842105263155,1.4097880766457884
133,2,2005,2016,2017,2018,wheat,38,0.4205603614606356,0.5576174396521997,-0.25584354866430314,-0.3857694650951185,0.4023684210526317,0.5538376163309584
133,3,2005,2018,2019,2020,ALL,114,0.6647548768394872,0.7974760518362357,0.707048174849068,-0.5723902490682768,0.6385964912280702,0.8240232069632719
133,3,2005,2018,2019,2020,barley,38,0.7198825130964579,0.8204176824164385,-0.5570020047093376,-0.7198825130964579,0.6510526315789474,0.7400854858161924
133,3,2005,2018,2019,2020,maize,38,0.7712764468945955,0.9470213713543144,0.274658479190369,-0.6020011179070724,0.9531578947368423,1.151337985951448
133,3,2005,2018,2019,2020,wheat,38,0.5031056705274082,0.5813514499281522,-0.20601979447849494,-0.3952871162013005,0.31157894736842096,0.4046443532678776
133,4,2005,2020,2021,2022,ALL,114,1.1871731699558727,1.6669026865943664,-0.3625384866977963,0.8551434441616661,1.4767719298245612,2.0633381911911752
133,4,2005,2020,2021,2022,barley,38,0.6716085820449026,0.8089570981583121,0.3799536248897738,0.007357638007716167,0.8475263157894738,0.9902519084077864
133,4,2005,2020,2021,2022,maize,38,2.2775180671089568,2.6289333466528038,-0.8323033916540186,2.236385409204583,2.8119473684210528,3.289523833722987
133,4,2005,2020,2021,2022,wheat,38,0.6123928607137581,0.8774916363833442,0.27426537405075013,0.32168728527269863,0.7708421052631579,0.9851535814010772
134,1,2005,2014,2015,2016,ALL,114,1.063403259327537,1.2000878937102883,0.2702169467614205,-1.0072695242731196,1.1329298245614035,1.3605235447391102
134,1,2005,2014,2015,2016,barley,38,0.9004527990441572,0.9788030067080913,-1.4612441977932842,-0.9004527990441572,0.9384736842105265,0.9997013764646236
134,1,2005,2014,2015,2016,maize,38,1.3678659082713878,1.5393869526855695,0.17462040923750544,-1.199464703108135,1.5505263157894733,1.912135482977908
134,1,2005,2014,2015,2016,wheat,38,0.9218910706670661,0.9964262852066007,-2.060797733661475,-0.9218910706670661,0.9097894736842104,0.9473162090875463
134,2,2005,2016,2017,2018,ALL,114,0.8413044421714648,1.169029345246645,0.3357775849589896,-0.8011567206968341,0.7088947368421055,0.9635267273853719
134,2,2005,2016,2017,2018,barley,38,0.47552205964138644,0.6337674425203617,-0.021291385654323536,-0.4119551279670313,0.5816315789473684,0.7006516515659585
134,2,2005,2016,2017,2018,maize,38,1.6238468029624538,1.8450244340339013,-0.6377011432161666,-1.6165564336274802,1.1426842105263155,1.4097880766457884
134,2,2005,2016,2017,2018,wheat,38,0.42454446391055467,0.5423213961872438,-0.18789025869089704,-0.374958600495991,0.4023684210526317,0.5538376163309584
134,3,2005,2018,2019,2020,ALL,114,0.6599924687335366,0.8093332999312074,0.698271921221731,-0.5653383754429064,0.6385964912280702,0.8240232069632719
134,3,2005,2018,2019,2020,barley,38,0.6629246071765297,0.7797409360448775,-0.40643549260853695,-0.6611915259612232,0.6510526315789474,0.7400854858161924
134,3,2005,2018,2019,2020,maize,38,0.8332955174697073,1.0157341639019233,0.16558308560754864,-0.7000893447273657,0.9531578947368423,1.151337985951448
134,3,2005,2018,2019,2020,wheat,38,0.4837572815543728,0.570394032289024,-0.1609856778293528,-0.3347342556401303,0.31157894736842096,0.4046443532678776
134,4,2005,2020,2021,2022,ALL,114,1.1313194306691488,1.6170030346084483,-0.2821828248884324,0.827641869427865,1.4767719298245612,2.0633381911911752
134,4,2005,2020,2021,2022,barley,38,0.6063027467225727,0.7527971046373446,0.4630559021813434,0.029304770921406032,0.8475263157894738,0.9902519084077864
134,4,2005,2020,2021,2022,maize,38,2.1725683292589686,2.5546218780745575,-0.7301808044259197,2.126854972839355,2.8119473684210528,3.289523833722987
134,4,2005,2020,2021,2022,wheat,38,0.6150872160259047,0.866775646353336,0.2918825871881676,0.32676586452283357,0.7708421052631579,0.9851535814010772
135,1,2005,2014,2015,2016,ALL,114,1.0562005839431494,1.1838454366930315,0.28983760154280225,-1.0183476247285541,1.1329298245614035,1.3605235447391102
135,1,2005,2014,2015,2016,barley,38,0.9003152817174007,0.9929417569296339,-1.5328627989453403,-0.9003152817174007,0.9384736842105265,0.9997013764646236
135,1,2005,2014,2015,2016,maize,38,1.3750595429069115,1.5091981879464464,0.20667585308828318,-1.2615006652631255,1.5505263157894733,1.912135482977908
135,1,2005,2014,2015,2016,wheat,38,0.893226927205136,0.969978118712684,-1.9004685104248935,-0.893226927205136,0.9097894736842104,0.9473162090875463
135,2,2005,2016,2017,2018,ALL,114,0.792614947620191,1.0926257916967874,0.41976276212679464,-0.74215329228786,0.7088947368421055,0.9635267273853719
135,2,2005,2016,2017,2018,barley,38,0.48581825582604665,0.6172781376125467,0.031161006573161787,-0.3919892534456755,0.5816315789473684,0.7006516515659585
135,2,2005,2016,2017,2018,maize,38,1.4808676990709808,1.7062557415929138,-0.400614634514735,-1.45918742230064,1.1426842105263155,1.4097880766457884
135,2,2005,2016,2017,2018,wheat,38,0.41115888796354605,0.5377289346407689,-0.1678569646354522,-0.37528320111726465,0.4023684210526317,0.5538376163309584
135,3,2005,2018,2019,2020,ALL,114,0.6277630287304259,0.763990870196075,0.7311331584887047,-0.5473322660881176,0.6385964912280702,0.8240232069632719
135,3,2005,2018,2019,2020,barley,38,0.7107491678940621,0.796586936838693,-0.467862947150701,-0.7107491678940621,0.6510526315789474,0.7400854858161924
135,3,2005,2018,2019,2020,maize,38,0.7269490553203383,0.9155831216164101,0.3220174204322792,-0.5804408756055331,0.9531578947368423,1.151337985951448
135,3,2005,2018,2019,2020,wheat,38,0.44559086297687733,0.5274494750191393,0.0072528593884685355,-0.3508067547647577,0.31157894736842096,0.4046443532678776
135,4,2005,2020,2021,2022,ALL,114,1.1757031641508404,1.6549329381577909,-0.3430404247131378,0.8018100069280256,1.4767719298245612,2.0633381911911752
135,4,2005,2020,2021,2022,barley,38,0.6817762435109992,0.8088016020648835,0.3801919700948929,-0.006815706554212031,0.8475263157894738,0.9902519084077864
135,4,2005,2020,2021,2022,maize,38,2.2118261226854825,2.6053527758598274,-0.7995806256107254,2.1136809409292114,2.8119473684210528,3.289523833722987
135,4,2005,2020,2021,2022,wheat,38,0.6335071262560393,0.8799920290636181,0.2701235524473563,0.29856478640907685,0.7708421052631579,0.9851535814010772
136,1,2005,2014,2015,2016,ALL,114,1.0472509171669944,1.1914573121436383,0.2806758542267648,-0.986740377493072,1.1329298245614035,1.3605235447391102
136,1,2005,2014,2015,2016,barley,38,0.9342241759049263,1.0274158592484037,-1.7117936927026456,-0.9342241759049263,0.9384736842105265,0.9997013764646236
136,1,2005,2014,2015,2016,maize,38,1.3011599347465914,1.4954449925871822,0.22106896292413225,-1.1196283157248244,1.5505263157894733,1.912135482977908
136,1,2005,2014,2015,2016,wheat,38,0.9063686408494649,0.9832459032675479,-1.9803589384140672,-0.9063686408494649,0.9097894736842104,0.9473162090875463
136,2,2005,2016,2017,2018,ALL,114,0.8162051780600297,1.130553137766725,0.3787810995402313,-0.7655378968255562,0.7088947368421055,0.9635267273853719
136,2,2005,2016,2017,2018,barley,38,0.48980812800557993,0.6512882428163606,-0.07854009569399367,-0.40141097846784085,0.5816315789473684,0.7006516515659585
136,2,2005,2016,2017,2018,maize,38,1.520042607156854,1.752189899654156,-0.4770416891008169,-1.4992861898321856,1.1426842105263155,1.4097880766457884
136,2,2005,2016,2017,2018,wheat,38,0.4387647990176553,0.5831855384538426,-0.37365077337866404,-0.39591652217664225,0.4023684210526317,0.5538376163309584
136,3,2005,2018,2019,2020,ALL,114,0.6688342475054556,0.802565021390727,0.7032973922565925,-0.5793282380856966,0.6385964912280702,0.8240232069632719
136,3,2005,2018,2019,2020,barley,38,0.716264197449935,0.8199952683098843,-0.5553990887614029,-0.716264197449935,0.6510526315789474,0.7400854858161924
136,3,2005,2018,2019,2020,maize,38,0.7858433693333676,0.9615293782788398,0.2522643362606036,-0.6210144474631862,0.9531578947368423,1.151337985951448
136,3,2005,2018,2019,2020,wheat,38,0.5043951757330645,0.5791380278791948,-0.1968537416717724,-0.4007060693439685,0.31157894736842096,0.4046443532678776
136,4,2005,2020,2021,2022,ALL,114,1.167497130946109,1.6412984863090945,-0.3210018419361207,0.8051242845100269,1.4767719298245612,2.0633381911911752
136,4,2005,2020,2021,2022,barley,38,0.650810099651939,0.7969201266486889,0.3982684495052109,0.004970039066515508,0.8475263157894738,0.9902519084077864
136,4,2005,2020,2021,2022,maize,38,2.207014769503944,2.5791138340172846,-0.7635154016273662,2.107061211435418,2.8119473684210528,3.289523833722987
136,4,2005,2020,2021,2022,wheat,38,0.6446665236824437,0.8914439446226979,0.2510032186448877,0.30334160302814683,0.7708421052631579,0.9851535814010772
137,1,2005,2014,2015,2016,ALL,114,1.0583724997336403,1.1829172738068505,0.2909507333213147,-1.0166367831983063,1.1329298245614035,1.3605235447391102
137,1,2005,2014,2015,2016,barley,38,0.8774149575986363,0.9678913184815289,-1.406674213683024,-0.8774149575986363,0.9384736842105265,0.9997013764646236
137,1,2005,2014,2015,2016,maize,38,1.3410479590767306,1.4807200791546198,0.23633294646211278,-1.2158408094707287,1.5505263157894733,1.912135482977908
137,1,2005,2014,2015,2016,wheat,38,0.9566545825255545,1.0336993145051014,-2.2940693392068834,-0.9566545825255545,0.9097894736842104,0.9473162090875463
137,2,2005,2016,2017,2018,ALL,114,0.8055836313649228,1.1124100019346626,0.3985597743360485,-0.7624287345116598,0.7088947368421055,0.9635267273853719
137,2,2005,2016,2017,2018,barley,38,0.4862577491057547,0.6216583447601793,0.017362454730647903,-0.3946340683886879,0.5816315789473684,0.7006516515659585
137,2,2005,2016,2017,2018,maize,38,1.4985832033659283,1.7306918222382046,-0.4410196115527627,-1.4941185047751981,1.1426842105263155,1.4097880766457884
137,2,2005,2016,2017,2018,wheat,38,0.43190994162308544,0.574991092140272,-0.33531914625624926,-0.3985336303710938,0.4023684210526317,0.5538376163309584
137,3,2005,2018,2019,2020,ALL,114,0.6496068051823398,0.7894529048283778,0.7129131090289582,-0.564375256404542,0.6385964912280702,0.8240232069632719
137,3,2005,2018,2019,2020,barley,38,0.6939778365586933,0.7933015567467474,-0.45578004009189144,-0.6935370844288875,0.6510526315789474,0.7400854858161924
137,3,2005,2018,2019,2020,maize,38,0.7778843106721578,0.9644998102729134,0.24763727278456138,-0.6276932545712121,0.9531578947368423,1.151337985951448
137,3,2005,2018,2019,2020,wheat,38,0.47695826831616867,0.5568845687147308,-0.10664234327094979,-0.3718954302135267,0.31157894736842096,0.4046443532678776
137,4,2005,2020,2021,2022,ALL,114,1.2308312238726702,1.6962962924169742,-0.4110152609898947,0.8027018011661998,1.4767719298245612,2.0633381911911752
137,4,2005,2020,2021,2022,barley,38,0.74708698523672,0.8790122337613024,0.26791243236256934,-0.06959883489106827,0.8475263157894738,0.9902519084077864
137,4,2005,2020,2021,2022,maize,38,2.2619689971522274,2.6448070165846636,-0.8544973274521908,2.210184876291375,2.8119473684210528,3.289523833722987
137,4,2005,2020,2021,2022,wheat,38,0.6834376892290619,0.9298369066267559,0.18509790768810797,0.2675193620982923,0.7708421052631579,0.9851535814010772
138,1,2005,2014,2015,2016,ALL,114,1.073756333066706,1.221250750164087,0.24425139927223172,-1.0169181924117239,1.1329298245614035,1.3605235447391102
138,1,2005,2014,2015,2016,barley,38,0.8923224619815223,0.9798956082194471,-1.4667420559245086,-0.8923224619815223,0.9384736842105265,0.9997013764646236
138,1,2005,2014,2015,2016,maize,38,1.3744899732188174,1.5674833423020293,0.14421633651064913,-1.2039755512538708,1.5505263157894733,1.912135482977908
138,1,2005,2014,2015,2016,wheat,38,0.9544565639997784,1.0281832292577697,-2.2590071385142916,-0.9544565639997784,0.9097894736842104,0.9473162090875463
138,2,2005,2016,2017,2018,ALL,114,0.8008346556780632,1.1421020290640322,0.36602445249674154,-0.7489700015385946,0.7088947368421055,0.9635267273853719
138,2,2005,2016,2017,2018,barley,38,0.4416960789027968,0.5934690924626231,0.10445785157338494,-0.3567757829866911,0.5816315789473684,0.7006516515659585
138,2,2005,2016,2017,2018,maize,38,1.5548270461433813,1.8104527532026284,-0.5769023469283323,-1.5447461253718329,1.1426842105263155,1.4097880766457884
138,2,2005,2016,2017,2018,wheat,38,0.4059808419880115,0.5322089806543576,-0.14400320282547474,-0.34538809625726,0.4023684210526317,0.5538376163309584
138,3,2005,2018,2019,2020,ALL,114,0.6864189802136337,0.8426853828778355,0.6728915000520588,-0.6043312760403281,0.6385964912280702,0.8240232069632719
138,3,2005,2018,2019,2020,barley,38,0.6904664516448974,0.8041181662319812,-0.4957495975979975,-0.6896333880173531,0.6510526315789474,0.7400854858161924
138,3,2005,2018,2019,2020,maize,38,0.8789309908214369,1.069460789978222,0.0749766151766671,-0.7417198888879074,0.9531578947368423,1.151337985951448
138,3,2005,2018,2019,2020,wheat,38,0.48985949817456714,0.5830982395641113,-0.2132781502572869,-0.381640551215724,0.31157894736842096,0.4046443532678776
138,4,2005,2020,2021,2022,ALL,114,1.145452781811095,1.61058744849416,-0.27202868714994377,0.7349531290823953,1.4767719298245612,2.0633381911911752
138,4,2005,2020,2021,2022,barley,38,0.6839973509939093,0.8119424856179834,0.37536872341304983,-0.07241795891209649,0.8475263157894738,0.9902519084077864
138,4,2005,2020,2021,2022,maize,38,2.1031139353701938,2.5211337275880883,-0.6851167668323133,2.025528306459125,2.8119473684210528,3.289523833722987
138,4,2005,2020,2021,2022,wheat,38,0.6492470590691818,0.8755626279182223,0.2774526624782714,0.2517490397001567,0.7708421052631579,0.9851535814010772
139,1,2005,2014,2015,2016,ALL,114,1.0726367090459457,1.1978548428632319,0.27293029218147513,-1.0334950681318318,1.1329298245614035,1.3605235447391102
139,1,2005,2014,2015,2016,barley,38,0.9172473237389012,1.0120784299726102,-1.6314338306574396,-0.9172473237389012,0.9384736842105265,0.9997013764646236
139,1,2005,2014,2015,2016,maize,38,1.3514893755159876,1.492586459119083,0.2240439601773282,-1.2340644527736462,1.5505263157894733,1.912135482977908
139,1,2005,2014,2015,2016,wheat,38,0.9491734278829475,1.0258906312815355,-2.244489758650173,-0.9491734278829475,0.9097894736842104,0.9473162090875463
139,2,2005,2016,2017,2018,ALL,114,0.7964988544531035,1.1132657662594474,0.3976340561912818,-0.7490825873927067,0.7088947368421055,0.9635267273853719
139,2,2005,2016,2017,2018,barley,38,0.47449565084357015,0.6114439034231108,0.04938851573624803,-0.3866702290585166,0.5816315789473684,0.7006516515659585
139,2,2005,2016,2017,2018,maize,38,1.4982609492854069,1.7442539187865984,-0.4636924173321273,-1.4770213453393235,1.1426842105263155,1.4097880766457884
139,2,2005,2016,2017,2018,wheat,38,0.4167399632303339,0.5493601903487445,-0.21892564054027375,-0.38355618778027994,0.4023684210526317,0.5538376163309584
139,3,2005,2018,2019,2020,ALL,114,0.6374965070423326,0.7835496935238992,0.7171904973266952,-0.555211845364487,0.6385964912280702,0.8240232069632719
139,3,2005,2018,2019,2020,barley,38,0.6792859880547774,0.7699629356941228,-0.3713830800919269,-0.6744720117669355,0.6510526315789474,0.7400854858161924
139,3,2005,2018,2019,2020,maize,38,0.7850200532612049,0.9855133150578883,0.21449677657849842,-0.6499322369224148,0.9531578947368423,1.151337985951448
139,3,2005,2018,2019,2020,wheat,38,0.44818347981101603,0.5270397994128043,0.008794414969632292,-0.34123128740411063,0.31157894736842096,0.4046443532678776
139,4,2005,2020,2021,2022,ALL,114,1.2247817528038696,1.6931711625159036,-0.40582095143687,0.8029882046214322,1.4767719298245612,2.0633381911911752
139,4,2005,2020,2021,2022,barley,38,0.7498630433333547,0.8799019642269656,0.26642965376423433,-0.03034089439793633,0.8475263157894738,0.9902519084077864
139,4,2005,2020,2021,2022,maize,38,2.2353532374532596,2.6357044223075077,-0.8417541007746188,2.14565489267048,2.8119473684210528,3.289523833722987
139,4,2005,2020,2021,2022,wheat,38,0.6891289776249936,0.93772090107054,0.17122037572995674,0.2936506155917519,0.7708421052631579,0.9851535814010772
140,1,2005,2014,2015,2016,ALL,114,1.09542708447105,1.2324474929037084,0.23033007606356415,-1.046295602698075,1.1329298245614035,1.3605235447391102
140,1,2005,2014,2015,2016,barley,38,0.9386999012294567,1.0271682287131523,-1.7104866426090726,-0.9386999012294567,0.9384736842105265,0.9997013764646236
140,1,2005,2014,2015,2016,maize,38,1.3883619755192804,1.5615929624947624,0.15063607852526462,-1.2409675302003558,1.5505263157894733,1.912135482977908
140,1,2005,2014,2015,2016,wheat,38,0.9592193766644127,1.0310835648496315,-2.2774193158360676,-0.9592193766644127,0.9097894736842104,0.9473162090875463
140,2,2005,2016,2017,2018,ALL,114,0.796404646488658,1.1252231705572526,0.3846247370689113,-0.7447177622611063,0.7088947368421055,0.9635267273853719
140,2,2005,2016,2017,2018,barley,38,0.462053689956665,0.6141378667537727,0.040993455997770156,-0.38074857661598605,0.5816315789473684,0.7006516515659585
140,2,2005,2016,2017,2018,maize,38,1.5083368697919344,1.7663530266284473,-0.5010163465512931,-1.4856843722494026,1.1426842105263155,1.4097880766457884
140,2,2005,2016,2017,2018,wheat,38,0.4188233797173752,0.5488289502353138,-0.21656933910063048,-0.36772033791793024,0.4023684210526317,0.5538376163309584
140,3,2005,2018,2019,2020,ALL,114,0.7045146348183614,0.8520039538751298,0.6656170473721201,-0.632700652574238,0.6385964912280702,0.8240232069632719
140,3,2005,2018,2019,2020,barley,38,0.7116819281327097,0.8189025543297487,-0.5512564456046345,-0.7060214153089021,0.6510526315789474,0.7400854858161924
140,3,2005,2018,2019,2020,maize,38,0.8975583909687245,1.0776832977505488,0.060697922013254524,-0.7770833246331467,0.9531578947368423,1.151337985951448
140,3,2005,2018,2019,2020,wheat,38,0.5043035853536506,0.5879876941894938,-0.23371086635791305,-0.4149972177806654,0.31157894736842096,0.4046443532678776
140,4,2005,2020,2021,2022,ALL,114,1.1802695732785944,1.6270665607116621,-0.29819198784319334,0.7147281897695441,1.4767719298245612,2.0633381911911752
140,4,2005,2020,2021,2022,barley,38,0.7416042488499691,0.8654709717182768,0.290294444552041,-0.07434269955283715,0.8475263157894738,0.9902519084077864
140,4,2005,2020,2021,2022,maize,38,2.1111394666370593,2.5199551479655233,-0.6835416182844183,1.9648280530226856,2.8119473684210528,3.289523833722987
140,4,2005,2020,2021,2022,wheat,38,0.688065004348755,0.9180538264793141,0.20562025306318577,0.25369921583878363,0.7708421052631579,0.9851535814010772
141,1,2005,2014,2015,2016,ALL,114,1.0488339664224993,1.17137188292648,0.30472397309683286,-1.008819261768408,1.1329298245614035,1.3605235447391102
141,1,2005,2014,2015,2016,barley,38,0.8861407513367501,0.9765847679607877,-1.4501011165095066,-0.8861407513367501,0.9384736842105265,0.9997013764646236
141,1,2005,2014,2015,2016,maize,38,1.3263316290002116,1.458662128092611,0.25891582782658673,-1.206287515037938,1.5505263157894733,1.912135482977908
141,1,2005,2014,2015,2016,wheat,38,0.9340295189305357,1.0173117768842996,-2.1904535376933003,-0.9340295189305357,0.9097894736842104,0.9473162090875463
141,2,2005,2016,2017,2018,ALL,114,0.8261066487797519,1.1288814814997374,0.3806168323108734,-0.7871998894842047,0.7088947368421055,0.9635267273853719
141,2,2005,2016,2017,2018,barley,38,0.49885238622364253,0.6362544558397598,-0.029322561572859396,-0.41776986849935427,0.5816315789473684,0.7006516515659585
141,2,2005,2016,2017,2018,maize,38,1.5379098400316742,1.7534120490082803,-0.4791028756155804,-1.5362586372777038,1.1426842105263155,1.4097880766457884
141,2,2005,2016,2017,2018,wheat,38,0.4415577200839395,0.5863843889768572,-0.3887614176811427,-0.40757116267555643,0.4023684210526317,0.5538376163309584
141,3,2005,2018,2019,2020,ALL,114,0.6563738486641332,0.7839171424393448,0.716925185726689,-0.5668014226879989,0.6385964912280702,0.8240232069632719
141,3,2005,2018,2019,2020,barley,38,0.7375068724782842,0.8296824814002799,-0.5923663364496401,-0.7375068724782842,0.6510526315789474,0.7400854858161924
141,3,2005,2018,2019,2020,maize,38,0.7338408957029644,0.9078511807712037,0.3334199608971895,-0.5638944630873832,0.9531578947368423,1.151337985951448
141,3,2005,2018,2019,2020,wheat,38,0.49777377781115095,0.5753359646855135,-0.18119054501142062,-0.39900293249832963,0.31157894736842096,0.4046443532678776
141,4,2005,2020,2021,2022,ALL,114,1.2072230969813835,1.6991286687443263,-0.41573125644835285,0.8750256379445394,1.4767719298245612,2.0633381911911752
141,4,2005,2020,2021,2022,barley,38,0.6829914128152947,0.8227372535039836,0.3586493814335132,0.015174605218987754,0.8475263157894738,0.9902519084077864
141,4,2005,2020,2021,2022,maize,38,2.311342498377749,2.677178184682838,-0.9001714558650777,2.272828529759457,2.8119473684210528,3.289523833722987
141,4,2005,2020,2021,2022,wheat,38,0.6273353797511051,0.9038446094332951,0.23002004843004176,0.3370737788551732,0.7708421052631579,0.9851535814010772
142,1,2005,2014,2015,2016,ALL,114,1.0428338950976992,1.1905414791566433,0.2817812695581632,-0.9876748821191621,1.1329298245614035,1.3605235447391102
142,1,2005,2014,2015,2016,barley,38,0.8700111133173895,0.9576728690800363,-1.3561258484538166,-0.8700111133173895,0.9384736842105265,0.9997013764646236
142,1,2005,2014,2015,2016,maize,38,1.354372709173905,1.5378040131374848,0.17631699923249855,-1.1888956702382938,1.5505263157894733,1.912135482977908
142,1,2005,2014,2015,2016,wheat,38,0.9041178628018028,0.9849814890563787,-1.9908898420147736,-0.9041178628018028,0.9097894736842104,0.9473162090875463
142,2,2005,2016,2017,2018,ALL,114,0.820135395986992,1.1573063151300185,0.3490324393109354,-0.7708975443923682,0.7088947368421055,0.9635267273853719
142,2,2005,2016,2017,2018,barley,38,0.4645503335250052,0.6240351027274113,0.009834344721110111,-0.38453211633782636,0.5816315789473684,0.7006516515659585
142,2,2005,2016,2017,2018,maize,38,1.580914054167898,1.823234977849294,-0.5992475577624261,-1.5739803590272605,1.1426842105263155,1.4097880766457884
142,2,2005,2016,2017,2018,wheat,38,0.4149418002680729,0.5517863057655007,-0.22971558978284445,-0.3541801578120182,0.4023684210526317,0.5538376163309584
142,3,2005,2018,2019,2020,ALL,114,0.688998694419861,0.8315875199020842,0.6814505687998744,-0.5959562608651947,0.6385964912280702,0.8240232069632719
142,3,2005,2018,2019,2020,barley,38,0.7309484855752241,0.8441466872535,-0.6483710877811033,-0.7309484855752241,0.6510526315789474,0.7400854858161924
142,3,2005,2018,2019,2020,maize,38,0.8185230962853683,0.9893995265738417,0.20828955359272883,-0.6446184514698231,0.9531578947368423,1.151337985951448
142,3,2005,2018,2019,2020,wheat,38,0.5175245013989901,0.6189655539568399,-0.36713020186448153,-0.41230184555053717,0.31157894736842096,0.4046443532678776
142,4,2005,2020,2021,2022,ALL,114,1.1115938544691655,1.5971220906605283,-0.250847942724274,0.8041775954397101,1.4767719298245612,2.0633381911911752
142,4,2005,2020,2021,2022,barley,38,0.5957229975650185,0.7491193625846347,0.46828949869450953,0.02112045087312401,0.8475263157894738,0.9902519084077864
142,4,2005,2020,2021,2022,maize,38,2.1270476220783427,2.5198452408118057,-0.6833947670736003,2.0785868303399333,2.8119473684210528,3.289523833722987
142,4,2005,2020,2021,2022,wheat,38,0.6120109437641346,0.8611602988912422,0.30102784907021873,0.31282550510607265,0.7708421052631579,0.9851535814010772
143,1,2005,2014,2015,2016,ALL,114,1.0671339622296785,1.1891438829189562,0.2834665373732769,-1.0307399657734653,1.1329298245614035,1.3605235447391102
143,1,2005,2014,2015,2016,barley,38,0.9296916128459728,1.0218992854601974,-1.6827506377260604,-0.9296916128459728,0.9384736842105265,0.9997013764646236
143,1,2005,2014,2015,2016,maize,38,1.3482838816391791,1.4807049511061445,0.23634855067164828,-1.2391018922705397,1.5505263157894733,1.912135482977908
143,1,2005,2014,2015,2016,wheat,38,0.9234263922038831,1.0027084426673616,-2.0995141508898993,-0.9234263922038831,0.9097894736842104,0.9473162090875463
143,2,2005,2016,2017,2018,ALL,114,0.7893573931643838,1.0935558394992608,0.41877454082062926,-0.7342631661264521,0.7088947368421055,0.9635267273853719
143,2,2005,2016,2017,2018,barley,38,0.48221830468428767,0.6165552244299627,0.03342895133113777,-0.37865680493806536,0.5816315789473684,0.7006516515659585
143,2,2005,2016,2017,2018,maize,38,1.4791463169298675,1.707899975967503,-0.4033153414317623,-1.467005518863076,1.1426842105263155,1.4097880766457884
143,2,2005,2016,2017,2018,wheat,38,0.4067075578789963,0.5390087658165867,-0.1734227370959076,-0.357127174578215,0.4023684210526317,0.5538376163309584
143,3,2005,2018,2019,2020,ALL,114,0.6182933041087367,0.7489070442316128,0.7416450784395674,-0.5253044054801004,0.6385964912280702,0.8240232069632719
143,3,2005,2018,2019,2020,barley,38,0.6916413658543636,0.7784332422077278,-0.401722017395866,-0.6883375830399361,0.6510526315789474,0.7400854858161924
143,3,2005,2018,2019,2020,maize,38,0.71629537130657,0.8950714798039515,0.35205459064362776,-0.544712358273958,0.9531578947368423,1.151337985951448
143,3,2005,2018,2019,2020,wheat,38,0.44694317516527693,0.5248561861755291,0.016990858140794596,-0.3428632751264071,0.31157894736842096,0.4046443532678776
143,4,2005,2020,2021,2022,ALL,114,1.2112608484636274,1.7105722389326243,-0.43486527136094866,0.8613402734723008,1.4767719298245612,2.0633381911911752
143,4,2005,2020,2021,2022,barley,38,0.6941470557764957,0.8318945601458101,0.3442930882047426,0.030291811290540233,0.8475263157894738,0.9902519084077864
143,4,2005,2020,2021,2022,maize,38,2.290778820640162,2.6925117456735523,-0.9220002863510326,2.2192146913628825,2.8119473684210528,3.289523833722987
143,4,2005,2020,2021,2022,wheat,38,0.648856668974224,0.9146059774737334,0.21157580430334322,0.3345143177634791,0.7708421052631579,0.9851535814010772
144,1,2005,2014,2015,2016,ALL,114,1.0611845067509433,1.1966738041870035,0.27436331076311693,-1.0099992873375876,1.1329298245614035,1.3605235447391102
144,1,2005,2014,2015,2016,barley,38,0.9277333869432147,1.0127565335932978,-1.63496119085795,-0.9277333869432147,0.9384736842105265,0.9997013764646236
144,1,2005,2014,2015,2016,maize,38,1.3532323656584087,1.5233871464614424,0.19168861272393467,-1.1996767074183412,1.5505263157894733,1.912135482977908
144,1,2005,2014,2015,2016,wheat,38,0.9025877676512066,0.9745257238997526,-1.9277291373350582,-0.9025877676512066,0.9097894736842104,0.9473162090875463
144,2,2005,2016,2017,2018,ALL,114,0.8013072170291031,1.1138732358026278,0.39697649748375674,-0.7528160947665834,0.7088947368421055,0.9635267273853719
144,2,2005,2016,2017,2018,barley,38,0.4760178342618441,0.6306302772643338,-0.011205572484371595,-0.39885963615618253,0.5816315789473684,0.7006516515659585
144,2,2005,2016,2017,2018,maize,38,1.496184160332931,1.7324490472348806,-0.44394732075888377,-1.477958393096924,1.1426842105263155,1.4097880766457884
144,2,2005,2016,2017,2018,wheat,38,0.43171965649253446,0.568389398603381,-0.30483254712116814,-0.3816302550466438,0.4023684210526317,0.5538376163309584
144,3,2005,2018,2019,2020,ALL,114,0.697953371081436,0.823140029436055,0.687889519733796,-0.6255945533618592,0.6385964912280702,0.8240232069632719
144,3,2005,2018,2019,2020,barley,38,0.7699723052978514,0.8728695278552024,-0.7624540875212023,-0.7699723052978514,0.6510526315789474,0.7400854858161924
144,3,2005,2018,2019,2020,maize,38,0.7852757263183594,0.9442151846390237,0.278950733022872,-0.6436448629278887,0.9531578947368423,1.151337985951448
144,3,2005,2018,2019,2020,wheat,38,0.5386120816280968,0.6158205880115555,-0.3532727107143989,-0.46316649185983777,0.31157894736842096,0.4046443532678776
144,4,2005,2020,2021,2022,ALL,114,1.152901689295183,1.6161560621329043,-0.2808399836862969,0.7608747499030933,1.4767719298245612,2.0633381911911752
144,4,2005,2020,2021,2022,barley,38,0.6623824982894094,0.7928573185608663,0.4043882298196675,-0.026439362576133288,0.8475263157894738,0.9902519084077864
144,4,2005,2020,2021,2022,maize,38,2.153382284264815,2.5376118781373287,-0.7072166278013723,2.040835758008454,2.8119473684210528,3.289523833722987
144,4,2005,2020,2021,2022,wheat,38,0.6429402853313245,0.8762331195792697,0.27634560869222635,0.2682278542769582,0.7708421052631579,0.9851535814010772
145,1,2005,2014,2015,2016,ALL,114,1.0561720614684256,1.1803007613255678,0.2940839776904296,-0.9967331840280901,1.1329298245614035,1.3605235447391102
145,1,2005,2014,2015,2016,barley,38,0.9217811730033472,1.0079140705687233,-1.6098234669104197,-0.9217811730033472,0.9384736842105265,0.9997013764646236
145,1,2005,2014,2015,2016,maize,38,1.2239823411640367,1.407401631310971,0.3100871668616708,-1.0456657088430301,1.5505263157894733,1.912135482977908
145,1,2005,2014,2015,2016,wheat,38,1.0227526702378926,1.0875015108449042,-2.6458938339111144,-1.0227526702378926,0.9097894736842104,0.9473162090875463
145,2,2005,2016,2017,2018,ALL,114,0.8717523693620114,1.208469686740984,0.29020289565477153,-0.8248886655506334,0.7088947368421055,0.9635267273853719
145,2,2005,2016,2017,2018,barley,38,0.5017807729620684,0.6301978279159759,-0.0098191967554917,-0.41066969419780525,0.5816315789473684,0.7006516515659585
145,2,2005,2016,2017,2018,maize,38,1.6491861805162933,1.9034107301703471,-0.7429921642758781,-1.624504079316792,1.1426842105263155,1.4097880766457884
145,2,2005,2016,2017,2018,wheat,38,0.46429015460767253,0.6008953663308847,-0.4583459271195136,-0.43949222313730346,0.4023684210526317,0.5538376163309584
145,3,2005,2018,2019,2020,ALL,114,0.7441155143369708,0.9119602541173737,0.616899490318539,-0.6853498556739407,0.6385964912280702,0.8240232069632719
145,3,2005,2018,2019,2020,barley,38,0.7825782211203324,0.8900464230429412,-0.8325020359926938,-0.7770159116544221,0.6510526315789474,0.7400854858161924
145,3,2005,2018,2019,2020,maize,38,0.9349215121018263,1.1451938628756109,-0.06067175215110732,-0.8746942374580786,0.9531578947368423,1.151337985951448
145,3,2005,2018,2019,2020,wheat,38,0.5148468097887542,0.6255900387074408,-0.3965502461060819,-0.40433941790932115,0.31157894736842096,0.4046443532678776
145,4,2005,2020,2021,2022,ALL,114,1.2470063294862446,1.7471975621964622,-0.49696730595521177,0.7718477558671383,1.4767719298245612,2.0633381911911752
145,4,2005,2020,2021,2022,barley,38,0.697631980494449,0.8146816688274237,0.3711470805496748,-0.18390512165270348,0.8475263157894738,0.9902519084077864
145,4,2005,2020,2021,2022,maize,38,2.400980468047292,2.7873662239985815,-1.059805916784721,2.3298586177825924,2.8119473684210528,3.289523833722987
145,4,2005,2020,2021,2022,wheat,38,0.6424065399169923,0.851458323010723,0.31668860515356856,0.16958977147152546,0.7708421052631579,0.9851535814010772
146,1,2005,2014,2015,2016,ALL,114,1.052633822926304,1.193530804208507,0.2781699973531936,-0.9819233978003786,1.1329298245614035,1.3605235447391102
146,1,2005,2014,2015,2016,barley,38,0.9077014328304088,0.9993205778218648,-1.5655103829604808,-0.9077014328304088,0.9384736842105265,0.9997013764646236
146,1,2005,2014,2015,2016,maize,38,1.2437435140107806,1.451972718610481,0.2656974506095118,-1.031612238633005,1.5505263157894733,1.912135482977908
146,1,2005,2014,2015,2016,wheat,38,1.0064565219377217,1.0801300611206417,-2.596635166814036,-1.0064565219377217,0.9097894736842104,0.9473162090875463
146,2,2005,2016,2017,2018,ALL,114,0.8500974036099619,1.2011582166634485,0.2987657270329277,-0.8006939690573174,0.7088947368421055,0.9635267273853719
146,2,2005,2016,2017,2018,barley,38,0.4519524338370876,0.5755297527351879,0.15778033341843878,-0.3675272374404104,0.5816315789473684,0.7006516515659585
146,2,2005,2016,2017,2018,maize,38,1.6291116373162522,1.9132113103791832,-0.7609875578519918,-1.5988393231442102,1.1426842105263155,1.4097880766457884
146,2,2005,2016,2017,2018,wheat,38,0.46922813967654586,0.5802854210887,-0.36002271565562705,-0.43571534658733174,0.4023684210526317,0.5538376163309584
146,3,2005,2018,2019,2020,ALL,114,0.7213355036785728,0.8904382369974173,0.6347682618327084,-0.6492874686759815,0.6385964912280702,0.8240232069632719
146,3,2005,2018,2019,2020,barley,38,0.7305092106367411,0.845881083359585,-0.6551515808808273,-0.7195793450506108,0.6510526315789474,0.7400854858161924
146,3,2005,2018,2019,2020,maize,38,0.9531709068699887,1.1516573440314082,-0.07267841533625297,-0.9088862599824605,0.9531578947368423,1.151337985951448
146,3,2005,2018,2019,2020,wheat,38,0.4803263935289886,0.5803544748463166,-0.20188687043113673,-0.3193968009948731,0.31157894736842096,0.4046443532678776
146,4,2005,2020,2021,2022,ALL,114,1.2394313236705043,1.721824263360708,-0.45380424337623837,0.7857296776353268,1.4767719298245612,2.0633381911911752
146,4,2005,2020,2021,2022,barley,38,0.6968964591779206,0.8092037053226177,0.3795755302162407,-0.1498038738652279,0.8475263157894738,0.9902519084077864
146,4,2005,2020,2021,2022,maize,38,2.374495288447329,2.7363836057113065,-0.9851448189307817,2.307990928449128,2.8119473684210528,3.289523833722987
146,4,2005,2020,2021,2022,wheat,38,0.6469022233862627,0.866850914159677,0.2917596009029738,0.19900197832207925,0.7708421052631579,0.9851535814010772
147,1,2005,2014,2015,2016,ALL,114,1.0990553446819906,1.2219339553535224,0.2434055847797194,-1.0508145445271542,1.1329298245614035,1.3605235447391102
147,1,2005,2014,2015,2016,barley,38,0.9597483215833964,1.044425231688935,-1.8023270964495381,-0.9597483215833964,0.9384736842105265,0.9997013764646236
147,1,2005,2014,2015,2016,maize,38,1.3044661228280316,1.4810208689710853,0.23602265607463702,-1.1597437223635219,1.5505263157894733,1.912135482977908
147,1,2005,2014,2015,2016,wheat,38,1.032951589634544,1.093215850059519,-2.6843096159469155,-1.032951589634544,0.9097894736842104,0.9473162090875463
147,2,2005,2016,2017,2018,ALL,114,0.8564147228943676,1.1900201250076279,0.311710232313144,-0.7996576659721241,0.7088947368421055,0.9635267273853719
147,2,2005,2016,2017,2018,barley,38,0.5112742451617592,0.6429909826982468,-0.05123444663553389,-0.39570124249709276,0.5816315789473684,0.7006516515659585
147,2,2005,2016,2017,2018,maize,38,1.6014095226087068,1.865228705639743,-0.6737654133656672,-1.5751671439722967,1.1426842105263155,1.4097880766457884
147,2,2005,2016,2017,2018,wheat,38,0.45656040091263633,0.5965971552025229,-0.43755741547544713,-0.428104611446983,0.4023684210526317,0.5538376163309584
147,3,2005,2018,2019,2020,ALL,114,0.713320949119434,0.875589136995635,0.6468480264255705,-0.6488545486383271,0.6385964912280702,0.8240232069632719
147,3,2005,2018,2019,2020,barley,38,0.7461456976438823,0.8436473561648005,-0.6464215699862512,-0.7418224871786016,0.6510526315789474,0.7400854858161924
147,3,2005,2018,2019,2020,maize,38,0.9181172872844497,1.1208828077452322,-0.016116245463848156,-0.8495507521378368,0.9531578947368423,1.151337985951448
147,3,2005,2018,2019,2020,wheat,38,0.4756998624299702,0.5760641285582623,-0.18418234326480554,-0.355190406598543,0.31157894736842096,0.4046443532678776
147,4,2005,2020,2021,2022,ALL,114,1.2184506016446834,1.663436320885656,-0.3568775133633053,0.7007826144235176,1.4767719298245612,2.0633381911911752
147,4,2005,2020,2021,2022,barley,38,0.7375855260146291,0.8518200794321321,0.3125059573806007,-0.19893657232585693,0.8475263157894738,0.9902519084077864
147,4,2005,2020,2021,2022,maize,38,2.246218300367656,2.608930860947661,-0.8045269608836114,2.1444453826703516,2.8119473684210528,3.289523833722987
147,4,2005,2020,2021,2022,wheat,38,0.6715479785517643,0.8768942330725819,0.2752532095263771,0.15683903292605747,0.7708421052631579,0.9851535814010772
148,1,2005,2014,2015,2016,ALL,114,1.083934068596154,1.217451856506875,0.24894583766205702,-1.0204382565983554,1.1329298245614035,1.3605235447391102
148,1,2005,2014,2015,2016,barley,38,0.9402128678873964,1.0333601360625633,-1.7432634887445735,-0.9402128678873964,0.9384736842105265,0.9997013764646236
148,1,2005,2014,2015,2016,maize,38,1.2578265355762681,1.4534025980706005,0.26425047972177174,-1.0673390995828727,1.5505263157894733,1.912135482977908
148,1,2005,2014,2015,2016,wheat,38,1.053762802324797,1.1253243025254982,-2.9039089141032326,-1.053762802324797,0.9097894736842104,0.9473162090875463
148,2,2005,2016,2017,2018,ALL,114,0.8531113624572755,1.2102026980230307,0.2881656606149432,-0.7879419380321837,0.7088947368421055,0.9635267273853719
148,2,2005,2016,2017,2018,barley,38,0.48155667430476146,0.6137658699634982,0.04215488677960055,-0.3550755197123477,0.5816315789473684,0.7006516515659585
148,2,2005,2016,2017,2018,maize,38,1.634912825634605,1.916439120823103,-0.7669345527273106,-1.6105786900771293,1.1426842105263155,1.4097880766457884
148,2,2005,2016,2017,2018,wheat,38,0.4428645874324599,0.586791499557884,-0.39069044492679295,-0.3981716043070744,0.4023684210526317,0.5538376163309584
148,3,2005,2018,2019,2020,ALL,114,0.7182130100852564,0.8882233103276455,0.6365829983422598,-0.6417297774867009,0.6385964912280702,0.8240232069632719
148,3,2005,2018,2019,2020,barley,38,0.7143118742892616,0.8350749173053917,-0.6131324437134229,-0.703959583985178,0.6510526315789474,0.7400854858161924
148,3,2005,2018,2019,2020,maize,38,0.9517711363340681,1.1538398802353615,-0.07674799017176759,-0.889559635865061,0.9531578947368423,1.151337985951448
148,3,2005,2018,2019,2020,wheat,38,0.4885560196324399,0.5814854772855833,-0.206575940949433,-0.33167011260986334,0.31157894736842096,0.4046443532678776
148,4,2005,2020,2021,2022,ALL,114,1.217515005312468,1.6886114658855127,-0.3982594171992231,0.7620186864284048,1.4767719298245612,2.0633381911911752
148,4,2005,2020,2021,2022,barley,38,0.6882908785970587,0.81120898649118,0.3764967824886548,-0.14903561391328504,0.8475263157894738,0.9902519084077864
148,4,2005,2020,2021,2022,maize,38,2.314982070922851,2.6720763457930397,-0.8929361276266015,2.2359942396063546,2.8119473684210528,3.289523833722987
148,4,2005,2020,2021,2022,wheat,38,0.6492720664174934,0.8695826761437512,0.287288721984991,0.19909743359214377,0.7708421052631579,0.9851535814010772
149,1,2005,2014,2015,2016,ALL,114,1.0252405154914188,1.1514521470525265,0.32816990776961164,-0.975698903569004,1.1329298245614035,1.3605235447391102
149,1,2005,2014,2015,2016,barley,38,0.8966777796494332,0.9846740899213791,-1.4908589560171612,-0.8966777796494332,0.9384736842105265,0.9997013764646236
149,1,2005,2014,2015,2016,maize,38,1.2314122358121369,1.3984641849034796,0.31882167536433115,-1.0827874000448927,1.5505263157894733,1.912135482977908
149,1,2005,2014,2015,2016,wheat,38,0.9476315310126857,1.0257879902959335,-2.243840564755344,-0.9476315310126857,0.9097894736842104,0.9473162090875463
149,2,2005,2016,2017,2018,ALL,114,0.890791936506305,1.2178243643445938,0.2791713857483257,-0.8449531073319284,0.7088947368421055,0.9635267273853719
149,2,2005,2016,2017,2018,barley,38,0.5260491260729339,0.6598892933316243,-0.10721505543715248,-0.43460722069991264,0.5816315789473684,0.7006516515659585
149,2,2005,2016,2017,2018,maize,38,1.6926099461003354,1.9111228333245378,-0.7571450395272341,-1.6770509192818093,1.1426842105263155,1.4097880766457884
149,2,2005,2016,2017,2018,wheat,38,0.4537167373456453,0.6012022818202057,-0.45983604764625685,-0.4232011820140638,0.4023684210526317,0.5538376163309584
149,3,2005,2018,2019,2020,ALL,114,0.7181906117891009,0.8760661664051957,0.6464631203990053,-0.6359605163440369,0.6385964912280702,0.8240232069632719
149,3,2005,2018,2019,2020,barley,38,0.8048356809114154,0.9093879832422954,-0.9130114510908744,-0.7961157808805766,0.6510526315789474,0.7400854858161924
149,3,2005,2018,2019,2020,maize,38,0.848685709802728,1.0489917836566467,0.11004683473804333,-0.7436163706528515,0.9531578947368423,1.151337985951448
149,3,2005,2018,2019,2020,wheat,38,0.5010504446531597,0.6124585843263574,-0.3385369626148522,-0.3681493974986831,0.31157894736842096,0.4046443532678776
149,4,2005,2020,2021,2022,ALL,114,1.1870167471233168,1.7216921009205752,-0.45358107200344877,0.8627104524980512,1.4767719298245612,2.0633381911911752
149,4,2005,2020,2021,2022,barley,38,0.5676737147883365,0.6923096227044365,0.5458765495710186,-0.08660731516386329,0.8475263157894738,0.9902519084077864
149,4,2005,2020,2021,2022,maize,38,2.4309701999865077,2.7917320174719524,-1.0662634318966377,2.4037696195903573,2.8119473684210528,3.289523833722987
149,4,2005,2020,2021,2022,wheat,38,0.5624063265951057,0.7871536063880625,0.41600268287957276,0.27096905306765906,0.7708421052631579,0.9851535814010772
150,1,2005,2014,2015,2016,ALL,114,1.009543985567595,1.1671576178068341,0.3097177871976723,-0.9400846389302037,1.1329298245614035,1.3605235447391102
150,1,2005,2014,2015,2016,barley,38,0.8600191349732251,0.957934624572117,-1.3574139984773756,-0.8600191349732251,0.9384736842105265,0.9997013764646236
150,1,2005,2014,2015,2016,maize,38,1.2514012678045976,1.4708353799353995,0.2464947906107583,-1.0430232278924236,1.5505263157894733,1.912135482977908
150,1,2005,2014,2015,2016,wheat,38,0.9172115539249621,1.0028834700949747,-2.100596314584835,-0.9172115539249621,0.9097894736842104,0.9473162090875463
150,2,2005,2016,2017,2018,ALL,114,0.87938585532339,1.209771100981717,0.28867329592602375,-0.8387361588394433,0.7088947368421055,0.9635267273853719
150,2,2005,2016,2017,2018,barley,38,0.4901754431975516,0.6180561590137409,0.028717205446034066,-0.42149091745677747,0.5816315789473684,0.7006516515659585
150,2,2005,2016,2017,2018,maize,38,1.6923520775845178,1.9168668875154988,-0.7677234325782831,-1.6703440791682196,1.1426842105263155,1.4097880766457884
150,2,2005,2016,2017,2018,wheat,38,0.4556300451881008,0.578157651651669,-0.3500672379000469,-0.42437347989333307,0.4023684210526317,0.5538376163309584
150,3,2005,2018,2019,2020,ALL,114,0.7845150395443565,0.9553890603308954,0.5795431463210555,-0.713230697899534,0.6385964912280702,0.8240232069632719
150,3,2005,2018,2019,2020,barley,38,0.8441479128285457,0.9603390174558522,-1.1333803750463414,-0.8345407684225784,0.6510526315789474,0.7400854858161924
150,3,2005,2018,2019,2020,maize,38,0.9721794158534001,1.177091974976476,-0.12058234712569393,-0.9184899862189043,0.9531578947368423,1.151337985951448
150,3,2005,2018,2019,2020,wheat,38,0.5372177899511238,0.6561312550075338,-0.5362375207926837,-0.3866613390571194,0.31157894736842096,0.4046443532678776
150,4,2005,2020,2021,2022,ALL,114,1.1867886675449841,1.6958284171960099,-0.41023699125702606,0.8697666678512306,1.4767719298245612,2.0633381911911752
150,4,2005,2020,2021,2022,barley,38,0.5603687577498586,0.6698545221025124,0.5748578348809726,-0.08707159142745166,0.8475263157894738,0.9902519084077864
150,4,2005,2020,2021,2022,maize,38,2.4515279308118316,2.7556675677294638,-1.0132230069357226,2.4272800756755624,2.8119473684210528,3.289523833722987
150,4,2005,2020,2021,2022,wheat,38,0.5484693140732615,0.764913875603893,0.4485362735781253,0.2690915193055805,0.7708421052631579,0.9851535814010772
151,1,2005,2014,2015,2016,ALL,114,1.0854630366542883,1.2118704295624394,0.25581649111267557,-1.0484697960970695,1.1329298245614035,1.3605235447391102
151,1,2005,2014,2015,2016,barley,38,0.9512748499920493,1.036934548146359,-1.7622743110479617,-0.9512748499920493,0.9384736842105265,0.9997013764646236
151,1,2005,2014,2015,2016,maize,38,1.3299153611534518,1.4969793423353082,0.219469752295802,-1.2189356394817952,1.5505263157894733,1.912135482977908
151,1,2005,2014,2015,2016,wheat,38,0.9751988988173635,1.0438914721490018,-2.359347877800782,-0.9751988988173635,0.9097894736842104,0.9473162090875463
151,2,2005,2016,2017,2018,ALL,114,0.8684697089278909,1.1939313779281495,0.3071783771873422,-0.8101975051143713,0.7088947368421055,0.9635267273853719
151,2,2005,2016,2017,2018,barley,38,0.5309404087066651,0.6657745211720848,-0.12705253540108452,-0.415572169956408,0.5816315789473684,0.7006516515659585
151,2,2005,2016,2017,2018,maize,38,1.6326527715984145,1.867278694703918,-0.6774465558682741,-1.6154882431030275,1.1426842105263155,1.4097880766457884
151,2,2005,2016,2017,2018,wheat,38,0.4418159464785926,0.5885838673181099,-0.39919921035678896,-0.39953210228367864,0.4023684210526317,0.5538376163309584
151,3,2005,2018,2019,2020,ALL,114,0.6928523751309044,0.8401333058703645,0.6748697994063615,-0.6154111980973628,0.6385964912280702,0.8240232069632719
151,3,2005,2018,2019,2020,barley,38,0.7709736673455488,0.8633975349718771,-0.7244108877974009,-0.7646591598109194,0.6510526315789474,0.7400854858161924
151,3,2005,2018,2019,2020,maize,38,0.8342920760104532,1.0209813980805966,0.15693970161612425,-0.7389728551161918,0.9531578947368423,1.151337985951448
151,3,2005,2018,2019,2020,wheat,38,0.4732913820367111,0.5741198448720263,-0.17620232546426617,-0.34260157936497754,0.31157894736842096,0.4046443532678776
151,4,2005,2020,2021,2022,ALL,114,1.19416958557932,1.665170206437193,-0.35970767456747477,0.7834389853895757,1.4767719298245612,2.0633381911911752
151,4,2005,2020,2021,2022,barley,38,0.6604342084181937,0.7741176620354949,0.43221077661892815,-0.12510157585144038,0.8475263157894738,0.9902519084077864
151,4,2005,2020,2021,2022,maize,38,2.3051781985634245,2.649498077771632,-0.8610817591558384,2.2426830351980103,2.8119473684210528,3.289523833722987
151,4,2005,2020,2021,2022,wheat,38,0.6168963497563413,0.8362279775440288,0.3409152544464805,0.23273549682215638,0.7708421052631579,0.9851535814010772
152,1,2005,2014,2015,2016,ALL,114,1.0429179981298615,1.1830845779975097,0.2907501524265407,-0.976217472344114,1.1329298245614035,1.3605235447391102
152,1,2005,2014,2015,2016,barley,38,0.9077852808801751,1.0045753040374739,-1.5925617590106853,-0.9077852808801751,0.9384736842105265,0.9997013764646236
152,1,2005,2014,2015,2016,maize,38,1.253150049259788,1.4440582706058416,0.273680741575539,-1.053048471902546,1.5505263157894733,1.912135482977908
152,1,2005,2014,2015,2016,wheat,38,0.9678186642496209,1.0509954927113243,-2.4052263645148084,-0.9678186642496209,0.9097894736842104,0.9473162090875463
152,2,2005,2016,2017,2018,ALL,114,0.8775124026181406,1.2166505835984802,0.28056023462653445,-0.8072691644702041,0.7088947368421055,0.9635267273853719
152,2,2005,2016,2017,2018,barley,38,0.5235045284973948,0.6616847598478727,-0.11324840699883532,-0.3931188304800736,0.5816315789473684,0.7006516515659585
152,2,2005,2016,2017,2018,maize,38,1.6743202796735261,1.9103973921712252,-0.755811306948933,-1.6630691503223622,1.1426842105263155,1.4097880766457884
152,2,2005,2016,2017,2018,wheat,38,0.43471239968350056,0.5943660574780616,-0.4268254372434708,-0.3656195126081768,0.4023684210526317,0.5538376163309584
152,3,2005,2018,2019,2020,ALL,114,0.7332663869021231,0.9003601698745638,0.6265835406039713,-0.6617466526700739,0.6385964912280702,0.8240232069632719
152,3,2005,2018,2019,2020,barley,38,0.7682630237780119,0.8845967579830506,-0.8101302836385387,-0.7616857287758274,0.6510526315789474,0.7400854858161924
152,3,2005,2018,2019,2020,maize,38,0.9468936769585862,1.140963070388051,-0.05284915901288967,-0.8791147563332007,0.9531578947368423,1.151337985951448
152,3,2005,2018,2019,2020,wheat,38,0.4846424599697716,0.5896076273813013,-0.24051809113923683,-0.34443947290119387,0.31157894736842096,0.4046443532678776
152,4,2005,2020,2021,2022,ALL,114,1.181071585939642,1.6698682576682242,-0.3673909584657038,0.8086816988493267,1.4767719298245612,2.0633381911911752
152,4,2005,2020,2021,2022,barley,38,0.5870237947765149,0.7058994743495505,0.5278729215220475,-0.1291967788495515,0.8475263157894738,0.9902519084077864
152,4,2005,2020,2021,2022,maize,38,2.3825281123111117,2.6949176128265404,-0.9254365894710601,2.3422772517957178,2.8119473684210528,3.289523833722987
152,4,2005,2020,2021,2022,wheat,38,0.5736628507312976,0.7774991871983297,0.4302402572122397,0.21296462360181304,0.7708421052631579,0.9851535814010772
153,1,2005,2014,2015,2016,ALL,114,1.07123276024534,1.1898083971436966,0.28266549096540283,-1.012562276605974,1.1329298245614035,1.3605235447391102
153,1,2005,2014,2015,2016,barley,38,0.9430381029530575,1.0283268965679455,-1.7166050659829337,-0.9430381029530575,0.9384736842105265,0.9997013764646236
153,1,2005,2014,2015,2016,maize,38,1.2409926974145988,1.4117174768613585,0.3058493962699864,-1.0649812464965016,1.5505263157894733,1.912135482977908
153,1,2005,2014,2015,2016,wheat,38,1.0296674803683632,1.093859965928041,-2.6886524388256285,-1.0296674803683632,0.9097894736842104,0.9473162090875463
153,2,2005,2016,2017,2018,ALL,114,0.847664588961685,1.1898618320872791,0.31189332863040675,-0.7939414153182716,0.7088947368421055,0.9635267273853719
153,2,2005,2016,2017,2018,barley,38,0.48132733244644976,0.6077584977392729,0.06081337684522037,-0.3802401929152639,0.5816315789473684,0.7006516515659585
153,2,2005,2016,2017,2018,maize,38,1.6262904930114748,1.8850925151871496,-0.709604870121239,-1.6021386598285878,1.1426842105263155,1.4097880766457884
153,2,2005,2016,2017,2018,wheat,38,0.43537594142713054,0.5695343325782728,-0.3100946149324717,-0.39944539321096323,0.4023684210526317,0.5538376163309584
153,3,2005,2018,2019,2020,ALL,114,0.7516706345374125,0.9167063000910678,0.6129016322612366,-0.6971362370775458,0.6385964912280702,0.8240232069632719
153,3,2005,2018,2019,2020,barley,38,0.7995966145866795,0.9061118992060808,-0.8992529726979968,-0.7946752997448568,0.6510526315789474,0.7400854858161924
153,3,2005,2018,2019,2020,maize,38,0.9310344786393016,1.1404640271918847,-0.05192835391845718,-0.8734579116419743,0.9531578947368423,1.151337985951448
153,3,2005,2018,2019,2020,wheat,38,0.5243808103862563,0.6319448952862756,-0.42506717337909206,-0.42327549984580604,0.31157894736842096,0.4046443532678776
153,4,2005,2020,2021,2022,ALL,114,1.252865900575069,1.754060774432685,-0.5087509569242261,0.7835708224982546,1.4767719298245612,2.0633381911911752
153,4,2005,2020,2021,2022,barley,38,0.686366914447985,0.797428089716161,0.397501108317156,-0.19878038305985296,0.8475263157894738,0.9902519084077864
153,4,2005,2020,2021,2022,maize,38,2.4401095244759,2.8109426085629483,-1.0947982011212316,2.3944688229811812,2.8119473684210528,3.289523833722987
153,4,2005,2020,2021,2022,wheat,38,0.632121262801321,0.8324047659084706,0.3469281128059454,0.1550240275734349,0.7708421052631579,0.9851535814010772
154,1,2005,2014,2015,2016,ALL,114,1.0307044124603273,1.173065604603971,0.3027118786249058,-0.9605993530206514,1.1329298245614035,1.3605235447391102
154,1,2005,2014,2015,2016,barley,38,0.8882278550298589,0.9858816308975518,-1.496971960474256,-0.8882278550298589,0.9384736842105265,0.9997013764646236
154,1,2005,2014,2015,2016,maize,38,1.216266588411833,1.4238372436782307,0.29387949908504885,-1.0059514100928053,1.5505263157894733,1.912135482977908
154,1,2005,2014,2015,2016,wheat,38,0.9876187939392893,1.0625317178739664,-2.4803913966799427,-0.9876187939392893,0.9097894736842104,0.9473162090875463
154,2,2005,2016,2017,2018,ALL,114,0.8471906636890613,1.2103027064266358,0.2880480070061794,-0.7971557578705905,0.7088947368421055,0.9635267273853719
154,2,2005,2016,2017,2018,barley,38,0.4458740650980097,0.5681216872779219,0.17932244696640454,-0.36310881413911517,0.5816315789473684,0.7006516515659585
154,2,2005,2016,2017,2018,maize,38,1.6435223589445416,1.9384828851703482,-0.8078165178692056,-1.61414213180542,1.1426842105263155,1.4097880766457884
154,2,2005,2016,2017,2018,wheat,38,0.4521755670246326,0.5603746745678712,-0.26829372070389956,-0.4142163276672364,0.4023684210526317,0.5538376163309584
154,3,2005,2018,2019,2020,ALL,114,0.7216645234927797,0.8910641933091848,0.634254583378472,-0.644814071069684,0.6385964912280702,0.8240232069632719
154,3,2005,2018,2019,2020,barley,38,0.7292566221638729,0.8507999561389438,-0.6744572538135012,-0.7182279258025318,0.6510526315789474,0.7400854858161924
154,3,2005,2018,2019,2020,maize,38,0.935113014923899,1.139618184906878,-0.05036857560478114,-0.8815653103276304,0.9531578947368423,1.151337985951448
154,3,2005,2018,2019,2020,wheat,38,0.5006239333905672,0.5994964695949171,-0.28247874420494945,-0.3346489770788896,0.31157894736842096,0.4046443532678776
154,4,2005,2020,2021,2022,ALL,114,1.2480338382720948,1.7360022200466507,-0.4778448336452066,0.7864765677535743,1.4767719298245612,2.0633381911911752
154,4,2005,2020,2021,2022,barley,38,0.7001140057413201,0.8169571226189922,0.36762932841503726,-0.15952387307819563,0.8475263157894738,0.9902519084077864
154,4,2005,2020,2021,2022,maize,38,2.394697824779309,2.7604844190889644,-1.0202673046717363,2.3316568585446,2.8119473684210528,3.289523833722987
154,4,2005,2020,2021,2022,wheat,38,0.6492896842956544,0.8679965183051473,0.2898863854272429,0.1872967177943179,0.7708421052631579,0.9851535814010772
155,1,2005,2014,2015,2016,ALL,114,1.09164300517032,1.2159536812836584,0.25079316887084435,-1.043579396030359,1.1329298245614035,1.3605235447391102
155,1,2005,2014,2015,2016,barley,38,0.9432139241067986,1.0274405699634979,-1.7119241387466206,-0.9432139241067986,0.9384736842105265,0.9997013764646236
155,1,2005,2014,2015,2016,maize,38,1.313270481762133,1.4884123419417727,0.22837791680871777,-1.1690796543422497,1.5505263157894733,1.912135482977908
155,1,2005,2014,2015,2016,wheat,38,1.0184446096420288,1.0791777613675761,-2.590295995188369,-1.0184446096420288,0.9097894736842104,0.9473162090875463
155,2,2005,2016,2017,2018,ALL,114,0.848717453019661,1.1838564101476792,0.31882176758563807,-0.7890565427980925,0.7088947368421055,0.9635267273853719
155,2,2005,2016,2017,2018,barley,38,0.5097738895918195,0.6422271797138722,-0.048738426849510796,-0.3971660611504002,0.5816315789473684,0.7006516515659585
155,2,2005,2016,2017,2018,maize,38,1.5906924192528977,1.858576574583159,-0.6618481052348628,-1.5617386441481742,1.1426842105263155,1.4097880766457884
155,2,2005,2016,2017,2018,wheat,38,0.44568605021426555,0.5811930536325656,-0.36428050399243195,-0.40826492309570317,0.4023684210526317,0.5538376163309584
155,3,2005,2018,2019,2020,ALL,114,0.7058430547044988,0.8636698780211134,0.656397389964178,-0.6408477019427115,0.6385964912280702,0.8240232069632719
155,3,2005,2018,2019,2020,barley,38,0.751408630923221,0.849715140941821,-0.6701899319581532,-0.7466084327195819,0.6510526315789474,0.7400854858161924
155,3,2005,2018,2019,2020,maize,38,0.8888579443881387,1.087100452895085,0.04421033032737898,-0.8185581814615351,0.9531578947368423,1.151337985951448
155,3,2005,2018,2019,2020,wheat,38,0.4772625888021369,0.5779046280940631,-0.1917612520267482,-0.3573764916470178,0.31157894736842096,0.4046443532678776
155,4,2005,2020,2021,2022,ALL,114,1.2483425816318445,1.7061128802939607,-0.427393808486489,0.7337372863501833,1.4767719298245612,2.0633381911911752
155,4,2005,2020,2021,2022,barley,38,0.7504948380118922,0.865139061915736,0.29083868709730676,-0.19545099308616223,0.8475263157894738,0.9902519084077864
155,4,2005,2020,2021,2022,maize,38,2.3105422275944756,2.6806502786396065,-0.9051034040925949,2.236911988007394,2.8119473684210528,3.289523833722987
155,4,2005,2020,2021,2022,wheat,38,0.6839906792891653,0.8933711256201563,0.2477612590195024,0.15975086412931738,0.7708421052631579,0.9851535814010772
156,1,2005,2014,2015,2016,ALL,114,1.0780501302083334,1.212386540308388,0.2551824911690286,-1.0157180267467834,1.1329298245614035,1.3605235447391102
156,1,2005,2014,2015,2016,barley,38,0.9363727100271927,1.0301833529902855,-1.7264225885626758,-0.9363727100271927,0.9384736842105265,0.9997013764646236
156,1,2005,2014,2015,2016,maize,38,1.2458413088949103,1.4432887031886772,0.27445467529952594,-1.0588449985102601,1.5505263157894733,1.912135482977908
156,1,2005,2014,2015,2016,wheat,38,1.0519363717028969,1.124848144343256,-2.900605893107977,-1.0519363717028969,0.9097894736842104,0.9473162090875463
156,2,2005,2016,2017,2018,ALL,114,0.8617481633236534,1.2226874775563068,0.27340295078603216,-0.8022027069225646,0.7088947368421055,0.9635267273853719
156,2,2005,2016,2017,2018,barley,38,0.4870708505730881,0.6190560623278648,0.02557194275358987,-0.3732445024189196,0.5816315789473684,0.7006516515659585
156,2,2005,2016,2017,2018,maize,38,1.6524191866422955,1.938240982934669,-0.807365353121172,-1.6280100872642118,1.1426842105263155,1.4097880766457884
156,2,2005,2016,2017,2018,wheat,38,0.4457544527555768,0.5872695182678734,-0.3929571676951449,-0.4053535310845627,0.4023684210526317,0.5538376163309584
156,3,2005,2018,2019,2020,ALL,114,0.7230580876166359,0.8916737152437678,0.633754044580381,-0.6441265388120686,0.6385964912280702,0.8240232069632719
156,3,2005,2018,2019,2020,barley,38,0.7087064966402555,0.8319410382712065,-0.6010475973623268,-0.6979557210520693,0.6510526315789474,0.7400854858161924
156,3,2005,2018,2019,2020,maize,38,0.968000452142013,1.16394535609918,-0.09569117253907189,-0.9067469426205285,0.9531578947368423,1.151337985951448
156,3,2005,2018,2019,2020,wheat,38,0.4924673140676398,0.5816797746400095,-0.2073824053903628,-0.3276769527636077,0.31157894736842096,0.4046443532678776
156,4,2005,2020,2021,2022,ALL,114,1.2355167457513643,1.7082359932971223,-0.43094856034633033,0.7652570046876607,1.4767719298245612,2.0633381911911752
156,4,2005,2020,2021,2022,barley,38,0.7050584808148835,0.8230926725054243,0.3580951402543765,-0.1674001688706247,0.8475263157894738,0.9902519084077864
156,4,2005,2020,2021,2022,maize,38,2.346337037839387,2.705513279798985,-0.940606916661767,2.283822399440564,2.8119473684210528,3.289523833722987
156,4,2005,2020,2021,2022,wheat,38,0.6551547185998214,0.8700155008312405,0.28657905787697147,0.17934878349304195,0.7708421052631579,0.9851535814010772
157,1,2005,2014,2015,2016,ALL,114,1.0343939694187099,1.1596948162318765,0.3185168901890635,-0.9834448345920496,1.1329298245614035,1.3605235447391102
157,1,2005,2014,2015,2016,barley,38,0.9126288484272203,1.003037858417982,-1.5846322935158947,-0.9126288484272203,0.9384736842105265,0.9997013764646236
157,1,2005,2014,2015,2016,maize,38,1.234500603424875,1.3960079449436877,0.32121239527401113,-1.0816531989448948,1.5505263157894733,1.912135482977908
157,1,2005,2014,2015,2016,wheat,38,0.9560524564040335,1.0391116747586022,-2.328654570042775,-0.9560524564040335,0.9097894736842104,0.9473162090875463
157,2,2005,2016,2017,2018,ALL,114,0.8909485916505782,1.2265284073655431,0.2688307410988745,-0.8392691393902427,0.7088947368421055,0.9635267273853719
157,2,2005,2016,2017,2018,barley,38,0.5251967608301263,0.6605464032087495,-0.10942125640187506,-0.4179343271255493,0.5816315789473684,0.7006516515659585
157,2,2005,2016,2017,2018,maize,38,1.7074117243917366,1.9300221001691653,-0.7920700109506222,-1.6971146709040594,1.1426842105263155,1.4097880766457884
157,2,2005,2016,2017,2018,wheat,38,0.4402372897298712,0.5931348449472146,-0.42092030241263445,-0.4027584201411198,0.4023684210526317,0.5538376163309584
157,3,2005,2018,2019,2020,ALL,114,0.7603589497114484,0.9110247484830251,0.6176850703058268,-0.7037504913095842,0.6385964912280702,0.8240232069632719
157,3,2005,2018,2019,2020,barley,38,0.8580646301570691,0.9571902506703661,-1.1194134229162889,-0.8549536150380184,0.6510526315789474,0.7400854858161924
157,3,2005,2018,2019,2020,maize,38,0.8740136397512336,1.0691785939157035,0.07546471819016631,-0.8090535244188812,0.9531578947368423,1.151337985951448
157,3,2005,2018,2019,2020,wheat,38,0.5489985792260421,0.6561571727716757,-0.5363588886678046,-0.44724433447185336,0.31157894736842096,0.4046443532678776
157,4,2005,2020,2021,2022,ALL,114,1.1965493692431537,1.7343765555357062,-0.4750782991557019,0.9153006093543873,1.4767719298245612,2.0633381911911752
157,4,2005,2020,2021,2022,barley,38,0.5432359921304803,0.6606747508411117,0.5864303960868361,-0.04549592118514208,0.8475263157894738,0.9902519084077864
157,4,2005,2020,2021,2022,maize,38,2.493118257522583,2.8242045423533315,-1.114611206236999,2.484209149511236,2.8119473684210528,3.289523833722987
157,4,2005,2020,2021,2022,wheat,38,0.5532938580763967,0.7820253740944392,0.42358727174461575,0.30718859973706697,0.7708421052631579,0.9851535814010772
158,1,2005,2014,2015,2016,ALL,114,0.9821893247805145,1.1339587064980767,0.34842840301584554,-0.9133944130780406,1.1329298245614035,1.3605235447391102
158,1,2005,2014,2015,2016,barley,38,0.841965302166186,0.9470103414885515,-1.303952700979358,-0.841965302166186,0.9384736842105265,0.9997013764646236
158,1,2005,2014,2015,2016,maize,38,1.2038320179989463,1.407241902788611,0.3102437568522123,-0.9974472828915243,1.5505263157894733,1.912135482977908
158,1,2005,2014,2015,2016,wheat,38,0.9007706541764109,0.9901659882454057,-2.022458100170329,-0.9007706541764109,0.9097894736842104,0.9473162090875463
158,2,2005,2016,2017,2018,ALL,114,0.8869603557753982,1.228673613294604,0.26627086513405807,-0.8419823846482394,0.7088947368421055,0.9635267273853719
158,2,2005,2016,2017,2018,barley,38,0.49908874687395605,0.6266047034173516,0.0016631096175306892,-0.41598423882534624,0.5816315789473684,0.7006516515659585
158,2,2005,2016,2017,2018,maize,38,1.7173806576979789,1.9504478911692735,-0.8302023654073671,-1.7020972176602014,1.1426842105263155,1.4097880766457884
158,2,2005,2016,2017,2018,wheat,38,0.4444116627542596,0.5762257487372793,-0.34105986352586837,-0.40786569745917073,0.4023684210526317,0.5538376163309584
158,3,2005,2018,2019,2020,ALL,114,0.7302582101654589,0.8907955717989832,0.6344750664324315,-0.6499582718966301,0.6385964912280702,0.8240232069632719
158,3,2005,2018,2019,2020,barley,38,0.7804076897470574,0.8926071369062561,-0.8430616283005661,-0.7732167555156506,0.6510526315789474,0.7400854858161924
158,3,2005,2018,2019,2020,maize,38,0.9093556901028282,1.1046130321169279,0.013167817332561227,-0.8398178155798662,0.9531578947368423,1.151337985951448
158,3,2005,2018,2019,2020,wheat,38,0.5010112506464909,0.6030197348607219,-0.29759740056313744,-0.33684024459437334,0.31157894736842096,0.4046443532678776
158,4,2005,2020,2021,2022,ALL,114,1.2112915285010089,1.7264574092854321,-0.4616386660433305,0.8942132138369376,1.4767719298245612,2.0633381911911752
158,4,2005,2020,2021,2022,barley,38,0.5708017600210089,0.6854056728497478,0.5548887387808632,-0.07807598314787208,0.8475263157894738,0.9902519084077864
158,4,2005,2020,2021,2022,maize,38,2.504870975895932,2.8038449669164573,-1.0842328086673363,2.4944710490578093,2.8119473684210528,3.289523833722987
158,4,2005,2020,2021,2022,wheat,38,0.5582018495860853,0.7814333134390486,0.4244597296547148,0.26624457560087506,0.7708421052631579,0.9851535814010772
159,1,2005,2014,2015,2016,ALL,114,1.0837652788664165,1.2086420534265998,0.2597761622669936,-1.0432316939036053,1.1329298245614035,1.3605235447391102
159,1,2005,2014,2015,2016,barley,38,0.9379560540851792,1.0211335283226766,-1.6787315220006276,-0.9379560540851792,0.9384736842105265,0.9997013764646236
159,1,2005,2014,2015,2016,maize,38,1.3337237215042113,1.499163596117779,0.21719033547766098,-1.2121229666157771,1.5505263157894733,1.912135482977908
159,1,2005,2014,2015,2016,wheat,38,0.9796160610098589,1.0451036644009497,-2.3671543211572836,-0.9796160610098589,0.9097894736842104,0.9473162090875463
159,2,2005,2016,2017,2018,ALL,114,0.8531252435215734,1.1762321427747788,0.3275673576714928,-0.7896365566420973,0.7088947368421055,0.9635267273853719
159,2,2005,2016,2017,2018,barley,38,0.5273055606139334,0.6637803687446802,-0.1203110679563657,-0.4074479000191939,0.5816315789473684,0.7006516515659585
159,2,2005,2016,2017,2018,maize,38,1.6002293757388468,1.8375407105132489,-0.6244425153599968,-1.58307860023097,1.1426842105263155,1.4097880766457884
159,2,2005,2016,2017,2018,wheat,38,0.4318407942119397,0.577413127981417,-0.34659237316133007,-0.37838316967612823,0.4023684210526317,0.5538376163309584
159,3,2005,2018,2019,2020,ALL,114,0.6397125737708912,0.7820307112430556,0.7182859383293183,-0.5569422455837851,0.6385964912280702,0.8240232069632719
159,3,2005,2018,2019,2020,barley,38,0.7319546097203304,0.8246936404272229,-0.5732742645600823,-0.7226428041960062,0.6510526315789474,0.7400854858161924
159,3,2005,2018,2019,2020,maize,38,0.7453144439898041,0.9276908621411277,0.3039674714967249,-0.6442891326703525,0.9531578947368423,1.151337985951448
159,3,2005,2018,2019,2020,wheat,38,0.4418686676025391,0.5422049093476594,-0.04906840412369862,-0.30389479988499696,0.31157894736842096,0.4046443532678776
159,4,2005,2020,2021,2022,ALL,114,1.20013998784517,1.6669366787495086,-0.3625940581384606,0.7566835562388102,1.4767719298245612,2.0633381911911752
159,4,2005,2020,2021,2022,barley,38,0.6784654230820505,0.7887375273659376,0.4105619030517662,-0.16111073694731054,0.8475263157894738,0.9902519084077864
159,4,2005,2020,2021,2022,maize,38,2.2974544028231967,2.6479441928233594,-0.8588994145596818,2.2386213990261674,2.8119473684210528,3.289523833722987
159,4,2005,2020,2021,2022,wheat,38,0.6245001376302619,0.8380443529426365,0.3380489416404642,0.1925400066375732,0.7708421052631579,0.9851535814010772
160,1,2005,2014,2015,2016,ALL,114,1.0449917169202838,1.184176269763959,0.28944062736303944,-0.983043174576341,1.1329298245614035,1.3605235447391102
160,1,2005,2014,2015,2016,barley,38,0.9141447200273212,1.0115800729154993,-1.6288429825380693,-0.9141447200273212,0.9384736842105265,0.9997013764646236
160,1,2005,2014,2015,2016,maize,38,1.2365280894229287,1.4309779657287176,0.28677917366310834,-1.0506824623911002,1.5505263157894733,1.912135482977908
160,1,2005,2014,2015,2016,wheat,38,0.9843023413106016,1.065752378038833,-2.501522334960333,-0.9843023413106016,0.9097894736842104,0.9473162090875463
160,2,2005,2016,2017,2018,ALL,114,0.8728714409209135,1.2184276666221947,0.27845702122216154,-0.8045495697489956,0.7088947368421055,0.9635267273853719
160,2,2005,2016,2017,2018,barley,38,0.5163902749513326,0.6543289309176653,-0.08863442682708444,-0.39406651296113665,0.5816315789473684,0.7006516515659585
160,2,2005,2016,2017,2018,maize,38,1.6754413238324617,1.9199366487149057,-0.773389797788888,-1.665509803671586,1.1426842105263155,1.4097880766457884
160,2,2005,2016,2017,2018,wheat,38,0.4267827239789461,0.5825760477883906,-0.37078105260142213,-0.3540723926142643,0.4023684210526317,0.5538376163309584
160,3,2005,2018,2019,2020,ALL,114,0.7142160332830328,0.8734760770159605,0.6485504935538291,-0.635702265103658,0.6385964912280702,0.8240232069632719
160,3,2005,2018,2019,2020,barley,38,0.777935885128222,0.8953932968492828,-0.8545853513245649,-0.7701155007512944,0.6510526315789474,0.7400854858161924
160,3,2005,2018,2019,2020,maize,38,0.8659103012084962,1.0628322561951502,0.08640769726738795,-0.79131523232711,0.9531578947368423,1.151337985951448
160,3,2005,2018,2019,2020,wheat,38,0.49880191351238057,0.59794632744593,-0.275855005117315,-0.3456760622325698,0.31157894736842096,0.4046443532678776
160,4,2005,2020,2021,2022,ALL,114,1.1948682338313055,1.6834542035189843,-0.38973148900553567,0.8182070355666311,1.4767719298245612,2.0633381911911752
160,4,2005,2020,2021,2022,barley,38,0.6060195847561485,0.7176934456992243,0.5119647933783401,-0.13201365671659765,0.8475263157894738,0.9902519084077864
160,4,2005,2020,2021,2022,maize,38,2.3995160519449334,2.713718565177304,-0.9523957182046252,2.3753995027040173,2.8119473684210528,3.289523833722987
160,4,2005,2020,2021,2022,wheat,38,0.5790690647928338,0.789114588034982,0.41308931374701485,0.21123526071247295,0.7708421052631579,0.9851535814010772
161,1,2005,2014,2015,2016,ALL,114,1.0663976523750707,1.191934805329792,0.2800991802655216,-1.0262270032313832,1.1329298245614035,1.3605235447391102
161,1,2005,2014,2015,2016,barley,38,0.8801876590126442,0.9646115324171463,-1.3903913879321617,-0.8801876590126442,0.9384736842105265,0.9997013764646236
161,1,2005,2014,2015,2016,maize,38,1.3794808395285354,1.5230465792691583,0.19204998319909394,-1.2589688920974729,1.5505263157894733,1.912135482977908
161,1,2005,2014,2015,2016,wheat,38,0.9395244585840326,1.0059718929344235,-2.1197225591364615,-0.9395244585840326,0.9097894736842104,0.9473162090875463
161,2,2005,2016,2017,2018,ALL,114,0.8839260687744409,1.2025465233359671,0.2971438077689237,-0.8310222365563376,0.7088947368421055,0.9635267273853719
161,2,2005,2016,2017,2018,barley,38,0.5241948361145824,0.6670679417884299,-0.1314359082978953,-0.41804479021775093,0.5816315789473684,0.7006516515659585
161,2,2005,2016,2017,2018,maize,38,1.6592602564159193,1.8692306299879393,-0.6809553823598287,-1.6403111181761092,1.1426842105263155,1.4097880766457884
161,2,2005,2016,2017,2018,wheat,38,0.468323113792821,0.6319427468650176,-0.6129403633142188,-0.434710801275153,0.4023684210526317,0.5538376163309584
161,3,2005,2018,2019,2020,ALL,114,0.7095340113890799,0.8476098851854873,0.6690572023534425,-0.6500290382954114,0.6385964912280702,0.8240232069632719
161,3,2005,2018,2019,2020,barley,38,0.8158932357085377,0.9160933312888796,-0.9413265357584875,-0.8158932357085377,0.6510526315789474,0.7400854858161924
161,3,2005,2018,2019,2020,maize,38,0.7786091418015331,0.9534036748284687,0.2648488819828334,-0.6979987902390331,0.9531578947368423,1.151337985951448
161,3,2005,2018,2019,2020,wheat,38,0.5340996566571689,0.6380611205708114,-0.452785446388106,-0.436195088938663,0.31157894736842096,0.4046443532678776
161,4,2005,2020,2021,2022,ALL,114,1.1728598633147123,1.6446234252177188,-0.3263594284628566,0.7404114547528718,1.4767719298245612,2.0633381911911752
161,4,2005,2020,2021,2022,barley,38,0.6700239919361315,0.789346221892981,0.4096517747129874,-0.16267980726141673,0.8475263157894738,0.9902519084077864
161,4,2005,2020,2021,2022,maize,38,2.2357414351011573,2.614535498466867,-0.8122884413148408,2.1934971192008565,2.8119473684210528,3.289523833722987
161,4,2005,2020,2021,2022,wheat,38,0.6128141629068476,0.8096266433143551,0.38218072140128967,0.19041705231917527,0.7708421052631579,0.9851535814010772
162,1,2005,2014,2015,2016,ALL,114,1.1029132981885943,1.2310213913834007,0.232110261274458,-1.0517788159219843,1.1329298245614035,1.3605235447391102
162,1,2005,2014,2015,2016,barley,38,0.9583022752561066,1.0409238790630677,-1.7835694330504155,-0.9583022752561066,0.9384736842105265,0.9997013764646236
162,1,2005,2014,2015,2016,maize,38,1.329996781098215,1.5022757401555626,0.21393686116443134,-1.1765933342983845,1.5505263157894733,1.912135482977908
162,1,2005,2014,2015,2016,wheat,38,1.0204408382114611,1.0981284427000895,-2.717496436763874,-1.0204408382114611,0.9097894736842104,0.9473162090875463
162,2,2005,2016,2017,2018,ALL,114,0.965287451409457,1.2779627710934984,0.20622191235730125,-0.9209652565236679,0.7088947368421055,0.9635267273853719
162,2,2005,2016,2017,2018,barley,38,0.62107573208056,0.7916302686452664,-0.5934359140857595,-0.5280223429830451,0.5816315789473684,0.7006516515659585
162,2,2005,2016,2017,2018,maize,38,1.7407578503458125,1.9404696405285173,-0.8115240870677756,-1.7379602407154287,1.1426842105263155,1.4097880766457884
162,2,2005,2016,2017,2018,wheat,38,0.5340287718019987,0.7123662154079677,-1.049601696701012,-0.49691318587252975,0.4023684210526317,0.5538376163309584
162,3,2005,2018,2019,2020,ALL,114,0.6873540703455607,0.8404086874627785,0.6746566200316846,-0.6211705648689939,0.6385964912280702,0.8240232069632719
162,3,2005,2018,2019,2020,barley,38,0.7322380831367091,0.8336301033544508,-0.6075553152697457,-0.727323945948952,0.6510526315789474,0.7400854858161924
162,3,2005,2018,2019,2020,maize,38,0.8436666006790965,1.0387777387091819,0.1272934270373739,-0.7654180807816356,0.9531578947368423,1.151337985951448
162,3,2005,2018,2019,2020,wheat,38,0.4861575272208766,0.5872494752932667,-0.23061496159571337,-0.3707696678763943,0.31157894736842096,0.4046443532678776
162,4,2005,2020,2021,2022,ALL,114,1.1487658768369442,1.620400584064859,-0.2875765762204925,0.7763187274598239,1.4767719298245612,2.0633381911911752
162,4,2005,2020,2021,2022,barley,38,0.6321110308797736,0.7578331528526173,0.4558477947405517,-0.07459746862712656,0.8475263157894738,0.9902519084077864
162,4,2005,2020,2021,2022,maize,38,2.2108108324753606,2.5716833542770003,-0.7533685913682406,2.1419089101490214,2.8119473684210528,3.289523833722987
162,4,2005,2020,2021,2022,wheat,38,0.6033757671556975,0.8301974441572709,0.3503870754300733,0.26164474085757605,0.7708421052631579,0.9851535814010772
163,1,2005,2014,2015,2016,ALL,114,1.1642424433691458,1.2632762268277442,0.19134307222176106,-1.119113248272946,1.1329298245614035,1.3605235447391102
163,1,2005,2014,2015,2016,barley,38,1.0245415757831773,1.0981291366070214,-2.0979253284916117,-1.0245415757831773,0.9384736842105265,0.9997013764646236
163,1,2005,2014,2015,2016,maize,38,1.3733576355482402,1.5030353839335946,0.21314169563115615,-1.23797005025964,1.5505263157894733,1.912135482977908
163,1,2005,2014,2015,2016,wheat,38,1.0948281187760203,1.15004239477627,-3.077293556187356,-1.0948281187760203,0.9097894736842104,0.9473162090875463
163,2,2005,2016,2017,2018,ALL,114,0.8941332008964138,1.2131368642743692,0.2847097564453269,-0.8453992805146334,0.7088947368421055,0.9635267273853719
163,2,2005,2016,2017,2018,barley,38,0.5524275925284939,0.7076243385273702,-0.2731962251293427,-0.4456267893941779,0.5816315789473684,0.7006516515659585
163,2,2005,2016,2017,2018,maize,38,1.6427269353364644,1.8645783880774638,-0.6725984902002444,-1.6329229906985636,1.1426842105263155,1.4097880766457884
163,2,2005,2016,2017,2018,wheat,38,0.4872450748242829,0.661602890427858,-0.7678997351917611,-0.4576480614511591,0.4023684210526317,0.5538376163309584
163,3,2005,2018,2019,2020,ALL,114,0.666289433596427,0.8115239465111513,0.6966363178665222,-0.6057279446250514,0.6385964912280702,0.8240232069632719
163,3,2005,2018,2019,2020,barley,38,0.7398040646000912,0.8386398115721446,-0.6269346094741461,-0.736801918933266,0.6510526315789474,0.7400854858161924
163,3,2005,2018,2019,2020,maize,38,0.7827812596371301,0.9760412690344273,0.22952359976254755,-0.7004502226177016,0.9531578947368423,1.151337985951448
163,3,2005,2018,2019,2020,wheat,38,0.47628297655205987,0.5654556170655706,-0.1409693056732353,-0.3799316923241868,0.31157894736842096,0.4046443532678776
163,4,2005,2020,2021,2022,ALL,114,1.1686555342088667,1.6456517524147691,-0.3280186020614526,0.745616927063256,1.4767719298245612,2.0633381911911752
163,4,2005,2020,2021,2022,barley,38,0.6688157091642681,0.7893070286002115,0.40971039820610544,-0.10042227895636302,0.8475263157894738,0.9902519084077864
163,4,2005,2020,2021,2022,maize,38,2.2213820592980635,2.6064789394066232,-0.8011366990319468,2.111520655280665,2.8119473684210528,3.289523833722987
163,4,2005,2020,2021,2022,wheat,38,0.6157688341642682,0.8412912835097204,0.33290966046958714,0.22575240486546563,0.7708421052631579,0.9851535814010772
164,1,2005,2014,2015,2016,ALL,114,1.1000304557566056,1.2245583778311069,0.24015212627067228,-1.0488789328357628,1.1329298245614035,1.3605235447391102
164,1,2005,2014,2015,2016,barley,38,0.9444894572308188,1.0296862121349315,-1.7237918160719978,-0.9444894572308188,0.9384736842105265,0.9997013764646236
164,1,2005,2014,2015,2016,maize,38,1.3590391191683315,1.515141752162718,0.20041496865475084,-1.2055845504058034,1.5505263157894733,1.912135482977908
164,1,2005,2014,2015,2016,wheat,38,0.9965627908706666,1.0689814954158754,-2.5227729670916488,-0.9965627908706666,0.9097894736842104,0.9473162090875463
164,2,2005,2016,2017,2018,ALL,114,0.9324360901849312,1.2404186154477992,0.25217625347447625,-0.8732545994039169,0.7088947368421055,0.9635267273853719
164,2,2005,2016,2017,2018,barley,38,0.6257270338660793,0.8029535119322664,-0.6393459887748847,-0.5045881871173257,0.5816315789473684,0.7006516515659585
164,2,2005,2016,2017,2018,maize,38,1.6368208393297698,1.8564454928312701,-0.6580392723653672,-1.6290231654518532,1.1426842105263155,1.4097880766457884
164,2,2005,2016,2017,2018,wheat,38,0.5347603973589447,0.7244244711979353,-1.1195763635412552,-0.48615244564257176,0.4023684210526317,0.5538376163309584
164,3,2005,2018,2019,2020,ALL,114,0.695262296325282,0.8464131929816207,0.6699910213236104,-0.6388644483633208,0.6385964912280702,0.8240232069632719
164,3,2005,2018,2019,2020,barley,38,0.7589314398012663,0.8516587761622627,-0.6778394430438115,-0.7560938531474062,0.6510526315789474,0.7400854858161924
164,3,2005,2018,2019,2020,maize,38,0.8395255133980201,1.0363577594367073,0.1313548767919751,-0.7771518762488115,0.9531578947368423,1.151337985951448
164,3,2005,2018,2019,2020,wheat,38,0.48732993577656,0.5915114565256971,-0.24854223254698504,-0.383347615693745,0.31157894736842096,0.4046443532678776
164,4,2005,2020,2021,2022,ALL,114,1.14996472275048,1.5766342208337027,-0.2189620435211035,0.6539338697466934,1.4767719298245612,2.0633381911911752
164,4,2005,2020,2021,2022,barley,38,0.7123812173542222,0.8433757988651087,0.3260689565493914,-0.1514157716851485,0.8475263157894738,0.9902519084077864
164,4,2005,2020,2021,2022,maize,38,2.0611246480439833,2.44544600370489,-0.5854567188424624,1.927312952342786,2.8119473684210528,3.289523833722987
164,4,2005,2020,2021,2022,wheat,38,0.676388302853233,0.8751214222975653,0.278180678076384,0.18590442858244238,0.7708421052631579,0.9851535814010772
165,1,2005,2014,2015,2016,ALL,114,1.0451783089052167,1.1710347184385963,0.305124168203468,-1.0100054360272592,1.1329298245614035,1.3605235447391102
165,1,2005,2014,2015,2016,barley,38,0.8700073676360284,0.9516322126599108,-1.3264963992019108,-0.8700073676360284,0.9384736842105265,0.9997013764646236
165,1,2005,2014,2015,2016,maize,38,1.36309816410667,1.5033300950225217,0.2128330953081743,-1.2575795454727974,1.5505263157894733,1.912135482977908
165,1,2005,2014,2015,2016,wheat,38,0.9024293949729518,0.9738386378621797,-1.9236022217981077,-0.9024293949729518,0.9097894736842104,0.9473162090875463
165,2,2005,2016,2017,2018,ALL,114,0.9168022170819734,1.2297617079740486,0.26497073095701196,-0.8717146015167236,0.7088947368421055,0.9635267273853719
165,2,2005,2016,2017,2018,barley,38,0.5617588439740634,0.7074459202076321,-0.27255426616637934,-0.46414664268493655,0.5816315789473684,0.7006516515659585
165,2,2005,2016,2017,2018,maize,38,1.697951626526682,1.8955549607899045,-0.7286344764918069,-1.6875632963682479,1.1426842105263155,1.4097880766457884
165,2,2005,2016,2017,2018,wheat,38,0.49069618074517496,0.6658327386094112,-0.7905775441800087,-0.46343386549698684,0.4023684210526317,0.5538376163309584
165,3,2005,2018,2019,2020,ALL,114,0.7044136667251588,0.8389625568125809,0.6757753239297972,-0.6392549445336325,0.6385964912280702,0.8240232069632719
165,3,2005,2018,2019,2020,barley,38,0.8277418359957242,0.9261869229395356,-0.9843415999774325,-0.8277418359957242,0.6510526315789474,0.7400854858161924
165,3,2005,2018,2019,2020,maize,38,0.7469690001638313,0.920284713562042,0.3150365540472502,-0.6586020148427864,0.9531578947368423,1.151337985951448
165,3,2005,2018,2019,2020,wheat,38,0.5385301640159207,0.6378309689567719,-0.45173758247102036,-0.431420982762387,0.31157894736842096,0.4046443532678776
165,4,2005,2020,2021,2022,ALL,114,1.131937875245747,1.6262451176710575,-0.29688150478149633,0.8436113089845891,1.4767719298245612,2.0633381911911752
165,4,2005,2020,2021,2022,barley,38,0.5858463287353516,0.7018469910193417,0.5332782099798885,-0.022740963383724777,0.8475263157894738,0.9902519084077864
165,4,2005,2020,2021,2022,maize,38,2.261349134947124,2.6116506309298773,-0.808291304766958,2.2359215093913827,2.8119473684210528,3.289523833722987
165,4,2005,2020,2021,2022,wheat,38,0.5486181620547647,0.7878523538122649,0.4149654069632933,0.3176533809461091,0.7708421052631579,0.9851535814010772
166,1,2005,2014,2015,2016,ALL,114,1.0728817237887467,1.2038053778252917,0.2656886803677033,-1.0222133038336771,1.1329298245614035,1.3605235447391102
166,1,2005,2014,2015,2016,barley,38,0.9410498300351593,1.0232150213657605,-1.6896633810134576,-0.9410498300351593,0.9384736842105265,0.9997013764646236
166,1,2005,2014,2015,2016,maize,38,1.3071229528125963,1.4764724063823638,0.24070805437862652,-1.1551176929473874,1.5505263157894733,1.912135482977908
166,1,2005,2014,2015,2016,wheat,38,0.970472388518484,1.0585378671952252,-2.4542763371500955,-0.970472388518484,0.9097894736842104,0.9473162090875463
166,2,2005,2016,2017,2018,ALL,114,1.0066882690630463,1.3046916507016204,0.1726705812969831,-0.9664009465669332,0.7088947368421055,0.9635267273853719
166,2,2005,2016,2017,2018,barley,38,0.6683215419869675,0.8444726513722637,-0.8132638238681815,-0.5860147699556852,0.5816315789473684,0.7006516515659585
166,2,2005,2016,2017,2018,maize,38,1.7786600865815818,1.9544297850073797,-0.8376828118697364,-1.7786600865815818,1.1426842105263155,1.4097880766457884
166,2,2005,2016,2017,2018,wheat,38,0.5730831786205894,0.7574503724943724,-1.3172410314165557,-0.5345279831635326,0.4023684210526317,0.5538376163309584
166,3,2005,2018,2019,2020,ALL,114,0.7228909420548825,0.8770681560403737,0.6456539512254018,-0.6529154026299193,0.6385964912280702,0.8240232069632719
166,3,2005,2018,2019,2020,barley,38,0.7920030267615067,0.8942526878115984,-0.849863382817172,-0.7911035321888169,0.6510526315789474,0.7400854858161924
166,3,2005,2018,2019,2020,maize,38,0.871829121740241,1.062403491935505,0.0871446653311383,-0.7803589323947305,0.9531578947368423,1.151337985951448
166,3,2005,2018,2019,2020,wheat,38,0.5048406776628998,0.6159193142654005,-0.3537066496154122,-0.3872837433062103,0.31157894736842096,0.4046443532678776
166,4,2005,2020,2021,2022,ALL,114,1.1430940731784753,1.6440658117659617,-0.325460170350663,0.883123667198315,1.4767719298245612,2.0633381911911752
166,4,2005,2020,2021,2022,barley,38,0.5440455903505024,0.6769070917877106,0.5658584814491427,0.03940029194480498,0.8475263157894738,0.9902519084077864
166,4,2005,2020,2021,2022,maize,38,2.3230518120213555,2.6504836388998556,-0.8624665882286631,2.2762462726392236,2.8119473684210528,3.289523833722987
166,4,2005,2020,2021,2022,wheat,38,0.5621848171635678,0.7909427597903014,0.41036672705281696,0.33372443701091564,0.7708421052631579,0.9851535814010772
167,1,2005,2014,2015,2016,ALL,114,1.1563489667992841,1.2586558290816268,0.19724753528384942,-1.1166638466349819,1.1329298245614035,1.3605235447391102
167,1,2005,2014,2015,2016,barley,38,1.0187269293634513,1.0940769135558566,-2.0751041099169325,-1.0187269293634513,0.9384736842105265,0.9997013764646236
167,1,2005,2014,2015,2016,maize,38,1.3879897225530522,1.5146995269975878,0.2008816510886653,-1.2689343620601452,1.5505263157894733,1.912135482977908
167,1,2005,2014,2015,2016,wheat,38,1.062330248481349,1.123087057347224,-2.8884017054031963,-1.062330248481349,0.9097894736842104,0.9473162090875463
167,2,2005,2016,2017,2018,ALL,114,0.890605032987762,1.2008491667952996,0.2991265262628219,-0.8341366566273204,0.7088947368421055,0.9635267273853719
167,2,2005,2016,2017,2018,barley,38,0.5614326454463758,0.7195862649802928,-0.3166051480392009,-0.44552683554197614,0.5816315789473684,0.7006516515659585
167,2,2005,2016,2017,2018,maize,38,1.6343557141956533,1.8374780415329637,-0.6243317146366003,-1.6286396503448488,1.1426842105263155,1.4097880766457884
167,2,2005,2016,2017,2018,wheat,38,0.4760267393212569,0.6572565848394317,-0.744748102421747,-0.4282434839951365,0.4023684210526317,0.5538376163309584
167,3,2005,2018,2019,2020,ALL,114,0.6299219957987467,0.764276273352475,0.7309322404379872,-0.5554771550496419,0.6385964912280702,0.8240232069632719
167,3,2005,2018,2019,2020,barley,38,0.7117093713659989,0.8096177072774201,-0.5162790823089822,-0.7101252641175921,0.6510526315789474,0.7400854858161924
167,3,2005,2018,2019,2020,maize,38,0.7355532033819902,0.9049159962012572,0.33772324900793727,-0.6231213900917456,0.9531578947368423,1.151337985951448
167,3,2005,2018,2019,2020,wheat,38,0.4425034126482512,0.527257881790857,0.007973948680672027,-0.33318481093958807,0.31157894736842096,0.4046443532678776
167,4,2005,2020,2021,2022,ALL,114,1.1367390833402935,1.6520104506730966,-0.3383011955906039,0.8206285526877956,1.4767719298245612,2.0633381911911752
167,4,2005,2020,2021,2022,barley,38,0.5924702875237716,0.7214449002952557,0.5068494424558403,-0.008276334059865813,0.8475263157894738,0.9902519084077864
167,4,2005,2020,2021,2022,maize,38,2.2565017685137296,2.64447529691966,-0.8540321633400909,2.160688112660458,2.8119473684210528,3.289523833722987
167,4,2005,2020,2021,2022,wheat,38,0.5612451939833791,0.8207820948455365,0.3650381676153628,0.30947387946279425,0.7708421052631579,0.9851535814010772
168,1,2005,2014,2015,2016,ALL,114,1.0874034250828257,1.2104286261530175,0.25758619853676057,-1.0388745065321001,1.1329298245614035,1.3605235447391102
168,1,2005,2014,2015,2016,barley,38,0.9538706322720175,1.041320090560676,-1.7856888812318634,-0.9538706322720175,0.9384736842105265,0.9997013764646236
168,1,2005,2014,2015,2016,maize,38,1.323364321307132,1.4743253872061697,0.24291470459255138,-1.1777775656549552,1.5505263157894733,1.912135482977908
168,1,2005,2014,2015,2016,wheat,38,0.9849753216693277,1.0665033983378231,-2.506459018126104,-0.9849753216693277,0.9097894736842104,0.9473162090875463
168,2,2005,2016,2017,2018,ALL,114,0.9285638261259649,1.219525863238558,0.27715574880052896,-0.8630913507729248,0.7088947368421055,0.9635267273853719
168,2,2005,2016,2017,2018,barley,38,0.644433455969158,0.8281999384881693,-0.7440551192755616,-0.5125609545958669,0.5816315789473684,0.7006516515659585
168,2,2005,2016,2017,2018,maize,38,1.5971830167268455,1.7941843647025935,-0.5486901768230421,-1.5971830167268455,1.1426842105263155,1.4097880766457884
168,2,2005,2016,2017,2018,wheat,38,0.5440750056818912,0.7461349212228262,-1.2485242529504248,-0.4795300809960617,0.4023684210526317,0.5538376163309584
168,3,2005,2018,2019,2020,ALL,114,0.6918631278422841,0.8381180524836397,0.6764277280958078,-0.6308350000046847,0.6385964912280702,0.8240232069632719
168,3,2005,2018,2019,2020,barley,38,0.7709567795301737,0.863923703829991,-0.7265132977358244,-0.7709567795301737,0.6510526315789474,0.7400854858161924
168,3,2005,2018,2019,2020,maize,38,0.8144529011375027,1.0082630986401404,0.17781277507855442,-0.7395883891457007,0.9531578947368423,1.151337985951448
168,3,2005,2018,2019,2020,wheat,38,0.4901797028591759,0.586827885821865,-0.2288486659982769,-0.3819598313381799,0.31157894736842096,0.4046443532678776
168,4,2005,2020,2021,2022,ALL,114,1.1125245209744101,1.585456517885547,-0.23264198659206725,0.7762671914016992,1.4767719298245612,2.0633381911911752
168,4,2005,2020,2021,2022,barley,38,0.5963272375809519,0.7358109588126692,0.48701378343696144,-0.03040504154406092,0.8475263157894738,0.9902519084077864
168,4,2005,2020,2021,2022,maize,38,2.1518086589010132,2.512092632318467,-0.6730523664143468,2.066346658907438,2.8119473684210528,3.289523833722987
168,4,2005,2020,2021,2022,wheat,38,0.5894376664412649,0.8300541848938234,0.3506112511132221,0.2928599568417198,0.7708421052631579,0.9851535814010772
169,1,2005,2014,2015,2016,ALL,114,1.0918968937689797,1.2125290994993738,0.2550073212531415,-1.0565185417208753,1.1329298245614035,1.3605235447391102
169,1,2005,2014,2015,2016,barley,38,0.9165819727747063,1.001370495029102,-1.5760464972050787,-0.9165819727747063,0.9384736842105265,0.9997013764646236
169,1,2005,2014,2015,2016,maize,38,1.3882794764167383,1.5251550892280805,0.18981137816371363,-1.2821444202724255,1.5505263157894733,1.912135482977908
169,1,2005,2014,2015,2016,wheat,38,0.9708292321154947,1.0401151555886214,-2.335086706230902,-0.9708292321154947,0.9097894736842104,0.9473162090875463
169,2,2005,2016,2017,2018,ALL,114,0.8713451346179896,1.1796723411508974,0.3236281954471617,-0.8130603580307543,0.7088947368421055,0.9635267273853719
169,2,2005,2016,2017,2018,barley,38,0.5439905445199265,0.6837496462267175,-0.18873225707420715,-0.42179894171263044,0.5816315789473684,0.7006516515659585
169,2,2005,2016,2017,2018,maize,38,1.604065765581633,1.8197222937504371,-0.5930912038203155,-1.5890664201033744,1.1426842105263155,1.4097880766457884
169,2,2005,2016,2017,2018,wheat,38,0.4659790937524092,0.6292675840545132,-0.5993133531201036,-0.4283157122762578,0.4023684210526317,0.5538376163309584
169,3,2005,2018,2019,2020,ALL,114,0.6842853009909916,0.8164190285706947,0.6929655233650747,-0.6214565082181963,0.6385964912280702,0.8240232069632719
169,3,2005,2018,2019,2020,barley,38,0.790841551830894,0.8822712326568319,-0.8006254542868005,-0.7885745635785554,0.6510526315789474,0.7400854858161924
169,3,2005,2018,2019,2020,maize,38,0.734196189579211,0.9114697802994828,0.32809553454295415,-0.6393997699336003,0.9531578947368423,1.151337985951448
169,3,2005,2018,2019,2020,wheat,38,0.5278181615628695,0.624852304359964,-0.3932583919071664,-0.4363951911424337,0.31157894736842096,0.4046443532678776
169,4,2005,2020,2021,2022,ALL,114,1.1775814327440766,1.6500240519689104,-0.3350847492145601,0.7825078395375035,1.4767719298245612,2.0633381911911752
169,4,2005,2020,2021,2022,barley,38,0.6780698871612548,0.7962064788953256,0.3993456768921636,-0.09681388905173849,0.8475263157894738,0.9902519084077864
169,4,2005,2020,2021,2022,maize,38,2.234491131431178,2.6102230185170763,-0.8063149044737201,2.19665718179,2.8119473684210528,3.289523833722987
169,4,2005,2020,2021,2022,wheat,38,0.6201832796397962,0.8488398864311313,0.3208848326943512,0.2476802258742483,0.7708421052631579,0.9851535814010772
170,1,2005,2014,2015,2016,ALL,114,1.0759743641133894,1.2119005328020125,0.25577951915239283,-1.0284726531882034,1.1329298245614035,1.3605235447391102
170,1,2005,2014,2015,2016,barley,38,0.9181945858503642,1.0054852083360546,-1.597260364313517,-0.9181945858503642,0.9384736842105265,0.9997013764646236
170,1,2005,2014,2015,2016,maize,38,1.3410110794870476,1.515380018117607,0.200163468924756,-1.1985059467114898,1.5505263157894733,1.912135482977908
170,1,2005,2014,2015,2016,wheat,38,0.9687174270027562,1.048203988126685,-2.3871614323166908,-0.9687174270027562,0.9097894736842104,0.9473162090875463
170,2,2005,2016,2017,2018,ALL,114,0.8617873620986938,1.1751158684732859,0.32884306349930204,-0.814192302519815,0.7088947368421055,0.9635267273853719
170,2,2005,2016,2017,2018,barley,38,0.5413763098967703,0.6922690898621087,-0.21853974658566,-0.44922968939730995,0.5816315789473684,0.7006516515659585
170,2,2005,2016,2017,2018,maize,38,1.5930445656023529,1.8139460134659293,-0.5829934693172791,-1.5888978581679496,1.1426842105263155,1.4097880766457884
170,2,2005,2016,2017,2018,wheat,38,0.45094121079695854,0.6107825148657461,-0.5067320786995062,-0.40444935999418563,0.4023684210526317,0.5538376163309584
170,3,2005,2018,2019,2020,ALL,114,0.7184798431396485,0.8691158674821285,0.6520504607201949,-0.6643124088488128,0.6385964912280702,0.8240232069632719
170,3,2005,2018,2019,2020,barley,38,0.7796923461713289,0.873415323203901,-0.7646588614475887,-0.7784782143643026,0.6510526315789474,0.7400854858161924
170,3,2005,2018,2019,2020,maize,38,0.869997437627692,1.0611709342197457,0.0892615525959437,-0.7988194822010243,0.9531578947368423,1.151337985951448
170,3,2005,2018,2019,2020,wheat,38,0.5057497456199245,0.6141246574494917,-0.3458293209545935,-0.41563952998111137,0.31157894736842096,0.4046443532678776
170,4,2005,2020,2021,2022,ALL,114,1.16719171674628,1.6337385185443698,-0.3088605628988452,0.7492594526525129,1.4767719298245612,2.0633381911911752
170,4,2005,2020,2021,2022,barley,38,0.6536471954144929,0.7806973077077327,0.4225178614313101,-0.12461695871855079,0.8475263157894738,0.9902519084077864
170,4,2005,2020,2021,2022,maize,38,2.2214603629865137,2.5886907120288623,-0.7766364419500951,2.1685650107735075,2.8119473684210528,3.289523833722987
170,4,2005,2020,2021,2022,wheat,38,0.6264675918378328,0.8345638094957479,0.3435359186951624,0.20383030590258142,0.7708421052631579,0.9851535814010772
171,1,2005,2014,2015,2016,ALL,114,1.1041990268439579,1.2181059972208386,0.2481385333065642,-1.0614924154783552,1.1329298245614035,1.3605235447391102
171,1,2005,2014,2015,2016,barley,38,0.9495753960860401,1.0317514261711398,-1.7347288456125698,-0.9495753960860401,0.9384736842105265,0.9997013764646236
171,1,2005,2014,2015,2016,maize,38,1.3634157313798603,1.4992387237595024,0.2171118755714091,-1.235295897283052,1.5505263157894733,1.912135482977908
171,1,2005,2014,2015,2016,wheat,38,0.9996059530659727,1.0672951349884057,-2.5116671076626025,-0.9996059530659727,0.9097894736842104,0.9473162090875463
171,2,2005,2016,2017,2018,ALL,114,0.8988594132975528,1.2127726482265753,0.2851391903956906,-0.8526564806386044,0.7088947368421055,0.9635267273853719
171,2,2005,2016,2017,2018,barley,38,0.5708692653555619,0.7232595694529994,-0.3300813240946905,-0.46919659288305987,0.5816315789473684,0.7006516515659585
171,2,2005,2016,2017,2018,maize,38,1.6350515887611792,1.857496060584953,-0.6599163815708435,-1.6301192885950995,1.1426842105263155,1.4097880766457884
171,2,2005,2016,2017,2018,wheat,38,0.4906573857759174,0.6626133631051697,-0.7733041208398015,-0.45865356043765426,0.4023684210526317,0.5538376163309584
171,3,2005,2018,2019,2020,ALL,114,0.6576749393396211,0.7946087520922834,0.7091509856592506,-0.606317666706286,0.6385964912280702,0.8240232069632719
171,3,2005,2018,2019,2020,barley,38,0.758828938634772,0.8487867839107088,-0.6665423906255536,-0.7544547567869486,0.6510526315789474,0.7400854858161924
171,3,2005,2018,2019,2020,maize,38,0.7414915908010383,0.9301805198552191,0.3002265528217155,-0.6859983926070365,0.9531578947368423,1.151337985951448
171,3,2005,2018,2019,2020,wheat,38,0.4727042885830529,0.5554587317212305,-0.1009827445754381,-0.3784998507248729,0.31157894736842096,0.4046443532678776
171,4,2005,2020,2021,2022,ALL,114,1.1762164913980586,1.6506674537868904,-0.33612614425360765,0.707965103785197,1.4767719298245612,2.0633381911911752
171,4,2005,2020,2021,2022,barley,38,0.6682086367356149,0.7823740644245091,0.4200346022120942,-0.15894398890043554,0.8475263157894738,0.9902519084077864
171,4,2005,2020,2021,2022,maize,38,2.2385301775681343,2.6248767264701387,-0.8266530208280325,2.1241645446576563,2.8119473684210528,3.289523833722987
171,4,2005,2020,2021,2022,wheat,38,0.6219106598904259,0.8197695548903782,0.3666038149768026,0.15867475559836935,0.7708421052631579,0.9851535814010772
172,1,2005,2014,2015,2016,ALL,114,1.108153056763766,1.2318260712028304,0.2311060426097873,-1.0501558504606547,1.1329298245614035,1.3605235447391102
172,1,2005,2014,2015,2016,barley,38,0.9683224560085094,1.0530384962372832,-1.8487386772946084,-0.9683224560085094,0.9384736842105265,0.9997013764646236
172,1,2005,2014,2015,2016,maize,38,1.356995533140082,1.5119278633140893,0.20380349904338457,-1.183003914230748,1.5505263157894733,1.912135482977908
172,1,2005,2014,2015,2016,wheat,38,0.9991411811427067,1.0758115404948092,-2.5679328951149487,-0.9991411811427067,0.9097894736842104,0.9473162090875463
172,2,2005,2016,2017,2018,ALL,114,0.9082380901303209,1.2102463540317927,0.28811430325685383,-0.8522661936073974,0.7088947368421055,0.9635267273853719
172,2,2005,2016,2017,2018,barley,38,0.5983364032444202,0.7599857865266954,-0.4685906490064473,-0.49062576770782473,0.5816315789473684,0.7006516515659585
172,2,2005,2016,2017,2018,maize,38,1.6127188165564288,1.8252639566185216,-0.6028089690815917,-1.6030040063356101,1.1426842105263155,1.4097880766457884
172,2,2005,2016,2017,2018,wheat,38,0.5136590505901136,0.696363271065068,-0.9585495178538272,-0.46316880677875727,0.4023684210526317,0.5538376163309584
172,3,2005,2018,2019,2020,ALL,114,0.6836398841623674,0.8383705030719523,0.6762327715200974,-0.6244012328198081,0.6385964912280702,0.8240232069632719
172,3,2005,2018,2019,2020,barley,38,0.7290998923151116,0.832290590069844,-0.6023932856114906,-0.7223462679511621,0.6510526315789474,0.7400854858161924
172,3,2005,2018,2019,2020,maize,38,0.8406091258400367,1.0340039049506602,0.13529626132464978,-0.7765953445434571,0.9531578947368423,1.151337985951448
172,3,2005,2018,2019,2020,wheat,38,0.4812106343319542,0.5888324035677146,-0.23725813686918196,-0.37426208596480537,0.31157894736842096,0.4046443532678776
172,4,2005,2020,2021,2022,ALL,114,1.1490405127876684,1.5859453833092443,-0.23340225840472306,0.6941592710059986,1.4767719298245612,2.0633381911911752
172,4,2005,2020,2021,2022,barley,38,0.699151591250771,0.8312966991346945,0.34523522858691635,-0.11749729056107365,0.8475263157894738,0.9902519084077864
172,4,2005,2020,2021,2022,maize,38,2.088094441263299,2.4670979859249567,-0.6136562799504244,1.9784298204120832,2.8119473684210528,3.289523833722987
172,4,2005,2020,2021,2022,wheat,38,0.6598755058489348,0.8763798276846066,0.27610326484558867,0.22154528316698574,0.7708421052631579,0.9851535814010772
173,1,2005,2014,2015,2016,ALL,114,1.0574025669432523,1.1833991043990684,0.2903729901180345,-1.027760109985084,1.1329298245614035,1.3605235447391102
173,1,2005,2014,2015,2016,barley,38,0.8968739165757831,0.9844375180122339,-1.4896622220363387,-0.8968739165757831,0.9384736842105265,0.9997013764646236
173,1,2005,2014,2015,2016,maize,38,1.3587018258948074,1.4957407136677079,0.22076086853840726,-1.269774455020302,1.5505263157894733,1.912135482977908
173,1,2005,2014,2015,2016,wheat,38,0.9166319583591662,0.9974682007383895,-2.067202141266827,-0.9166319583591662,0.9097894736842104,0.9473162090875463
173,2,2005,2016,2017,2018,ALL,114,0.8750693908490633,1.1780192068113375,0.32552253503458917,-0.8189238593452856,0.7088947368421055,0.9635267273853719
173,2,2005,2016,2017,2018,barley,38,0.5644105123218738,0.7093053232793018,-0.2792524484935579,-0.44836320726495044,0.5816315789473684,0.7006516515659585
173,2,2005,2016,2017,2018,maize,38,1.5932361823634098,1.8029903169006043,-0.5639295905569546,-1.5815847948977824,1.1426842105263155,1.4097880766457884
173,2,2005,2016,2017,2018,wheat,38,0.46756147786190627,0.6397652931970768,-0.6531192967508912,-0.42682357587312386,0.4023684210526317,0.5538376163309584
173,3,2005,2018,2019,2020,ALL,114,0.6741199217344586,0.7961386858035508,0.7080299104356257,-0.5997161448629279,0.6385964912280702,0.8240232069632719
173,3,2005,2018,2019,2020,barley,38,0.7961817224402176,0.8863938954401064,-0.8174926379305516,-0.7961817224402176,0.6510526315789474,0.7400854858161924
173,3,2005,2018,2019,2020,maize,38,0.6977022160981833,0.855695280360554,0.40780975079167725,-0.5678871084514419,0.9531578947368423,1.151337985951448
173,3,2005,2018,2019,2020,wheat,38,0.528475826664975,0.6193560126407118,-0.3688555845629098,-0.4350796036971244,0.31157894736842096,0.4046443532678776
173,4,2005,2020,2021,2022,ALL,114,1.142177751440751,1.6424631498980824,-0.3228772699903668,0.8809798993562398,1.4767719298245612,2.0633381911911752
173,4,2005,2020,2021,2022,barley,38,0.5904149768227026,0.7187319398740887,0.510551408862016,0.019049547095047838,0.8475263157894738,0.9902519084077864
173,4,2005,2020,2021,2022,maize,38,2.28403626893696,2.6270621458378285,-0.8296959558961812,2.273409919738769,2.8119473684210528,3.289523833722987
173,4,2005,2020,2021,2022,wheat,38,0.55208200856259,0.821598732247175,0.3637740281031334,0.3504802312349018,0.7708421052631579,0.9851535814010772
174,1,2005,2014,2015,2016,ALL,114,1.0585198884261282,1.1953441101906317,0.27597500925868335,-1.0167768980327405,1.1329298245614035,1.3605235447391102
174,1,2005,2014,2015,2016,barley,38,0.916711321128042,1.0052996775577436,-1.5963019667643334,-0.916711321128042,0.9384736842105265,0.9997013764646236
174,1,2005,2014,2015,2016,maize,38,1.3365591458270423,1.4966987339243405,0.21976234527740168,-1.2113301746468792,1.5505263157894733,1.912135482977908
174,1,2005,2014,2015,2016,wheat,38,0.9222891983233,1.0177465713397769,-2.193181291327661,-0.9222891983233,0.9097894736842104,0.9473162090875463
174,2,2005,2016,2017,2018,ALL,114,0.9006503712503534,1.2026313878063306,0.29704460225459295,-0.8599816635198761,0.7088947368421055,0.9635267273853719
174,2,2005,2016,2017,2018,barley,38,0.57739592803152,0.7367411938370592,-0.38012913939052284,-0.49788265830592104,0.5816315789473684,0.7006516515659585
174,2,2005,2016,2017,2018,maize,38,1.6374608491596425,1.8357590383148978,-0.6212939364612695,-1.6374608491596425,1.1426842105263155,1.4097880766457884
174,2,2005,2016,2017,2018,wheat,38,0.4870943365598979,0.6528153884212974,-0.7212486371750697,-0.4446014830940649,0.4023684210526317,0.5538376163309584
174,3,2005,2018,2019,2020,ALL,114,0.7266860202320836,0.8656511666594254,0.6548191091267571,-0.6630845029730547,0.6385964912280702,0.8240232069632719
174,3,2005,2018,2019,2020,barley,38,0.8185099360817356,0.9104235176883866,-0.91737068429333,-0.8185099360817356,0.6510526315789474,0.7400854858161924
174,3,2005,2018,2019,2020,maize,38,0.8290042686462403,1.008578841165077,0.17729775054152663,-0.7362571043717235,0.9531578947368423,1.151337985951448
174,3,2005,2018,2019,2020,wheat,38,0.5325438559682746,0.6339980809201934,-0.4343422878108656,-0.43448646846570477,0.31157894736842096,0.4046443532678776
174,4,2005,2020,2021,2022,ALL,114,1.123283677854036,1.6099131436495533,-0.27096378930413656,0.8567190061535752,1.4767719298245612,2.0633381911911752
174,4,2005,2020,2021,2022,barley,38,0.5451686462603117,0.679579781749749,0.5624233973756418,0.01901851503472583,0.8475263157894738,0.9902519084077864
174,4,2005,2020,2021,2022,maize,38,2.25976939853869,2.5827683366741887,-0.7685166060173714,2.2373942585995317,2.8119473684210528,3.289523833722987
174,4,2005,2020,2021,2022,wheat,38,0.5649129887631065,0.8018354130349745,0.39401435171268795,0.3137442448264674,0.7708421052631579,0.9851535814010772
175,1,2005,2014,2015,2016,ALL,114,1.1090737979453906,1.22225161880909,0.24301215330825843,-1.0727949556551484,1.1329298245614035,1.3605235447391102
175,1,2005,2014,2015,2016,barley,38,0.9654378358941328,1.0484818413807764,-1.8241381822124558,-0.9654378358941328,0.9384736842105265,0.9997013764646236
175,1,2005,2014,2015,2016,maize,38,1.3609493790174785,1.4926764323503925,0.22395040797327936,-1.2521128521467508,1.5505263157894733,1.912135482977908
175,1,2005,2014,2015,2016,wheat,38,1.0008341789245605,1.0743835235356147,-2.558467134745344,-1.0008341789245605,0.9097894736842104,0.9473162090875463
175,2,2005,2016,2017,2018,ALL,114,0.8997534095195302,1.2090914248537232,0.2894723495106375,-0.8496277490415072,0.7088947368421055,0.9635267273853719
175,2,2005,2016,2017,2018,barley,38,0.5798365394692673,0.7341925352895939,-0.37059690790228506,-0.47164550304412844,0.5816315789473684,0.7006516515659585
175,2,2005,2016,2017,2018,maize,38,1.637009187497591,1.8471552734168868,-0.6414861263993417,-1.6338931660903129,1.1426842105263155,1.4097880766457884
175,2,2005,2016,2017,2018,wheat,38,0.4824145015917326,0.6593064067470037,-0.7556479548038404,-0.44334457799008026,0.4023684210526317,0.5538376163309584
175,3,2005,2018,2019,2020,ALL,114,0.6238822004251312,0.7546499291177377,0.7376675718462056,-0.5643417104921843,0.6385964912280702,0.8240232069632719
175,3,2005,2018,2019,2020,barley,38,0.7291635877207705,0.8194893181054583,-0.553480268652141,-0.7259470661062942,0.6510526315789474,0.7400854858161924
175,3,2005,2018,2019,2020,maize,38,0.6955743363029079,0.873822117931477,0.38245438050367886,-0.629682456066734,0.9531578947368423,1.151337985951448
175,3,2005,2018,2019,2020,wheat,38,0.4469086772517155,0.5228400427253238,0.024528469233394468,-0.3373956093035247,0.31157894736842096,0.4046443532678776
175,4,2005,2020,2021,2022,ALL,114,1.1330755837758384,1.6401011803191978,-0.31907523743729493,0.7871768909588195,1.4767719298245612,2.0633381911911752
175,4,2005,2020,2021,2022,barley,38,0.5830705542313425,0.7012762313092827,0.5340370012293952,-0.05912250920345905,0.8475263157894738,0.9902519084077864
175,4,2005,2020,2021,2022,maize,38,2.258683300520244,2.6374042512583764,-0.8441304495301496,2.166461782455444,2.8119473684210528,3.289523833722987
175,4,2005,2020,2021,2022,wheat,38,0.5574728965759278,0.7887370334263313,0.4136507982953149,0.2541913996244731,0.7708421052631579,0.9851535814010772
176,1,2005,2014,2015,2016,ALL,114,1.0958784359379818,1.2195285406232326,0.24638141183747142,-1.0420685542257209,1.1329298245614035,1.3605235447391102
176,1,2005,2014,2015,2016,barley,38,0.9728613246114629,1.0583912891917013,-1.8777736354717756,-0.9728613246114629,0.9384736842105265,0.9997013764646236
176,1,2005,2014,2015,2016,maize,38,1.3412960712533246,1.4865612760944202,0.23029598087876868,-1.1798664261165417,1.5505263157894733,1.912135482977908
176,1,2005,2014,2015,2016,wheat,38,0.9734779119491578,1.0638106201592235,-2.488774693249919,-0.9734779119491578,0.9097894736842104,0.9473162090875463
176,2,2005,2016,2017,2018,ALL,114,0.9075849350711757,1.1964787378507733,0.30421882889451624,-0.8412422559972395,0.7088947368421055,0.9635267273853719
176,2,2005,2016,2017,2018,barley,38,0.6143107178336696,0.7810842431202968,-0.5512634933393437,-0.49352585993315046,0.5816315789473684,0.7006516515659585
176,2,2005,2016,2017,2018,maize,38,1.5840485432273463,1.7821586866308934,-0.5279992877463042,-1.5821262560392684,1.1426842105263155,1.4097880766457884
176,2,2005,2016,2017,2018,wheat,38,0.5243955441525108,0.7130932135437689,-1.0537872319257136,-0.4480746520193,0.4023684210526317,0.5538376163309584
176,3,2005,2018,2019,2020,ALL,114,0.6767805889196563,0.8218772802487637,0.6888463799051959,-0.6147604617737887,0.6385964912280702,0.8240232069632719
176,3,2005,2018,2019,2020,barley,38,0.754192600752178,0.8480575529283861,-0.6636800173875352,-0.749798341550325,0.6510526315789474,0.7400854858161924
176,3,2005,2018,2019,2020,maize,38,0.8026863459536905,0.9890643551323034,0.20882586633128541,-0.7185523916545669,0.9531578947368423,1.151337985951448
176,3,2005,2018,2019,2020,wheat,38,0.4734628200531007,0.5735824959804411,-0.17400161686304672,-0.3759306521164745,0.31157894736842096,0.4046443532678776
176,4,2005,2020,2021,2022,ALL,114,1.0940111727463573,1.5625918976114008,-0.19734532091433676,0.7782850491373163,1.4767719298245612,2.0633381911911752
176,4,2005,2020,2021,2022,barley,38,0.5814775497034976,0.7188498816730692,0.5103907615315868,-0.022770276320608,0.8475263157894738,0.9902519084077864
176,4,2005,2020,2021,2022,maize,38,2.1310861316480127,2.478544948189548,-0.6286652622034832,2.0590440609580587,2.8119473684210528,3.289523833722987
176,4,2005,2020,2021,2022,wheat,38,0.5694698368875605,0.8155673502936966,0.3730808508754122,0.29858136277449754,0.7708421052631579,0.9851535814010772
177,1,2005,2014,2015,2016,ALL,114,1.043141507349516,1.1656347682585138,0.31151790427817516,-0.9989084482192992,1.1329298245614035,1.3605235447391102
177,1,2005,2014,2015,2016,barley,38,0.8953957464820459,0.9821089834836781,-1.4778983303179234,-0.8953957464820459,0.9384736842105265,0.9997013764646236
177,1,2005,2014,2015,2016,maize,38,1.313525690028542,1.45927461393649,0.258293341163095,-1.180826512637891,1.5505263157894733,1.912135482977908
177,1,2005,2014,2015,2016,wheat,38,0.9205030855379607,0.9910059457946768,-2.027588176003066,-0.9205030855379607,0.9097894736842104,0.9473162090875463
177,2,2005,2016,2017,2018,ALL,114,0.8214841139943976,1.123516479144431,0.38649007225297016,-0.7862086684243721,0.7088947368421055,0.9635267273853719
177,2,2005,2016,2017,2018,barley,38,0.5005460427936755,0.6354251058569443,-0.02664089147201887,-0.42945502030222044,0.5816315789473684,0.7006516515659585
177,2,2005,2016,2017,2018,maize,38,1.5174982668224135,1.7402452069162508,-0.4569723192745645,-1.5100100191015948,1.1426842105263155,1.4097880766457884
177,2,2005,2016,2017,2018,wheat,38,0.4464080323671041,0.5955244674897937,-0.43239257735448056,-0.4191609658693013,0.4023684210526317,0.5538376163309584
177,3,2005,2018,2019,2020,ALL,114,0.6669136776003922,0.7981236064558829,0.7065722249396155,-0.5825161956485949,0.6385964912280702,0.8240232069632719
177,3,2005,2018,2019,2020,barley,38,0.731030965855247,0.8314164802081937,-0.5990292388061176,-0.731030965855247,0.6510526315789474,0.7400854858161924
177,3,2005,2018,2019,2020,maize,38,0.7694049739837647,0.9385282550558273,0.2876102161970503,-0.6224004248568887,0.9531578947368423,1.151337985951448
177,3,2005,2018,2019,2020,wheat,38,0.5003050929621647,0.5821642589909803,-0.20939451416194044,-0.39411719623364905,0.31157894736842096,0.4046443532678776
177,4,2005,2020,2021,2022,ALL,114,1.1471825117813914,1.6260487837900333,-0.29656838296946075,0.8005911023993242,1.4767719298245612,2.0633381911911752
177,4,2005,2020,2021,2022,barley,38,0.6611661619889109,0.7901878066088555,0.40839226935632245,-0.03972783540424544,0.8475263157894738,0.9902519084077864
177,4,2005,2020,2021,2022,maize,38,2.175386044853612,2.564145804977759,-0.7431054817067888,2.149767738643445,2.8119473684210528,3.289523833722987
177,4,2005,2020,2021,2022,wheat,38,0.6049953285016512,0.8560744493890605,0.3092594639845616,0.29173340395877234,0.7708421052631579,0.9851535814010772
178,1,2005,2014,2015,2016,ALL,114,1.0526952158777338,1.2115709376418633,0.25618426872799227,-0.9991051979232253,1.1329298245614035,1.3605235447391102
178,1,2005,2014,2015,2016,barley,38,0.8611922986883869,0.958308293312077,-1.3592535054830348,-0.8611922986883869,0.9384736842105265,0.9997013764646236
178,1,2005,2014,2015,2016,maize,38,1.3890884118331104,1.5811350918617515,0.12924479669642341,-1.228318357969585,1.5505263157894733,1.912135482977908
178,1,2005,2014,2015,2016,wheat,38,0.907804937111704,0.9926577693584913,-2.0376894461666692,-0.907804937111704,0.9097894736842104,0.9473162090875463
178,2,2005,2016,2017,2018,ALL,114,0.8092860792394269,1.122022109294677,0.388121024781925,-0.7760430565214994,0.7088947368421055,0.9635267273853719
178,2,2005,2016,2017,2018,barley,38,0.44736585918225746,0.5928882189907653,0.10621006447030068,-0.4088571859660901,0.5816315789473684,0.7006516515659585
178,2,2005,2016,2017,2018,maize,38,1.5575685711910852,1.7717861647136435,-0.5102645221084467,-1.5453053675199813,1.1426842105263155,1.4097880766457884
178,2,2005,2016,2017,2018,wheat,38,0.4229238073449387,0.5348440777923074,-0.15535972850296265,-0.373966616078427,0.4023684210526317,0.5538376163309584
178,3,2005,2018,2019,2020,ALL,114,0.7053741307844196,0.8589615807244492,0.660133478503222,-0.6205698776245117,0.6385964912280702,0.8240232069632719
178,3,2005,2018,2019,2020,barley,38,0.7092839893541838,0.8188364168202509,-0.5510058856464515,-0.7070309046695106,0.6510526315789474,0.7400854858161924
178,3,2005,2018,2019,2020,maize,38,0.8964435005187988,1.0880537448020415,0.04253330765243146,-0.7613506096287779,0.9531578947368423,1.151337985951448
178,3,2005,2018,2019,2020,wheat,38,0.5103949024802761,0.5992419898448034,-0.28139017865794025,-0.39332811857524685,0.31157894736842096,0.4046443532678776
178,4,2005,2020,2021,2022,ALL,114,1.1073971597771894,1.5763705571646287,-0.21855437872889683,0.7758770256711726,1.4767719298245612,2.0633381911911752
178,4,2005,2020,2021,2022,barley,38,0.615416020845112,0.7675707892868953,0.4417739870358097,0.0069005895915784715,0.8475263157894738,0.9902519084077864
178,4,2005,2020,2021,2022,maize,38,2.0878136238298914,2.4708273293484173,-0.6185384750456351,2.0186602828377165,2.8119473684210528,3.289523833722987
178,4,2005,2020,2021,2022,wheat,38,0.618961834656565,0.8721695892801035,0.28304193866271987,0.30207020458422207,0.7708421052631579,0.9851535814010772
179,1,2005,2014,2015,2016,ALL,114,1.0612943131463568,1.1726624808932373,0.3031910420664067,-1.016017164682087,1.1329298245614035,1.3605235447391102
179,1,2005,2014,2015,2016,barley,38,0.9434703495627954,1.029169709496357,-1.7210599297978288,-0.9434703495627954,0.9384736842105265,0.9997013764646236
179,1,2005,2014,2015,2016,maize,38,1.2864072330374465,1.4229503542431219,0.29475889140783074,-1.150575787644637,1.5505263157894733,1.912135482977908
179,1,2005,2014,2015,2016,wheat,38,0.9540053568388287,1.0205066784194037,-2.2105244562762993,-0.9540053568388287,0.9097894736842104,0.9473162090875463
179,2,2005,2016,2017,2018,ALL,114,0.8236427038594295,1.1183483305217299,0.3921213521692918,-0.776620909958555,0.7088947368421055,0.9635267273853719
179,2,2005,2016,2017,2018,barley,38,0.5140774076863339,0.6469936210309387,-0.06436311553265117,-0.43210134732095823,0.5816315789473684,0.7006516515659585
179,2,2005,2016,2017,2018,maize,38,1.4948342343380578,1.7311109508324445,-0.44171765108762084,-1.4740976434004935,1.1426842105263155,1.4097880766457884
179,2,2005,2016,2017,2018,wheat,38,0.46201646955389714,0.5803129288543255,-0.36015165934942095,-0.4236637391542134,0.4023684210526317,0.5538376163309584
179,3,2005,2018,2019,2020,ALL,114,0.6279821764795404,0.7552513482299302,0.7372492729817093,-0.5355939427593298,0.6385964912280702,0.8240232069632719
179,3,2005,2018,2019,2020,barley,38,0.7094436567708065,0.790031797537444,-0.4438041643900936,-0.7094436567708065,0.6510526315789474,0.7400854858161924
179,3,2005,2018,2019,2020,maize,38,0.7192039043024968,0.8929068639467465,0.3551847472666977,-0.5371646283802235,0.9531578947368423,1.151337985951448
179,3,2005,2018,2019,2020,wheat,38,0.4552989683653181,0.5383130020777165,-0.03406218200304867,-0.3601735431269596,0.31157894736842096,0.4046443532678776
179,4,2005,2020,2021,2022,ALL,114,1.1816586123014754,1.6577323989018835,-0.34758800348493124,0.8036940156367788,1.4767719298245612,2.0633381911911752
179,4,2005,2020,2021,2022,barley,38,0.682781541723954,0.8076162254188537,0.38200741549119555,-0.029166595057437256,0.8475263157894738,0.9902519084077864
179,4,2005,2020,2021,2022,maize,38,2.2287277628246103,2.6131472983316963,-0.8103644657806843,2.1502860606344116,2.8119473684210528,3.289523833722987
179,4,2005,2020,2021,2022,wheat,38,0.6334665323558607,0.8737547417719361,0.2804334536970956,0.28996258133336117,0.7708421052631579,0.9851535814010772
180,1,2005,2014,2015,2016,ALL,114,1.0670779986130565,1.202731620848715,0.2669980618852448,-1.0160927161835789,1.1329298245614035,1.3605235447391102
180,1,2005,2014,2015,2016,barley,38,0.9060340838683277,0.9980727703553578,-1.5591075039556879,-0.9060340838683277,0.9384736842105265,0.9997013764646236
180,1,2005,2014,2015,2016,maize,38,1.3507677135969463,1.518711220016715,0.1966431037591433,-1.1978118663085133,1.5505263157894733,1.912135482977908
180,1,2005,2014,2015,2016,wheat,38,0.944432198373895,1.0183599710508333,-2.1970315361597597,-0.944432198373895,0.9097894736842104,0.9473162090875463
180,2,2005,2016,2017,2018,ALL,114,0.8232937810295506,1.1362947315710699,0.37245526918492755,-0.7809172420334398,0.7088947368421055,0.9635267273853719
180,2,2005,2016,2017,2018,barley,38,0.4885125343423142,0.6429267795160423,-0.05102452385609446,-0.41665285235957095,0.5816315789473684,0.7006516515659585
180,2,2005,2016,2017,2018,maize,38,1.5294083289096232,1.766069026625783,-0.500533708743387,-1.5143662527987833,1.1426842105263155,1.4097880766457884
180,2,2005,2016,2017,2018,wheat,38,0.4519604798367149,0.584074053834529,-0.3778396275815845,-0.4117326209419653,0.4023684210526317,0.5538376163309584
180,3,2005,2018,2019,2020,ALL,114,0.6503077297043383,0.7832817189743453,0.717383906348037,-0.5585318429009956,0.6385964912280702,0.8240232069632719
180,3,2005,2018,2019,2020,barley,38,0.7119559109838384,0.813116798095509,-0.5294138329758777,-0.7119559109838384,0.6510526315789474,0.7400854858161924
180,3,2005,2018,2019,2020,maize,38,0.7415588459215667,0.9190112168352792,0.31693095726151144,-0.5688022844414963,0.9531578947368423,1.151337985951448
180,3,2005,2018,2019,2020,wheat,38,0.49740843220760955,0.5786624316681209,-0.19488880291095367,-0.3948373332776522,0.31157894736842096,0.4046443532678776
180,4,2005,2020,2021,2022,ALL,114,1.1481387544933122,1.5944703317121192,-0.24669773577200216,0.7355585156825551,1.4767719298245612,2.0633381911911752
180,4,2005,2020,2021,2022,barley,38,0.6840643591629831,0.8090823372560358,0.3797616244492865,-0.05130491457487404,0.8475263157894738,0.9902519084077864
180,4,2005,2020,2021,2022,maize,38,2.11750301110117,2.491516588302889,-0.6457573412247037,1.9971926222349463,2.8119473684210528,3.289523833722987
180,4,2005,2020,2021,2022,wheat,38,0.6428488932157819,0.8744928689716727,0.27921719481316676,0.2607878393875925,0.7708421052631579,0.9851535814010772
181,1,2005,2014,2015,2016,ALL,114,1.0398734181387383,1.1616672572816615,0.31619674810435516,-0.9967781761236358,1.1329298245614035,1.3605235447391102
181,1,2005,2014,2015,2016,barley,38,0.9033055087139731,0.9871565928744138,-1.5034344052929023,-0.9033055087139731,0.9384736842105265,0.9997013764646236
181,1,2005,2014,2015,2016,maize,38,1.3123928755208063,1.4549555093122877,0.2626773931007519,-1.183107149475499,1.5505263157894733,1.912135482977908
181,1,2005,2014,2015,2016,wheat,38,0.9039218701814351,0.9782835872012238,-1.9503518716534738,-0.9039218701814351,0.9097894736842104,0.9473162090875463
181,2,2005,2016,2017,2018,ALL,114,0.8154684498435573,1.1131830858980574,0.39772352626394436,-0.7786149279276531,0.7088947368421055,0.9635267273853719
181,2,2005,2016,2017,2018,barley,38,0.49920836398476054,0.6416543263075668,-0.046868355135399,-0.4303284855892784,0.5816315789473684,0.7006516515659585
181,2,2005,2016,2017,2018,maize,38,1.5002724682657345,1.7147365511906967,-0.4145725259796511,-1.4924616336822512,1.1426842105263155,1.4097880766457884
181,2,2005,2016,2017,2018,wheat,38,0.4469245172801771,0.6045560633472985,-0.4761687439842244,-0.4130546645114297,0.4023684210526317,0.5538376163309584
181,3,2005,2018,2019,2020,ALL,114,0.6695774614601806,0.7991785157788491,0.7057960437616058,-0.5873409051225896,0.6385964912280702,0.8240232069632719
181,3,2005,2018,2019,2020,barley,38,0.736930068919533,0.836389944687048,-0.6182169781668456,-0.736930068919533,0.6510526315789474,0.7400854858161924
181,3,2005,2018,2019,2020,maize,38,0.7747656526063619,0.9410556919688139,0.28376814834682207,-0.6298962547904567,0.9531578947368423,1.151337985951448
181,3,2005,2018,2019,2020,wheat,38,0.49703666285464654,0.5752607628605889,-0.18088177975176967,-0.39519639165777914,0.31157894736842096,0.4046443532678776
181,4,2005,2020,2021,2022,ALL,114,1.142642967993753,1.631974380251399,-0.30603542979642717,0.8691081808324446,1.4767719298245612,2.0633381911911752
181,4,2005,2020,2021,2022,barley,38,0.6274259853363038,0.7616362818232424,0.450372516240911,0.04100733355471966,0.8475263157894738,0.9902519084077864
181,4,2005,2020,2021,2022,maize,38,2.224253333242316,2.588517115462474,-0.7763981688775987,2.2084410075137484,2.8119473684210528,3.289523833722987
181,4,2005,2020,2021,2022,wheat,38,0.5762495854026394,0.84232443307737,0.33127021097409926,0.3578762014288651,0.7708421052631579,0.9851535814010772
182,1,2005,2014,2015,2016,ALL,114,1.047271601024427,1.201519466408379,0.2684748066591591,-0.993987904933461,1.1329298245614035,1.3605235447391102
182,1,2005,2014,2015,2016,barley,38,0.869012001439145,0.9603691804907039,-1.3694117885359645,-0.869012001439145,0.9384736842105265,0.9997013764646236
182,1,2005,2014,2015,2016,maize,38,1.3732029269870958,1.5622452731005507,0.14992633555573442,-1.213351838714198,1.5505263157894733,1.912135482977908
182,1,2005,2014,2015,2016,wheat,38,0.8995998746470402,0.9838840522711141,-1.9842288356045237,-0.8995998746470402,0.9097894736842104,0.9473162090875463
182,2,2005,2016,2017,2018,ALL,114,0.8176275798730683,1.1198099515921953,0.3905313845020749,-0.7901252080683124,0.7088947368421055,0.9635267273853719
182,2,2005,2016,2017,2018,barley,38,0.47723619360672803,0.6290948622801839,-0.006287540040230688,-0.4471328293649774,0.5816315789473684,0.7006516515659585
182,2,2005,2016,2017,2018,maize,38,1.5360785243385717,1.7460479457237439,-0.4667048847413,-1.525979559045089,1.1426842105263155,1.4097880766457884
182,2,2005,2016,2017,2018,wheat,38,0.43956802167390524,0.563452933740978,-0.2822660149245064,-0.39726323579487055,0.4023684210526317,0.5538376163309584
182,3,2005,2018,2019,2020,ALL,114,0.6976173604162116,0.8627016193243793,0.6571673825997781,-0.6071279196990164,0.6385964912280702,0.8240232069632719
182,3,2005,2018,2019,2020,barley,38,0.682485270500183,0.8007271705293557,-0.48316093564294604,-0.6784601334521644,0.6510526315789474,0.7400854858161924
182,3,2005,2018,2019,2020,maize,38,0.9179588197406972,1.1188475969224976,-0.012429627558737222,-0.7996233920047159,0.9531578947368423,1.151337985951448
182,3,2005,2018,2019,2020,wheat,38,0.4924079910077547,0.582905056755835,-0.21247435549982607,-0.3433002336401689,0.31157894736842096,0.4046443532678776
182,4,2005,2020,2021,2022,ALL,114,1.0853604330096327,1.565339318450044,-0.20155947748811887,0.8462890173259534,1.4767719298245612,2.0633381911911752
182,4,2005,2020,2021,2022,barley,38,0.5519630331742136,0.7206917732521544,0.5078785194191593,0.11097629747892683,0.8475263157894738,0.9902519084077864
182,4,2005,2020,2021,2022,maize,38,2.1039101028442375,2.4653081110887993,-0.6113157202492052,2.0528924098767725,2.8119473684210528,3.289523833722987
182,4,2005,2020,2021,2022,wheat,38,0.6002081630104467,0.8681709687748054,0.28960091860873793,0.37499834462216025,0.7708421052631579,0.9851535814010772
183,1,2005,2014,2015,2016,ALL,114,1.0594111702734963,1.172626549806154,0.3032337427073495,-1.0183328155885663,1.1329298245614035,1.3605235447391102
183,1,2005,2014,2015,2016,barley,38,0.9477892833007008,1.0324506945468912,-1.7384370206288517,-0.9477892833007008,0.9384736842105265,0.9997013764646236
183,1,2005,2014,2015,2016,maize,38,1.2982767012244776,1.4334207976738125,0.28434200721062786,-1.1750416371696872,1.5505263157894733,1.912135482977908
183,1,2005,2014,2015,2016,wheat,38,0.9321675262953106,1.0022521918442824,-2.0966941204825904,-0.9321675262953106,0.9097894736842104,0.9473162090875463
183,2,2005,2016,2017,2018,ALL,114,0.827989932110435,1.1134757820293189,0.39740676404977204,-0.7908163417013068,0.7088947368421055,0.9635267273853719
183,2,2005,2016,2017,2018,barley,38,0.5293252232200222,0.6643955809994894,-0.12238870848367722,-0.46228558490150856,0.5816315789473684,0.7006516515659585
183,2,2005,2016,2017,2018,maize,38,1.482661516791896,1.7092655250640731,-0.4055602762752497,-1.4665671925795707,1.1426842105263155,1.4097880766457884
183,2,2005,2016,2017,2018,wheat,38,0.47198305631938725,0.597055130011626,-0.43976533005401386,-0.44359624762284133,0.4023684210526317,0.5538376163309584
183,3,2005,2018,2019,2020,ALL,114,0.6268188717490748,0.75287471879856,0.7389003222209835,-0.5334675815649199,0.6385964912280702,0.8240232069632719
183,3,2005,2018,2019,2020,barley,38,0.7090321149324115,0.7872755533790645,-0.4337475184315438,-0.7090321149324115,0.6510526315789474,0.7400854858161924
183,3,2005,2018,2019,2020,maize,38,0.7195942838568437,0.8929499598930419,0.355122502042168,-0.5368456117730392,0.9531578947368423,1.151337985951448
183,3,2005,2018,2019,2020,wheat,38,0.45183021645796945,0.5322580190065107,-0.010930600164299697,-0.35452501798930924,0.31157894736842096,0.4046443532678776
183,4,2005,2020,2021,2022,ALL,114,1.1683573992210525,1.6676908237475367,-0.36382724948289535,0.8546625831670929,1.4767719298245612,2.0633381911911752
183,4,2005,2020,2021,2022,barley,38,0.6388838953720897,0.7700254543741561,0.4381979027374051,0.03846187641746123,0.8475263157894738,0.9902519084077864
183,4,2005,2020,2021,2022,maize,38,2.264794658861662,2.6503409899085133,-0.8622661177734596,2.1993563059756625,2.8119473684210528,3.289523833722987
183,4,2005,2020,2021,2022,wheat,38,0.6013936434294048,0.8522508361168367,0.3154159996879313,0.32616956710815426,0.7708421052631579,0.9851535814010772
184,1,2005,2014,2015,2016,ALL,114,1.053658376743919,1.1882902551917391,0.2844948961821039,-1.0044653160530224,1.1329298245614035,1.3605235447391102
184,1,2005,2014,2015,2016,barley,38,0.9112366470537686,1.0008938500623223,-1.5735947226079188,-0.9112366470537686,0.9384736842105265,0.9997013764646236
184,1,2005,2014,2015,2016,maize,38,1.3262293910980223,1.4943982739316033,0.22215898805335899,-1.1786502090253326,1.5505263157894733,1.912135482977908
184,1,2005,2014,2015,2016,wheat,38,0.9235090920799657,1.000543098286431,-2.0861418314376805,-0.9235090920799657,0.9097894736842104,0.9473162090875463
184,2,2005,2016,2017,2018,ALL,114,0.8087563587489881,1.1123457396556329,0.3986292609518821,-0.7649146079180533,0.7088947368421055,0.9635267273853719
184,2,2005,2016,2017,2018,barley,38,0.4943922376632692,0.6516534506376941,-0.07975001071874366,-0.42149342712603116,0.5816315789473684,0.7006516515659585
184,2,2005,2016,2017,2018,maize,38,1.4896236213884857,1.7167700218674051,-0.41792954001863136,-1.4743071882348313,1.1426842105263155,1.4097880766457884
184,2,2005,2016,2017,2018,wheat,38,0.4422532171952097,0.583084561517012,-0.37317512701963196,-0.3989432083932978,0.4023684210526317,0.5538376163309584
184,3,2005,2018,2019,2020,ALL,114,0.6239378830424526,0.7515622525550062,0.7398098648271891,-0.5213982935119094,0.6385964912280702,0.8240232069632719
184,3,2005,2018,2019,2020,barley,38,0.6949103942670319,0.7923949613737918,-0.4524545725118343,-0.6949103942670319,0.6510526315789474,0.7400854858161924
184,3,2005,2018,2019,2020,maize,38,0.7051106397729172,0.874255624804498,0.3818414944916103,-0.5184733144860519,0.9531578947368423,1.151337985951448
184,3,2005,2018,2019,2020,wheat,38,0.47179261508740894,0.5498406915496417,-0.07882417611078463,-0.3508111717826442,0.31157894736842096,0.4046443532678776
184,4,2005,2020,2021,2022,ALL,114,1.139243498015822,1.608312326335022,-0.26843747997466894,0.8181156041329367,1.4767719298245612,2.0633381911911752
184,4,2005,2020,2021,2022,barley,38,0.6216065185948423,0.7597575940963699,0.45308064590744457,0.04706744444997691,0.8475263157894738,0.9902519084077864
184,4,2005,2020,2021,2022,maize,38,2.1871909799073865,2.541641744223259,-0.7126432395232527,2.1020855788180697,2.8119473684210528,3.289523833722987
184,4,2005,2020,2021,2022,wheat,38,0.6089329955452368,0.8501948361159103,0.3187150447312044,0.305193789130763,0.7708421052631579,0.9851535814010772
185,1,2005,2014,2015,2016,ALL,114,1.0529833300908407,1.1791371452918216,0.29547516598260015,-1.0104336357953254,1.1329298245614035,1.3605235447391102
185,1,2005,2014,2015,2016,barley,38,0.895293075912877,0.9883999404476733,-1.5097446489506532,-0.895293075912877,0.9384736842105265,0.9997013764646236
185,1,2005,2014,2015,2016,maize,38,1.3604525586178426,1.4964580528489773,0.22001326195767035,-1.2328034757312973,1.5505263157894733,1.912135482977908
185,1,2005,2014,2015,2016,wheat,38,0.903204355741802,0.9771243912661891,-1.943364103091163,-0.903204355741802,0.9097894736842104,0.9473162090875463
185,2,2005,2016,2017,2018,ALL,114,0.8522033829438059,1.1718904379960635,0.33252235877727454,-0.8083823512729844,0.7088947368421055,0.9635267273853719
185,2,2005,2016,2017,2018,barley,38,0.511084953358299,0.6506138126825958,-0.07630752562722631,-0.4246677822815745,0.5816315789473684,0.7006516515659585
185,2,2005,2016,2017,2018,maize,38,1.5891580702129164,1.8221637815664016,-0.5973689136895177,-1.5781563608269944,1.1426842105263155,1.4097880766457884
185,2,2005,2016,2017,2018,wheat,38,0.4563671252602024,0.6135164349013509,-0.5202508159636801,-0.422322910710385,0.4023684210526317,0.5538376163309584
185,3,2005,2018,2019,2020,ALL,114,0.6256979850300571,0.7553290636599569,0.7371951960538448,-0.5383740058698152,0.6385964912280702,0.8240232069632719
185,3,2005,2018,2019,2020,barley,38,0.6791521559263529,0.7687538338437702,-0.3670793926764919,-0.6791521559263529,0.6510526315789474,0.7400854858161924
185,3,2005,2018,2019,2020,maize,38,0.7406336488221822,0.9095206849400201,0.33096607543696244,-0.6006305498825878,0.9531578947368423,1.151337985951448
185,3,2005,2018,2019,2020,wheat,38,0.45730815034163624,0.5416231622124588,-0.04681846087138286,-0.335339311800505,0.31157894736842096,0.4046443532678776
185,4,2005,2020,2021,2022,ALL,114,1.1621980315760563,1.6376215526809654,-0.3150896993214991,0.8089522328293115,1.4767719298245612,2.0633381911911752
185,4,2005,2020,2021,2022,barley,38,0.6669189638840525,0.7983380724692911,0.3961252440053892,-0.037350513558638686,0.8475263157894738,0.9902519084077864
185,4,2005,2020,2021,2022,maize,38,2.2093596413261007,2.5824115890843244,-0.7680280833302671,2.1787434512690487,2.8119473684210528,3.289523833722987
185,4,2005,2020,2021,2022,wheat,38,0.6103154895180151,0.8597788994995391,0.30326851267577126,0.2854637607775236,0.7708421052631579,0.9851535814010772
186,1,2005,2014,2015,2016,ALL,114,1.053798447659141,1.1943814386130285,0.27714072816755564,-0.9988824041266191,1.1329298245614035,1.3605235447391102
186,1,2005,2014,2015,2016,barley,38,0.8923608536469307,0.9759638033650282,-1.446986297607073,-0.8923608536469307,0.9384736842105265,0.9997013764646236
186,1,2005,2014,2015,2016,maize,38,1.3434557859521161,1.5238085208608914,0.19124138716868744,-1.1787076553545497,1.5505263157894733,1.912135482977908
186,1,2005,2014,2015,2016,wheat,38,0.9255787033783762,1.0025683562645464,-2.098648157468874,-0.9255787033783762,0.9097894736842104,0.9473162090875463
186,2,2005,2016,2017,2018,ALL,114,0.7586272278166654,1.0763518180636944,0.43691857806323486,-0.7079574864370781,0.7088947368421055,0.9635267273853719
186,2,2005,2016,2017,2018,barley,38,0.4110168196025648,0.5482434958099189,0.23574762931736082,-0.34372389040495216,0.5816315789473684,0.7006516515659585
186,2,2005,2016,2017,2018,maize,38,1.4862370576356587,1.7112568597934443,-0.40883720588917427,-1.4709291232259651,1.1426842105263155,1.4097880766457884
186,2,2005,2016,2017,2018,wheat,38,0.37862780621177283,0.4966172951670738,0.0038917814070208445,-0.3092194456803172,0.4023684210526317,0.5538376163309584
186,3,2005,2018,2019,2020,ALL,114,0.6884188727328653,0.8363949514564138,0.6777568357950849,-0.5901243395554392,0.6385964912280702,0.8240232069632719
186,3,2005,2018,2019,2020,barley,38,0.703631561680844,0.821757848885047,-0.5620929387684599,-0.7035733082419946,0.6510526315789474,0.7400854858161924
186,3,2005,2018,2019,2020,maize,38,0.8560573030772962,1.0359218095163223,0.13208552433269427,-0.6879058039815803,0.9531578947368423,1.151337985951448
186,3,2005,2018,2019,2020,wheat,38,0.5055677534404555,0.5918188800888149,-0.24984036816565047,-0.3788939064427426,0.31157894736842096,0.4046443532678776
186,4,2005,2020,2021,2022,ALL,114,1.1151559776172304,1.6001847292204083,-0.2556497900261274,0.8028599856192605,1.4767719298245612,2.0633381911911752
186,4,2005,2020,2021,2022,barley,38,0.6104976714284797,0.7597469003057086,0.4530960418704889,0.03998315008063069,0.8475263157894738,0.9902519084077864
186,4,2005,2020,2021,2022,maize,38,2.113346568157798,2.513489965537974,-0.6749141304391499,2.0227273524434937,2.8119473684210528,3.289523833722987
186,4,2005,2020,2021,2022,wheat,38,0.621623693265413,0.8870886897635196,0.25830396542117384,0.3458694543336567,0.7708421052631579,0.9851535814010772
187,1,2005,2014,2015,2016,ALL,114,1.1016667978387131,1.2056096727290582,0.26348582082881744,-1.0615505017732318,1.1329298245614035,1.3605235447391102
187,1,2005,2014,2015,2016,barley,38,1.0000086114281102,1.0817504154335373,-2.006202676498971,-1.0000086114281102,0.9384736842105265,0.9997013764646236
187,1,2005,2014,2015,2016,maize,38,1.3257656170192513,1.4505000019280145,0.2671862818607067,-1.2054167288228084,1.5505263157894733,1.912135482977908
187,1,2005,2014,2015,2016,wheat,38,0.979226165068777,1.0422810715204411,-2.3489910099025293,-0.979226165068777,0.9097894736842104,0.9473162090875463
187,2,2005,2016,2017,2018,ALL,114,0.837208119777211,1.1419333996274053,0.3662116495148289,-0.7651972824230528,0.7088947368421055,0.9635267273853719
187,2,2005,2016,2017,2018,barley,38,0.5356771333594071,0.6795505001942096,-0.1741762493268364,-0.3896300200412148,0.5816315789473684,0.7006516515659585
187,2,2005,2016,2017,2018,maize,38,1.539020424893028,1.7625407818316463,-0.49454417860402833,-1.5178733524523285,1.1426842105263155,1.4097880766457884
187,2,2005,2016,2017,2018,wheat,38,0.4369268010791979,0.586256580022688,-0.3881560918774609,-0.38808847477561553,0.4023684210526317,0.5538376163309584
187,3,2005,2018,2019,2020,ALL,114,0.6364021287048071,0.7629976861320246,0.7318317550326985,-0.5481997897332175,0.6385964912280702,0.8240232069632719
187,3,2005,2018,2019,2020,barley,38,0.7147568649994698,0.8058575160764612,-0.5022273658477574,-0.7147568649994698,0.6510526315789474,0.7400854858161924
187,3,2005,2018,2019,2020,maize,38,0.727119486959357,0.8917080160513584,0.35691508777072156,-0.5488217283550063,0.9531578947368423,1.151337985951448
187,3,2005,2018,2019,2020,wheat,38,0.4673300341555948,0.5494969381364171,-0.07747566344771761,-0.38102077584517635,0.31157894736842096,0.4046443532678776
187,4,2005,2020,2021,2022,ALL,114,1.1797231429919863,1.651026120475079,-0.33670684995826505,0.7768227945294297,1.4767719298245612,2.0633381911911752
187,4,2005,2020,2021,2022,barley,38,0.705344359247308,0.8292211378066892,0.34850074828722577,-0.03524728524057485,0.8475263157894738,0.9902519084077864
187,4,2005,2020,2021,2022,maize,38,2.182561905509547,2.5846246026511595,-0.7710596269036651,2.0745251565230514,2.8119473684210528,3.289523833722987
187,4,2005,2020,2021,2022,wheat,38,0.6512631642191034,0.8998720572714126,0.2367735623542907,0.29119051230581183,0.7708421052631579,0.9851535814010772
188,1,2005,2014,2015,2016,ALL,114,1.0552641216913858,1.2011782373937643,0.2688902509069243,-1.0054264189904196,1.1329298245614035,1.3605235447391102
188,1,2005,2014,2015,2016,barley,38,0.8901799949846768,0.9798860925902843,-1.4666941477831146,-0.8901799949846768,0.9384736842105265,0.9997013764646236
188,1,2005,2014,2015,2016,maize,38,1.376624321435627,1.5489567009745706,0.16432640700236834,-1.2271112133327282,1.5505263157894733,1.912135482977908
188,1,2005,2014,2015,2016,wheat,38,0.8989880486538536,0.9844002529557222,-1.9873610442635923,-0.8989880486538536,0.9097894736842104,0.9473162090875463
188,2,2005,2016,2017,2018,ALL,114,0.8130041134148313,1.1231994370023295,0.38683627288533096,-0.7672804292043051,0.7088947368421055,0.9635267273853719
188,2,2005,2016,2017,2018,barley,38,0.47936654241461507,0.6441322257731781,-0.054969425039179454,-0.4150082849201403,0.5816315789473684,0.7006516515659585
188,2,2005,2016,2017,2018,maize,38,1.502151313079031,1.7419850891731912,-0.45988711253803594,-1.4728946710887711,1.1426842105263155,1.4097880766457884
188,2,2005,2016,2017,2018,wheat,38,0.457494484750848,0.5790617848432145,-0.35429305771519903,-0.41393833160400395,0.4023684210526317,0.5538376163309584
188,3,2005,2018,2019,2020,ALL,114,0.6637871287161843,0.7974717197454317,0.7070513576166454,-0.5846473586768435,0.6385964912280702,0.8240232069632719
188,3,2005,2018,2019,2020,barley,38,0.7170667999669125,0.8165223915506521,-0.5422520114860498,-0.7123398590087889,0.6510526315789474,0.7400854858161924
188,3,2005,2018,2019,2020,maize,38,0.7883204826555755,0.9621665677450911,0.25127298401128817,-0.6611238936374063,0.9531578947368423,1.151337985951448
188,3,2005,2018,2019,2020,wheat,38,0.4859741035260654,0.5616138454411926,-0.12551821491858872,-0.38047832338433524,0.31157894736842096,0.4046443532678776
188,4,2005,2020,2021,2022,ALL,114,1.1864962139464261,1.6508961409872855,-0.3364963897718549,0.7759682437829805,1.4767719298245612,2.0633381911911752
188,4,2005,2020,2021,2022,barley,38,0.6882893748032419,0.8165744213075796,0.36822165424064346,-0.03724302442450269,0.8475263157894738,0.9902519084077864
188,4,2005,2020,2021,2022,maize,38,2.223257173237047,2.5919816793029695,-0.7811565407577246,2.0844358905993006,2.8119473684210528,3.289523833722987
188,4,2005,2020,2021,2022,wheat,38,0.6479420937989888,0.8895006428351144,0.2542652079292185,0.2807118651741429,0.7708421052631579,0.9851535814010772
189,1,2005,2014,2015,2016,ALL,114,1.0551531148375126,1.180987963130354,0.2932617330535592,-1.0160730299196745,1.1329298245614035,1.3605235447391102
189,1,2005,2014,2015,2016,barley,38,0.905902815618013,0.9969547924808323,-1.5533776147469878,-0.905902815618013,0.9384736842105265,0.9997013764646236
189,1,2005,2014,2015,2016,maize,38,1.367081893870705,1.501069775206179,0.2151983926858263,-1.2498416391171905,1.5505263157894733,1.912135482977908
189,1,2005,2014,2015,2016,wheat,38,0.8924746350238199,0.9680229227080935,-1.888787280096953,-0.8924746350238199,0.9097894736842104,0.9473162090875463
189,2,2005,2016,2017,2018,ALL,114,0.8510972044760721,1.1621413856794076,0.3435817666543992,-0.8105640590400026,0.7088947368421055,0.9635267273853719
189,2,2005,2016,2017,2018,barley,38,0.512546063975284,0.6553766715333939,-0.09212355789156135,-0.4380736888082404,0.5816315789473684,0.7006516515659585
189,2,2005,2016,2017,2018,maize,38,1.5781438285426093,1.8003136895114353,-0.5592895772030257,-1.5699124988756683,1.1426842105263155,1.4097880766457884
189,2,2005,2016,2017,2018,wheat,38,0.4626017209103232,0.6173085441609351,-0.5391020587309143,-0.4237059894360994,0.4023684210526317,0.5538376163309584
189,3,2005,2018,2019,2020,ALL,114,0.6106497429128278,0.7392297625733624,0.7482787986101793,-0.5128775418432135,0.6385964912280702,0.8240232069632719
189,3,2005,2018,2019,2020,barley,38,0.6647390187414067,0.7575111675145569,-0.32738598227202886,-0.6647390187414067,0.6510526315789474,0.7400854858161924
189,3,2005,2018,2019,2020,maize,38,0.7281615844525791,0.8880826590667452,0.3621335516704255,-0.5678394121872753,0.9531578947368423,1.151337985951448
189,3,2005,2018,2019,2020,wheat,38,0.4390486255444978,0.5261824278503425,0.012016715231239816,-0.3060541946009586,0.31157894736842096,0.4046443532678776
189,4,2005,2020,2021,2022,ALL,114,1.1468653181979531,1.6293404182782896,-0.3018230210382511,0.8406720219996938,1.4767719298245612,2.0633381911911752
189,4,2005,2020,2021,2022,barley,38,0.6330058002471924,0.7747377476749063,0.4313007884554324,0.016906728744506872,0.8475263157894738,0.9902519084077864
189,4,2005,2020,2021,2022,maize,38,2.218097842367072,2.578443289990316,-0.762598527790793,2.195125831804777,2.8119473684210528,3.289523833722987
189,4,2005,2020,2021,2022,wheat,38,0.589492311979595,0.8459682136684241,0.32547202928561636,0.30998350544979697,0.7708421052631579,0.9851535814010772
190,1,2005,2014,2015,2016,ALL,114,1.053935463052047,1.1862995541848356,0.2868902093422484,-1.0011262450301857,1.1329298245614035,1.3605235447391102
190,1,2005,2014,2015,2016,barley,38,0.9062165681939375,0.9863888792450062,-1.4995420676711424,-0.9062165681939375,0.9384736842105265,0.9997013764646236
190,1,2005,2014,2015,2016,maize,38,1.3344616709257426,1.5025682228061672,0.213630749303384,-1.1760340168601586,1.5505263157894733,1.912135482977908
190,1,2005,2014,2015,2016,wheat,38,0.9211281500364605,0.9956131836673898,-2.055804441216985,-0.9211281500364605,0.9097894736842104,0.9473162090875463
190,2,2005,2016,2017,2018,ALL,114,0.7527238532953096,1.0626133605678239,0.4512010832413077,-0.7021631829780445,0.7088947368421055,0.9635267273853719
190,2,2005,2016,2017,2018,barley,38,0.413259284370824,0.5559104292322744,0.2142227298837176,-0.35473736060293093,0.5816315789473684,0.7006516515659585
190,2,2005,2016,2017,2018,maize,38,1.4590230234045733,1.6809184934810582,-0.359326297630274,-1.4421352612344844,1.1426842105263155,1.4097880766457884
190,2,2005,2016,2017,2018,wheat,38,0.3858892521105316,0.5029096092896724,-0.021510207774839918,-0.3096169270967183,0.4023684210526317,0.5538376163309584
190,3,2005,2018,2019,2020,ALL,114,0.694943415407549,0.8405347848135257,0.6745589817833908,-0.5820204146703084,0.6385964912280702,0.8240232069632719
190,3,2005,2018,2019,2020,barley,38,0.7410852906578465,0.8653788986666443,-0.7323344812086314,-0.7410852906578465,0.6510526315789474,0.7400854858161924
190,3,2005,2018,2019,2020,maize,38,0.8208338190379896,0.9957426834464188,0.19810551456771242,-0.6214486578891153,0.9531578947368423,1.151337985951448
190,3,2005,2018,2019,2020,wheat,38,0.5229111365268105,0.6157207512744646,-0.35283396156325564,-0.38352729546396364,0.31157894736842096,0.4046443532678776
190,4,2005,2020,2021,2022,ALL,114,1.0986313406626385,1.5965780111264738,-0.24999585402162738,0.8538517592246072,1.4767719298245612,2.0633381911911752
190,4,2005,2020,2021,2022,barley,38,0.5552112750003213,0.7213598842322851,0.5069656626926031,0.09948203739367037,0.8475263157894738,0.9902519084077864
190,4,2005,2020,2021,2022,maize,38,2.132387303302162,2.523575749933682,-0.6883828258569056,2.075727852771156,2.8119473684210528,3.289523833722987
190,4,2005,2020,2021,2022,wheat,38,0.6082954436854312,0.8708555497926963,0.2852006965627135,0.3863453875089946,0.7708421052631579,0.9851535814010772
191,1,2005,2014,2015,2016,ALL,114,1.0908495963247198,1.19419821462683,0.27736249149055303,-1.0523581605208547,1.1329298245614035,1.3605235447391102
191,1,2005,2014,2015,2016,barley,38,0.9947755808579293,1.0765829125960098,-1.9775501213865234,-0.9947755808579293,0.9384736842105265,0.9997013764646236
191,1,2005,2014,2015,2016,maize,38,1.3198883041582605,1.4402296390233653,0.27752701638195865,-1.2044139967466654,1.5505263157894733,1.912135482977908
191,1,2005,2014,2015,2016,wheat,38,0.9578849039579693,1.022269996937523,-2.2216288777935422,-0.9578849039579693,0.9097894736842104,0.9473162090875463
191,2,2005,2016,2017,2018,ALL,114,0.8223523547356588,1.1195879777266504,0.39077298388383086,-0.748491976470278,0.7088947368421055,0.9635267273853719
191,2,2005,2016,2017,2018,barley,38,0.5321609800740292,0.6760966571981253,-0.1622709840247636,-0.3853037957141274,0.5816315789473684,0.7006516515659585
191,2,2005,2016,2017,2018,maize,38,1.5042121279867073,1.7222399992393758,-0.42697955669178667,-1.4848795966098185,1.1426842105263155,1.4097880766457884
191,2,2005,2016,2017,2018,wheat,38,0.43068395614624033,0.5807016572695711,-0.3619744920320562,-0.3752925370868884,0.4023684210526317,0.5538376163309584
191,3,2005,2018,2019,2020,ALL,114,0.6412991229274815,0.766741717035041,0.7291934938595052,-0.5553196147450229,0.6385964912280702,0.8240232069632719
191,3,2005,2018,2019,2020,barley,38,0.7093002479954769,0.8006680113769991,-0.48294178658518305,-0.7093002479954769,0.6510526315789474,0.7400854858161924
191,3,2005,2018,2019,2020,maize,38,0.7445615125957289,0.905577440918508,0.33675471809668533,-0.5781378274214897,0.9531578947368423,1.151337985951448
191,3,2005,2018,2019,2020,wheat,38,0.47003560819123935,0.5500352861250057,-0.07958792635520906,-0.3785207688181024,0.31157894736842096,0.4046443532678776
191,4,2005,2020,2021,2022,ALL,114,1.1736065799311588,1.6616033907657828,-0.35388889108406807,0.8267923129232306,1.4767719298245612,2.0633381911911752
191,4,2005,2020,2021,2022,barley,38,0.6799401037316574,0.8089111311344968,0.38002408814867006,0.02544186290941744,0.8475263157894738,0.9902519084077864
191,4,2005,2020,2021,2022,maize,38,2.208786593989322,2.6124487780367507,-0.8093967382404255,2.1163233716864327,2.8119473684210528,3.289523833722987
191,4,2005,2020,2021,2022,wheat,38,0.632093042072497,0.8964104242332499,0.2426342359499437,0.33861170417384095,0.7708421052631579,0.9851535814010772
192,1,2005,2014,2015,2016,ALL,114,1.0564882567890903,1.2055668863624753,0.2635380967970543,-1.0070198268221136,1.1329298245614035,1.3605235447391102
192,1,2005,2014,2015,2016,barley,38,0.8957436995757252,0.9853991272785066,-1.4945284558024432,-0.8957436995757252,0.9384736842105265,0.9997013764646236
192,1,2005,2014,2015,2016,maize,38,1.4073203558670846,1.5720015301392267,0.13927572392782184,-1.258915065966154,1.5505263157894733,1.912135482977908
192,1,2005,2014,2015,2016,wheat,38,0.866400714924461,0.9581097545061461,-1.8299242039247336,-0.866400714924461,0.9097894736842104,0.9473162090875463
192,2,2005,2016,2017,2018,ALL,114,0.808933118100752,1.1143871535156302,0.3964199243638714,-0.7644140125575819,0.7088947368421055,0.9635267273853719
192,2,2005,2016,2017,2018,barley,38,0.48785161495208745,0.656273365104592,-0.09511411327906805,-0.423682084585491,0.5816315789473684,0.7006516515659585
192,2,2005,2016,2017,2018,maize,38,1.4862445399635718,1.718549198724595,-0.42087000917509654,-1.4613826049001595,1.1426842105263155,1.4097880766457884
192,2,2005,2016,2017,2018,wheat,38,0.4527031993865967,0.5843544348932022,-0.37916279150641774,-0.4081773481870953,0.4023684210526317,0.5538376163309584
192,3,2005,2018,2019,2020,ALL,114,0.6797222431919031,0.8050228142844997,0.7014773523796674,-0.5979116131966574,0.6385964912280702,0.8240232069632719
192,3,2005,2018,2019,2020,barley,38,0.7517288167853103,0.8514299782578006,-0.676938061894742,-0.7517288167853103,0.6510526315789474,0.7400854858161924
192,3,2005,2018,2019,2020,maize,38,0.7759868767386988,0.9390850746528442,0.28676465771508586,-0.6320565780840424,0.9531578947368423,1.151337985951448
192,3,2005,2018,2019,2020,wheat,38,0.5114510360517002,0.5808368180855894,-0.20388552104985846,-0.40994944472061967,0.31157894736842096,0.4046443532678776
192,4,2005,2020,2021,2022,ALL,114,1.1937887300524797,1.6863149105320938,-0.3944586654327482,0.8498400278258742,1.4767719298245612,2.0633381911911752
192,4,2005,2020,2021,2022,barley,38,0.6480741209732859,0.7857434135921317,0.41502852195729734,0.03909086227416996,0.8475263157894738,0.9902519084077864
192,4,2005,2020,2021,2022,maize,38,2.311337968424746,2.672854367412337,-0.8940386108256972,2.197023129212228,2.8119473684210528,3.289523833722987
192,4,2005,2020,2021,2022,wheat,38,0.6219541007594059,0.8771720190760596,0.27479396051993954,0.31340609199122377,0.7708421052631579,0.9851535814010772
